Area,Perimeter,MajorAxisLength,MinorAxisLength,AspectRation,Eccentricity,ConvexArea,EquivDiameter,Extent,Solidity,roundness,Compactness,ShapeFactor1,ShapeFactor2,ShapeFactor3,ShapeFactor4,class
0.0,0.0,0.0,0.0,0.0,0.0,0.0,0.0,4.0,4.0,6.0,6.0,6.0,6.0,6.0,5.0,SEKER
0.0,0.0,0.0,1.0,0.0,0.0,0.0,0.0,4.0,2.0,4.0,6.0,5.0,6.0,6.0,5.0,SEKER
0.0,0.0,0.0,0.0,0.0,0.0,0.0,0.0,4.0,4.0,6.0,6.0,6.0,6.0,6.0,6.0,SEKER
0.0,0.0,0.0,1.0,0.0,0.0,0.0,0.0,4.0,1.0,5.0,6.0,5.0,6.0,6.0,2.0,SEKER
0.0,0.0,0.0,1.0,0.0,0.0,0.0,0.0,4.0,4.0,6.0,6.0,5.0,6.0,6.0,6.0,SEKER
0.0,0.0,0.0,1.0,0.0,0.0,0.0,0.0,4.0,4.0,6.0,6.0,5.0,6.0,6.0,6.0,SEKER
0.0,1.0,0.0,1.0,0.0,0.0,0.0,0.0,4.0,2.0,3.0,6.0,5.0,6.0,6.0,6.0,SEKER
0.0,0.0,0.0,1.0,0.0,0.0,0.0,0.0,4.0,4.0,6.0,6.0,5.0,6.0,6.0,4.0,SEKER
0.0,0.0,0.0,1.0,0.0,0.0,0.0,0.0,4.0,4.0,6.0,6.0,5.0,6.0,6.0,6.0,SEKER
0.0,0.0,0.0,1.0,0.0,0.0,0.0,0.0,4.0,4.0,6.0,6.0,5.0,6.0,6.0,6.0,SEKER
0.0,0.0,0.0,1.0,0.0,0.0,0.0,0.0,4.0,4.0,6.0,6.0,5.0,6.0,6.0,6.0,SEKER
0.0,0.0,0.0,1.0,0.0,0.0,0.0,0.0,4.0,4.0,6.0,6.0,5.0,6.0,6.0,5.0,SEKER
0.0,0.0,0.0,1.0,0.0,0.0,0.0,0.0,4.0,4.0,6.0,6.0,5.0,6.0,6.0,4.0,SEKER
0.0,0.0,0.0,1.0,0.0,0.0,0.0,0.0,5.0,4.0,6.0,6.0,5.0,6.0,6.0,4.0,SEKER
0.0,0.0,0.0,1.0,0.0,0.0,0.0,0.0,4.0,4.0,6.0,6.0,5.0,6.0,6.0,6.0,SEKER
0.0,0.0,0.0,1.0,0.0,0.0,0.0,0.0,4.0,4.0,6.0,6.0,5.0,6.0,6.0,6.0,SEKER
0.0,0.0,0.0,1.0,0.0,0.0,0.0,0.0,4.0,4.0,6.0,6.0,5.0,6.0,6.0,5.0,SEKER
0.0,0.0,0.0,1.0,0.0,0.0,0.0,0.0,4.0,4.0,6.0,6.0,5.0,6.0,6.0,6.0,SEKER
0.0,0.0,0.0,1.0,0.0,0.0,0.0,0.0,4.0,4.0,6.0,6.0,5.0,6.0,6.0,6.0,SEKER
0.0,0.0,0.0,1.0,0.0,0.0,0.0,0.0,4.0,5.0,6.0,6.0,5.0,6.0,6.0,6.0,SEKER
0.0,0.0,0.0,1.0,0.0,0.0,0.0,0.0,4.0,6.0,6.0,6.0,5.0,6.0,6.0,4.0,SEKER
0.0,0.0,0.0,1.0,0.0,0.0,0.0,0.0,4.0,5.0,6.0,6.0,5.0,6.0,6.0,5.0,SEKER
0.0,1.0,0.0,1.0,0.0,0.0,0.0,0.0,4.0,2.0,4.0,6.0,5.0,6.0,6.0,4.0,SEKER
0.0,0.0,0.0,0.0,0.0,0.0,0.0,0.0,4.0,4.0,5.0,5.0,6.0,6.0,5.0,6.0,SEKER
0.0,0.0,1.0,0.0,1.0,1.0,0.0,0.0,2.0,4.0,5.0,4.0,6.0,5.0,4.0,3.0,SEKER
0.0,0.0,0.0,1.0,0.0,0.0,0.0,0.0,4.0,4.0,6.0,6.0,5.0,6.0,6.0,6.0,SEKER
0.0,0.0,0.0,1.0,0.0,0.0,0.0,0.0,4.0,4.0,5.0,6.0,5.0,6.0,6.0,6.0,SEKER
0.0,0.0,0.0,1.0,0.0,0.0,0.0,0.0,4.0,5.0,6.0,6.0,5.0,6.0,6.0,6.0,SEKER
0.0,0.0,0.0,1.0,0.0,0.0,0.0,0.0,4.0,4.0,6.0,6.0,5.0,6.0,6.0,5.0,SEKER
0.0,0.0,0.0,1.0,0.0,0.0,0.0,0.0,4.0,6.0,6.0,6.0,5.0,6.0,6.0,6.0,SEKER
0.0,0.0,0.0,1.0,0.0,0.0,0.0,0.0,4.0,4.0,6.0,6.0,5.0,6.0,6.0,4.0,SEKER
0.0,0.0,0.0,1.0,0.0,0.0,0.0,0.0,4.0,3.0,5.0,6.0,5.0,6.0,6.0,6.0,SEKER
0.0,0.0,0.0,0.0,0.0,0.0,0.0,0.0,4.0,4.0,5.0,6.0,5.0,6.0,6.0,6.0,SEKER
0.0,0.0,0.0,1.0,0.0,0.0,0.0,0.0,4.0,5.0,6.0,6.0,5.0,6.0,6.0,6.0,SEKER
0.0,0.0,0.0,1.0,0.0,0.0,0.0,0.0,4.0,5.0,6.0,6.0,5.0,6.0,6.0,6.0,SEKER
0.0,0.0,0.0,1.0,0.0,0.0,0.0,0.0,4.0,5.0,6.0,6.0,5.0,6.0,6.0,6.0,SEKER
0.0,0.0,0.0,1.0,0.0,0.0,0.0,0.0,4.0,4.0,5.0,6.0,5.0,6.0,6.0,4.0,SEKER
0.0,0.0,0.0,1.0,0.0,0.0,0.0,0.0,4.0,4.0,6.0,6.0,5.0,6.0,6.0,4.0,SEKER
0.0,0.0,1.0,0.0,0.0,0.0,0.0,0.0,4.0,4.0,5.0,5.0,6.0,6.0,5.0,4.0,SEKER
0.0,0.0,0.0,1.0,0.0,0.0,0.0,0.0,4.0,5.0,6.0,6.0,5.0,6.0,6.0,5.0,SEKER
0.0,0.0,0.0,1.0,0.0,0.0,0.0,0.0,4.0,4.0,6.0,6.0,5.0,6.0,6.0,6.0,SEKER
0.0,0.0,0.0,1.0,0.0,0.0,0.0,0.0,4.0,6.0,6.0,6.0,5.0,6.0,6.0,5.0,SEKER
0.0,1.0,1.0,0.0,1.0,1.0,0.0,0.0,4.0,4.0,5.0,4.0,6.0,5.0,4.0,4.0,SEKER
0.0,0.0,0.0,1.0,0.0,0.0,0.0,0.0,4.0,3.0,5.0,6.0,5.0,6.0,6.0,5.0,SEKER
0.0,0.0,0.0,1.0,0.0,0.0,0.0,0.0,4.0,5.0,6.0,6.0,5.0,6.0,6.0,6.0,SEKER
0.0,0.0,0.0,1.0,0.0,0.0,0.0,0.0,4.0,4.0,6.0,6.0,5.0,6.0,6.0,5.0,SEKER
0.0,0.0,0.0,1.0,0.0,0.0,0.0,0.0,4.0,4.0,5.0,6.0,5.0,6.0,6.0,6.0,SEKER
0.0,0.0,0.0,1.0,0.0,0.0,0.0,0.0,4.0,4.0,6.0,6.0,5.0,6.0,6.0,5.0,SEKER
0.0,0.0,0.0,1.0,0.0,0.0,0.0,0.0,4.0,3.0,5.0,6.0,5.0,6.0,6.0,6.0,SEKER
0.0,0.0,0.0,1.0,0.0,0.0,0.0,0.0,4.0,6.0,6.0,6.0,5.0,6.0,6.0,6.0,SEKER
0.0,0.0,0.0,1.0,0.0,0.0,0.0,0.0,4.0,4.0,6.0,6.0,5.0,6.0,6.0,5.0,SEKER
0.0,0.0,0.0,1.0,0.0,0.0,0.0,0.0,4.0,4.0,6.0,6.0,5.0,6.0,6.0,6.0,SEKER
0.0,0.0,0.0,1.0,0.0,0.0,0.0,0.0,4.0,4.0,6.0,6.0,5.0,6.0,6.0,6.0,SEKER
0.0,0.0,0.0,1.0,0.0,0.0,0.0,0.0,4.0,5.0,6.0,6.0,5.0,6.0,6.0,5.0,SEKER
0.0,0.0,0.0,1.0,0.0,0.0,0.0,0.0,4.0,4.0,6.0,6.0,5.0,6.0,6.0,6.0,SEKER
0.0,0.0,0.0,1.0,0.0,0.0,0.0,0.0,4.0,4.0,6.0,6.0,5.0,6.0,6.0,6.0,SEKER
0.0,1.0,0.0,1.0,0.0,0.0,0.0,0.0,4.0,4.0,4.0,6.0,5.0,6.0,6.0,5.0,SEKER
0.0,0.0,0.0,1.0,0.0,0.0,0.0,0.0,4.0,6.0,6.0,6.0,5.0,6.0,6.0,6.0,SEKER
0.0,0.0,0.0,1.0,0.0,0.0,0.0,0.0,4.0,4.0,6.0,6.0,5.0,6.0,6.0,6.0,SEKER
0.0,0.0,0.0,1.0,0.0,0.0,0.0,0.0,4.0,4.0,6.0,6.0,5.0,6.0,6.0,6.0,SEKER
0.0,0.0,0.0,1.0,0.0,0.0,0.0,0.0,4.0,4.0,6.0,6.0,5.0,6.0,6.0,6.0,SEKER
0.0,0.0,0.0,1.0,0.0,0.0,0.0,0.0,4.0,5.0,6.0,6.0,5.0,6.0,6.0,6.0,SEKER
0.0,0.0,0.0,1.0,0.0,0.0,0.0,0.0,5.0,4.0,6.0,6.0,5.0,6.0,6.0,6.0,SEKER
0.0,0.0,0.0,1.0,0.0,0.0,0.0,0.0,4.0,3.0,5.0,6.0,5.0,6.0,6.0,5.0,SEKER
0.0,0.0,0.0,1.0,0.0,0.0,0.0,0.0,4.0,4.0,6.0,6.0,5.0,6.0,6.0,6.0,SEKER
0.0,0.0,0.0,1.0,0.0,0.0,0.0,0.0,4.0,5.0,6.0,6.0,5.0,6.0,6.0,6.0,SEKER
0.0,0.0,0.0,1.0,0.0,0.0,0.0,0.0,5.0,4.0,5.0,6.0,5.0,6.0,6.0,4.0,SEKER
0.0,0.0,1.0,0.0,1.0,1.0,0.0,0.0,4.0,5.0,6.0,4.0,6.0,6.0,4.0,4.0,SEKER
0.0,0.0,0.0,1.0,0.0,0.0,0.0,0.0,4.0,5.0,6.0,6.0,5.0,6.0,6.0,6.0,SEKER
0.0,0.0,0.0,1.0,0.0,0.0,0.0,0.0,4.0,4.0,6.0,6.0,5.0,6.0,6.0,6.0,SEKER
0.0,0.0,0.0,1.0,0.0,0.0,0.0,0.0,5.0,4.0,6.0,6.0,5.0,6.0,6.0,6.0,SEKER
0.0,0.0,0.0,1.0,0.0,0.0,0.0,0.0,4.0,4.0,6.0,6.0,5.0,6.0,6.0,5.0,SEKER
0.0,0.0,0.0,1.0,0.0,0.0,0.0,0.0,4.0,4.0,6.0,6.0,5.0,6.0,6.0,5.0,SEKER
0.0,0.0,0.0,1.0,0.0,0.0,0.0,0.0,4.0,5.0,6.0,6.0,5.0,6.0,6.0,6.0,SEKER
0.0,0.0,0.0,1.0,0.0,0.0,0.0,0.0,4.0,5.0,6.0,6.0,5.0,6.0,6.0,6.0,SEKER
0.0,0.0,0.0,1.0,0.0,0.0,0.0,0.0,5.0,4.0,6.0,6.0,5.0,6.0,6.0,5.0,SEKER
0.0,0.0,0.0,1.0,0.0,0.0,0.0,0.0,3.0,5.0,6.0,6.0,5.0,6.0,6.0,6.0,SEKER
0.0,0.0,0.0,1.0,0.0,0.0,0.0,0.0,4.0,4.0,6.0,6.0,5.0,6.0,6.0,4.0,SEKER
0.0,1.0,0.0,1.0,0.0,0.0,0.0,0.0,5.0,4.0,5.0,6.0,5.0,6.0,6.0,4.0,SEKER
0.0,0.0,0.0,1.0,0.0,0.0,0.0,0.0,3.0,4.0,5.0,6.0,5.0,6.0,6.0,4.0,SEKER
0.0,0.0,0.0,1.0,0.0,0.0,0.0,0.0,4.0,4.0,6.0,6.0,5.0,6.0,6.0,6.0,SEKER
0.0,0.0,0.0,1.0,0.0,0.0,0.0,0.0,4.0,4.0,6.0,6.0,5.0,6.0,6.0,6.0,SEKER
0.0,1.0,0.0,1.0,0.0,0.0,0.0,0.0,4.0,3.0,5.0,6.0,5.0,6.0,6.0,6.0,SEKER
0.0,0.0,0.0,1.0,0.0,0.0,0.0,0.0,4.0,4.0,6.0,6.0,5.0,6.0,6.0,5.0,SEKER
0.0,1.0,0.0,1.0,0.0,0.0,0.0,0.0,4.0,3.0,5.0,6.0,5.0,6.0,6.0,6.0,SEKER
0.0,1.0,0.0,2.0,0.0,0.0,0.0,0.0,4.0,4.0,5.0,6.0,4.0,6.0,6.0,6.0,SEKER
0.0,1.0,0.0,1.0,0.0,0.0,0.0,0.0,4.0,2.0,4.0,6.0,5.0,6.0,6.0,4.0,SEKER
0.0,1.0,0.0,1.0,0.0,0.0,0.0,0.0,4.0,3.0,5.0,6.0,5.0,6.0,6.0,5.0,SEKER
0.0,1.0,0.0,1.0,0.0,0.0,0.0,0.0,4.0,3.0,5.0,6.0,5.0,6.0,6.0,5.0,SEKER
0.0,0.0,0.0,1.0,0.0,0.0,0.0,0.0,4.0,4.0,5.0,6.0,5.0,6.0,6.0,6.0,SEKER
0.0,0.0,0.0,1.0,0.0,0.0,0.0,0.0,4.0,5.0,6.0,6.0,5.0,6.0,6.0,6.0,SEKER
0.0,0.0,0.0,1.0,0.0,0.0,0.0,0.0,4.0,4.0,6.0,6.0,5.0,6.0,6.0,6.0,SEKER
0.0,0.0,0.0,1.0,0.0,0.0,0.0,0.0,4.0,4.0,6.0,6.0,5.0,6.0,6.0,5.0,SEKER
0.0,0.0,0.0,1.0,0.0,0.0,0.0,0.0,5.0,6.0,6.0,6.0,5.0,6.0,6.0,4.0,SEKER
0.0,1.0,0.0,1.0,0.0,0.0,0.0,0.0,4.0,4.0,5.0,6.0,5.0,6.0,6.0,6.0,SEKER
0.0,0.0,1.0,0.0,0.0,0.0,0.0,0.0,4.0,6.0,6.0,5.0,6.0,6.0,5.0,6.0,SEKER
0.0,0.0,0.0,1.0,0.0,0.0,0.0,0.0,4.0,6.0,6.0,6.0,5.0,6.0,6.0,6.0,SEKER
0.0,0.0,0.0,1.0,0.0,0.0,0.0,0.0,4.0,4.0,6.0,6.0,5.0,6.0,6.0,4.0,SEKER
0.0,0.0,0.0,1.0,0.0,0.0,0.0,0.0,4.0,6.0,6.0,6.0,5.0,6.0,6.0,5.0,SEKER
0.0,0.0,0.0,1.0,0.0,0.0,0.0,0.0,4.0,6.0,6.0,6.0,5.0,6.0,6.0,6.0,SEKER
0.0,0.0,0.0,1.0,0.0,0.0,0.0,0.0,4.0,6.0,6.0,6.0,5.0,6.0,6.0,6.0,SEKER
0.0,1.0,1.0,0.0,0.0,0.0,0.0,0.0,4.0,4.0,5.0,5.0,5.0,6.0,5.0,4.0,SEKER
0.0,0.0,0.0,1.0,0.0,0.0,0.0,0.0,4.0,6.0,6.0,6.0,5.0,6.0,6.0,4.0,SEKER
0.0,0.0,1.0,1.0,0.0,0.0,0.0,0.0,4.0,4.0,6.0,6.0,5.0,6.0,6.0,6.0,SEKER
0.0,0.0,0.0,2.0,0.0,0.0,0.0,0.0,4.0,4.0,6.0,6.0,4.0,6.0,6.0,6.0,SEKER
0.0,0.0,1.0,1.0,0.0,0.0,0.0,0.0,4.0,6.0,6.0,6.0,5.0,6.0,6.0,6.0,SEKER
0.0,0.0,0.0,1.0,0.0,0.0,0.0,0.0,4.0,4.0,6.0,6.0,5.0,6.0,6.0,5.0,SEKER
0.0,1.0,1.0,1.0,0.0,0.0,0.0,0.0,4.0,2.0,3.0,5.0,5.0,6.0,5.0,5.0,SEKER
0.0,1.0,0.0,1.0,0.0,0.0,0.0,0.0,4.0,4.0,5.0,6.0,5.0,6.0,6.0,6.0,SEKER
0.0,1.0,0.0,1.0,0.0,0.0,0.0,0.0,5.0,4.0,5.0,6.0,5.0,6.0,6.0,4.0,SEKER
0.0,1.0,0.0,1.0,0.0,0.0,0.0,0.0,5.0,4.0,5.0,6.0,5.0,6.0,6.0,6.0,SEKER
0.0,0.0,0.0,1.0,0.0,0.0,0.0,0.0,4.0,6.0,6.0,6.0,5.0,6.0,6.0,5.0,SEKER
0.0,1.0,0.0,1.0,0.0,0.0,0.0,0.0,4.0,3.0,5.0,6.0,5.0,6.0,6.0,5.0,SEKER
0.0,0.0,1.0,1.0,0.0,0.0,0.0,0.0,4.0,5.0,6.0,6.0,5.0,6.0,6.0,6.0,SEKER
0.0,0.0,0.0,1.0,0.0,0.0,0.0,0.0,4.0,4.0,6.0,6.0,5.0,6.0,6.0,5.0,SEKER
0.0,0.0,0.0,1.0,0.0,0.0,0.0,0.0,4.0,4.0,6.0,6.0,5.0,6.0,6.0,6.0,SEKER
0.0,0.0,0.0,1.0,0.0,0.0,0.0,0.0,4.0,4.0,6.0,6.0,5.0,6.0,6.0,6.0,SEKER
0.0,0.0,0.0,1.0,0.0,0.0,0.0,0.0,4.0,6.0,6.0,6.0,5.0,6.0,6.0,6.0,SEKER
0.0,0.0,0.0,1.0,0.0,0.0,0.0,0.0,4.0,5.0,6.0,6.0,5.0,6.0,6.0,6.0,SEKER
0.0,0.0,0.0,1.0,0.0,0.0,0.0,0.0,4.0,4.0,6.0,6.0,5.0,6.0,6.0,6.0,SEKER
0.0,0.0,0.0,1.0,0.0,0.0,0.0,0.0,4.0,5.0,6.0,6.0,5.0,6.0,6.0,6.0,SEKER
0.0,0.0,0.0,1.0,0.0,0.0,0.0,0.0,4.0,4.0,6.0,6.0,5.0,6.0,6.0,6.0,SEKER
0.0,0.0,0.0,1.0,0.0,0.0,0.0,0.0,4.0,6.0,6.0,6.0,5.0,6.0,6.0,4.0,SEKER
0.0,0.0,0.0,1.0,0.0,0.0,0.0,0.0,4.0,6.0,6.0,6.0,5.0,6.0,6.0,4.0,SEKER
0.0,0.0,0.0,1.0,0.0,0.0,0.0,0.0,4.0,4.0,6.0,6.0,5.0,6.0,6.0,4.0,SEKER
0.0,0.0,0.0,1.0,0.0,0.0,0.0,0.0,4.0,4.0,6.0,6.0,5.0,6.0,6.0,6.0,SEKER
0.0,0.0,0.0,1.0,0.0,0.0,0.0,0.0,4.0,5.0,6.0,6.0,5.0,6.0,6.0,6.0,SEKER
0.0,0.0,0.0,1.0,0.0,0.0,0.0,0.0,4.0,6.0,6.0,6.0,5.0,6.0,6.0,6.0,SEKER
0.0,0.0,0.0,1.0,0.0,0.0,0.0,0.0,4.0,6.0,6.0,6.0,5.0,6.0,6.0,6.0,SEKER
0.0,0.0,0.0,1.0,0.0,0.0,0.0,0.0,4.0,6.0,6.0,6.0,5.0,6.0,6.0,5.0,SEKER
0.0,0.0,0.0,1.0,0.0,0.0,0.0,0.0,4.0,4.0,6.0,6.0,5.0,6.0,6.0,5.0,SEKER
0.0,0.0,0.0,2.0,0.0,0.0,0.0,0.0,4.0,5.0,6.0,6.0,4.0,6.0,6.0,6.0,SEKER
0.0,1.0,0.0,1.0,0.0,0.0,0.0,0.0,2.0,4.0,6.0,6.0,5.0,6.0,6.0,4.0,SEKER
0.0,0.0,0.0,1.0,0.0,0.0,0.0,0.0,4.0,4.0,6.0,6.0,5.0,6.0,6.0,6.0,SEKER
0.0,0.0,0.0,1.0,0.0,0.0,0.0,0.0,4.0,5.0,6.0,6.0,5.0,6.0,6.0,6.0,SEKER
0.0,0.0,0.0,1.0,0.0,0.0,0.0,0.0,3.0,5.0,6.0,6.0,5.0,6.0,6.0,5.0,SEKER
0.0,1.0,0.0,2.0,0.0,0.0,0.0,0.0,4.0,2.0,4.0,6.0,4.0,6.0,6.0,5.0,SEKER
0.0,1.0,0.0,1.0,0.0,0.0,0.0,0.0,4.0,4.0,5.0,6.0,5.0,6.0,6.0,6.0,SEKER
0.0,0.0,0.0,1.0,0.0,0.0,0.0,0.0,4.0,5.0,6.0,6.0,5.0,6.0,6.0,6.0,SEKER
0.0,1.0,0.0,1.0,0.0,0.0,0.0,0.0,4.0,4.0,6.0,6.0,5.0,6.0,6.0,4.0,SEKER
0.0,0.0,0.0,1.0,0.0,0.0,0.0,0.0,4.0,5.0,6.0,6.0,5.0,6.0,6.0,6.0,SEKER
0.0,0.0,1.0,1.0,0.0,0.0,0.0,0.0,4.0,6.0,6.0,6.0,5.0,6.0,6.0,4.0,SEKER
0.0,1.0,1.0,1.0,0.0,0.0,0.0,0.0,5.0,4.0,5.0,6.0,5.0,6.0,6.0,4.0,SEKER
0.0,0.0,0.0,1.0,0.0,0.0,0.0,0.0,4.0,6.0,6.0,6.0,5.0,6.0,6.0,6.0,SEKER
0.0,0.0,0.0,1.0,0.0,0.0,0.0,0.0,4.0,4.0,6.0,6.0,5.0,6.0,6.0,6.0,SEKER
0.0,1.0,0.0,1.0,0.0,0.0,0.0,0.0,4.0,4.0,6.0,6.0,5.0,6.0,6.0,6.0,SEKER
0.0,0.0,0.0,1.0,0.0,0.0,0.0,0.0,4.0,6.0,6.0,6.0,5.0,6.0,6.0,6.0,SEKER
0.0,0.0,0.0,1.0,0.0,0.0,0.0,0.0,4.0,4.0,6.0,6.0,5.0,6.0,6.0,5.0,SEKER
0.0,1.0,0.0,1.0,0.0,0.0,0.0,0.0,4.0,4.0,6.0,6.0,5.0,6.0,6.0,6.0,SEKER
0.0,1.0,0.0,1.0,0.0,0.0,0.0,0.0,4.0,4.0,6.0,6.0,5.0,6.0,6.0,6.0,SEKER
0.0,0.0,1.0,1.0,0.0,0.0,0.0,0.0,4.0,5.0,6.0,6.0,5.0,6.0,6.0,6.0,SEKER
0.0,1.0,0.0,1.0,0.0,0.0,0.0,0.0,4.0,4.0,5.0,6.0,5.0,6.0,6.0,4.0,SEKER
0.0,0.0,0.0,1.0,0.0,0.0,0.0,0.0,4.0,5.0,6.0,6.0,5.0,6.0,6.0,6.0,SEKER
0.0,1.0,1.0,1.0,0.0,0.0,0.0,0.0,5.0,5.0,6.0,6.0,5.0,6.0,6.0,6.0,SEKER
0.0,0.0,0.0,1.0,0.0,0.0,0.0,0.0,4.0,4.0,6.0,6.0,5.0,6.0,6.0,6.0,SEKER
0.0,0.0,0.0,1.0,0.0,0.0,0.0,0.0,4.0,4.0,6.0,6.0,5.0,6.0,6.0,6.0,SEKER
0.0,0.0,1.0,1.0,0.0,0.0,0.0,0.0,4.0,5.0,6.0,6.0,5.0,6.0,6.0,4.0,SEKER
0.0,1.0,1.0,1.0,0.0,0.0,0.0,0.0,4.0,4.0,6.0,6.0,5.0,6.0,6.0,6.0,SEKER
0.0,1.0,1.0,1.0,0.0,0.0,0.0,0.0,4.0,4.0,4.0,5.0,5.0,6.0,5.0,6.0,SEKER
0.0,0.0,1.0,1.0,0.0,0.0,0.0,0.0,4.0,4.0,6.0,6.0,5.0,6.0,6.0,5.0,SEKER
0.0,0.0,0.0,1.0,0.0,0.0,0.0,0.0,4.0,5.0,6.0,6.0,5.0,6.0,6.0,5.0,SEKER
0.0,1.0,1.0,1.0,0.0,0.0,0.0,0.0,4.0,4.0,6.0,6.0,5.0,6.0,6.0,5.0,SEKER
0.0,1.0,0.0,1.0,0.0,0.0,0.0,0.0,4.0,5.0,6.0,6.0,5.0,6.0,6.0,6.0,SEKER
0.0,0.0,0.0,1.0,0.0,0.0,0.0,0.0,4.0,5.0,6.0,6.0,5.0,6.0,6.0,4.0,SEKER
0.0,0.0,0.0,1.0,0.0,0.0,0.0,0.0,4.0,6.0,6.0,6.0,5.0,6.0,6.0,6.0,SEKER
0.0,1.0,1.0,1.0,0.0,0.0,0.0,0.0,4.0,5.0,6.0,6.0,5.0,6.0,6.0,4.0,SEKER
0.0,0.0,0.0,1.0,0.0,0.0,0.0,0.0,4.0,4.0,6.0,6.0,5.0,6.0,6.0,6.0,SEKER
0.0,1.0,0.0,1.0,0.0,0.0,0.0,0.0,4.0,4.0,5.0,6.0,5.0,6.0,6.0,6.0,SEKER
0.0,1.0,1.0,1.0,0.0,0.0,0.0,0.0,3.0,5.0,6.0,6.0,5.0,6.0,6.0,5.0,SEKER
0.0,0.0,0.0,1.0,0.0,0.0,0.0,0.0,4.0,5.0,6.0,6.0,5.0,6.0,6.0,6.0,SEKER
0.0,1.0,0.0,1.0,0.0,0.0,0.0,0.0,5.0,5.0,6.0,6.0,5.0,6.0,6.0,5.0,SEKER
0.0,1.0,0.0,1.0,0.0,0.0,0.0,0.0,4.0,4.0,5.0,6.0,5.0,6.0,6.0,5.0,SEKER
0.0,0.0,0.0,1.0,0.0,0.0,0.0,0.0,5.0,4.0,6.0,6.0,5.0,6.0,6.0,4.0,SEKER
0.0,1.0,0.0,1.0,0.0,0.0,0.0,0.0,4.0,4.0,6.0,6.0,5.0,6.0,6.0,6.0,SEKER
0.0,0.0,1.0,1.0,0.0,0.0,0.0,0.0,5.0,6.0,6.0,6.0,5.0,6.0,6.0,5.0,SEKER
0.0,1.0,0.0,1.0,0.0,0.0,0.0,0.0,4.0,4.0,6.0,6.0,5.0,6.0,6.0,6.0,SEKER
0.0,1.0,1.0,1.0,0.0,0.0,0.0,0.0,4.0,4.0,6.0,6.0,5.0,6.0,6.0,6.0,SEKER
0.0,0.0,0.0,1.0,0.0,0.0,0.0,0.0,4.0,6.0,6.0,6.0,5.0,6.0,6.0,5.0,SEKER
0.0,1.0,0.0,1.0,0.0,0.0,0.0,0.0,4.0,4.0,5.0,6.0,5.0,6.0,6.0,6.0,SEKER
0.0,0.0,0.0,1.0,0.0,0.0,0.0,0.0,4.0,6.0,6.0,6.0,5.0,6.0,6.0,6.0,SEKER
0.0,1.0,0.0,1.0,0.0,0.0,0.0,0.0,4.0,5.0,6.0,6.0,5.0,6.0,6.0,4.0,SEKER
0.0,0.0,0.0,1.0,0.0,0.0,0.0,0.0,4.0,6.0,6.0,6.0,5.0,6.0,6.0,6.0,SEKER
0.0,1.0,1.0,1.0,0.0,0.0,0.0,0.0,4.0,4.0,5.0,6.0,5.0,6.0,6.0,6.0,SEKER
0.0,1.0,0.0,1.0,0.0,0.0,0.0,0.0,4.0,4.0,6.0,6.0,5.0,6.0,6.0,6.0,SEKER
0.0,0.0,1.0,1.0,0.0,0.0,0.0,0.0,4.0,6.0,6.0,6.0,5.0,6.0,6.0,4.0,SEKER
0.0,1.0,0.0,1.0,0.0,0.0,0.0,0.0,4.0,3.0,5.0,6.0,5.0,6.0,6.0,4.0,SEKER
0.0,1.0,0.0,1.0,0.0,0.0,0.0,0.0,4.0,5.0,6.0,6.0,5.0,6.0,6.0,6.0,SEKER
0.0,1.0,0.0,1.0,0.0,0.0,0.0,0.0,4.0,4.0,6.0,6.0,5.0,6.0,6.0,6.0,SEKER
0.0,1.0,0.0,1.0,0.0,0.0,0.0,0.0,4.0,4.0,5.0,6.0,5.0,6.0,6.0,6.0,SEKER
0.0,1.0,0.0,1.0,0.0,0.0,0.0,0.0,4.0,4.0,5.0,6.0,5.0,6.0,6.0,5.0,SEKER
0.0,1.0,0.0,1.0,0.0,0.0,0.0,0.0,4.0,4.0,6.0,6.0,5.0,6.0,6.0,4.0,SEKER
0.0,1.0,0.0,1.0,0.0,0.0,0.0,0.0,5.0,5.0,6.0,6.0,5.0,6.0,6.0,4.0,SEKER
0.0,1.0,0.0,1.0,0.0,0.0,0.0,0.0,4.0,4.0,6.0,6.0,5.0,6.0,6.0,6.0,SEKER
0.0,1.0,1.0,1.0,0.0,0.0,0.0,0.0,4.0,4.0,5.0,6.0,5.0,6.0,6.0,5.0,SEKER
0.0,0.0,0.0,1.0,0.0,0.0,0.0,0.0,4.0,6.0,6.0,6.0,5.0,6.0,6.0,6.0,SEKER
0.0,1.0,0.0,1.0,0.0,0.0,0.0,0.0,5.0,6.0,6.0,6.0,5.0,6.0,6.0,4.0,SEKER
0.0,1.0,1.0,1.0,0.0,0.0,0.0,0.0,4.0,5.0,6.0,5.0,5.0,6.0,5.0,6.0,SEKER
0.0,1.0,1.0,0.0,1.0,1.0,0.0,0.0,5.0,4.0,5.0,4.0,6.0,5.0,4.0,5.0,SEKER
0.0,1.0,1.0,1.0,0.0,0.0,0.0,0.0,4.0,4.0,6.0,6.0,5.0,6.0,6.0,5.0,SEKER
0.0,0.0,1.0,1.0,0.0,0.0,0.0,0.0,4.0,6.0,6.0,6.0,5.0,6.0,6.0,6.0,SEKER
0.0,1.0,0.0,1.0,0.0,0.0,0.0,0.0,4.0,4.0,5.0,6.0,5.0,6.0,6.0,4.0,SEKER
0.0,1.0,1.0,1.0,0.0,0.0,0.0,0.0,5.0,4.0,5.0,6.0,5.0,6.0,6.0,4.0,SEKER
0.0,0.0,1.0,1.0,0.0,0.0,0.0,0.0,4.0,6.0,6.0,6.0,5.0,6.0,6.0,6.0,SEKER
0.0,1.0,0.0,1.0,0.0,0.0,0.0,0.0,4.0,4.0,5.0,6.0,5.0,6.0,6.0,6.0,SEKER
0.0,1.0,1.0,1.0,0.0,0.0,0.0,0.0,4.0,4.0,5.0,6.0,5.0,6.0,6.0,4.0,SEKER
0.0,1.0,1.0,1.0,0.0,0.0,0.0,0.0,4.0,4.0,5.0,6.0,5.0,6.0,6.0,6.0,SEKER
0.0,1.0,0.0,1.0,0.0,0.0,0.0,0.0,4.0,3.0,5.0,6.0,5.0,6.0,6.0,4.0,SEKER
0.0,1.0,0.0,1.0,0.0,0.0,0.0,0.0,4.0,4.0,6.0,6.0,5.0,6.0,6.0,6.0,SEKER
0.0,1.0,1.0,1.0,0.0,0.0,0.0,0.0,4.0,4.0,5.0,6.0,5.0,6.0,6.0,4.0,SEKER
0.0,1.0,0.0,1.0,0.0,0.0,0.0,0.0,3.0,4.0,5.0,6.0,5.0,6.0,6.0,4.0,SEKER
0.0,1.0,1.0,0.0,1.0,1.0,0.0,0.0,4.0,6.0,6.0,4.0,6.0,5.0,4.0,4.0,SEKER
0.0,0.0,0.0,1.0,0.0,0.0,0.0,0.0,4.0,6.0,6.0,6.0,5.0,6.0,6.0,4.0,SEKER
0.0,1.0,0.0,1.0,0.0,0.0,0.0,0.0,4.0,5.0,6.0,6.0,5.0,6.0,6.0,6.0,SEKER
0.0,1.0,1.0,1.0,0.0,0.0,0.0,0.0,4.0,4.0,6.0,5.0,5.0,5.0,5.0,5.0,SEKER
0.0,1.0,1.0,1.0,0.0,0.0,0.0,0.0,2.0,2.0,5.0,6.0,5.0,6.0,6.0,3.0,SEKER
0.0,1.0,1.0,1.0,0.0,0.0,0.0,0.0,4.0,4.0,6.0,6.0,5.0,6.0,6.0,5.0,SEKER
0.0,1.0,1.0,1.0,0.0,0.0,0.0,0.0,3.0,4.0,6.0,6.0,5.0,6.0,6.0,6.0,SEKER
0.0,1.0,0.0,1.0,0.0,0.0,0.0,0.0,4.0,6.0,6.0,6.0,5.0,6.0,6.0,6.0,SEKER
0.0,1.0,0.0,1.0,0.0,0.0,0.0,0.0,4.0,5.0,6.0,6.0,5.0,6.0,6.0,6.0,SEKER
0.0,1.0,1.0,1.0,0.0,0.0,0.0,0.0,4.0,4.0,6.0,6.0,5.0,6.0,6.0,6.0,SEKER
0.0,1.0,0.0,2.0,0.0,0.0,0.0,0.0,4.0,2.0,5.0,6.0,4.0,6.0,6.0,6.0,SEKER
0.0,1.0,1.0,1.0,0.0,0.0,0.0,0.0,4.0,6.0,6.0,6.0,5.0,6.0,6.0,6.0,SEKER
0.0,1.0,0.0,1.0,0.0,0.0,0.0,0.0,4.0,6.0,6.0,6.0,5.0,6.0,6.0,6.0,SEKER
0.0,1.0,1.0,1.0,0.0,0.0,0.0,0.0,4.0,6.0,6.0,6.0,5.0,6.0,6.0,6.0,SEKER
0.0,1.0,1.0,1.0,0.0,0.0,0.0,0.0,4.0,4.0,6.0,6.0,5.0,6.0,6.0,6.0,SEKER
0.0,1.0,0.0,1.0,0.0,0.0,0.0,0.0,4.0,4.0,5.0,6.0,5.0,6.0,6.0,6.0,SEKER
0.0,1.0,1.0,1.0,0.0,0.0,0.0,0.0,4.0,4.0,5.0,6.0,5.0,6.0,6.0,6.0,SEKER
0.0,1.0,0.0,1.0,0.0,0.0,0.0,0.0,4.0,4.0,6.0,6.0,5.0,6.0,6.0,4.0,SEKER
0.0,1.0,1.0,1.0,0.0,0.0,0.0,0.0,4.0,5.0,6.0,6.0,5.0,6.0,6.0,4.0,SEKER
0.0,1.0,1.0,1.0,0.0,0.0,0.0,0.0,3.0,5.0,6.0,6.0,5.0,6.0,6.0,4.0,SEKER
0.0,1.0,0.0,1.0,0.0,0.0,0.0,0.0,4.0,4.0,6.0,6.0,5.0,6.0,6.0,6.0,SEKER
0.0,0.0,0.0,1.0,0.0,0.0,0.0,0.0,4.0,5.0,6.0,6.0,5.0,6.0,6.0,6.0,SEKER
0.0,1.0,1.0,1.0,0.0,0.0,0.0,0.0,4.0,4.0,6.0,6.0,5.0,6.0,6.0,4.0,SEKER
0.0,1.0,0.0,1.0,0.0,0.0,0.0,0.0,5.0,4.0,5.0,6.0,5.0,6.0,6.0,4.0,SEKER
0.0,1.0,1.0,1.0,0.0,0.0,0.0,0.0,4.0,4.0,6.0,6.0,5.0,6.0,6.0,5.0,SEKER
0.0,1.0,0.0,1.0,0.0,0.0,0.0,0.0,4.0,5.0,6.0,6.0,5.0,6.0,6.0,6.0,SEKER
0.0,1.0,1.0,1.0,0.0,0.0,0.0,0.0,4.0,6.0,6.0,6.0,5.0,6.0,6.0,4.0,SEKER
0.0,1.0,1.0,1.0,0.0,0.0,0.0,0.0,3.0,4.0,5.0,6.0,5.0,6.0,6.0,4.0,SEKER
0.0,1.0,0.0,1.0,0.0,0.0,0.0,0.0,4.0,4.0,6.0,6.0,5.0,6.0,6.0,5.0,SEKER
0.0,1.0,0.0,1.0,0.0,0.0,0.0,0.0,4.0,6.0,6.0,6.0,5.0,6.0,6.0,6.0,SEKER
0.0,1.0,0.0,1.0,0.0,0.0,0.0,0.0,4.0,5.0,6.0,6.0,5.0,6.0,6.0,4.0,SEKER
0.0,1.0,0.0,1.0,0.0,0.0,0.0,0.0,4.0,6.0,6.0,6.0,5.0,6.0,6.0,6.0,SEKER
0.0,1.0,1.0,1.0,0.0,0.0,0.0,0.0,4.0,5.0,6.0,6.0,5.0,6.0,6.0,6.0,SEKER
0.0,1.0,0.0,2.0,0.0,0.0,0.0,0.0,4.0,5.0,6.0,6.0,4.0,6.0,6.0,6.0,SEKER
0.0,1.0,0.0,1.0,0.0,0.0,0.0,0.0,5.0,4.0,6.0,6.0,5.0,6.0,6.0,5.0,SEKER
0.0,1.0,1.0,1.0,0.0,0.0,0.0,0.0,4.0,4.0,5.0,6.0,5.0,6.0,6.0,5.0,SEKER
0.0,1.0,0.0,1.0,0.0,0.0,0.0,0.0,4.0,4.0,5.0,6.0,5.0,6.0,6.0,5.0,SEKER
0.0,1.0,1.0,1.0,0.0,0.0,0.0,0.0,4.0,5.0,6.0,6.0,5.0,6.0,6.0,4.0,SEKER
0.0,1.0,0.0,1.0,0.0,0.0,0.0,0.0,4.0,4.0,5.0,6.0,5.0,6.0,6.0,6.0,SEKER
0.0,1.0,0.0,1.0,0.0,0.0,0.0,0.0,4.0,4.0,6.0,6.0,5.0,6.0,6.0,6.0,SEKER
0.0,1.0,0.0,1.0,0.0,0.0,0.0,0.0,4.0,4.0,6.0,6.0,5.0,6.0,6.0,6.0,SEKER
0.0,1.0,1.0,1.0,0.0,0.0,0.0,0.0,2.0,4.0,6.0,6.0,5.0,6.0,6.0,3.0,SEKER
0.0,1.0,0.0,1.0,0.0,0.0,0.0,0.0,4.0,4.0,5.0,6.0,5.0,6.0,6.0,6.0,SEKER
0.0,1.0,1.0,1.0,0.0,0.0,0.0,0.0,3.0,4.0,5.0,6.0,5.0,6.0,6.0,4.0,SEKER
0.0,1.0,1.0,1.0,0.0,0.0,0.0,0.0,4.0,6.0,6.0,6.0,5.0,6.0,6.0,6.0,SEKER
0.0,1.0,0.0,1.0,0.0,0.0,0.0,0.0,4.0,4.0,6.0,6.0,5.0,6.0,6.0,6.0,SEKER
0.0,1.0,1.0,1.0,0.0,0.0,0.0,0.0,4.0,5.0,6.0,6.0,5.0,6.0,6.0,4.0,SEKER
0.0,1.0,0.0,1.0,0.0,0.0,0.0,0.0,4.0,6.0,6.0,6.0,5.0,6.0,6.0,5.0,SEKER
0.0,1.0,1.0,1.0,0.0,0.0,0.0,0.0,4.0,4.0,5.0,6.0,5.0,6.0,6.0,4.0,SEKER
0.0,1.0,0.0,1.0,0.0,0.0,0.0,0.0,4.0,6.0,6.0,6.0,5.0,6.0,6.0,6.0,SEKER
0.0,1.0,0.0,1.0,0.0,0.0,0.0,0.0,4.0,4.0,6.0,6.0,5.0,6.0,6.0,6.0,SEKER
0.0,1.0,0.0,1.0,0.0,0.0,0.0,0.0,4.0,5.0,6.0,6.0,5.0,6.0,6.0,6.0,SEKER
0.0,1.0,0.0,1.0,0.0,0.0,0.0,0.0,4.0,4.0,6.0,6.0,5.0,6.0,6.0,5.0,SEKER
0.0,1.0,1.0,1.0,0.0,0.0,0.0,0.0,4.0,4.0,5.0,6.0,5.0,6.0,6.0,4.0,SEKER
0.0,1.0,0.0,1.0,0.0,0.0,0.0,0.0,4.0,4.0,6.0,6.0,5.0,6.0,6.0,4.0,SEKER
0.0,1.0,1.0,1.0,0.0,0.0,0.0,0.0,4.0,4.0,6.0,6.0,5.0,6.0,6.0,6.0,SEKER
0.0,1.0,1.0,1.0,0.0,0.0,0.0,0.0,5.0,5.0,6.0,6.0,5.0,6.0,6.0,5.0,SEKER
0.0,1.0,0.0,1.0,0.0,0.0,0.0,0.0,4.0,4.0,6.0,6.0,5.0,6.0,6.0,6.0,SEKER
0.0,1.0,1.0,1.0,0.0,0.0,0.0,0.0,4.0,4.0,6.0,6.0,5.0,6.0,6.0,4.0,SEKER
0.0,1.0,1.0,1.0,0.0,0.0,0.0,0.0,4.0,5.0,6.0,6.0,5.0,6.0,6.0,6.0,SEKER
0.0,1.0,0.0,1.0,0.0,0.0,0.0,0.0,4.0,4.0,6.0,6.0,5.0,6.0,6.0,6.0,SEKER
0.0,2.0,1.0,1.0,1.0,1.0,0.0,0.0,2.0,0.0,0.0,4.0,6.0,5.0,4.0,0.0,SEKER
0.0,1.0,0.0,1.0,0.0,0.0,0.0,0.0,4.0,3.0,5.0,6.0,5.0,6.0,6.0,4.0,SEKER
0.0,1.0,1.0,1.0,0.0,0.0,0.0,0.0,4.0,4.0,6.0,6.0,5.0,6.0,6.0,4.0,SEKER
0.0,1.0,1.0,1.0,0.0,0.0,0.0,0.0,4.0,6.0,6.0,6.0,5.0,6.0,6.0,6.0,SEKER
0.0,1.0,1.0,1.0,0.0,0.0,0.0,0.0,5.0,5.0,6.0,6.0,5.0,6.0,6.0,6.0,SEKER
0.0,1.0,1.0,1.0,0.0,0.0,0.0,0.0,5.0,4.0,6.0,6.0,5.0,6.0,6.0,4.0,SEKER
0.0,1.0,1.0,1.0,0.0,0.0,0.0,0.0,4.0,6.0,6.0,6.0,5.0,6.0,6.0,6.0,SEKER
0.0,2.0,1.0,1.0,0.0,0.0,0.0,0.0,2.0,1.0,1.0,5.0,5.0,5.0,5.0,3.0,SEKER
0.0,1.0,1.0,1.0,0.0,0.0,0.0,0.0,4.0,5.0,6.0,6.0,5.0,6.0,6.0,6.0,SEKER
0.0,1.0,1.0,1.0,0.0,0.0,0.0,0.0,4.0,5.0,6.0,6.0,5.0,6.0,6.0,6.0,SEKER
0.0,1.0,1.0,1.0,0.0,0.0,0.0,0.0,4.0,5.0,6.0,6.0,5.0,6.0,6.0,6.0,SEKER
0.0,1.0,1.0,1.0,0.0,0.0,0.0,0.0,4.0,6.0,6.0,6.0,5.0,6.0,6.0,5.0,SEKER
0.0,1.0,1.0,1.0,0.0,0.0,0.0,0.0,5.0,4.0,6.0,6.0,5.0,6.0,6.0,4.0,SEKER
0.0,1.0,0.0,1.0,0.0,0.0,0.0,0.0,5.0,4.0,6.0,6.0,5.0,6.0,6.0,6.0,SEKER
0.0,1.0,0.0,1.0,0.0,0.0,0.0,0.0,4.0,5.0,6.0,6.0,5.0,6.0,6.0,6.0,SEKER
0.0,1.0,0.0,1.0,0.0,0.0,0.0,0.0,4.0,6.0,6.0,6.0,5.0,6.0,6.0,5.0,SEKER
0.0,1.0,0.0,2.0,0.0,0.0,0.0,0.0,4.0,3.0,4.0,6.0,4.0,6.0,6.0,5.0,SEKER
0.0,1.0,0.0,1.0,0.0,0.0,0.0,0.0,4.0,5.0,6.0,6.0,5.0,6.0,6.0,6.0,SEKER
0.0,1.0,1.0,1.0,0.0,0.0,0.0,0.0,4.0,3.0,5.0,6.0,5.0,6.0,6.0,4.0,SEKER
0.0,1.0,1.0,1.0,0.0,0.0,0.0,0.0,4.0,5.0,6.0,6.0,5.0,6.0,6.0,4.0,SEKER
0.0,1.0,0.0,1.0,0.0,0.0,0.0,0.0,4.0,4.0,5.0,6.0,5.0,6.0,6.0,4.0,SEKER
0.0,1.0,0.0,1.0,0.0,0.0,0.0,0.0,4.0,4.0,5.0,6.0,5.0,6.0,6.0,5.0,SEKER
0.0,1.0,1.0,1.0,1.0,1.0,0.0,0.0,2.0,2.0,5.0,4.0,5.0,5.0,4.0,6.0,SEKER
0.0,1.0,1.0,1.0,0.0,0.0,0.0,0.0,4.0,4.0,6.0,6.0,5.0,6.0,6.0,5.0,SEKER
0.0,1.0,0.0,1.0,0.0,0.0,0.0,0.0,4.0,4.0,5.0,6.0,5.0,6.0,6.0,6.0,SEKER
0.0,1.0,1.0,1.0,0.0,0.0,0.0,0.0,4.0,4.0,5.0,6.0,5.0,6.0,6.0,4.0,SEKER
0.0,1.0,1.0,1.0,0.0,0.0,0.0,0.0,4.0,4.0,5.0,6.0,5.0,6.0,6.0,6.0,SEKER
0.0,1.0,1.0,1.0,0.0,0.0,0.0,0.0,4.0,4.0,5.0,6.0,5.0,6.0,6.0,6.0,SEKER
0.0,1.0,1.0,1.0,0.0,0.0,0.0,0.0,5.0,4.0,6.0,6.0,5.0,6.0,6.0,5.0,SEKER
0.0,1.0,1.0,1.0,0.0,0.0,0.0,0.0,4.0,4.0,6.0,6.0,5.0,6.0,6.0,6.0,SEKER
0.0,1.0,1.0,1.0,0.0,0.0,0.0,0.0,4.0,4.0,5.0,6.0,5.0,6.0,6.0,5.0,SEKER
0.0,1.0,0.0,1.0,0.0,0.0,0.0,0.0,4.0,6.0,6.0,6.0,5.0,6.0,6.0,6.0,SEKER
0.0,1.0,1.0,1.0,0.0,0.0,0.0,0.0,4.0,4.0,6.0,6.0,5.0,6.0,6.0,6.0,SEKER
0.0,1.0,1.0,1.0,0.0,0.0,0.0,0.0,3.0,4.0,6.0,6.0,5.0,6.0,6.0,6.0,SEKER
0.0,1.0,0.0,1.0,0.0,0.0,0.0,0.0,5.0,6.0,6.0,6.0,5.0,6.0,6.0,5.0,SEKER
0.0,1.0,1.0,1.0,1.0,1.0,0.0,0.0,4.0,5.0,6.0,4.0,5.0,5.0,4.0,6.0,SEKER
0.0,1.0,1.0,1.0,0.0,0.0,0.0,0.0,4.0,4.0,6.0,6.0,5.0,6.0,6.0,6.0,SEKER
0.0,1.0,0.0,1.0,0.0,0.0,0.0,0.0,4.0,6.0,6.0,6.0,5.0,6.0,6.0,6.0,SEKER
0.0,1.0,1.0,1.0,0.0,0.0,0.0,0.0,4.0,5.0,6.0,6.0,5.0,6.0,6.0,6.0,SEKER
0.0,1.0,0.0,1.0,0.0,0.0,0.0,0.0,4.0,2.0,4.0,6.0,5.0,6.0,6.0,6.0,SEKER
0.0,1.0,1.0,1.0,0.0,0.0,0.0,0.0,5.0,4.0,6.0,6.0,5.0,6.0,6.0,6.0,SEKER
0.0,1.0,1.0,1.0,0.0,0.0,0.0,0.0,4.0,4.0,6.0,6.0,5.0,6.0,6.0,4.0,SEKER
0.0,1.0,1.0,1.0,0.0,0.0,0.0,0.0,4.0,6.0,6.0,6.0,5.0,6.0,6.0,6.0,SEKER
0.0,1.0,1.0,1.0,0.0,0.0,0.0,0.0,4.0,5.0,6.0,6.0,5.0,6.0,6.0,4.0,SEKER
0.0,1.0,1.0,1.0,0.0,0.0,0.0,0.0,4.0,6.0,6.0,6.0,5.0,6.0,6.0,5.0,SEKER
0.0,1.0,1.0,1.0,0.0,0.0,0.0,0.0,4.0,4.0,6.0,6.0,5.0,6.0,6.0,6.0,SEKER
0.0,1.0,1.0,1.0,0.0,0.0,0.0,0.0,4.0,4.0,6.0,6.0,5.0,6.0,6.0,5.0,SEKER
0.0,1.0,0.0,2.0,0.0,0.0,0.0,0.0,4.0,4.0,5.0,6.0,4.0,6.0,6.0,5.0,SEKER
0.0,1.0,1.0,1.0,0.0,0.0,0.0,0.0,4.0,5.0,6.0,6.0,5.0,6.0,6.0,6.0,SEKER
0.0,1.0,1.0,1.0,0.0,0.0,0.0,0.0,4.0,4.0,6.0,6.0,5.0,6.0,6.0,6.0,SEKER
0.0,1.0,0.0,1.0,0.0,0.0,0.0,0.0,4.0,4.0,6.0,6.0,5.0,6.0,6.0,6.0,SEKER
0.0,1.0,1.0,1.0,0.0,0.0,0.0,0.0,4.0,6.0,6.0,6.0,5.0,6.0,6.0,4.0,SEKER
0.0,1.0,0.0,2.0,0.0,0.0,0.0,0.0,4.0,5.0,6.0,6.0,4.0,6.0,6.0,5.0,SEKER
0.0,1.0,0.0,2.0,0.0,0.0,0.0,0.0,4.0,4.0,6.0,6.0,4.0,6.0,6.0,6.0,SEKER
0.0,1.0,1.0,1.0,0.0,0.0,0.0,0.0,5.0,5.0,6.0,6.0,5.0,6.0,6.0,5.0,SEKER
0.0,1.0,1.0,1.0,0.0,0.0,0.0,0.0,4.0,4.0,6.0,6.0,5.0,6.0,6.0,6.0,SEKER
0.0,1.0,1.0,1.0,0.0,0.0,0.0,0.0,4.0,4.0,6.0,6.0,5.0,6.0,6.0,5.0,SEKER
0.0,1.0,1.0,1.0,0.0,0.0,0.0,0.0,4.0,4.0,6.0,6.0,5.0,6.0,6.0,4.0,SEKER
0.0,1.0,1.0,1.0,0.0,0.0,0.0,0.0,4.0,4.0,5.0,6.0,5.0,6.0,6.0,5.0,SEKER
0.0,1.0,1.0,1.0,0.0,0.0,0.0,0.0,4.0,5.0,6.0,6.0,5.0,6.0,6.0,6.0,SEKER
0.0,1.0,1.0,1.0,0.0,0.0,0.0,0.0,4.0,4.0,6.0,6.0,5.0,6.0,6.0,4.0,SEKER
0.0,1.0,1.0,1.0,0.0,0.0,0.0,0.0,3.0,4.0,6.0,6.0,5.0,6.0,6.0,5.0,SEKER
0.0,1.0,0.0,1.0,0.0,0.0,0.0,0.0,4.0,4.0,6.0,6.0,5.0,6.0,6.0,6.0,SEKER
0.0,1.0,0.0,1.0,0.0,0.0,0.0,0.0,4.0,4.0,6.0,6.0,5.0,6.0,6.0,5.0,SEKER
0.0,1.0,0.0,1.0,0.0,0.0,0.0,0.0,4.0,4.0,6.0,6.0,5.0,6.0,6.0,4.0,SEKER
0.0,1.0,1.0,1.0,0.0,0.0,0.0,0.0,4.0,4.0,5.0,6.0,5.0,6.0,6.0,4.0,SEKER
0.0,1.0,1.0,1.0,0.0,0.0,0.0,0.0,4.0,4.0,6.0,6.0,5.0,6.0,6.0,5.0,SEKER
0.0,1.0,1.0,1.0,0.0,0.0,0.0,0.0,4.0,4.0,5.0,6.0,5.0,6.0,6.0,5.0,SEKER
0.0,1.0,1.0,1.0,0.0,0.0,0.0,0.0,4.0,5.0,6.0,6.0,5.0,6.0,6.0,6.0,SEKER
0.0,1.0,0.0,2.0,0.0,0.0,0.0,0.0,4.0,4.0,6.0,6.0,4.0,6.0,6.0,4.0,SEKER
0.0,1.0,1.0,1.0,0.0,0.0,0.0,0.0,4.0,5.0,6.0,6.0,5.0,6.0,6.0,6.0,SEKER
0.0,1.0,1.0,1.0,0.0,0.0,0.0,0.0,4.0,4.0,5.0,6.0,5.0,6.0,6.0,6.0,SEKER
0.0,1.0,1.0,1.0,0.0,0.0,0.0,0.0,3.0,5.0,6.0,6.0,5.0,6.0,6.0,5.0,SEKER
0.0,1.0,1.0,1.0,0.0,0.0,0.0,0.0,4.0,5.0,6.0,6.0,5.0,6.0,6.0,6.0,SEKER
0.0,1.0,1.0,1.0,0.0,0.0,0.0,0.0,4.0,5.0,6.0,6.0,5.0,6.0,6.0,5.0,SEKER
0.0,1.0,1.0,1.0,0.0,0.0,0.0,0.0,2.0,4.0,6.0,5.0,5.0,6.0,5.0,4.0,SEKER
0.0,1.0,0.0,1.0,0.0,0.0,0.0,0.0,4.0,2.0,4.0,6.0,5.0,6.0,6.0,6.0,SEKER
0.0,1.0,0.0,1.0,0.0,0.0,0.0,0.0,5.0,6.0,6.0,6.0,5.0,6.0,6.0,6.0,SEKER
0.0,1.0,1.0,1.0,0.0,0.0,0.0,0.0,4.0,5.0,6.0,6.0,5.0,6.0,6.0,6.0,SEKER
0.0,1.0,1.0,1.0,0.0,0.0,0.0,0.0,4.0,4.0,6.0,6.0,5.0,6.0,6.0,6.0,SEKER
0.0,1.0,0.0,1.0,0.0,0.0,0.0,0.0,4.0,4.0,6.0,6.0,5.0,6.0,6.0,4.0,SEKER
0.0,1.0,1.0,1.0,0.0,0.0,0.0,0.0,4.0,6.0,6.0,6.0,5.0,6.0,6.0,6.0,SEKER
0.0,1.0,1.0,1.0,0.0,0.0,0.0,0.0,4.0,6.0,6.0,6.0,5.0,6.0,6.0,6.0,SEKER
0.0,1.0,1.0,1.0,0.0,0.0,0.0,0.0,2.0,2.0,5.0,6.0,5.0,6.0,6.0,4.0,SEKER
0.0,1.0,0.0,1.0,0.0,0.0,0.0,0.0,4.0,4.0,6.0,6.0,5.0,6.0,6.0,4.0,SEKER
0.0,1.0,1.0,1.0,0.0,0.0,0.0,0.0,4.0,5.0,6.0,6.0,5.0,6.0,6.0,6.0,SEKER
0.0,1.0,1.0,1.0,0.0,0.0,0.0,0.0,4.0,6.0,6.0,6.0,5.0,6.0,6.0,6.0,SEKER
0.0,1.0,0.0,1.0,0.0,0.0,0.0,0.0,4.0,4.0,6.0,6.0,4.0,6.0,6.0,5.0,SEKER
0.0,1.0,1.0,1.0,0.0,0.0,0.0,0.0,4.0,4.0,6.0,5.0,5.0,6.0,5.0,5.0,SEKER
0.0,1.0,1.0,1.0,0.0,0.0,0.0,0.0,4.0,6.0,6.0,6.0,5.0,6.0,6.0,6.0,SEKER
0.0,1.0,0.0,1.0,0.0,0.0,0.0,0.0,4.0,4.0,5.0,6.0,5.0,6.0,6.0,6.0,SEKER
0.0,1.0,1.0,1.0,0.0,0.0,0.0,0.0,4.0,4.0,6.0,6.0,5.0,6.0,6.0,6.0,SEKER
0.0,1.0,0.0,1.0,0.0,0.0,0.0,0.0,4.0,6.0,6.0,6.0,4.0,6.0,6.0,5.0,SEKER
0.0,1.0,0.0,2.0,0.0,0.0,0.0,0.0,4.0,1.0,5.0,6.0,4.0,6.0,6.0,1.0,SEKER
0.0,1.0,1.0,1.0,0.0,0.0,0.0,0.0,4.0,4.0,6.0,6.0,5.0,6.0,6.0,6.0,SEKER
0.0,1.0,1.0,1.0,0.0,0.0,0.0,0.0,4.0,6.0,6.0,6.0,5.0,6.0,6.0,6.0,SEKER
0.0,1.0,1.0,1.0,0.0,0.0,0.0,0.0,4.0,4.0,6.0,6.0,5.0,6.0,6.0,5.0,SEKER
0.0,1.0,1.0,1.0,1.0,1.0,0.0,0.0,6.0,5.0,5.0,4.0,5.0,5.0,4.0,3.0,SEKER
0.0,1.0,1.0,1.0,0.0,0.0,0.0,0.0,4.0,4.0,6.0,6.0,5.0,6.0,6.0,6.0,SEKER
0.0,1.0,1.0,1.0,0.0,0.0,0.0,0.0,4.0,4.0,5.0,6.0,5.0,6.0,6.0,5.0,SEKER
0.0,1.0,0.0,1.0,0.0,0.0,0.0,0.0,5.0,4.0,6.0,6.0,4.0,6.0,6.0,6.0,SEKER
0.0,1.0,1.0,1.0,0.0,0.0,0.0,0.0,4.0,4.0,6.0,6.0,5.0,6.0,6.0,6.0,SEKER
0.0,1.0,1.0,1.0,1.0,1.0,0.0,0.0,4.0,4.0,5.0,4.0,5.0,5.0,4.0,4.0,SEKER
0.0,1.0,1.0,1.0,0.0,0.0,0.0,0.0,4.0,4.0,6.0,6.0,5.0,6.0,6.0,5.0,SEKER
0.0,1.0,1.0,1.0,1.0,1.0,0.0,0.0,2.0,4.0,5.0,4.0,5.0,5.0,4.0,6.0,SEKER
0.0,1.0,1.0,1.0,0.0,0.0,0.0,0.0,4.0,4.0,6.0,6.0,5.0,6.0,6.0,5.0,SEKER
0.0,1.0,0.0,1.0,0.0,0.0,0.0,0.0,4.0,4.0,6.0,6.0,5.0,6.0,6.0,6.0,SEKER
0.0,1.0,1.0,1.0,0.0,0.0,0.0,0.0,4.0,6.0,6.0,6.0,5.0,6.0,6.0,4.0,SEKER
0.0,1.0,1.0,1.0,0.0,0.0,0.0,0.0,2.0,4.0,5.0,6.0,5.0,6.0,6.0,4.0,SEKER
0.0,1.0,1.0,1.0,0.0,0.0,0.0,0.0,4.0,4.0,6.0,6.0,5.0,6.0,6.0,5.0,SEKER
0.0,1.0,1.0,1.0,0.0,0.0,0.0,0.0,4.0,4.0,6.0,6.0,5.0,6.0,6.0,6.0,SEKER
0.0,1.0,1.0,1.0,0.0,0.0,0.0,0.0,4.0,6.0,6.0,6.0,5.0,6.0,6.0,6.0,SEKER
0.0,1.0,0.0,2.0,0.0,0.0,0.0,0.0,5.0,4.0,6.0,6.0,4.0,6.0,6.0,5.0,SEKER
0.0,1.0,1.0,1.0,0.0,0.0,0.0,0.0,4.0,4.0,5.0,6.0,5.0,6.0,6.0,6.0,SEKER
0.0,1.0,1.0,1.0,0.0,0.0,0.0,0.0,4.0,4.0,6.0,6.0,5.0,6.0,6.0,6.0,SEKER
0.0,1.0,1.0,1.0,0.0,0.0,0.0,0.0,5.0,5.0,6.0,6.0,5.0,6.0,6.0,5.0,SEKER
0.0,1.0,1.0,1.0,0.0,0.0,0.0,0.0,4.0,3.0,5.0,6.0,5.0,6.0,6.0,4.0,SEKER
0.0,1.0,1.0,1.0,0.0,0.0,0.0,0.0,4.0,6.0,6.0,6.0,5.0,6.0,6.0,5.0,SEKER
0.0,1.0,1.0,1.0,0.0,0.0,0.0,0.0,4.0,4.0,5.0,6.0,5.0,6.0,6.0,6.0,SEKER
0.0,1.0,1.0,1.0,0.0,0.0,0.0,0.0,4.0,4.0,5.0,6.0,5.0,6.0,6.0,6.0,SEKER
0.0,1.0,0.0,1.0,0.0,0.0,0.0,0.0,4.0,5.0,6.0,6.0,5.0,6.0,6.0,6.0,SEKER
0.0,1.0,1.0,1.0,0.0,0.0,0.0,0.0,4.0,4.0,5.0,6.0,5.0,6.0,6.0,4.0,SEKER
0.0,1.0,1.0,1.0,0.0,0.0,0.0,0.0,4.0,4.0,6.0,6.0,5.0,6.0,6.0,6.0,SEKER
0.0,1.0,1.0,1.0,0.0,0.0,0.0,0.0,4.0,4.0,6.0,6.0,5.0,6.0,6.0,6.0,SEKER
0.0,1.0,0.0,1.0,0.0,0.0,0.0,0.0,4.0,6.0,6.0,6.0,5.0,6.0,6.0,6.0,SEKER
0.0,1.0,1.0,1.0,0.0,0.0,0.0,0.0,4.0,6.0,6.0,6.0,5.0,6.0,6.0,6.0,SEKER
0.0,1.0,1.0,1.0,0.0,0.0,0.0,0.0,4.0,4.0,6.0,6.0,5.0,6.0,6.0,6.0,SEKER
0.0,1.0,1.0,1.0,0.0,0.0,0.0,0.0,4.0,5.0,6.0,6.0,5.0,6.0,6.0,5.0,SEKER
0.0,1.0,1.0,1.0,0.0,0.0,0.0,0.0,4.0,4.0,6.0,6.0,5.0,6.0,6.0,4.0,SEKER
0.0,1.0,1.0,1.0,0.0,0.0,0.0,0.0,4.0,4.0,5.0,5.0,5.0,6.0,5.0,6.0,SEKER
0.0,1.0,1.0,1.0,1.0,1.0,0.0,0.0,4.0,4.0,5.0,4.0,5.0,5.0,4.0,4.0,SEKER
0.0,1.0,1.0,1.0,0.0,0.0,0.0,0.0,4.0,5.0,6.0,6.0,5.0,6.0,6.0,6.0,SEKER
0.0,1.0,1.0,1.0,0.0,0.0,0.0,0.0,4.0,4.0,6.0,6.0,5.0,6.0,6.0,5.0,SEKER
0.0,1.0,1.0,1.0,0.0,0.0,0.0,0.0,5.0,5.0,6.0,6.0,5.0,6.0,6.0,4.0,SEKER
0.0,1.0,1.0,1.0,0.0,0.0,0.0,0.0,3.0,6.0,6.0,6.0,5.0,6.0,6.0,4.0,SEKER
0.0,1.0,1.0,1.0,0.0,0.0,0.0,0.0,4.0,4.0,6.0,6.0,5.0,6.0,6.0,4.0,SEKER
0.0,1.0,0.0,2.0,0.0,0.0,0.0,0.0,4.0,6.0,6.0,6.0,4.0,6.0,6.0,6.0,SEKER
0.0,1.0,1.0,1.0,0.0,0.0,0.0,0.0,3.0,4.0,5.0,5.0,5.0,5.0,5.0,6.0,SEKER
0.0,1.0,0.0,2.0,0.0,0.0,0.0,0.0,5.0,4.0,6.0,6.0,4.0,6.0,6.0,4.0,SEKER
0.0,1.0,1.0,1.0,0.0,0.0,0.0,0.0,4.0,4.0,6.0,6.0,5.0,6.0,6.0,6.0,SEKER
0.0,1.0,1.0,1.0,0.0,0.0,0.0,0.0,4.0,4.0,6.0,6.0,5.0,6.0,6.0,6.0,SEKER
0.0,1.0,1.0,1.0,1.0,1.0,0.0,0.0,4.0,4.0,5.0,4.0,5.0,5.0,4.0,6.0,SEKER
0.0,1.0,0.0,2.0,0.0,0.0,0.0,0.0,4.0,4.0,6.0,6.0,4.0,6.0,6.0,6.0,SEKER
0.0,1.0,1.0,1.0,0.0,0.0,0.0,0.0,4.0,6.0,6.0,6.0,5.0,6.0,6.0,5.0,SEKER
0.0,1.0,1.0,1.0,0.0,0.0,0.0,0.0,4.0,6.0,6.0,6.0,5.0,6.0,6.0,6.0,SEKER
0.0,1.0,1.0,1.0,0.0,0.0,0.0,0.0,3.0,4.0,5.0,6.0,5.0,6.0,6.0,4.0,SEKER
0.0,1.0,1.0,1.0,0.0,0.0,0.0,0.0,4.0,4.0,6.0,6.0,5.0,6.0,6.0,5.0,SEKER
0.0,1.0,1.0,1.0,0.0,0.0,0.0,0.0,4.0,4.0,6.0,6.0,5.0,6.0,6.0,6.0,SEKER
0.0,1.0,1.0,1.0,0.0,0.0,0.0,0.0,4.0,6.0,6.0,6.0,5.0,6.0,6.0,4.0,SEKER
0.0,1.0,1.0,1.0,0.0,0.0,0.0,0.0,4.0,6.0,6.0,6.0,5.0,6.0,6.0,6.0,SEKER
0.0,1.0,0.0,1.0,0.0,0.0,0.0,0.0,4.0,5.0,6.0,6.0,4.0,6.0,6.0,4.0,SEKER
0.0,1.0,1.0,1.0,0.0,0.0,0.0,0.0,4.0,5.0,6.0,6.0,5.0,6.0,6.0,5.0,SEKER
0.0,1.0,1.0,1.0,0.0,0.0,0.0,0.0,4.0,6.0,6.0,6.0,5.0,6.0,6.0,4.0,SEKER
0.0,1.0,1.0,1.0,0.0,0.0,0.0,0.0,4.0,4.0,6.0,6.0,5.0,6.0,6.0,6.0,SEKER
0.0,1.0,1.0,1.0,0.0,0.0,0.0,0.0,4.0,5.0,6.0,6.0,5.0,6.0,6.0,5.0,SEKER
0.0,1.0,1.0,1.0,0.0,0.0,0.0,0.0,4.0,5.0,6.0,6.0,5.0,6.0,6.0,5.0,SEKER
0.0,1.0,1.0,1.0,0.0,0.0,0.0,0.0,5.0,5.0,6.0,6.0,5.0,6.0,6.0,6.0,SEKER
0.0,1.0,0.0,1.0,0.0,0.0,0.0,0.0,4.0,5.0,6.0,6.0,5.0,6.0,6.0,6.0,SEKER
0.0,1.0,1.0,1.0,0.0,0.0,0.0,0.0,2.0,4.0,6.0,6.0,5.0,6.0,6.0,6.0,SEKER
0.0,1.0,1.0,1.0,1.0,1.0,0.0,0.0,5.0,4.0,4.0,4.0,5.0,5.0,4.0,6.0,SEKER
0.0,1.0,1.0,1.0,0.0,0.0,0.0,0.0,3.0,6.0,6.0,6.0,5.0,6.0,6.0,6.0,SEKER
0.0,1.0,1.0,1.0,1.0,1.0,0.0,0.0,4.0,4.0,5.0,4.0,5.0,5.0,4.0,4.0,SEKER
0.0,1.0,1.0,1.0,0.0,0.0,0.0,0.0,4.0,6.0,6.0,6.0,5.0,6.0,6.0,6.0,SEKER
0.0,1.0,0.0,2.0,0.0,0.0,0.0,0.0,5.0,2.0,5.0,6.0,4.0,6.0,6.0,4.0,SEKER
0.0,1.0,1.0,1.0,0.0,0.0,0.0,0.0,4.0,4.0,6.0,6.0,5.0,6.0,6.0,6.0,SEKER
0.0,1.0,1.0,1.0,0.0,0.0,0.0,0.0,4.0,4.0,6.0,6.0,5.0,6.0,6.0,5.0,SEKER
0.0,1.0,1.0,1.0,1.0,1.0,0.0,0.0,4.0,4.0,5.0,4.0,5.0,5.0,4.0,6.0,SEKER
0.0,1.0,1.0,1.0,0.0,0.0,0.0,0.0,3.0,5.0,6.0,5.0,5.0,6.0,5.0,4.0,SEKER
0.0,1.0,1.0,1.0,0.0,0.0,0.0,0.0,4.0,5.0,6.0,6.0,5.0,6.0,6.0,6.0,SEKER
0.0,1.0,0.0,2.0,0.0,0.0,0.0,0.0,4.0,4.0,6.0,6.0,4.0,6.0,6.0,4.0,SEKER
0.0,1.0,0.0,2.0,0.0,0.0,0.0,0.0,4.0,4.0,6.0,6.0,4.0,6.0,6.0,6.0,SEKER
0.0,1.0,1.0,1.0,1.0,1.0,0.0,0.0,4.0,5.0,6.0,4.0,5.0,5.0,4.0,6.0,SEKER
0.0,1.0,1.0,1.0,0.0,0.0,0.0,0.0,4.0,5.0,6.0,6.0,5.0,6.0,6.0,5.0,SEKER
0.0,1.0,1.0,1.0,0.0,0.0,0.0,0.0,4.0,4.0,6.0,6.0,5.0,6.0,6.0,4.0,SEKER
0.0,2.0,1.0,1.0,0.0,0.0,0.0,0.0,4.0,2.0,1.0,6.0,5.0,6.0,6.0,4.0,SEKER
0.0,1.0,1.0,1.0,0.0,0.0,0.0,0.0,4.0,6.0,6.0,6.0,5.0,6.0,6.0,5.0,SEKER
0.0,1.0,1.0,1.0,0.0,0.0,0.0,0.0,4.0,4.0,6.0,6.0,5.0,6.0,6.0,6.0,SEKER
0.0,1.0,1.0,1.0,0.0,0.0,0.0,0.0,4.0,4.0,6.0,6.0,5.0,6.0,6.0,6.0,SEKER
0.0,1.0,1.0,1.0,0.0,0.0,0.0,0.0,4.0,4.0,5.0,6.0,5.0,6.0,6.0,6.0,SEKER
0.0,1.0,1.0,1.0,0.0,0.0,0.0,0.0,4.0,4.0,6.0,5.0,5.0,6.0,5.0,4.0,SEKER
0.0,1.0,1.0,1.0,0.0,0.0,0.0,0.0,4.0,5.0,6.0,6.0,5.0,6.0,6.0,6.0,SEKER
0.0,1.0,1.0,1.0,0.0,0.0,0.0,0.0,4.0,4.0,6.0,6.0,5.0,6.0,6.0,6.0,SEKER
0.0,1.0,1.0,1.0,0.0,0.0,0.0,0.0,4.0,4.0,6.0,6.0,5.0,6.0,6.0,6.0,SEKER
0.0,1.0,1.0,1.0,0.0,0.0,0.0,0.0,4.0,6.0,6.0,6.0,5.0,6.0,6.0,6.0,SEKER
0.0,1.0,1.0,1.0,1.0,1.0,0.0,0.0,4.0,4.0,5.0,4.0,5.0,5.0,4.0,5.0,SEKER
0.0,1.0,1.0,1.0,1.0,1.0,0.0,0.0,2.0,2.0,4.0,4.0,5.0,5.0,4.0,6.0,SEKER
0.0,1.0,1.0,1.0,0.0,0.0,0.0,0.0,4.0,4.0,6.0,6.0,5.0,6.0,6.0,4.0,SEKER
0.0,1.0,1.0,1.0,0.0,0.0,0.0,0.0,4.0,4.0,5.0,6.0,5.0,6.0,6.0,4.0,SEKER
0.0,1.0,0.0,2.0,0.0,0.0,0.0,0.0,4.0,2.0,4.0,6.0,4.0,6.0,6.0,4.0,SEKER
0.0,1.0,0.0,2.0,0.0,0.0,0.0,0.0,4.0,4.0,6.0,6.0,4.0,6.0,6.0,6.0,SEKER
0.0,1.0,0.0,2.0,0.0,0.0,0.0,0.0,4.0,5.0,6.0,6.0,4.0,6.0,6.0,6.0,SEKER
0.0,1.0,0.0,2.0,0.0,0.0,0.0,0.0,4.0,4.0,6.0,6.0,4.0,6.0,6.0,5.0,SEKER
0.0,1.0,1.0,1.0,0.0,0.0,0.0,0.0,4.0,4.0,6.0,6.0,5.0,6.0,6.0,4.0,SEKER
0.0,1.0,1.0,1.0,0.0,0.0,0.0,0.0,4.0,3.0,5.0,6.0,5.0,6.0,6.0,6.0,SEKER
0.0,1.0,1.0,1.0,0.0,0.0,0.0,0.0,4.0,4.0,5.0,6.0,5.0,6.0,6.0,6.0,SEKER
0.0,1.0,1.0,1.0,0.0,0.0,0.0,0.0,4.0,4.0,6.0,6.0,5.0,6.0,6.0,5.0,SEKER
0.0,1.0,0.0,2.0,0.0,0.0,0.0,0.0,4.0,4.0,6.0,6.0,4.0,6.0,6.0,6.0,SEKER
0.0,1.0,1.0,1.0,0.0,0.0,0.0,0.0,4.0,3.0,5.0,6.0,5.0,6.0,6.0,4.0,SEKER
0.0,1.0,1.0,1.0,1.0,1.0,0.0,0.0,4.0,4.0,6.0,4.0,5.0,5.0,4.0,6.0,SEKER
0.0,1.0,1.0,1.0,0.0,0.0,0.0,0.0,4.0,6.0,6.0,6.0,5.0,6.0,6.0,6.0,SEKER
0.0,1.0,1.0,1.0,0.0,0.0,0.0,0.0,4.0,4.0,6.0,6.0,5.0,6.0,6.0,5.0,SEKER
0.0,1.0,1.0,1.0,0.0,0.0,0.0,0.0,4.0,5.0,6.0,6.0,5.0,6.0,6.0,4.0,SEKER
0.0,1.0,1.0,1.0,0.0,0.0,0.0,0.0,4.0,6.0,6.0,6.0,5.0,6.0,6.0,5.0,SEKER
0.0,1.0,1.0,1.0,0.0,0.0,0.0,0.0,4.0,6.0,6.0,6.0,5.0,6.0,6.0,5.0,SEKER
0.0,1.0,0.0,2.0,0.0,0.0,0.0,0.0,4.0,4.0,6.0,6.0,4.0,6.0,6.0,4.0,SEKER
0.0,1.0,1.0,1.0,0.0,0.0,0.0,0.0,4.0,6.0,6.0,6.0,5.0,6.0,6.0,6.0,SEKER
0.0,1.0,1.0,1.0,0.0,0.0,0.0,0.0,5.0,6.0,6.0,6.0,5.0,6.0,6.0,4.0,SEKER
0.0,1.0,1.0,1.0,0.0,0.0,0.0,0.0,4.0,4.0,6.0,6.0,5.0,6.0,6.0,6.0,SEKER
0.0,1.0,1.0,1.0,0.0,0.0,0.0,0.0,4.0,4.0,4.0,6.0,5.0,6.0,6.0,6.0,SEKER
0.0,1.0,1.0,1.0,0.0,0.0,0.0,0.0,3.0,4.0,5.0,6.0,5.0,6.0,6.0,5.0,SEKER
0.0,1.0,1.0,1.0,0.0,0.0,0.0,0.0,4.0,5.0,6.0,6.0,5.0,6.0,6.0,6.0,SEKER
0.0,1.0,0.0,2.0,0.0,0.0,0.0,0.0,4.0,4.0,5.0,6.0,4.0,6.0,6.0,5.0,SEKER
0.0,1.0,1.0,1.0,0.0,0.0,0.0,0.0,4.0,6.0,6.0,6.0,5.0,6.0,6.0,5.0,SEKER
0.0,1.0,0.0,2.0,0.0,0.0,0.0,0.0,4.0,4.0,6.0,6.0,4.0,6.0,6.0,6.0,SEKER
0.0,1.0,1.0,1.0,0.0,0.0,0.0,0.0,4.0,4.0,5.0,6.0,5.0,6.0,6.0,4.0,SEKER
0.0,1.0,1.0,1.0,0.0,0.0,0.0,0.0,3.0,6.0,6.0,6.0,5.0,6.0,6.0,5.0,SEKER
0.0,1.0,1.0,1.0,0.0,0.0,0.0,0.0,4.0,4.0,4.0,6.0,5.0,6.0,6.0,4.0,SEKER
0.0,1.0,1.0,1.0,0.0,0.0,0.0,0.0,3.0,5.0,6.0,5.0,5.0,5.0,5.0,4.0,SEKER
0.0,1.0,1.0,1.0,0.0,0.0,0.0,0.0,2.0,4.0,6.0,6.0,5.0,6.0,6.0,6.0,SEKER
0.0,1.0,1.0,2.0,0.0,0.0,0.0,0.0,4.0,4.0,4.0,6.0,4.0,6.0,6.0,4.0,SEKER
0.0,1.0,1.0,1.0,0.0,0.0,0.0,0.0,4.0,6.0,6.0,6.0,5.0,6.0,6.0,6.0,SEKER
0.0,1.0,1.0,1.0,0.0,0.0,0.0,0.0,2.0,6.0,6.0,5.0,5.0,5.0,5.0,4.0,SEKER
0.0,1.0,1.0,1.0,0.0,0.0,0.0,0.0,4.0,4.0,6.0,6.0,5.0,6.0,6.0,6.0,SEKER
0.0,1.0,1.0,1.0,0.0,0.0,0.0,0.0,4.0,6.0,6.0,6.0,5.0,6.0,6.0,6.0,SEKER
0.0,1.0,1.0,1.0,0.0,0.0,0.0,0.0,5.0,6.0,6.0,6.0,5.0,6.0,6.0,4.0,SEKER
0.0,1.0,1.0,1.0,0.0,0.0,0.0,0.0,4.0,4.0,5.0,6.0,5.0,6.0,6.0,3.0,SEKER
0.0,1.0,0.0,2.0,0.0,0.0,0.0,0.0,4.0,6.0,6.0,6.0,4.0,6.0,6.0,6.0,SEKER
0.0,1.0,0.0,2.0,0.0,0.0,0.0,0.0,2.0,6.0,6.0,6.0,4.0,6.0,6.0,4.0,SEKER
0.0,1.0,1.0,1.0,0.0,0.0,0.0,0.0,4.0,5.0,6.0,6.0,5.0,6.0,6.0,5.0,SEKER
0.0,1.0,1.0,1.0,0.0,0.0,0.0,0.0,4.0,5.0,6.0,6.0,5.0,6.0,6.0,6.0,SEKER
0.0,1.0,1.0,1.0,0.0,0.0,0.0,0.0,4.0,4.0,6.0,6.0,5.0,6.0,6.0,6.0,SEKER
0.0,1.0,1.0,1.0,0.0,0.0,0.0,0.0,4.0,5.0,6.0,5.0,5.0,6.0,5.0,5.0,SEKER
0.0,1.0,1.0,1.0,0.0,0.0,0.0,0.0,4.0,4.0,6.0,6.0,5.0,6.0,6.0,6.0,SEKER
0.0,1.0,1.0,1.0,0.0,0.0,0.0,0.0,4.0,6.0,6.0,6.0,5.0,6.0,6.0,6.0,SEKER
0.0,1.0,1.0,2.0,0.0,0.0,0.0,0.0,5.0,4.0,6.0,6.0,4.0,6.0,6.0,4.0,SEKER
0.0,1.0,1.0,1.0,0.0,0.0,0.0,0.0,5.0,4.0,6.0,6.0,5.0,6.0,6.0,5.0,SEKER
0.0,1.0,1.0,1.0,0.0,0.0,0.0,0.0,4.0,4.0,6.0,6.0,5.0,6.0,6.0,6.0,SEKER
0.0,1.0,1.0,1.0,0.0,0.0,0.0,0.0,4.0,6.0,6.0,6.0,5.0,6.0,6.0,6.0,SEKER
0.0,1.0,1.0,1.0,0.0,0.0,0.0,0.0,5.0,4.0,6.0,6.0,5.0,6.0,6.0,6.0,SEKER
0.0,1.0,1.0,1.0,0.0,0.0,0.0,0.0,2.0,4.0,6.0,6.0,5.0,6.0,6.0,6.0,SEKER
0.0,1.0,1.0,1.0,0.0,0.0,0.0,0.0,5.0,6.0,6.0,6.0,5.0,6.0,6.0,6.0,SEKER
0.0,1.0,0.0,2.0,0.0,0.0,0.0,0.0,4.0,4.0,5.0,6.0,4.0,6.0,6.0,4.0,SEKER
0.0,1.0,1.0,1.0,0.0,0.0,0.0,0.0,4.0,6.0,6.0,6.0,5.0,6.0,6.0,6.0,SEKER
0.0,1.0,1.0,1.0,0.0,0.0,0.0,0.0,4.0,4.0,6.0,6.0,5.0,6.0,6.0,4.0,SEKER
0.0,1.0,1.0,1.0,0.0,0.0,0.0,0.0,4.0,4.0,6.0,6.0,5.0,6.0,6.0,5.0,SEKER
0.0,1.0,1.0,1.0,0.0,0.0,0.0,0.0,4.0,4.0,6.0,6.0,5.0,6.0,6.0,6.0,SEKER
0.0,1.0,1.0,1.0,0.0,0.0,0.0,0.0,4.0,6.0,6.0,6.0,5.0,6.0,6.0,5.0,SEKER
0.0,1.0,1.0,2.0,0.0,0.0,0.0,0.0,4.0,4.0,6.0,6.0,4.0,6.0,6.0,6.0,SEKER
0.0,1.0,1.0,1.0,0.0,0.0,0.0,0.0,4.0,4.0,6.0,6.0,5.0,6.0,6.0,6.0,SEKER
0.0,1.0,0.0,2.0,0.0,0.0,0.0,0.0,4.0,6.0,6.0,6.0,4.0,6.0,6.0,4.0,SEKER
0.0,1.0,0.0,3.0,0.0,0.0,0.0,0.0,4.0,4.0,5.0,6.0,3.0,6.0,6.0,6.0,SEKER
0.0,1.0,1.0,2.0,0.0,0.0,0.0,0.0,5.0,4.0,6.0,6.0,4.0,6.0,6.0,6.0,SEKER
0.0,1.0,1.0,2.0,0.0,0.0,0.0,0.0,5.0,5.0,6.0,6.0,4.0,6.0,6.0,5.0,SEKER
0.0,1.0,1.0,1.0,0.0,0.0,0.0,0.0,4.0,4.0,6.0,6.0,5.0,6.0,6.0,5.0,SEKER
0.0,1.0,1.0,1.0,0.0,0.0,0.0,0.0,5.0,4.0,6.0,6.0,5.0,6.0,6.0,4.0,SEKER
0.0,1.0,1.0,2.0,0.0,0.0,0.0,0.0,4.0,4.0,6.0,6.0,4.0,6.0,6.0,5.0,SEKER
0.0,1.0,1.0,1.0,0.0,0.0,0.0,0.0,4.0,3.0,5.0,6.0,5.0,6.0,6.0,4.0,SEKER
0.0,1.0,1.0,1.0,0.0,0.0,0.0,0.0,4.0,4.0,6.0,6.0,5.0,6.0,6.0,6.0,SEKER
0.0,1.0,1.0,2.0,0.0,0.0,0.0,0.0,4.0,5.0,6.0,6.0,4.0,6.0,6.0,6.0,SEKER
0.0,1.0,1.0,1.0,0.0,0.0,0.0,0.0,4.0,5.0,6.0,5.0,5.0,5.0,5.0,6.0,SEKER
0.0,1.0,1.0,1.0,0.0,0.0,0.0,0.0,4.0,5.0,6.0,6.0,5.0,6.0,6.0,6.0,SEKER
0.0,1.0,1.0,1.0,0.0,0.0,0.0,0.0,4.0,5.0,6.0,5.0,5.0,6.0,5.0,5.0,SEKER
0.0,1.0,1.0,1.0,0.0,0.0,0.0,0.0,4.0,5.0,6.0,6.0,5.0,6.0,6.0,5.0,SEKER
0.0,1.0,0.0,2.0,0.0,0.0,0.0,0.0,4.0,5.0,6.0,6.0,4.0,6.0,6.0,6.0,SEKER
0.0,1.0,1.0,1.0,1.0,1.0,0.0,0.0,4.0,4.0,5.0,5.0,5.0,5.0,5.0,5.0,SEKER
0.0,1.0,1.0,1.0,0.0,0.0,0.0,0.0,4.0,4.0,6.0,6.0,5.0,6.0,6.0,5.0,SEKER
0.0,1.0,1.0,1.0,0.0,0.0,0.0,0.0,4.0,4.0,6.0,6.0,5.0,6.0,6.0,6.0,SEKER
0.0,1.0,1.0,1.0,0.0,0.0,0.0,0.0,4.0,6.0,6.0,6.0,5.0,6.0,6.0,6.0,SEKER
0.0,1.0,1.0,1.0,0.0,0.0,0.0,0.0,4.0,4.0,6.0,6.0,5.0,6.0,6.0,4.0,SEKER
0.0,1.0,1.0,1.0,0.0,0.0,0.0,0.0,4.0,5.0,6.0,6.0,5.0,6.0,6.0,6.0,SEKER
0.0,1.0,1.0,1.0,0.0,0.0,0.0,0.0,4.0,5.0,6.0,5.0,5.0,5.0,5.0,6.0,SEKER
0.0,1.0,1.0,1.0,0.0,0.0,0.0,0.0,4.0,4.0,5.0,5.0,5.0,5.0,5.0,6.0,SEKER
0.0,1.0,0.0,2.0,0.0,0.0,0.0,0.0,4.0,4.0,6.0,6.0,4.0,6.0,6.0,6.0,SEKER
0.0,1.0,1.0,2.0,0.0,0.0,0.0,0.0,4.0,4.0,6.0,6.0,4.0,6.0,6.0,4.0,SEKER
0.0,1.0,1.0,1.0,0.0,0.0,0.0,0.0,4.0,6.0,6.0,6.0,5.0,6.0,6.0,5.0,SEKER
0.0,1.0,1.0,2.0,0.0,0.0,0.0,0.0,4.0,6.0,6.0,6.0,4.0,6.0,6.0,6.0,SEKER
0.0,1.0,1.0,1.0,0.0,0.0,0.0,0.0,4.0,2.0,4.0,6.0,5.0,6.0,6.0,4.0,SEKER
0.0,1.0,1.0,1.0,0.0,0.0,0.0,0.0,4.0,4.0,6.0,6.0,5.0,6.0,6.0,4.0,SEKER
0.0,1.0,0.0,2.0,0.0,0.0,0.0,0.0,4.0,5.0,6.0,6.0,4.0,6.0,6.0,5.0,SEKER
0.0,1.0,1.0,1.0,0.0,0.0,0.0,0.0,4.0,4.0,6.0,6.0,5.0,6.0,6.0,6.0,SEKER
0.0,1.0,1.0,1.0,0.0,0.0,0.0,0.0,4.0,5.0,6.0,6.0,5.0,6.0,6.0,6.0,SEKER
0.0,1.0,1.0,1.0,0.0,0.0,0.0,0.0,4.0,6.0,6.0,6.0,5.0,6.0,6.0,4.0,SEKER
0.0,1.0,1.0,2.0,0.0,0.0,0.0,0.0,4.0,2.0,4.0,6.0,4.0,6.0,6.0,1.0,SEKER
0.0,1.0,1.0,1.0,0.0,0.0,0.0,0.0,4.0,4.0,6.0,5.0,5.0,5.0,5.0,5.0,SEKER
0.0,1.0,1.0,1.0,0.0,0.0,0.0,0.0,4.0,4.0,6.0,6.0,5.0,6.0,6.0,5.0,SEKER
0.0,1.0,1.0,1.0,0.0,0.0,0.0,0.0,4.0,5.0,5.0,6.0,5.0,6.0,6.0,6.0,SEKER
0.0,1.0,1.0,1.0,0.0,0.0,0.0,0.0,4.0,5.0,6.0,6.0,5.0,6.0,6.0,5.0,SEKER
0.0,1.0,1.0,1.0,0.0,0.0,0.0,0.0,4.0,4.0,6.0,6.0,5.0,6.0,6.0,5.0,SEKER
0.0,1.0,1.0,1.0,0.0,0.0,0.0,0.0,4.0,6.0,6.0,5.0,5.0,5.0,5.0,5.0,SEKER
0.0,1.0,1.0,1.0,0.0,0.0,0.0,0.0,3.0,6.0,6.0,6.0,5.0,6.0,6.0,4.0,SEKER
0.0,1.0,1.0,1.0,0.0,0.0,0.0,0.0,4.0,4.0,5.0,6.0,5.0,6.0,6.0,4.0,SEKER
0.0,1.0,1.0,1.0,0.0,0.0,0.0,0.0,4.0,5.0,6.0,6.0,5.0,6.0,6.0,4.0,SEKER
0.0,1.0,1.0,1.0,0.0,0.0,0.0,0.0,4.0,4.0,5.0,6.0,5.0,6.0,6.0,6.0,SEKER
0.0,1.0,1.0,1.0,0.0,0.0,0.0,0.0,4.0,4.0,6.0,6.0,5.0,6.0,6.0,6.0,SEKER
0.0,1.0,1.0,1.0,0.0,0.0,0.0,0.0,4.0,6.0,6.0,6.0,5.0,6.0,6.0,6.0,SEKER
0.0,1.0,1.0,2.0,0.0,0.0,0.0,0.0,4.0,6.0,6.0,6.0,4.0,6.0,6.0,4.0,SEKER
0.0,1.0,1.0,1.0,0.0,0.0,0.0,0.0,4.0,6.0,6.0,6.0,5.0,6.0,6.0,6.0,SEKER
0.0,1.0,1.0,1.0,0.0,0.0,0.0,0.0,4.0,4.0,6.0,6.0,5.0,6.0,6.0,4.0,SEKER
0.0,1.0,1.0,1.0,0.0,0.0,0.0,0.0,4.0,4.0,6.0,6.0,5.0,6.0,6.0,4.0,SEKER
0.0,1.0,1.0,1.0,0.0,0.0,0.0,0.0,4.0,6.0,6.0,6.0,5.0,6.0,6.0,5.0,SEKER
0.0,1.0,1.0,1.0,0.0,0.0,0.0,0.0,4.0,6.0,6.0,6.0,5.0,6.0,6.0,4.0,SEKER
0.0,1.0,1.0,1.0,0.0,0.0,0.0,0.0,4.0,6.0,6.0,6.0,5.0,6.0,6.0,6.0,SEKER
0.0,1.0,1.0,1.0,0.0,0.0,0.0,0.0,4.0,6.0,6.0,6.0,5.0,6.0,6.0,6.0,SEKER
0.0,1.0,1.0,1.0,0.0,0.0,0.0,0.0,4.0,5.0,6.0,6.0,5.0,6.0,6.0,6.0,SEKER
0.0,1.0,1.0,1.0,0.0,0.0,0.0,0.0,5.0,6.0,6.0,6.0,5.0,6.0,6.0,4.0,SEKER
0.0,1.0,1.0,1.0,0.0,0.0,0.0,0.0,4.0,5.0,6.0,6.0,4.0,6.0,6.0,6.0,SEKER
0.0,1.0,1.0,1.0,0.0,0.0,0.0,0.0,4.0,4.0,6.0,6.0,5.0,6.0,6.0,4.0,SEKER
0.0,1.0,1.0,1.0,0.0,0.0,0.0,0.0,4.0,6.0,6.0,6.0,5.0,6.0,6.0,6.0,SEKER
0.0,1.0,1.0,1.0,0.0,0.0,0.0,0.0,4.0,4.0,5.0,6.0,5.0,6.0,6.0,5.0,SEKER
0.0,1.0,1.0,1.0,0.0,0.0,0.0,0.0,4.0,6.0,6.0,6.0,5.0,6.0,6.0,6.0,SEKER
0.0,1.0,1.0,1.0,0.0,0.0,0.0,0.0,3.0,5.0,6.0,5.0,5.0,5.0,5.0,6.0,SEKER
0.0,1.0,1.0,1.0,0.0,0.0,0.0,0.0,4.0,6.0,6.0,6.0,5.0,6.0,6.0,6.0,SEKER
0.0,1.0,1.0,1.0,0.0,0.0,0.0,0.0,4.0,5.0,6.0,6.0,5.0,6.0,6.0,5.0,SEKER
0.0,1.0,1.0,1.0,0.0,0.0,0.0,0.0,4.0,4.0,6.0,6.0,5.0,6.0,6.0,5.0,SEKER
0.0,1.0,1.0,1.0,0.0,0.0,0.0,0.0,4.0,5.0,6.0,6.0,5.0,6.0,6.0,6.0,SEKER
0.0,1.0,1.0,1.0,0.0,0.0,0.0,0.0,4.0,5.0,6.0,5.0,5.0,5.0,5.0,4.0,SEKER
0.0,1.0,1.0,1.0,0.0,0.0,0.0,0.0,4.0,5.0,6.0,6.0,5.0,6.0,6.0,5.0,SEKER
0.0,1.0,1.0,1.0,0.0,0.0,0.0,0.0,4.0,4.0,6.0,6.0,5.0,6.0,6.0,4.0,SEKER
0.0,1.0,1.0,1.0,0.0,0.0,0.0,0.0,4.0,4.0,5.0,5.0,5.0,5.0,5.0,6.0,SEKER
0.0,1.0,0.0,2.0,0.0,0.0,0.0,0.0,4.0,4.0,6.0,6.0,4.0,6.0,6.0,6.0,SEKER
0.0,1.0,1.0,1.0,0.0,0.0,0.0,0.0,4.0,4.0,6.0,6.0,5.0,6.0,6.0,4.0,SEKER
0.0,1.0,1.0,1.0,0.0,0.0,0.0,0.0,4.0,4.0,5.0,5.0,5.0,5.0,5.0,6.0,SEKER
0.0,1.0,1.0,1.0,0.0,0.0,0.0,0.0,4.0,6.0,6.0,6.0,5.0,6.0,6.0,6.0,SEKER
0.0,1.0,1.0,1.0,0.0,0.0,0.0,0.0,2.0,4.0,6.0,6.0,5.0,6.0,6.0,4.0,SEKER
0.0,1.0,1.0,1.0,0.0,0.0,0.0,0.0,4.0,5.0,6.0,6.0,5.0,6.0,6.0,6.0,SEKER
0.0,1.0,1.0,1.0,0.0,0.0,0.0,0.0,4.0,4.0,5.0,6.0,5.0,6.0,6.0,6.0,SEKER
0.0,1.0,1.0,2.0,0.0,0.0,0.0,0.0,4.0,4.0,6.0,6.0,4.0,6.0,6.0,6.0,SEKER
0.0,1.0,1.0,1.0,0.0,0.0,0.0,0.0,4.0,6.0,6.0,6.0,5.0,6.0,6.0,5.0,SEKER
0.0,1.0,1.0,1.0,0.0,0.0,0.0,0.0,4.0,6.0,6.0,5.0,5.0,5.0,5.0,6.0,SEKER
0.0,1.0,1.0,1.0,0.0,0.0,0.0,0.0,4.0,6.0,6.0,6.0,5.0,6.0,6.0,6.0,SEKER
0.0,1.0,1.0,1.0,0.0,0.0,0.0,0.0,4.0,6.0,6.0,6.0,5.0,6.0,6.0,6.0,SEKER
0.0,1.0,1.0,1.0,0.0,0.0,0.0,0.0,5.0,6.0,6.0,6.0,5.0,6.0,6.0,6.0,SEKER
0.0,1.0,0.0,2.0,0.0,0.0,0.0,0.0,4.0,4.0,6.0,6.0,4.0,6.0,6.0,6.0,SEKER
0.0,1.0,1.0,1.0,0.0,0.0,0.0,0.0,4.0,2.0,5.0,6.0,5.0,6.0,6.0,5.0,SEKER
0.0,1.0,1.0,2.0,0.0,0.0,0.0,0.0,4.0,4.0,6.0,6.0,4.0,6.0,6.0,6.0,SEKER
0.0,1.0,1.0,1.0,0.0,0.0,0.0,0.0,4.0,5.0,6.0,6.0,5.0,6.0,6.0,5.0,SEKER
0.0,1.0,1.0,2.0,0.0,0.0,0.0,0.0,4.0,4.0,6.0,6.0,4.0,6.0,6.0,6.0,SEKER
0.0,1.0,1.0,1.0,0.0,0.0,0.0,0.0,2.0,5.0,6.0,6.0,5.0,6.0,6.0,5.0,SEKER
0.0,1.0,1.0,1.0,0.0,0.0,0.0,0.0,4.0,5.0,6.0,5.0,5.0,5.0,5.0,5.0,SEKER
0.0,1.0,1.0,1.0,0.0,0.0,0.0,0.0,4.0,6.0,6.0,6.0,5.0,6.0,6.0,6.0,SEKER
0.0,1.0,1.0,1.0,0.0,0.0,0.0,0.0,4.0,6.0,6.0,6.0,5.0,6.0,6.0,6.0,SEKER
0.0,1.0,1.0,1.0,0.0,0.0,0.0,0.0,4.0,4.0,6.0,6.0,5.0,6.0,6.0,6.0,SEKER
0.0,1.0,1.0,2.0,0.0,0.0,0.0,0.0,4.0,6.0,6.0,6.0,4.0,6.0,6.0,6.0,SEKER
0.0,1.0,1.0,1.0,0.0,0.0,0.0,0.0,4.0,4.0,5.0,6.0,5.0,6.0,6.0,5.0,SEKER
0.0,1.0,1.0,1.0,0.0,0.0,0.0,0.0,5.0,4.0,5.0,5.0,5.0,5.0,5.0,6.0,SEKER
0.0,1.0,1.0,2.0,0.0,0.0,0.0,0.0,4.0,6.0,6.0,6.0,4.0,6.0,6.0,5.0,SEKER
0.0,1.0,1.0,1.0,0.0,0.0,0.0,0.0,4.0,4.0,4.0,6.0,5.0,6.0,6.0,4.0,SEKER
0.0,1.0,1.0,1.0,0.0,0.0,0.0,0.0,5.0,4.0,5.0,6.0,5.0,6.0,6.0,6.0,SEKER
0.0,1.0,1.0,2.0,0.0,0.0,0.0,0.0,4.0,3.0,5.0,6.0,4.0,6.0,6.0,4.0,SEKER
0.0,1.0,1.0,2.0,0.0,0.0,0.0,0.0,4.0,4.0,6.0,6.0,4.0,6.0,6.0,6.0,SEKER
0.0,1.0,1.0,2.0,0.0,0.0,0.0,0.0,4.0,4.0,5.0,6.0,4.0,6.0,6.0,4.0,SEKER
0.0,1.0,1.0,1.0,0.0,0.0,0.0,0.0,4.0,6.0,6.0,6.0,5.0,6.0,6.0,6.0,SEKER
0.0,1.0,1.0,1.0,0.0,0.0,0.0,0.0,5.0,4.0,5.0,6.0,5.0,6.0,6.0,5.0,SEKER
0.0,1.0,1.0,1.0,0.0,0.0,0.0,0.0,4.0,6.0,6.0,6.0,5.0,6.0,6.0,6.0,SEKER
0.0,1.0,1.0,1.0,0.0,0.0,0.0,0.0,4.0,5.0,6.0,6.0,5.0,6.0,6.0,6.0,SEKER
0.0,1.0,1.0,1.0,0.0,0.0,0.0,0.0,4.0,6.0,6.0,5.0,5.0,5.0,5.0,6.0,SEKER
0.0,1.0,1.0,1.0,0.0,0.0,0.0,0.0,4.0,4.0,6.0,6.0,5.0,6.0,6.0,6.0,SEKER
0.0,1.0,1.0,1.0,0.0,0.0,0.0,0.0,4.0,5.0,6.0,5.0,5.0,5.0,5.0,4.0,SEKER
0.0,1.0,1.0,1.0,0.0,0.0,0.0,0.0,4.0,6.0,6.0,6.0,5.0,6.0,6.0,4.0,SEKER
0.0,1.0,1.0,1.0,1.0,1.0,0.0,0.0,4.0,4.0,5.0,4.0,5.0,5.0,4.0,6.0,SEKER
0.0,1.0,1.0,1.0,0.0,0.0,0.0,0.0,4.0,6.0,6.0,5.0,5.0,6.0,5.0,4.0,SEKER
0.0,1.0,1.0,1.0,1.0,1.0,0.0,0.0,3.0,4.0,5.0,4.0,5.0,5.0,4.0,4.0,SEKER
0.0,1.0,1.0,2.0,0.0,0.0,0.0,0.0,4.0,5.0,6.0,6.0,4.0,6.0,6.0,5.0,SEKER
0.0,1.0,1.0,2.0,0.0,0.0,0.0,0.0,4.0,5.0,6.0,6.0,4.0,6.0,6.0,6.0,SEKER
0.0,1.0,1.0,2.0,0.0,0.0,0.0,0.0,4.0,5.0,6.0,6.0,4.0,6.0,6.0,6.0,SEKER
0.0,1.0,1.0,1.0,0.0,0.0,0.0,0.0,4.0,4.0,6.0,6.0,5.0,6.0,6.0,5.0,SEKER
0.0,1.0,1.0,1.0,0.0,0.0,0.0,0.0,2.0,4.0,5.0,6.0,5.0,6.0,6.0,4.0,SEKER
0.0,1.0,1.0,1.0,0.0,0.0,0.0,0.0,4.0,4.0,6.0,6.0,5.0,6.0,6.0,4.0,SEKER
0.0,1.0,1.0,1.0,0.0,0.0,0.0,0.0,4.0,3.0,3.0,6.0,5.0,6.0,6.0,6.0,SEKER
0.0,1.0,1.0,2.0,0.0,0.0,0.0,0.0,4.0,4.0,6.0,6.0,4.0,6.0,6.0,6.0,SEKER
0.0,1.0,1.0,2.0,0.0,0.0,0.0,0.0,4.0,4.0,6.0,6.0,4.0,6.0,6.0,6.0,SEKER
0.0,1.0,1.0,1.0,0.0,0.0,0.0,0.0,4.0,4.0,6.0,6.0,5.0,6.0,6.0,4.0,SEKER
0.0,1.0,1.0,1.0,0.0,0.0,0.0,0.0,4.0,5.0,6.0,6.0,5.0,6.0,6.0,6.0,SEKER
0.0,1.0,1.0,1.0,0.0,0.0,0.0,0.0,4.0,6.0,6.0,6.0,5.0,6.0,6.0,5.0,SEKER
0.0,1.0,1.0,1.0,1.0,1.0,0.0,0.0,4.0,4.0,5.0,4.0,5.0,5.0,4.0,2.0,SEKER
0.0,1.0,1.0,1.0,0.0,0.0,0.0,0.0,4.0,5.0,6.0,6.0,5.0,6.0,6.0,4.0,SEKER
0.0,1.0,1.0,1.0,0.0,0.0,0.0,0.0,4.0,6.0,6.0,6.0,5.0,6.0,6.0,4.0,SEKER
0.0,1.0,1.0,2.0,0.0,0.0,0.0,0.0,4.0,4.0,6.0,6.0,4.0,6.0,6.0,5.0,SEKER
0.0,1.0,1.0,1.0,0.0,0.0,0.0,0.0,2.0,4.0,6.0,5.0,5.0,5.0,5.0,4.0,SEKER
0.0,1.0,1.0,1.0,0.0,0.0,0.0,0.0,4.0,6.0,6.0,6.0,5.0,6.0,6.0,6.0,SEKER
0.0,1.0,1.0,1.0,0.0,0.0,0.0,0.0,4.0,6.0,6.0,6.0,5.0,6.0,6.0,5.0,SEKER
0.0,1.0,1.0,2.0,0.0,0.0,0.0,0.0,4.0,5.0,6.0,6.0,4.0,6.0,6.0,4.0,SEKER
0.0,1.0,1.0,1.0,0.0,0.0,0.0,0.0,4.0,4.0,5.0,5.0,5.0,5.0,5.0,6.0,SEKER
0.0,1.0,0.0,2.0,0.0,0.0,0.0,0.0,4.0,4.0,5.0,6.0,4.0,6.0,6.0,6.0,SEKER
0.0,1.0,1.0,1.0,1.0,1.0,0.0,0.0,2.0,6.0,6.0,4.0,5.0,5.0,4.0,4.0,SEKER
0.0,1.0,1.0,1.0,0.0,0.0,0.0,0.0,5.0,6.0,6.0,6.0,5.0,6.0,6.0,4.0,SEKER
0.0,1.0,1.0,1.0,0.0,0.0,0.0,0.0,3.0,6.0,6.0,6.0,5.0,6.0,6.0,4.0,SEKER
0.0,1.0,1.0,2.0,0.0,0.0,0.0,0.0,4.0,4.0,6.0,6.0,4.0,6.0,6.0,5.0,SEKER
0.0,1.0,1.0,1.0,0.0,0.0,0.0,0.0,4.0,5.0,6.0,6.0,5.0,6.0,6.0,6.0,SEKER
0.0,1.0,1.0,1.0,0.0,0.0,0.0,0.0,5.0,4.0,6.0,6.0,5.0,6.0,6.0,4.0,SEKER
0.0,1.0,1.0,1.0,0.0,0.0,0.0,0.0,4.0,4.0,6.0,6.0,5.0,6.0,6.0,6.0,SEKER
0.0,1.0,1.0,2.0,0.0,0.0,0.0,0.0,4.0,6.0,6.0,6.0,4.0,6.0,6.0,5.0,SEKER
0.0,1.0,1.0,1.0,0.0,0.0,0.0,0.0,5.0,4.0,6.0,6.0,5.0,6.0,6.0,4.0,SEKER
0.0,1.0,1.0,2.0,0.0,0.0,0.0,0.0,4.0,4.0,6.0,6.0,4.0,6.0,6.0,4.0,SEKER
0.0,1.0,1.0,2.0,0.0,0.0,0.0,0.0,4.0,3.0,5.0,6.0,4.0,6.0,6.0,4.0,SEKER
0.0,1.0,1.0,0.0,1.0,1.0,0.0,0.0,2.0,5.0,5.0,4.0,5.0,5.0,4.0,6.0,SEKER
0.0,1.0,1.0,1.0,0.0,0.0,0.0,0.0,4.0,6.0,6.0,5.0,5.0,5.0,5.0,6.0,SEKER
0.0,1.0,1.0,1.0,0.0,0.0,0.0,0.0,4.0,4.0,6.0,5.0,5.0,5.0,5.0,4.0,SEKER
0.0,1.0,1.0,1.0,0.0,0.0,0.0,0.0,4.0,4.0,6.0,6.0,4.0,6.0,6.0,6.0,SEKER
0.0,1.0,1.0,2.0,0.0,0.0,0.0,0.0,5.0,4.0,5.0,6.0,4.0,6.0,6.0,5.0,SEKER
0.0,1.0,1.0,2.0,0.0,0.0,0.0,0.0,4.0,4.0,6.0,6.0,4.0,6.0,6.0,6.0,SEKER
0.0,1.0,1.0,1.0,0.0,0.0,0.0,0.0,4.0,6.0,6.0,6.0,5.0,6.0,6.0,6.0,SEKER
0.0,1.0,1.0,1.0,0.0,0.0,0.0,0.0,4.0,4.0,6.0,6.0,5.0,6.0,6.0,5.0,SEKER
0.0,1.0,1.0,1.0,0.0,0.0,0.0,0.0,4.0,5.0,6.0,6.0,5.0,6.0,6.0,6.0,SEKER
0.0,1.0,1.0,2.0,0.0,0.0,0.0,0.0,4.0,5.0,6.0,6.0,4.0,6.0,6.0,4.0,SEKER
0.0,1.0,1.0,2.0,0.0,0.0,0.0,0.0,4.0,6.0,6.0,6.0,4.0,6.0,6.0,6.0,SEKER
0.0,1.0,1.0,1.0,1.0,1.0,0.0,0.0,4.0,4.0,5.0,4.0,5.0,5.0,4.0,6.0,SEKER
0.0,1.0,1.0,1.0,0.0,0.0,0.0,0.0,2.0,5.0,6.0,6.0,5.0,6.0,6.0,4.0,SEKER
0.0,1.0,1.0,2.0,0.0,0.0,0.0,0.0,4.0,6.0,6.0,6.0,4.0,6.0,6.0,6.0,SEKER
0.0,1.0,1.0,1.0,0.0,0.0,0.0,0.0,4.0,4.0,5.0,5.0,5.0,5.0,5.0,5.0,SEKER
0.0,1.0,1.0,1.0,0.0,0.0,0.0,0.0,4.0,4.0,6.0,6.0,5.0,6.0,6.0,6.0,SEKER
0.0,1.0,1.0,1.0,0.0,0.0,0.0,0.0,3.0,6.0,6.0,6.0,5.0,6.0,6.0,6.0,SEKER
0.0,1.0,1.0,2.0,0.0,0.0,0.0,0.0,4.0,4.0,6.0,6.0,4.0,6.0,6.0,4.0,SEKER
0.0,1.0,1.0,1.0,0.0,0.0,0.0,0.0,4.0,5.0,6.0,6.0,5.0,6.0,6.0,6.0,SEKER
0.0,1.0,1.0,1.0,0.0,0.0,0.0,0.0,4.0,5.0,6.0,6.0,5.0,6.0,6.0,6.0,SEKER
0.0,1.0,1.0,1.0,0.0,0.0,0.0,0.0,4.0,4.0,5.0,6.0,5.0,6.0,6.0,4.0,SEKER
0.0,1.0,0.0,2.0,0.0,0.0,0.0,0.0,4.0,4.0,6.0,6.0,4.0,6.0,6.0,6.0,SEKER
0.0,1.0,1.0,1.0,0.0,0.0,0.0,0.0,4.0,4.0,6.0,6.0,5.0,6.0,6.0,6.0,SEKER
0.0,1.0,1.0,2.0,0.0,0.0,0.0,0.0,4.0,6.0,6.0,6.0,4.0,6.0,6.0,6.0,SEKER
0.0,1.0,1.0,1.0,0.0,0.0,0.0,0.0,4.0,5.0,6.0,6.0,5.0,6.0,6.0,5.0,SEKER
0.0,1.0,1.0,1.0,0.0,0.0,0.0,0.0,4.0,5.0,6.0,6.0,5.0,6.0,6.0,4.0,SEKER
0.0,1.0,1.0,1.0,0.0,0.0,0.0,0.0,4.0,5.0,6.0,6.0,5.0,6.0,6.0,5.0,SEKER
0.0,1.0,1.0,1.0,0.0,0.0,0.0,0.0,4.0,6.0,6.0,6.0,5.0,6.0,6.0,6.0,SEKER
0.0,1.0,1.0,1.0,0.0,0.0,0.0,0.0,2.0,6.0,6.0,6.0,5.0,5.0,6.0,4.0,SEKER
0.0,1.0,1.0,1.0,0.0,0.0,0.0,0.0,4.0,4.0,5.0,5.0,5.0,5.0,5.0,5.0,SEKER
0.0,1.0,1.0,1.0,0.0,0.0,0.0,0.0,4.0,4.0,6.0,6.0,5.0,6.0,6.0,4.0,SEKER
0.0,1.0,1.0,2.0,0.0,0.0,0.0,0.0,4.0,4.0,6.0,6.0,4.0,6.0,6.0,4.0,SEKER
0.0,1.0,1.0,1.0,0.0,0.0,0.0,0.0,4.0,4.0,5.0,6.0,5.0,6.0,6.0,4.0,SEKER
0.0,1.0,1.0,2.0,0.0,0.0,0.0,0.0,4.0,4.0,6.0,6.0,4.0,6.0,6.0,6.0,SEKER
0.0,1.0,1.0,2.0,0.0,0.0,0.0,0.0,4.0,6.0,6.0,6.0,4.0,6.0,6.0,6.0,SEKER
0.0,1.0,1.0,2.0,0.0,0.0,0.0,0.0,4.0,4.0,5.0,6.0,4.0,6.0,6.0,4.0,SEKER
0.0,1.0,1.0,1.0,0.0,0.0,0.0,0.0,4.0,5.0,6.0,6.0,5.0,6.0,6.0,6.0,SEKER
0.0,1.0,1.0,1.0,0.0,0.0,0.0,0.0,4.0,5.0,6.0,6.0,5.0,6.0,6.0,6.0,SEKER
0.0,1.0,1.0,1.0,0.0,0.0,0.0,0.0,4.0,6.0,6.0,6.0,5.0,6.0,6.0,6.0,SEKER
0.0,1.0,1.0,2.0,0.0,0.0,0.0,0.0,4.0,2.0,4.0,6.0,4.0,6.0,6.0,5.0,SEKER
0.0,1.0,1.0,1.0,1.0,1.0,0.0,0.0,3.0,4.0,5.0,4.0,5.0,5.0,4.0,6.0,SEKER
0.0,1.0,1.0,1.0,0.0,0.0,0.0,0.0,4.0,6.0,6.0,6.0,5.0,6.0,6.0,4.0,SEKER
0.0,1.0,1.0,1.0,0.0,0.0,0.0,0.0,5.0,4.0,6.0,6.0,5.0,6.0,6.0,6.0,SEKER
0.0,1.0,1.0,1.0,0.0,0.0,0.0,0.0,4.0,6.0,6.0,6.0,5.0,6.0,6.0,5.0,SEKER
0.0,1.0,0.0,2.0,0.0,0.0,0.0,0.0,4.0,5.0,6.0,6.0,4.0,6.0,6.0,4.0,SEKER
0.0,1.0,1.0,2.0,0.0,0.0,0.0,0.0,4.0,6.0,6.0,6.0,4.0,6.0,6.0,6.0,SEKER
0.0,2.0,1.0,1.0,0.0,0.0,0.0,0.0,4.0,2.0,3.0,5.0,5.0,5.0,5.0,4.0,SEKER
0.0,1.0,1.0,1.0,0.0,0.0,0.0,0.0,4.0,5.0,6.0,5.0,5.0,5.0,5.0,5.0,SEKER
0.0,1.0,1.0,2.0,0.0,0.0,0.0,0.0,3.0,6.0,6.0,6.0,4.0,6.0,6.0,4.0,SEKER
0.0,1.0,1.0,2.0,0.0,0.0,0.0,0.0,4.0,5.0,6.0,6.0,4.0,6.0,6.0,6.0,SEKER
0.0,1.0,1.0,1.0,0.0,0.0,0.0,0.0,5.0,6.0,6.0,5.0,5.0,5.0,5.0,5.0,SEKER
0.0,1.0,1.0,2.0,0.0,0.0,0.0,0.0,4.0,6.0,6.0,6.0,4.0,6.0,6.0,6.0,SEKER
0.0,1.0,1.0,1.0,0.0,0.0,0.0,0.0,3.0,5.0,6.0,5.0,5.0,5.0,5.0,4.0,SEKER
0.0,1.0,1.0,2.0,0.0,0.0,0.0,0.0,4.0,4.0,5.0,6.0,4.0,6.0,6.0,4.0,SEKER
0.0,1.0,1.0,1.0,0.0,0.0,0.0,0.0,4.0,6.0,6.0,6.0,5.0,6.0,6.0,4.0,SEKER
0.0,1.0,1.0,1.0,0.0,0.0,0.0,0.0,4.0,4.0,6.0,6.0,5.0,6.0,6.0,5.0,SEKER
0.0,1.0,1.0,1.0,0.0,0.0,0.0,0.0,4.0,4.0,6.0,6.0,5.0,5.0,6.0,4.0,SEKER
0.0,1.0,1.0,1.0,0.0,0.0,0.0,0.0,4.0,4.0,5.0,6.0,5.0,6.0,6.0,6.0,SEKER
0.0,1.0,1.0,2.0,0.0,0.0,0.0,0.0,4.0,4.0,5.0,6.0,4.0,6.0,6.0,4.0,SEKER
0.0,1.0,1.0,1.0,0.0,0.0,0.0,0.0,4.0,6.0,6.0,6.0,5.0,6.0,6.0,4.0,SEKER
0.0,1.0,1.0,1.0,1.0,1.0,0.0,0.0,4.0,5.0,6.0,5.0,5.0,5.0,5.0,6.0,SEKER
0.0,1.0,1.0,1.0,0.0,0.0,0.0,0.0,4.0,6.0,6.0,6.0,5.0,6.0,6.0,4.0,SEKER
0.0,1.0,1.0,1.0,0.0,0.0,0.0,0.0,4.0,4.0,5.0,5.0,5.0,5.0,5.0,4.0,SEKER
0.0,1.0,1.0,2.0,0.0,0.0,0.0,0.0,4.0,4.0,6.0,6.0,4.0,6.0,6.0,4.0,SEKER
0.0,1.0,1.0,2.0,0.0,0.0,0.0,0.0,5.0,6.0,6.0,6.0,4.0,6.0,6.0,5.0,SEKER
0.0,1.0,1.0,1.0,0.0,0.0,0.0,0.0,4.0,4.0,5.0,5.0,5.0,5.0,5.0,6.0,SEKER
0.0,1.0,1.0,1.0,0.0,0.0,0.0,0.0,4.0,4.0,5.0,5.0,5.0,5.0,5.0,4.0,SEKER
0.0,1.0,1.0,2.0,0.0,0.0,0.0,0.0,4.0,4.0,6.0,6.0,4.0,6.0,6.0,6.0,SEKER
0.0,1.0,1.0,2.0,0.0,0.0,0.0,0.0,4.0,4.0,6.0,6.0,4.0,6.0,6.0,5.0,SEKER
0.0,1.0,1.0,1.0,0.0,0.0,0.0,0.0,3.0,4.0,5.0,6.0,5.0,6.0,6.0,4.0,SEKER
0.0,1.0,1.0,1.0,0.0,0.0,0.0,0.0,2.0,6.0,6.0,6.0,5.0,6.0,6.0,4.0,SEKER
0.0,1.0,1.0,1.0,0.0,0.0,0.0,0.0,4.0,4.0,5.0,5.0,5.0,5.0,5.0,4.0,SEKER
0.0,1.0,1.0,1.0,0.0,0.0,0.0,0.0,5.0,5.0,6.0,6.0,5.0,6.0,6.0,5.0,SEKER
0.0,1.0,1.0,1.0,0.0,0.0,0.0,0.0,4.0,4.0,5.0,6.0,5.0,6.0,6.0,6.0,SEKER
0.0,1.0,1.0,1.0,0.0,0.0,0.0,0.0,4.0,4.0,5.0,6.0,5.0,6.0,6.0,5.0,SEKER
0.0,1.0,1.0,2.0,0.0,0.0,0.0,0.0,5.0,4.0,5.0,6.0,4.0,6.0,6.0,4.0,SEKER
0.0,1.0,1.0,2.0,0.0,0.0,0.0,0.0,4.0,6.0,6.0,6.0,4.0,6.0,6.0,6.0,SEKER
0.0,1.0,1.0,1.0,0.0,0.0,0.0,0.0,4.0,4.0,6.0,6.0,5.0,6.0,6.0,4.0,SEKER
0.0,1.0,1.0,1.0,0.0,0.0,0.0,0.0,4.0,5.0,6.0,6.0,4.0,6.0,6.0,6.0,SEKER
0.0,1.0,1.0,1.0,0.0,0.0,0.0,0.0,4.0,6.0,6.0,6.0,4.0,6.0,6.0,5.0,SEKER
0.0,1.0,1.0,1.0,0.0,0.0,0.0,0.0,4.0,5.0,6.0,6.0,5.0,6.0,6.0,6.0,SEKER
0.0,1.0,1.0,2.0,0.0,0.0,0.0,0.0,5.0,6.0,6.0,6.0,4.0,6.0,6.0,6.0,SEKER
0.0,1.0,1.0,1.0,0.0,0.0,0.0,0.0,4.0,4.0,5.0,5.0,5.0,5.0,5.0,4.0,SEKER
0.0,1.0,1.0,1.0,0.0,0.0,0.0,0.0,3.0,4.0,6.0,6.0,5.0,5.0,6.0,4.0,SEKER
0.0,1.0,1.0,1.0,1.0,1.0,0.0,0.0,3.0,4.0,5.0,4.0,5.0,5.0,4.0,6.0,SEKER
0.0,1.0,1.0,1.0,0.0,0.0,0.0,0.0,4.0,4.0,6.0,6.0,5.0,6.0,6.0,6.0,SEKER
0.0,1.0,1.0,1.0,0.0,0.0,0.0,0.0,4.0,6.0,6.0,5.0,5.0,5.0,5.0,6.0,SEKER
0.0,1.0,1.0,1.0,0.0,0.0,0.0,0.0,5.0,6.0,6.0,6.0,5.0,6.0,6.0,4.0,SEKER
0.0,1.0,1.0,2.0,0.0,0.0,0.0,0.0,4.0,4.0,6.0,6.0,4.0,6.0,6.0,5.0,SEKER
0.0,1.0,0.0,3.0,0.0,0.0,0.0,0.0,4.0,4.0,5.0,6.0,3.0,6.0,6.0,5.0,SEKER
0.0,1.0,1.0,2.0,0.0,0.0,0.0,0.0,5.0,4.0,6.0,6.0,4.0,6.0,6.0,4.0,SEKER
0.0,1.0,1.0,2.0,0.0,0.0,0.0,0.0,5.0,6.0,6.0,6.0,4.0,6.0,6.0,4.0,SEKER
0.0,1.0,1.0,1.0,1.0,1.0,0.0,0.0,4.0,4.0,4.0,4.0,5.0,5.0,4.0,4.0,SEKER
0.0,1.0,1.0,2.0,0.0,0.0,0.0,0.0,4.0,4.0,6.0,6.0,4.0,6.0,6.0,5.0,SEKER
0.0,1.0,1.0,1.0,0.0,0.0,0.0,0.0,4.0,6.0,6.0,6.0,5.0,6.0,6.0,4.0,SEKER
0.0,1.0,1.0,2.0,0.0,0.0,0.0,0.0,4.0,6.0,6.0,6.0,4.0,6.0,6.0,6.0,SEKER
0.0,1.0,1.0,2.0,0.0,0.0,0.0,0.0,4.0,6.0,6.0,6.0,4.0,6.0,6.0,4.0,SEKER
0.0,1.0,1.0,1.0,0.0,0.0,0.0,0.0,4.0,6.0,6.0,6.0,4.0,6.0,6.0,6.0,SEKER
0.0,1.0,1.0,2.0,0.0,0.0,0.0,0.0,4.0,5.0,6.0,6.0,4.0,6.0,6.0,5.0,SEKER
0.0,1.0,1.0,1.0,1.0,1.0,0.0,0.0,4.0,5.0,5.0,4.0,5.0,5.0,4.0,4.0,SEKER
0.0,1.0,1.0,1.0,0.0,0.0,0.0,0.0,4.0,5.0,6.0,5.0,5.0,5.0,5.0,6.0,SEKER
0.0,1.0,1.0,2.0,0.0,0.0,0.0,0.0,4.0,6.0,6.0,6.0,4.0,6.0,6.0,4.0,SEKER
0.0,1.0,1.0,1.0,0.0,0.0,0.0,0.0,4.0,6.0,6.0,6.0,5.0,6.0,6.0,4.0,SEKER
0.0,1.0,1.0,1.0,0.0,0.0,0.0,0.0,4.0,5.0,6.0,6.0,5.0,6.0,6.0,6.0,SEKER
0.0,1.0,1.0,1.0,0.0,0.0,0.0,0.0,4.0,6.0,6.0,5.0,5.0,5.0,5.0,4.0,SEKER
0.0,1.0,1.0,1.0,0.0,0.0,1.0,0.0,4.0,2.0,5.0,6.0,5.0,6.0,6.0,3.0,SEKER
0.0,1.0,1.0,1.0,0.0,0.0,0.0,0.0,4.0,6.0,6.0,6.0,5.0,6.0,6.0,5.0,SEKER
0.0,1.0,1.0,1.0,0.0,0.0,1.0,0.0,4.0,2.0,5.0,6.0,5.0,6.0,6.0,3.0,SEKER
0.0,1.0,1.0,2.0,0.0,0.0,1.0,0.0,3.0,4.0,5.0,6.0,4.0,6.0,6.0,4.0,SEKER
0.0,1.0,1.0,1.0,1.0,1.0,0.0,0.0,4.0,4.0,5.0,4.0,5.0,5.0,4.0,6.0,SEKER
0.0,1.0,1.0,2.0,0.0,0.0,0.0,0.0,4.0,4.0,5.0,6.0,4.0,6.0,6.0,6.0,SEKER
0.0,1.0,1.0,2.0,0.0,0.0,0.0,0.0,3.0,6.0,6.0,6.0,4.0,6.0,6.0,5.0,SEKER
0.0,1.0,1.0,1.0,0.0,0.0,0.0,0.0,4.0,4.0,6.0,6.0,5.0,6.0,6.0,5.0,SEKER
0.0,1.0,1.0,1.0,0.0,0.0,0.0,0.0,4.0,4.0,5.0,6.0,5.0,6.0,6.0,4.0,SEKER
0.0,1.0,1.0,1.0,0.0,0.0,0.0,0.0,4.0,4.0,5.0,6.0,5.0,6.0,6.0,6.0,SEKER
1.0,1.0,1.0,1.0,0.0,0.0,1.0,1.0,4.0,4.0,5.0,6.0,5.0,6.0,6.0,5.0,SEKER
1.0,1.0,1.0,1.0,0.0,0.0,0.0,1.0,4.0,5.0,6.0,5.0,5.0,5.0,5.0,4.0,SEKER
1.0,1.0,1.0,1.0,0.0,0.0,0.0,1.0,2.0,6.0,6.0,6.0,5.0,6.0,6.0,6.0,SEKER
1.0,1.0,1.0,2.0,0.0,0.0,0.0,1.0,4.0,5.0,6.0,6.0,4.0,6.0,6.0,6.0,SEKER
1.0,1.0,1.0,2.0,0.0,0.0,0.0,1.0,5.0,5.0,6.0,6.0,4.0,6.0,6.0,4.0,SEKER
1.0,1.0,1.0,1.0,0.0,0.0,0.0,1.0,4.0,6.0,6.0,6.0,5.0,6.0,6.0,6.0,SEKER
1.0,1.0,1.0,1.0,0.0,0.0,0.0,1.0,4.0,4.0,5.0,6.0,5.0,5.0,6.0,6.0,SEKER
1.0,2.0,1.0,2.0,0.0,0.0,1.0,1.0,4.0,1.0,0.0,6.0,4.0,6.0,6.0,3.0,SEKER
1.0,1.0,1.0,1.0,0.0,0.0,1.0,1.0,4.0,4.0,5.0,6.0,5.0,6.0,6.0,4.0,SEKER
1.0,1.0,1.0,2.0,0.0,0.0,1.0,1.0,4.0,2.0,4.0,6.0,4.0,6.0,6.0,5.0,SEKER
1.0,1.0,1.0,1.0,0.0,0.0,1.0,1.0,4.0,4.0,5.0,5.0,5.0,5.0,5.0,4.0,SEKER
1.0,1.0,1.0,1.0,0.0,0.0,0.0,1.0,4.0,5.0,6.0,6.0,5.0,5.0,6.0,6.0,SEKER
1.0,1.0,1.0,1.0,0.0,0.0,0.0,1.0,4.0,6.0,6.0,5.0,5.0,5.0,5.0,6.0,SEKER
1.0,1.0,1.0,2.0,0.0,0.0,1.0,1.0,4.0,4.0,6.0,6.0,4.0,6.0,6.0,5.0,SEKER
1.0,1.0,1.0,1.0,0.0,0.0,1.0,1.0,4.0,4.0,5.0,5.0,5.0,5.0,5.0,4.0,SEKER
1.0,1.0,1.0,2.0,0.0,0.0,0.0,1.0,4.0,6.0,6.0,6.0,4.0,6.0,6.0,6.0,SEKER
1.0,1.0,1.0,1.0,1.0,1.0,0.0,1.0,2.0,4.0,5.0,4.0,5.0,5.0,4.0,6.0,SEKER
1.0,1.0,1.0,1.0,0.0,0.0,1.0,1.0,4.0,4.0,6.0,6.0,5.0,5.0,6.0,4.0,SEKER
1.0,1.0,1.0,2.0,0.0,0.0,0.0,1.0,4.0,5.0,6.0,6.0,4.0,6.0,6.0,6.0,SEKER
1.0,1.0,1.0,1.0,0.0,0.0,1.0,1.0,4.0,4.0,6.0,6.0,5.0,6.0,6.0,5.0,SEKER
1.0,1.0,1.0,2.0,0.0,0.0,0.0,1.0,5.0,6.0,6.0,6.0,4.0,6.0,6.0,6.0,SEKER
1.0,1.0,1.0,1.0,0.0,0.0,1.0,1.0,4.0,4.0,5.0,6.0,5.0,6.0,6.0,5.0,SEKER
1.0,2.0,1.0,1.0,1.0,1.0,1.0,1.0,2.0,2.0,2.0,4.0,5.0,5.0,4.0,4.0,SEKER
1.0,1.0,1.0,2.0,0.0,0.0,0.0,1.0,4.0,6.0,6.0,6.0,4.0,6.0,6.0,5.0,SEKER
1.0,1.0,1.0,2.0,0.0,0.0,1.0,1.0,4.0,3.0,5.0,6.0,4.0,6.0,6.0,4.0,SEKER
1.0,1.0,1.0,2.0,0.0,0.0,1.0,1.0,4.0,4.0,6.0,6.0,4.0,6.0,6.0,6.0,SEKER
1.0,1.0,1.0,1.0,0.0,0.0,1.0,1.0,4.0,5.0,6.0,6.0,5.0,6.0,6.0,4.0,SEKER
1.0,1.0,1.0,2.0,0.0,0.0,0.0,1.0,4.0,6.0,6.0,6.0,4.0,6.0,6.0,5.0,SEKER
1.0,1.0,1.0,1.0,0.0,0.0,1.0,1.0,4.0,4.0,5.0,6.0,5.0,6.0,6.0,4.0,SEKER
1.0,1.0,1.0,2.0,0.0,0.0,1.0,1.0,4.0,4.0,6.0,6.0,4.0,6.0,6.0,5.0,SEKER
1.0,1.0,1.0,1.0,1.0,1.0,1.0,1.0,3.0,6.0,6.0,4.0,5.0,5.0,4.0,6.0,SEKER
1.0,1.0,1.0,1.0,0.0,0.0,1.0,1.0,2.0,4.0,5.0,5.0,5.0,5.0,5.0,6.0,SEKER
1.0,1.0,1.0,1.0,0.0,0.0,1.0,1.0,5.0,4.0,5.0,6.0,5.0,6.0,6.0,4.0,SEKER
1.0,1.0,0.0,3.0,0.0,0.0,1.0,1.0,4.0,4.0,6.0,6.0,3.0,6.0,6.0,4.0,SEKER
1.0,1.0,1.0,1.0,0.0,0.0,1.0,1.0,4.0,4.0,4.0,5.0,5.0,5.0,5.0,5.0,SEKER
1.0,1.0,1.0,1.0,0.0,0.0,1.0,1.0,5.0,5.0,6.0,5.0,5.0,5.0,5.0,4.0,SEKER
1.0,1.0,1.0,1.0,0.0,0.0,0.0,1.0,4.0,6.0,6.0,6.0,5.0,5.0,6.0,6.0,SEKER
1.0,1.0,1.0,1.0,0.0,0.0,1.0,1.0,5.0,6.0,6.0,5.0,5.0,5.0,5.0,4.0,SEKER
1.0,1.0,1.0,2.0,0.0,0.0,1.0,1.0,4.0,6.0,6.0,6.0,4.0,6.0,6.0,6.0,SEKER
1.0,1.0,1.0,2.0,0.0,0.0,1.0,1.0,4.0,4.0,5.0,6.0,4.0,6.0,6.0,5.0,SEKER
1.0,1.0,1.0,2.0,0.0,0.0,1.0,1.0,4.0,6.0,6.0,6.0,4.0,6.0,6.0,6.0,SEKER
1.0,1.0,1.0,2.0,0.0,0.0,1.0,1.0,4.0,5.0,6.0,6.0,4.0,6.0,6.0,4.0,SEKER
1.0,1.0,1.0,2.0,0.0,0.0,1.0,1.0,4.0,5.0,6.0,6.0,4.0,6.0,6.0,6.0,SEKER
1.0,1.0,1.0,2.0,0.0,0.0,1.0,1.0,4.0,4.0,6.0,6.0,4.0,6.0,6.0,6.0,SEKER
1.0,1.0,1.0,1.0,0.0,0.0,1.0,1.0,4.0,5.0,5.0,6.0,5.0,6.0,6.0,4.0,SEKER
1.0,1.0,1.0,1.0,0.0,0.0,1.0,1.0,4.0,5.0,6.0,5.0,5.0,5.0,5.0,4.0,SEKER
1.0,1.0,1.0,1.0,0.0,0.0,1.0,1.0,4.0,5.0,6.0,6.0,5.0,6.0,6.0,6.0,SEKER
1.0,1.0,1.0,1.0,0.0,0.0,1.0,1.0,4.0,4.0,5.0,6.0,5.0,6.0,6.0,4.0,SEKER
1.0,1.0,1.0,2.0,0.0,0.0,1.0,1.0,4.0,6.0,6.0,6.0,4.0,6.0,6.0,6.0,SEKER
1.0,1.0,1.0,2.0,0.0,0.0,1.0,1.0,4.0,4.0,6.0,6.0,4.0,6.0,6.0,6.0,SEKER
1.0,1.0,1.0,2.0,0.0,0.0,1.0,1.0,4.0,6.0,6.0,6.0,4.0,6.0,6.0,6.0,SEKER
1.0,1.0,1.0,2.0,0.0,0.0,1.0,1.0,2.0,5.0,6.0,6.0,4.0,6.0,6.0,2.0,SEKER
1.0,1.0,1.0,1.0,0.0,0.0,1.0,1.0,4.0,6.0,6.0,6.0,5.0,6.0,6.0,5.0,SEKER
1.0,1.0,1.0,1.0,0.0,0.0,1.0,1.0,4.0,4.0,6.0,6.0,5.0,6.0,6.0,5.0,SEKER
1.0,1.0,1.0,2.0,0.0,0.0,1.0,1.0,4.0,6.0,6.0,6.0,4.0,6.0,6.0,6.0,SEKER
1.0,1.0,1.0,2.0,0.0,0.0,1.0,1.0,4.0,4.0,6.0,6.0,4.0,6.0,6.0,6.0,SEKER
1.0,1.0,1.0,1.0,0.0,0.0,1.0,1.0,4.0,4.0,5.0,5.0,5.0,5.0,5.0,4.0,SEKER
1.0,1.0,1.0,1.0,0.0,0.0,1.0,1.0,2.0,5.0,6.0,6.0,5.0,6.0,6.0,4.0,SEKER
1.0,1.0,1.0,1.0,1.0,1.0,1.0,1.0,2.0,4.0,5.0,4.0,5.0,5.0,4.0,6.0,SEKER
1.0,1.0,1.0,1.0,0.0,0.0,1.0,1.0,3.0,5.0,6.0,6.0,4.0,6.0,6.0,6.0,SEKER
1.0,1.0,1.0,2.0,0.0,0.0,1.0,1.0,4.0,4.0,6.0,6.0,4.0,6.0,6.0,4.0,SEKER
1.0,1.0,1.0,1.0,0.0,0.0,1.0,1.0,4.0,6.0,6.0,6.0,4.0,6.0,6.0,6.0,SEKER
1.0,1.0,1.0,1.0,0.0,0.0,1.0,1.0,4.0,6.0,6.0,5.0,5.0,5.0,5.0,6.0,SEKER
1.0,1.0,1.0,2.0,0.0,0.0,1.0,1.0,4.0,6.0,6.0,6.0,4.0,6.0,6.0,4.0,SEKER
1.0,1.0,1.0,2.0,0.0,0.0,1.0,1.0,4.0,4.0,5.0,6.0,4.0,6.0,6.0,4.0,SEKER
1.0,1.0,1.0,1.0,0.0,0.0,1.0,1.0,4.0,4.0,5.0,6.0,5.0,6.0,6.0,6.0,SEKER
1.0,1.0,1.0,1.0,0.0,0.0,1.0,1.0,4.0,4.0,5.0,6.0,5.0,5.0,6.0,5.0,SEKER
1.0,1.0,1.0,1.0,0.0,0.0,1.0,1.0,4.0,5.0,6.0,6.0,5.0,6.0,6.0,4.0,SEKER
1.0,1.0,1.0,2.0,0.0,0.0,1.0,1.0,4.0,6.0,6.0,6.0,4.0,6.0,6.0,6.0,SEKER
1.0,1.0,1.0,1.0,0.0,0.0,1.0,1.0,5.0,5.0,6.0,5.0,5.0,5.0,5.0,5.0,SEKER
1.0,1.0,1.0,2.0,0.0,0.0,1.0,1.0,2.0,4.0,5.0,6.0,4.0,6.0,6.0,3.0,SEKER
1.0,1.0,1.0,1.0,0.0,0.0,1.0,1.0,5.0,5.0,6.0,6.0,4.0,6.0,6.0,6.0,SEKER
1.0,2.0,1.0,1.0,1.0,1.0,1.0,1.0,4.0,2.0,1.0,4.0,5.0,5.0,4.0,4.0,SEKER
1.0,1.0,1.0,1.0,0.0,0.0,1.0,1.0,3.0,5.0,6.0,6.0,5.0,5.0,6.0,4.0,SEKER
1.0,1.0,1.0,2.0,0.0,0.0,1.0,1.0,4.0,6.0,6.0,6.0,4.0,6.0,6.0,6.0,SEKER
1.0,1.0,1.0,2.0,0.0,0.0,1.0,1.0,4.0,6.0,6.0,6.0,4.0,6.0,6.0,6.0,SEKER
1.0,1.0,1.0,1.0,0.0,0.0,1.0,1.0,4.0,4.0,5.0,6.0,5.0,6.0,6.0,5.0,SEKER
1.0,1.0,0.0,3.0,0.0,0.0,1.0,1.0,4.0,4.0,5.0,6.0,3.0,6.0,6.0,5.0,SEKER
1.0,1.0,1.0,2.0,0.0,0.0,1.0,1.0,4.0,6.0,6.0,6.0,4.0,6.0,6.0,5.0,SEKER
1.0,1.0,1.0,1.0,0.0,0.0,1.0,1.0,4.0,4.0,6.0,6.0,5.0,6.0,6.0,6.0,SEKER
1.0,1.0,1.0,2.0,0.0,0.0,1.0,1.0,4.0,6.0,6.0,6.0,4.0,6.0,6.0,5.0,SEKER
1.0,1.0,1.0,2.0,0.0,0.0,1.0,1.0,4.0,5.0,6.0,6.0,4.0,6.0,6.0,4.0,SEKER
1.0,1.0,1.0,2.0,0.0,0.0,1.0,1.0,4.0,5.0,6.0,6.0,4.0,6.0,6.0,4.0,SEKER
1.0,1.0,0.0,3.0,0.0,0.0,1.0,1.0,4.0,4.0,6.0,6.0,3.0,6.0,6.0,6.0,SEKER
1.0,1.0,1.0,1.0,0.0,0.0,1.0,1.0,4.0,3.0,5.0,5.0,5.0,5.0,5.0,5.0,SEKER
1.0,1.0,1.0,1.0,0.0,0.0,1.0,1.0,4.0,6.0,6.0,6.0,5.0,5.0,6.0,6.0,SEKER
1.0,1.0,1.0,1.0,1.0,1.0,1.0,1.0,4.0,5.0,6.0,5.0,5.0,5.0,5.0,6.0,SEKER
1.0,1.0,1.0,2.0,0.0,0.0,1.0,1.0,4.0,6.0,6.0,6.0,4.0,6.0,6.0,6.0,SEKER
1.0,1.0,1.0,2.0,0.0,0.0,1.0,1.0,4.0,4.0,5.0,6.0,4.0,6.0,6.0,5.0,SEKER
1.0,2.0,1.0,1.0,0.0,0.0,1.0,1.0,4.0,2.0,1.0,6.0,5.0,5.0,6.0,4.0,SEKER
1.0,1.0,1.0,1.0,0.0,0.0,1.0,1.0,4.0,4.0,6.0,6.0,5.0,6.0,6.0,6.0,SEKER
1.0,1.0,1.0,1.0,0.0,0.0,1.0,1.0,4.0,6.0,6.0,6.0,5.0,6.0,6.0,4.0,SEKER
1.0,1.0,1.0,1.0,0.0,0.0,1.0,1.0,5.0,6.0,6.0,6.0,5.0,6.0,6.0,6.0,SEKER
1.0,1.0,1.0,1.0,0.0,0.0,1.0,1.0,4.0,4.0,6.0,6.0,4.0,6.0,6.0,5.0,SEKER
1.0,1.0,1.0,2.0,0.0,0.0,1.0,1.0,4.0,4.0,6.0,6.0,4.0,6.0,6.0,5.0,SEKER
1.0,1.0,1.0,1.0,0.0,0.0,1.0,1.0,4.0,4.0,5.0,5.0,5.0,5.0,5.0,4.0,SEKER
1.0,1.0,1.0,1.0,0.0,0.0,1.0,1.0,4.0,4.0,5.0,5.0,5.0,5.0,5.0,5.0,SEKER
1.0,1.0,1.0,1.0,0.0,0.0,1.0,1.0,4.0,5.0,5.0,5.0,5.0,5.0,5.0,4.0,SEKER
1.0,1.0,1.0,2.0,0.0,0.0,1.0,1.0,4.0,6.0,6.0,6.0,4.0,6.0,6.0,4.0,SEKER
1.0,1.0,1.0,2.0,0.0,0.0,1.0,1.0,4.0,4.0,6.0,6.0,4.0,6.0,6.0,5.0,SEKER
1.0,1.0,1.0,2.0,0.0,0.0,1.0,1.0,5.0,4.0,6.0,6.0,4.0,6.0,6.0,6.0,SEKER
1.0,1.0,1.0,2.0,0.0,0.0,1.0,1.0,4.0,6.0,6.0,6.0,4.0,6.0,6.0,6.0,SEKER
1.0,1.0,1.0,1.0,0.0,0.0,1.0,1.0,4.0,6.0,6.0,5.0,5.0,5.0,5.0,5.0,SEKER
1.0,2.0,1.0,1.0,0.0,0.0,1.0,1.0,4.0,2.0,4.0,6.0,5.0,6.0,6.0,3.0,SEKER
1.0,1.0,1.0,3.0,0.0,0.0,1.0,1.0,4.0,4.0,6.0,6.0,3.0,6.0,6.0,5.0,SEKER
1.0,1.0,1.0,2.0,0.0,0.0,1.0,1.0,4.0,6.0,6.0,6.0,4.0,6.0,6.0,4.0,SEKER
1.0,1.0,1.0,2.0,0.0,0.0,1.0,1.0,4.0,4.0,5.0,6.0,4.0,6.0,6.0,6.0,SEKER
1.0,1.0,1.0,2.0,0.0,0.0,1.0,1.0,5.0,4.0,6.0,6.0,4.0,6.0,6.0,4.0,SEKER
1.0,1.0,1.0,2.0,0.0,0.0,1.0,1.0,4.0,4.0,6.0,6.0,4.0,6.0,6.0,4.0,SEKER
1.0,1.0,1.0,1.0,0.0,0.0,1.0,1.0,4.0,5.0,6.0,5.0,5.0,5.0,5.0,6.0,SEKER
1.0,1.0,1.0,1.0,1.0,1.0,1.0,1.0,5.0,4.0,5.0,4.0,5.0,5.0,4.0,6.0,SEKER
1.0,1.0,1.0,2.0,0.0,0.0,1.0,1.0,4.0,5.0,6.0,6.0,4.0,6.0,6.0,6.0,SEKER
1.0,1.0,1.0,1.0,0.0,0.0,1.0,1.0,2.0,5.0,6.0,5.0,5.0,5.0,5.0,4.0,SEKER
1.0,1.0,1.0,1.0,0.0,0.0,1.0,1.0,4.0,4.0,6.0,6.0,4.0,6.0,6.0,6.0,SEKER
1.0,1.0,1.0,1.0,0.0,0.0,1.0,1.0,4.0,6.0,6.0,6.0,5.0,6.0,6.0,5.0,SEKER
1.0,1.0,1.0,1.0,0.0,0.0,1.0,1.0,4.0,6.0,6.0,5.0,5.0,5.0,5.0,4.0,SEKER
1.0,1.0,1.0,2.0,0.0,0.0,1.0,1.0,4.0,6.0,6.0,6.0,4.0,6.0,6.0,6.0,SEKER
1.0,1.0,1.0,2.0,0.0,0.0,1.0,1.0,4.0,4.0,5.0,6.0,4.0,6.0,6.0,5.0,SEKER
1.0,1.0,1.0,1.0,0.0,0.0,1.0,1.0,4.0,6.0,6.0,5.0,5.0,5.0,5.0,4.0,SEKER
1.0,1.0,1.0,1.0,0.0,0.0,1.0,1.0,2.0,4.0,5.0,6.0,5.0,5.0,6.0,3.0,SEKER
1.0,1.0,1.0,2.0,0.0,0.0,1.0,1.0,4.0,4.0,6.0,6.0,4.0,6.0,6.0,6.0,SEKER
1.0,1.0,1.0,1.0,0.0,0.0,1.0,1.0,4.0,4.0,6.0,6.0,5.0,6.0,6.0,5.0,SEKER
1.0,1.0,1.0,2.0,0.0,0.0,1.0,1.0,4.0,4.0,5.0,6.0,4.0,6.0,6.0,6.0,SEKER
1.0,1.0,1.0,2.0,0.0,0.0,1.0,1.0,4.0,6.0,6.0,6.0,4.0,6.0,6.0,5.0,SEKER
1.0,1.0,1.0,1.0,0.0,0.0,1.0,1.0,4.0,5.0,6.0,6.0,5.0,5.0,6.0,5.0,SEKER
1.0,1.0,1.0,1.0,0.0,0.0,1.0,1.0,2.0,4.0,5.0,6.0,5.0,6.0,6.0,4.0,SEKER
1.0,1.0,1.0,2.0,0.0,0.0,1.0,1.0,4.0,5.0,6.0,6.0,4.0,6.0,6.0,5.0,SEKER
1.0,2.0,1.0,1.0,1.0,1.0,1.0,1.0,4.0,2.0,4.0,4.0,5.0,5.0,4.0,6.0,SEKER
1.0,1.0,1.0,1.0,0.0,0.0,1.0,1.0,4.0,6.0,6.0,6.0,5.0,6.0,6.0,6.0,SEKER
1.0,1.0,1.0,2.0,0.0,0.0,1.0,1.0,4.0,6.0,6.0,6.0,4.0,6.0,6.0,6.0,SEKER
1.0,1.0,1.0,2.0,0.0,0.0,1.0,1.0,4.0,5.0,6.0,6.0,4.0,6.0,6.0,6.0,SEKER
1.0,1.0,1.0,2.0,0.0,0.0,1.0,1.0,4.0,4.0,6.0,6.0,5.0,6.0,6.0,2.0,SEKER
1.0,1.0,1.0,2.0,0.0,0.0,1.0,1.0,4.0,6.0,6.0,6.0,4.0,6.0,6.0,6.0,SEKER
1.0,1.0,1.0,1.0,0.0,0.0,1.0,1.0,4.0,6.0,6.0,5.0,5.0,5.0,5.0,5.0,SEKER
1.0,1.0,1.0,1.0,0.0,0.0,1.0,1.0,4.0,6.0,6.0,6.0,5.0,5.0,6.0,5.0,SEKER
1.0,1.0,1.0,2.0,0.0,0.0,1.0,1.0,4.0,5.0,6.0,6.0,4.0,6.0,6.0,6.0,SEKER
1.0,1.0,1.0,1.0,0.0,0.0,1.0,1.0,4.0,5.0,6.0,5.0,5.0,5.0,5.0,4.0,SEKER
1.0,1.0,1.0,2.0,0.0,0.0,1.0,1.0,3.0,6.0,6.0,6.0,4.0,6.0,6.0,4.0,SEKER
1.0,1.0,1.0,2.0,0.0,0.0,1.0,1.0,4.0,4.0,5.0,6.0,4.0,6.0,6.0,6.0,SEKER
1.0,1.0,1.0,1.0,0.0,0.0,1.0,1.0,4.0,5.0,6.0,6.0,5.0,5.0,6.0,6.0,SEKER
1.0,1.0,1.0,2.0,0.0,0.0,1.0,1.0,4.0,6.0,6.0,6.0,4.0,6.0,6.0,5.0,SEKER
1.0,1.0,1.0,2.0,0.0,0.0,1.0,1.0,4.0,6.0,6.0,6.0,4.0,6.0,6.0,4.0,SEKER
1.0,1.0,1.0,2.0,0.0,0.0,1.0,1.0,4.0,4.0,6.0,6.0,4.0,6.0,6.0,6.0,SEKER
1.0,1.0,1.0,1.0,0.0,0.0,1.0,1.0,4.0,4.0,6.0,6.0,5.0,6.0,6.0,6.0,SEKER
1.0,1.0,1.0,2.0,0.0,0.0,1.0,1.0,4.0,5.0,6.0,6.0,4.0,6.0,6.0,6.0,SEKER
1.0,1.0,1.0,2.0,0.0,0.0,1.0,1.0,4.0,4.0,6.0,6.0,4.0,6.0,6.0,6.0,SEKER
1.0,1.0,1.0,1.0,0.0,0.0,1.0,1.0,4.0,4.0,5.0,5.0,5.0,5.0,5.0,6.0,SEKER
1.0,1.0,1.0,1.0,0.0,0.0,1.0,1.0,5.0,5.0,6.0,6.0,5.0,6.0,6.0,6.0,SEKER
1.0,1.0,1.0,1.0,0.0,0.0,1.0,1.0,4.0,5.0,6.0,6.0,5.0,5.0,6.0,5.0,SEKER
1.0,1.0,1.0,1.0,0.0,0.0,1.0,1.0,4.0,4.0,5.0,6.0,4.0,6.0,6.0,4.0,SEKER
1.0,1.0,1.0,2.0,0.0,0.0,1.0,1.0,4.0,6.0,6.0,6.0,4.0,6.0,6.0,6.0,SEKER
1.0,1.0,1.0,2.0,0.0,0.0,1.0,1.0,4.0,4.0,6.0,6.0,4.0,6.0,6.0,4.0,SEKER
1.0,1.0,1.0,1.0,0.0,0.0,1.0,1.0,4.0,4.0,5.0,6.0,5.0,5.0,6.0,4.0,SEKER
1.0,1.0,1.0,1.0,0.0,0.0,1.0,1.0,3.0,4.0,6.0,5.0,5.0,5.0,5.0,5.0,SEKER
1.0,1.0,1.0,1.0,0.0,0.0,1.0,1.0,4.0,4.0,5.0,6.0,5.0,6.0,6.0,4.0,SEKER
1.0,1.0,1.0,1.0,0.0,0.0,1.0,1.0,3.0,4.0,5.0,5.0,5.0,5.0,5.0,6.0,SEKER
1.0,1.0,1.0,1.0,0.0,0.0,1.0,1.0,4.0,4.0,5.0,6.0,5.0,6.0,6.0,5.0,SEKER
1.0,1.0,1.0,1.0,0.0,0.0,1.0,1.0,4.0,5.0,6.0,6.0,5.0,6.0,6.0,6.0,SEKER
1.0,1.0,1.0,1.0,0.0,0.0,1.0,1.0,4.0,4.0,5.0,5.0,5.0,5.0,5.0,5.0,SEKER
1.0,1.0,1.0,1.0,0.0,0.0,1.0,1.0,4.0,6.0,6.0,6.0,5.0,6.0,6.0,6.0,SEKER
1.0,1.0,1.0,1.0,0.0,0.0,1.0,1.0,4.0,6.0,6.0,5.0,5.0,5.0,5.0,6.0,SEKER
1.0,1.0,1.0,2.0,0.0,0.0,1.0,1.0,4.0,5.0,6.0,6.0,4.0,6.0,6.0,4.0,SEKER
1.0,1.0,1.0,1.0,1.0,1.0,1.0,1.0,4.0,5.0,5.0,4.0,5.0,5.0,4.0,6.0,SEKER
1.0,1.0,1.0,2.0,0.0,0.0,1.0,1.0,4.0,6.0,6.0,6.0,4.0,6.0,6.0,6.0,SEKER
1.0,1.0,1.0,2.0,0.0,0.0,1.0,1.0,4.0,6.0,6.0,6.0,4.0,6.0,6.0,5.0,SEKER
1.0,1.0,1.0,2.0,0.0,0.0,1.0,1.0,4.0,6.0,6.0,6.0,4.0,6.0,6.0,4.0,SEKER
1.0,1.0,1.0,1.0,1.0,1.0,1.0,1.0,2.0,4.0,6.0,4.0,5.0,5.0,4.0,5.0,SEKER
1.0,1.0,1.0,1.0,0.0,0.0,1.0,1.0,3.0,4.0,6.0,6.0,5.0,5.0,6.0,3.0,SEKER
1.0,1.0,1.0,2.0,0.0,0.0,1.0,1.0,4.0,5.0,6.0,6.0,4.0,6.0,6.0,6.0,SEKER
1.0,1.0,1.0,1.0,0.0,0.0,1.0,1.0,4.0,4.0,5.0,5.0,5.0,5.0,5.0,6.0,SEKER
1.0,1.0,1.0,1.0,0.0,0.0,1.0,1.0,4.0,6.0,6.0,6.0,5.0,6.0,6.0,6.0,SEKER
1.0,1.0,1.0,1.0,0.0,0.0,1.0,1.0,4.0,4.0,5.0,6.0,5.0,5.0,6.0,4.0,SEKER
1.0,1.0,1.0,1.0,0.0,0.0,1.0,1.0,4.0,4.0,6.0,6.0,5.0,5.0,6.0,5.0,SEKER
1.0,1.0,1.0,1.0,1.0,1.0,1.0,1.0,4.0,6.0,6.0,4.0,5.0,5.0,4.0,6.0,SEKER
1.0,1.0,1.0,2.0,0.0,0.0,1.0,1.0,2.0,4.0,6.0,6.0,4.0,6.0,6.0,4.0,SEKER
1.0,1.0,1.0,2.0,0.0,0.0,1.0,1.0,5.0,4.0,6.0,6.0,4.0,6.0,6.0,4.0,SEKER
1.0,1.0,1.0,2.0,0.0,0.0,1.0,1.0,4.0,6.0,6.0,6.0,4.0,6.0,6.0,6.0,SEKER
1.0,1.0,1.0,2.0,0.0,0.0,1.0,1.0,4.0,4.0,6.0,6.0,4.0,6.0,6.0,4.0,SEKER
1.0,1.0,1.0,2.0,0.0,0.0,1.0,1.0,4.0,4.0,5.0,6.0,4.0,6.0,6.0,4.0,SEKER
1.0,1.0,1.0,1.0,0.0,0.0,1.0,1.0,4.0,6.0,6.0,6.0,5.0,6.0,6.0,6.0,SEKER
1.0,1.0,1.0,1.0,0.0,0.0,1.0,1.0,2.0,4.0,5.0,5.0,5.0,5.0,5.0,4.0,SEKER
1.0,1.0,1.0,1.0,0.0,0.0,1.0,1.0,4.0,6.0,6.0,5.0,5.0,5.0,5.0,4.0,SEKER
1.0,1.0,1.0,2.0,0.0,0.0,1.0,1.0,4.0,4.0,6.0,6.0,4.0,6.0,6.0,6.0,SEKER
1.0,1.0,1.0,1.0,0.0,0.0,1.0,1.0,5.0,5.0,6.0,6.0,5.0,5.0,6.0,6.0,SEKER
1.0,1.0,1.0,2.0,0.0,0.0,1.0,1.0,4.0,6.0,6.0,6.0,4.0,6.0,6.0,5.0,SEKER
1.0,1.0,1.0,2.0,0.0,0.0,1.0,1.0,5.0,6.0,6.0,6.0,4.0,6.0,6.0,5.0,SEKER
1.0,2.0,1.0,2.0,0.0,0.0,1.0,1.0,4.0,4.0,1.0,6.0,4.0,6.0,6.0,4.0,SEKER
1.0,1.0,1.0,2.0,0.0,0.0,1.0,1.0,4.0,4.0,6.0,6.0,4.0,6.0,6.0,6.0,SEKER
1.0,1.0,1.0,2.0,0.0,0.0,1.0,1.0,4.0,5.0,6.0,6.0,4.0,6.0,6.0,5.0,SEKER
1.0,1.0,1.0,2.0,0.0,0.0,1.0,1.0,4.0,5.0,6.0,6.0,4.0,6.0,6.0,5.0,SEKER
1.0,1.0,1.0,1.0,1.0,1.0,1.0,1.0,4.0,4.0,6.0,4.0,5.0,5.0,4.0,5.0,SEKER
1.0,1.0,1.0,1.0,0.0,0.0,1.0,1.0,4.0,5.0,6.0,6.0,5.0,6.0,6.0,4.0,SEKER
1.0,1.0,1.0,2.0,0.0,0.0,1.0,1.0,4.0,5.0,6.0,6.0,4.0,6.0,6.0,5.0,SEKER
1.0,1.0,1.0,1.0,1.0,1.0,1.0,1.0,4.0,6.0,6.0,4.0,5.0,5.0,4.0,5.0,SEKER
1.0,1.0,1.0,2.0,0.0,0.0,1.0,1.0,4.0,6.0,6.0,6.0,4.0,6.0,6.0,4.0,SEKER
1.0,1.0,1.0,2.0,0.0,0.0,1.0,1.0,4.0,4.0,6.0,6.0,4.0,6.0,6.0,5.0,SEKER
1.0,1.0,1.0,3.0,0.0,0.0,1.0,1.0,4.0,4.0,6.0,6.0,3.0,6.0,6.0,6.0,SEKER
1.0,1.0,1.0,1.0,0.0,0.0,1.0,1.0,4.0,5.0,6.0,6.0,5.0,5.0,6.0,6.0,SEKER
1.0,1.0,1.0,2.0,0.0,0.0,1.0,1.0,4.0,6.0,6.0,6.0,4.0,6.0,6.0,6.0,SEKER
1.0,1.0,1.0,2.0,0.0,0.0,1.0,1.0,4.0,6.0,6.0,6.0,4.0,6.0,6.0,5.0,SEKER
1.0,1.0,1.0,2.0,0.0,0.0,1.0,1.0,4.0,6.0,6.0,6.0,4.0,6.0,6.0,5.0,SEKER
1.0,1.0,1.0,1.0,0.0,0.0,1.0,1.0,2.0,5.0,6.0,6.0,5.0,6.0,6.0,5.0,SEKER
1.0,1.0,1.0,2.0,0.0,0.0,1.0,1.0,4.0,5.0,6.0,6.0,4.0,6.0,6.0,5.0,SEKER
1.0,1.0,1.0,2.0,0.0,0.0,1.0,1.0,4.0,5.0,6.0,6.0,4.0,6.0,6.0,5.0,SEKER
1.0,1.0,1.0,1.0,0.0,0.0,1.0,1.0,4.0,4.0,5.0,6.0,5.0,6.0,6.0,4.0,SEKER
1.0,1.0,1.0,2.0,0.0,0.0,1.0,1.0,4.0,5.0,6.0,6.0,4.0,6.0,6.0,6.0,SEKER
1.0,1.0,1.0,1.0,0.0,0.0,1.0,1.0,4.0,5.0,6.0,6.0,5.0,5.0,6.0,5.0,SEKER
1.0,1.0,1.0,2.0,0.0,0.0,1.0,1.0,4.0,4.0,5.0,6.0,4.0,6.0,6.0,4.0,SEKER
1.0,2.0,1.0,1.0,0.0,0.0,1.0,1.0,2.0,2.0,1.0,5.0,5.0,5.0,5.0,4.0,SEKER
1.0,1.0,1.0,2.0,0.0,0.0,1.0,1.0,3.0,4.0,6.0,6.0,4.0,6.0,6.0,4.0,SEKER
1.0,1.0,1.0,2.0,0.0,0.0,1.0,1.0,4.0,6.0,6.0,6.0,4.0,6.0,6.0,5.0,SEKER
1.0,1.0,1.0,1.0,0.0,0.0,1.0,1.0,4.0,6.0,6.0,5.0,5.0,5.0,5.0,4.0,SEKER
1.0,1.0,1.0,1.0,0.0,0.0,1.0,1.0,4.0,4.0,6.0,5.0,5.0,5.0,5.0,6.0,SEKER
1.0,1.0,1.0,2.0,0.0,0.0,1.0,1.0,3.0,4.0,6.0,6.0,4.0,6.0,6.0,6.0,SEKER
1.0,1.0,1.0,2.0,0.0,0.0,1.0,1.0,2.0,4.0,5.0,6.0,4.0,6.0,6.0,4.0,SEKER
1.0,1.0,1.0,2.0,0.0,0.0,1.0,1.0,4.0,4.0,5.0,6.0,4.0,6.0,6.0,4.0,SEKER
1.0,1.0,1.0,1.0,0.0,0.0,1.0,1.0,4.0,5.0,6.0,5.0,5.0,5.0,5.0,4.0,SEKER
1.0,1.0,1.0,2.0,0.0,0.0,1.0,1.0,5.0,5.0,6.0,6.0,4.0,6.0,6.0,5.0,SEKER
1.0,1.0,1.0,1.0,0.0,0.0,1.0,1.0,4.0,6.0,6.0,5.0,5.0,5.0,5.0,4.0,SEKER
1.0,1.0,1.0,2.0,0.0,0.0,1.0,1.0,4.0,4.0,5.0,6.0,4.0,6.0,6.0,6.0,SEKER
1.0,1.0,1.0,2.0,0.0,0.0,1.0,1.0,4.0,5.0,6.0,6.0,4.0,6.0,6.0,5.0,SEKER
1.0,1.0,1.0,2.0,0.0,0.0,1.0,1.0,4.0,5.0,6.0,6.0,4.0,6.0,6.0,6.0,SEKER
1.0,1.0,1.0,1.0,0.0,0.0,1.0,1.0,4.0,5.0,6.0,6.0,5.0,6.0,6.0,5.0,SEKER
1.0,1.0,1.0,1.0,0.0,0.0,1.0,1.0,5.0,6.0,6.0,5.0,5.0,5.0,5.0,6.0,SEKER
1.0,1.0,1.0,1.0,0.0,0.0,1.0,1.0,4.0,6.0,6.0,5.0,5.0,5.0,5.0,4.0,SEKER
1.0,1.0,1.0,2.0,0.0,0.0,1.0,1.0,4.0,6.0,6.0,6.0,4.0,6.0,6.0,6.0,SEKER
1.0,1.0,1.0,1.0,0.0,0.0,1.0,1.0,4.0,6.0,6.0,6.0,5.0,5.0,6.0,4.0,SEKER
1.0,1.0,1.0,2.0,0.0,0.0,1.0,1.0,4.0,4.0,6.0,6.0,4.0,6.0,6.0,5.0,SEKER
1.0,1.0,1.0,2.0,0.0,0.0,1.0,1.0,4.0,4.0,5.0,6.0,4.0,6.0,6.0,4.0,SEKER
1.0,1.0,1.0,1.0,1.0,1.0,1.0,1.0,4.0,4.0,5.0,5.0,5.0,5.0,5.0,6.0,SEKER
1.0,1.0,1.0,1.0,1.0,1.0,1.0,1.0,3.0,4.0,5.0,4.0,5.0,5.0,4.0,6.0,SEKER
1.0,1.0,1.0,1.0,1.0,1.0,1.0,1.0,4.0,6.0,6.0,4.0,5.0,5.0,4.0,4.0,SEKER
1.0,1.0,1.0,2.0,0.0,0.0,1.0,1.0,4.0,6.0,6.0,6.0,4.0,6.0,6.0,6.0,SEKER
1.0,1.0,1.0,1.0,0.0,0.0,1.0,1.0,4.0,4.0,6.0,5.0,5.0,5.0,5.0,5.0,SEKER
1.0,1.0,1.0,2.0,0.0,0.0,1.0,1.0,4.0,5.0,6.0,6.0,4.0,6.0,6.0,6.0,SEKER
1.0,1.0,1.0,2.0,0.0,0.0,1.0,1.0,4.0,6.0,6.0,6.0,4.0,6.0,6.0,5.0,SEKER
1.0,1.0,1.0,2.0,0.0,0.0,1.0,1.0,4.0,4.0,5.0,6.0,4.0,6.0,6.0,6.0,SEKER
1.0,1.0,1.0,2.0,0.0,0.0,1.0,1.0,5.0,4.0,6.0,6.0,4.0,6.0,6.0,4.0,SEKER
1.0,1.0,1.0,2.0,0.0,0.0,1.0,1.0,4.0,4.0,5.0,6.0,4.0,6.0,6.0,6.0,SEKER
1.0,1.0,1.0,1.0,0.0,0.0,1.0,1.0,4.0,6.0,6.0,6.0,5.0,5.0,6.0,6.0,SEKER
1.0,1.0,1.0,2.0,0.0,0.0,1.0,1.0,4.0,6.0,6.0,6.0,4.0,6.0,6.0,4.0,SEKER
1.0,1.0,1.0,1.0,0.0,0.0,1.0,1.0,2.0,4.0,6.0,5.0,5.0,5.0,5.0,4.0,SEKER
1.0,1.0,1.0,2.0,0.0,0.0,1.0,1.0,4.0,5.0,6.0,6.0,4.0,6.0,6.0,4.0,SEKER
1.0,1.0,1.0,1.0,1.0,1.0,1.0,1.0,2.0,4.0,5.0,4.0,5.0,5.0,4.0,5.0,SEKER
1.0,1.0,1.0,1.0,0.0,0.0,1.0,1.0,4.0,6.0,6.0,5.0,5.0,5.0,5.0,4.0,SEKER
1.0,1.0,1.0,2.0,0.0,0.0,1.0,1.0,4.0,5.0,6.0,6.0,4.0,6.0,6.0,5.0,SEKER
1.0,1.0,1.0,2.0,0.0,0.0,1.0,1.0,4.0,6.0,6.0,6.0,4.0,6.0,6.0,6.0,SEKER
1.0,1.0,1.0,1.0,0.0,0.0,1.0,1.0,4.0,5.0,6.0,5.0,5.0,5.0,5.0,4.0,SEKER
1.0,1.0,1.0,2.0,0.0,0.0,1.0,1.0,4.0,5.0,6.0,6.0,4.0,6.0,6.0,6.0,SEKER
1.0,2.0,1.0,1.0,1.0,1.0,1.0,1.0,4.0,4.0,4.0,4.0,5.0,5.0,4.0,2.0,SEKER
1.0,1.0,1.0,1.0,0.0,0.0,1.0,1.0,4.0,4.0,5.0,5.0,5.0,5.0,5.0,4.0,SEKER
1.0,1.0,1.0,1.0,1.0,1.0,1.0,1.0,3.0,6.0,6.0,4.0,5.0,5.0,4.0,5.0,SEKER
1.0,1.0,1.0,1.0,1.0,1.0,1.0,1.0,4.0,5.0,5.0,4.0,5.0,5.0,4.0,5.0,SEKER
1.0,1.0,1.0,1.0,0.0,0.0,1.0,1.0,4.0,6.0,6.0,5.0,5.0,5.0,5.0,5.0,SEKER
1.0,2.0,1.0,1.0,1.0,1.0,1.0,1.0,2.0,3.0,4.0,4.0,5.0,5.0,4.0,4.0,SEKER
1.0,1.0,1.0,2.0,0.0,0.0,1.0,1.0,4.0,4.0,5.0,6.0,4.0,6.0,6.0,6.0,SEKER
1.0,1.0,1.0,1.0,0.0,0.0,1.0,1.0,4.0,4.0,5.0,6.0,5.0,5.0,6.0,4.0,SEKER
1.0,1.0,1.0,1.0,1.0,1.0,1.0,1.0,4.0,5.0,6.0,4.0,5.0,5.0,4.0,6.0,SEKER
1.0,1.0,1.0,2.0,0.0,0.0,1.0,1.0,5.0,3.0,5.0,6.0,4.0,6.0,6.0,4.0,SEKER
1.0,1.0,1.0,2.0,0.0,0.0,1.0,1.0,4.0,4.0,5.0,6.0,4.0,6.0,6.0,4.0,SEKER
1.0,1.0,1.0,1.0,0.0,0.0,1.0,1.0,4.0,4.0,6.0,6.0,5.0,5.0,6.0,5.0,SEKER
1.0,1.0,1.0,2.0,0.0,0.0,1.0,1.0,4.0,6.0,6.0,6.0,4.0,6.0,6.0,5.0,SEKER
1.0,2.0,1.0,2.0,0.0,0.0,1.0,1.0,4.0,2.0,4.0,6.0,4.0,6.0,6.0,5.0,SEKER
1.0,1.0,1.0,1.0,0.0,0.0,1.0,1.0,4.0,4.0,6.0,6.0,4.0,5.0,6.0,4.0,SEKER
1.0,1.0,1.0,2.0,0.0,0.0,1.0,1.0,4.0,4.0,6.0,6.0,4.0,6.0,6.0,6.0,SEKER
1.0,1.0,1.0,2.0,0.0,0.0,1.0,1.0,5.0,4.0,6.0,6.0,4.0,6.0,6.0,4.0,SEKER
1.0,1.0,1.0,1.0,1.0,1.0,1.0,1.0,4.0,5.0,6.0,4.0,5.0,5.0,4.0,6.0,SEKER
1.0,1.0,1.0,3.0,0.0,0.0,1.0,1.0,4.0,4.0,5.0,6.0,3.0,6.0,6.0,6.0,SEKER
1.0,1.0,1.0,2.0,0.0,0.0,1.0,1.0,4.0,5.0,6.0,6.0,4.0,6.0,6.0,5.0,SEKER
1.0,1.0,1.0,1.0,1.0,1.0,1.0,1.0,4.0,4.0,5.0,4.0,5.0,5.0,4.0,4.0,SEKER
1.0,1.0,1.0,2.0,0.0,0.0,1.0,1.0,3.0,5.0,6.0,6.0,4.0,6.0,6.0,4.0,SEKER
1.0,1.0,1.0,2.0,0.0,0.0,1.0,1.0,4.0,5.0,6.0,6.0,4.0,6.0,6.0,6.0,SEKER
1.0,1.0,1.0,1.0,0.0,0.0,1.0,1.0,4.0,4.0,6.0,5.0,5.0,5.0,5.0,6.0,SEKER
1.0,1.0,1.0,2.0,0.0,0.0,1.0,1.0,4.0,4.0,5.0,6.0,4.0,6.0,6.0,6.0,SEKER
1.0,1.0,1.0,2.0,0.0,0.0,1.0,1.0,4.0,6.0,6.0,6.0,4.0,6.0,6.0,6.0,SEKER
1.0,1.0,1.0,2.0,0.0,0.0,1.0,1.0,4.0,4.0,6.0,6.0,4.0,6.0,6.0,5.0,SEKER
1.0,2.0,1.0,1.0,1.0,1.0,1.0,1.0,4.0,4.0,4.0,4.0,5.0,5.0,4.0,4.0,SEKER
1.0,1.0,1.0,1.0,1.0,1.0,1.0,1.0,4.0,6.0,6.0,4.0,5.0,5.0,4.0,6.0,SEKER
1.0,1.0,1.0,1.0,0.0,0.0,1.0,1.0,4.0,6.0,6.0,6.0,4.0,5.0,6.0,5.0,SEKER
1.0,1.0,1.0,2.0,0.0,0.0,1.0,1.0,5.0,6.0,6.0,6.0,4.0,6.0,6.0,6.0,SEKER
1.0,1.0,1.0,2.0,0.0,0.0,1.0,1.0,4.0,6.0,6.0,6.0,4.0,6.0,6.0,5.0,SEKER
1.0,1.0,1.0,2.0,0.0,0.0,1.0,1.0,2.0,4.0,6.0,6.0,4.0,5.0,6.0,4.0,SEKER
1.0,2.0,1.0,3.0,0.0,0.0,1.0,1.0,4.0,2.0,4.0,6.0,3.0,6.0,6.0,2.0,SEKER
1.0,1.0,1.0,1.0,0.0,0.0,1.0,1.0,4.0,5.0,5.0,5.0,5.0,5.0,5.0,4.0,SEKER
1.0,1.0,1.0,2.0,0.0,0.0,1.0,1.0,4.0,5.0,6.0,6.0,4.0,6.0,6.0,5.0,SEKER
1.0,1.0,1.0,2.0,0.0,0.0,1.0,1.0,3.0,5.0,5.0,6.0,4.0,6.0,6.0,4.0,SEKER
1.0,1.0,1.0,1.0,1.0,1.0,1.0,1.0,4.0,4.0,6.0,4.0,5.0,5.0,4.0,4.0,SEKER
1.0,1.0,1.0,1.0,0.0,0.0,1.0,1.0,4.0,4.0,6.0,6.0,5.0,5.0,6.0,6.0,SEKER
1.0,2.0,1.0,1.0,0.0,0.0,1.0,1.0,3.0,3.0,4.0,5.0,5.0,5.0,5.0,6.0,SEKER
1.0,1.0,1.0,1.0,1.0,1.0,1.0,1.0,2.0,4.0,5.0,4.0,5.0,5.0,4.0,4.0,SEKER
1.0,1.0,1.0,1.0,0.0,0.0,1.0,1.0,5.0,6.0,6.0,5.0,5.0,5.0,5.0,4.0,SEKER
1.0,1.0,1.0,2.0,0.0,0.0,1.0,1.0,4.0,4.0,5.0,6.0,4.0,6.0,6.0,4.0,SEKER
1.0,1.0,1.0,3.0,0.0,0.0,1.0,1.0,4.0,5.0,6.0,6.0,3.0,6.0,6.0,5.0,SEKER
1.0,2.0,1.0,2.0,0.0,0.0,1.0,1.0,3.0,3.0,5.0,6.0,4.0,6.0,6.0,4.0,SEKER
1.0,1.0,1.0,2.0,0.0,0.0,1.0,1.0,5.0,4.0,6.0,6.0,4.0,6.0,6.0,4.0,SEKER
1.0,1.0,1.0,2.0,0.0,0.0,1.0,1.0,4.0,4.0,6.0,6.0,4.0,6.0,6.0,5.0,SEKER
1.0,1.0,1.0,2.0,0.0,0.0,1.0,1.0,4.0,4.0,6.0,6.0,4.0,6.0,6.0,6.0,SEKER
1.0,1.0,1.0,1.0,1.0,1.0,1.0,1.0,4.0,4.0,5.0,4.0,5.0,5.0,4.0,6.0,SEKER
1.0,1.0,1.0,1.0,0.0,0.0,1.0,1.0,4.0,5.0,6.0,5.0,5.0,5.0,5.0,5.0,SEKER
1.0,1.0,1.0,2.0,0.0,0.0,1.0,1.0,5.0,5.0,6.0,6.0,3.0,6.0,6.0,6.0,SEKER
1.0,1.0,1.0,2.0,0.0,0.0,1.0,1.0,4.0,5.0,6.0,6.0,4.0,6.0,6.0,5.0,SEKER
1.0,1.0,1.0,2.0,0.0,0.0,1.0,1.0,4.0,4.0,6.0,6.0,4.0,6.0,6.0,6.0,SEKER
1.0,1.0,1.0,1.0,0.0,0.0,1.0,1.0,3.0,4.0,6.0,5.0,5.0,5.0,5.0,4.0,SEKER
1.0,1.0,1.0,1.0,0.0,0.0,1.0,1.0,2.0,5.0,6.0,5.0,5.0,5.0,5.0,4.0,SEKER
1.0,1.0,1.0,2.0,0.0,0.0,1.0,1.0,4.0,4.0,6.0,6.0,4.0,6.0,6.0,4.0,SEKER
1.0,1.0,1.0,2.0,0.0,0.0,1.0,1.0,4.0,6.0,6.0,6.0,4.0,6.0,6.0,5.0,SEKER
1.0,1.0,1.0,3.0,0.0,0.0,1.0,1.0,4.0,5.0,6.0,6.0,3.0,6.0,6.0,6.0,SEKER
1.0,1.0,1.0,2.0,0.0,0.0,1.0,1.0,4.0,6.0,6.0,6.0,4.0,6.0,6.0,6.0,SEKER
1.0,1.0,1.0,2.0,0.0,0.0,1.0,1.0,4.0,5.0,6.0,6.0,4.0,6.0,6.0,6.0,SEKER
1.0,1.0,1.0,1.0,0.0,0.0,1.0,1.0,4.0,4.0,5.0,5.0,5.0,5.0,5.0,5.0,SEKER
1.0,1.0,1.0,2.0,0.0,0.0,1.0,1.0,5.0,5.0,6.0,6.0,4.0,6.0,6.0,6.0,SEKER
1.0,1.0,1.0,2.0,0.0,0.0,1.0,1.0,4.0,5.0,6.0,6.0,4.0,6.0,6.0,6.0,SEKER
1.0,1.0,1.0,2.0,0.0,0.0,1.0,1.0,3.0,4.0,6.0,6.0,4.0,6.0,6.0,5.0,SEKER
1.0,1.0,1.0,2.0,0.0,0.0,1.0,1.0,4.0,6.0,6.0,6.0,4.0,6.0,6.0,5.0,SEKER
1.0,1.0,1.0,2.0,0.0,0.0,1.0,1.0,4.0,6.0,6.0,6.0,4.0,6.0,6.0,6.0,SEKER
1.0,1.0,1.0,2.0,0.0,0.0,1.0,1.0,5.0,6.0,6.0,6.0,4.0,6.0,6.0,6.0,SEKER
1.0,1.0,1.0,2.0,0.0,0.0,1.0,1.0,4.0,6.0,6.0,6.0,4.0,6.0,6.0,5.0,SEKER
1.0,1.0,1.0,2.0,0.0,0.0,1.0,1.0,5.0,4.0,6.0,6.0,4.0,6.0,6.0,6.0,SEKER
1.0,1.0,1.0,2.0,0.0,0.0,1.0,1.0,4.0,4.0,6.0,6.0,4.0,6.0,6.0,5.0,SEKER
1.0,1.0,1.0,3.0,0.0,0.0,1.0,1.0,4.0,6.0,6.0,6.0,3.0,6.0,6.0,4.0,SEKER
1.0,2.0,1.0,2.0,0.0,0.0,1.0,1.0,3.0,3.0,5.0,6.0,4.0,6.0,6.0,4.0,SEKER
1.0,1.0,1.0,1.0,0.0,0.0,1.0,1.0,4.0,6.0,6.0,6.0,4.0,5.0,6.0,6.0,SEKER
1.0,1.0,1.0,2.0,0.0,0.0,1.0,1.0,4.0,5.0,6.0,6.0,4.0,6.0,6.0,6.0,SEKER
1.0,1.0,1.0,1.0,0.0,0.0,1.0,1.0,4.0,6.0,6.0,6.0,5.0,5.0,6.0,6.0,SEKER
1.0,1.0,1.0,2.0,0.0,0.0,1.0,1.0,4.0,5.0,6.0,6.0,4.0,5.0,6.0,5.0,SEKER
1.0,2.0,1.0,1.0,0.0,0.0,1.0,1.0,4.0,4.0,5.0,5.0,5.0,5.0,5.0,4.0,SEKER
1.0,1.0,1.0,2.0,0.0,0.0,1.0,1.0,4.0,4.0,6.0,6.0,4.0,6.0,6.0,4.0,SEKER
1.0,1.0,1.0,1.0,0.0,0.0,1.0,1.0,4.0,6.0,6.0,5.0,5.0,5.0,5.0,4.0,SEKER
1.0,1.0,1.0,3.0,0.0,0.0,1.0,1.0,4.0,4.0,6.0,6.0,3.0,6.0,6.0,6.0,SEKER
1.0,1.0,1.0,2.0,0.0,0.0,1.0,1.0,4.0,5.0,6.0,6.0,4.0,5.0,6.0,4.0,SEKER
1.0,1.0,1.0,1.0,1.0,1.0,1.0,1.0,2.0,4.0,5.0,4.0,5.0,5.0,4.0,4.0,SEKER
1.0,1.0,1.0,2.0,0.0,0.0,1.0,1.0,4.0,5.0,6.0,6.0,4.0,6.0,6.0,4.0,SEKER
1.0,1.0,1.0,2.0,0.0,0.0,1.0,1.0,4.0,6.0,6.0,6.0,4.0,5.0,6.0,5.0,SEKER
1.0,1.0,1.0,2.0,0.0,0.0,1.0,1.0,3.0,4.0,5.0,6.0,4.0,5.0,6.0,4.0,SEKER
1.0,1.0,1.0,2.0,0.0,0.0,1.0,1.0,4.0,5.0,6.0,6.0,4.0,6.0,6.0,6.0,SEKER
1.0,1.0,1.0,2.0,0.0,0.0,1.0,1.0,4.0,5.0,6.0,6.0,4.0,6.0,6.0,5.0,SEKER
1.0,1.0,1.0,2.0,0.0,0.0,1.0,1.0,4.0,6.0,6.0,6.0,4.0,5.0,6.0,5.0,SEKER
1.0,1.0,1.0,2.0,0.0,0.0,1.0,1.0,4.0,4.0,5.0,6.0,4.0,6.0,6.0,6.0,SEKER
1.0,1.0,1.0,2.0,0.0,0.0,1.0,1.0,4.0,4.0,6.0,6.0,4.0,6.0,6.0,3.0,SEKER
1.0,1.0,1.0,2.0,0.0,0.0,1.0,1.0,4.0,5.0,6.0,6.0,4.0,6.0,6.0,6.0,SEKER
1.0,1.0,1.0,2.0,0.0,0.0,1.0,1.0,4.0,4.0,5.0,6.0,4.0,6.0,6.0,4.0,SEKER
1.0,1.0,1.0,2.0,0.0,0.0,1.0,1.0,4.0,5.0,6.0,6.0,4.0,6.0,6.0,6.0,SEKER
1.0,1.0,1.0,1.0,0.0,0.0,1.0,1.0,4.0,6.0,6.0,5.0,5.0,5.0,5.0,6.0,SEKER
1.0,1.0,1.0,2.0,0.0,0.0,1.0,1.0,4.0,4.0,5.0,6.0,4.0,6.0,6.0,5.0,SEKER
1.0,1.0,1.0,1.0,0.0,0.0,1.0,1.0,4.0,5.0,6.0,5.0,5.0,5.0,5.0,5.0,SEKER
1.0,1.0,1.0,1.0,0.0,0.0,1.0,1.0,4.0,4.0,5.0,6.0,5.0,5.0,6.0,6.0,SEKER
1.0,1.0,1.0,2.0,0.0,0.0,1.0,1.0,4.0,5.0,6.0,6.0,4.0,6.0,6.0,5.0,SEKER
1.0,1.0,1.0,2.0,0.0,0.0,1.0,1.0,4.0,4.0,6.0,6.0,4.0,6.0,6.0,5.0,SEKER
1.0,1.0,1.0,2.0,0.0,0.0,1.0,1.0,4.0,4.0,6.0,6.0,4.0,6.0,6.0,4.0,SEKER
1.0,1.0,1.0,3.0,0.0,0.0,1.0,1.0,4.0,6.0,6.0,6.0,3.0,6.0,6.0,6.0,SEKER
1.0,2.0,1.0,1.0,0.0,0.0,1.0,1.0,4.0,3.0,5.0,5.0,5.0,5.0,5.0,4.0,SEKER
1.0,1.0,1.0,1.0,0.0,0.0,1.0,1.0,4.0,4.0,5.0,5.0,5.0,5.0,5.0,4.0,SEKER
1.0,1.0,1.0,3.0,0.0,0.0,1.0,1.0,5.0,6.0,6.0,6.0,3.0,6.0,6.0,4.0,SEKER
1.0,1.0,1.0,2.0,0.0,0.0,1.0,1.0,4.0,4.0,6.0,6.0,4.0,6.0,6.0,5.0,SEKER
1.0,1.0,1.0,2.0,0.0,0.0,1.0,1.0,3.0,4.0,5.0,6.0,4.0,5.0,6.0,6.0,SEKER
1.0,1.0,1.0,2.0,0.0,0.0,1.0,1.0,4.0,6.0,6.0,6.0,4.0,6.0,6.0,6.0,SEKER
1.0,1.0,1.0,2.0,0.0,0.0,1.0,1.0,4.0,4.0,5.0,6.0,4.0,5.0,6.0,5.0,SEKER
1.0,1.0,1.0,2.0,0.0,0.0,1.0,1.0,4.0,4.0,5.0,6.0,4.0,6.0,6.0,5.0,SEKER
1.0,1.0,1.0,2.0,0.0,0.0,1.0,1.0,4.0,4.0,5.0,6.0,4.0,6.0,6.0,4.0,SEKER
1.0,1.0,1.0,2.0,0.0,0.0,1.0,1.0,4.0,5.0,6.0,6.0,4.0,6.0,6.0,4.0,SEKER
1.0,1.0,1.0,2.0,0.0,0.0,1.0,1.0,4.0,4.0,5.0,6.0,4.0,6.0,6.0,5.0,SEKER
1.0,1.0,1.0,2.0,0.0,0.0,1.0,1.0,5.0,6.0,6.0,6.0,4.0,6.0,6.0,5.0,SEKER
1.0,1.0,1.0,2.0,0.0,0.0,1.0,1.0,4.0,4.0,5.0,6.0,4.0,6.0,6.0,4.0,SEKER
1.0,1.0,1.0,2.0,0.0,0.0,1.0,1.0,6.0,4.0,6.0,6.0,4.0,5.0,6.0,4.0,SEKER
1.0,1.0,1.0,2.0,0.0,0.0,1.0,1.0,4.0,6.0,6.0,6.0,4.0,6.0,6.0,6.0,SEKER
1.0,1.0,1.0,2.0,0.0,0.0,1.0,1.0,4.0,6.0,6.0,6.0,4.0,6.0,6.0,6.0,SEKER
1.0,1.0,1.0,1.0,1.0,1.0,1.0,1.0,2.0,4.0,5.0,4.0,5.0,5.0,4.0,5.0,SEKER
1.0,1.0,1.0,2.0,0.0,0.0,1.0,1.0,4.0,4.0,6.0,6.0,4.0,6.0,6.0,4.0,SEKER
1.0,2.0,1.0,1.0,1.0,1.0,1.0,1.0,4.0,4.0,5.0,4.0,5.0,5.0,4.0,4.0,SEKER
1.0,1.0,1.0,2.0,0.0,0.0,1.0,1.0,4.0,6.0,6.0,6.0,4.0,6.0,6.0,6.0,SEKER
1.0,1.0,1.0,3.0,0.0,0.0,1.0,1.0,4.0,5.0,6.0,6.0,3.0,6.0,6.0,6.0,SEKER
1.0,1.0,1.0,2.0,0.0,0.0,1.0,1.0,4.0,6.0,6.0,6.0,4.0,6.0,6.0,3.0,SEKER
1.0,1.0,1.0,1.0,1.0,1.0,1.0,1.0,4.0,6.0,6.0,4.0,5.0,5.0,4.0,6.0,SEKER
1.0,1.0,1.0,2.0,0.0,0.0,1.0,1.0,4.0,5.0,6.0,6.0,4.0,6.0,6.0,6.0,SEKER
1.0,1.0,1.0,2.0,0.0,0.0,1.0,1.0,4.0,5.0,6.0,6.0,4.0,5.0,6.0,4.0,SEKER
1.0,1.0,1.0,3.0,0.0,0.0,1.0,1.0,5.0,4.0,6.0,6.0,3.0,6.0,6.0,6.0,SEKER
1.0,1.0,1.0,2.0,0.0,0.0,1.0,1.0,4.0,4.0,6.0,6.0,4.0,6.0,6.0,5.0,SEKER
1.0,1.0,1.0,1.0,1.0,1.0,1.0,1.0,4.0,4.0,6.0,4.0,5.0,5.0,4.0,6.0,SEKER
1.0,1.0,1.0,2.0,0.0,0.0,1.0,1.0,5.0,6.0,6.0,6.0,4.0,6.0,6.0,5.0,SEKER
1.0,2.0,1.0,2.0,0.0,0.0,1.0,1.0,4.0,4.0,5.0,6.0,4.0,6.0,6.0,6.0,SEKER
1.0,1.0,1.0,2.0,0.0,0.0,1.0,1.0,4.0,6.0,6.0,6.0,4.0,6.0,6.0,5.0,SEKER
1.0,1.0,1.0,2.0,0.0,0.0,1.0,1.0,4.0,4.0,5.0,6.0,4.0,6.0,6.0,3.0,SEKER
1.0,1.0,1.0,2.0,0.0,0.0,1.0,1.0,4.0,5.0,6.0,6.0,4.0,5.0,6.0,5.0,SEKER
1.0,1.0,1.0,1.0,1.0,1.0,1.0,1.0,4.0,5.0,5.0,4.0,5.0,5.0,4.0,6.0,SEKER
1.0,1.0,1.0,1.0,0.0,0.0,1.0,1.0,5.0,6.0,6.0,5.0,5.0,5.0,5.0,6.0,SEKER
1.0,1.0,1.0,1.0,1.0,1.0,1.0,1.0,4.0,5.0,6.0,4.0,5.0,5.0,4.0,6.0,SEKER
1.0,1.0,1.0,2.0,0.0,0.0,1.0,1.0,4.0,6.0,6.0,6.0,4.0,6.0,6.0,6.0,SEKER
1.0,1.0,1.0,1.0,1.0,1.0,1.0,1.0,4.0,4.0,5.0,4.0,5.0,5.0,4.0,4.0,SEKER
1.0,1.0,1.0,2.0,0.0,0.0,1.0,1.0,3.0,5.0,6.0,6.0,4.0,6.0,6.0,5.0,SEKER
1.0,1.0,1.0,2.0,0.0,0.0,1.0,1.0,4.0,4.0,5.0,6.0,4.0,5.0,6.0,4.0,SEKER
1.0,1.0,1.0,2.0,0.0,0.0,1.0,1.0,4.0,6.0,6.0,6.0,4.0,6.0,6.0,6.0,SEKER
1.0,1.0,1.0,3.0,0.0,0.0,1.0,1.0,4.0,4.0,6.0,6.0,3.0,6.0,6.0,6.0,SEKER
1.0,1.0,1.0,2.0,0.0,0.0,1.0,1.0,4.0,4.0,6.0,6.0,4.0,6.0,6.0,5.0,SEKER
1.0,1.0,1.0,2.0,0.0,0.0,1.0,1.0,4.0,4.0,6.0,6.0,4.0,6.0,6.0,4.0,SEKER
1.0,1.0,1.0,2.0,0.0,0.0,1.0,1.0,5.0,4.0,5.0,6.0,4.0,5.0,6.0,5.0,SEKER
1.0,1.0,1.0,2.0,0.0,0.0,1.0,1.0,6.0,6.0,6.0,6.0,4.0,6.0,6.0,4.0,SEKER
1.0,1.0,1.0,2.0,0.0,0.0,1.0,1.0,4.0,4.0,6.0,6.0,4.0,6.0,6.0,4.0,SEKER
1.0,2.0,1.0,2.0,0.0,0.0,1.0,1.0,4.0,4.0,5.0,5.0,4.0,5.0,5.0,6.0,SEKER
1.0,1.0,1.0,2.0,0.0,0.0,1.0,1.0,4.0,5.0,6.0,6.0,4.0,6.0,6.0,6.0,SEKER
1.0,1.0,1.0,2.0,0.0,0.0,2.0,1.0,4.0,4.0,5.0,6.0,4.0,6.0,6.0,4.0,SEKER
1.0,1.0,1.0,2.0,0.0,0.0,1.0,1.0,5.0,5.0,6.0,6.0,4.0,6.0,6.0,6.0,SEKER
1.0,1.0,1.0,1.0,0.0,0.0,1.0,1.0,5.0,6.0,6.0,5.0,5.0,5.0,5.0,4.0,SEKER
1.0,1.0,1.0,2.0,0.0,0.0,1.0,1.0,4.0,6.0,6.0,6.0,4.0,5.0,6.0,6.0,SEKER
1.0,1.0,1.0,2.0,0.0,0.0,1.0,1.0,5.0,5.0,6.0,5.0,4.0,5.0,5.0,4.0,SEKER
1.0,1.0,1.0,2.0,0.0,0.0,1.0,1.0,4.0,6.0,6.0,6.0,4.0,6.0,6.0,6.0,SEKER
1.0,1.0,1.0,2.0,0.0,0.0,1.0,1.0,4.0,6.0,6.0,6.0,4.0,6.0,6.0,6.0,SEKER
1.0,1.0,1.0,1.0,1.0,1.0,2.0,1.0,3.0,4.0,5.0,4.0,5.0,5.0,4.0,6.0,SEKER
1.0,2.0,1.0,2.0,0.0,0.0,2.0,1.0,4.0,2.0,4.0,6.0,4.0,5.0,6.0,4.0,SEKER
1.0,1.0,1.0,2.0,0.0,0.0,2.0,1.0,4.0,4.0,5.0,6.0,4.0,6.0,6.0,6.0,SEKER
1.0,1.0,1.0,2.0,0.0,0.0,1.0,1.0,4.0,5.0,6.0,6.0,4.0,5.0,6.0,5.0,SEKER
1.0,1.0,1.0,2.0,0.0,0.0,1.0,1.0,4.0,5.0,6.0,6.0,4.0,5.0,6.0,5.0,SEKER
1.0,1.0,1.0,2.0,0.0,0.0,1.0,1.0,4.0,6.0,6.0,6.0,4.0,6.0,6.0,4.0,SEKER
1.0,1.0,1.0,2.0,0.0,0.0,2.0,1.0,5.0,4.0,5.0,6.0,4.0,6.0,6.0,4.0,SEKER
1.0,1.0,1.0,1.0,1.0,1.0,1.0,1.0,4.0,5.0,6.0,4.0,5.0,5.0,4.0,5.0,SEKER
1.0,1.0,1.0,2.0,0.0,0.0,2.0,1.0,5.0,4.0,6.0,6.0,4.0,5.0,6.0,4.0,SEKER
1.0,2.0,1.0,2.0,0.0,0.0,2.0,1.0,4.0,4.0,5.0,6.0,4.0,5.0,6.0,4.0,SEKER
1.0,1.0,1.0,1.0,1.0,1.0,2.0,1.0,2.0,6.0,5.0,4.0,5.0,5.0,4.0,4.0,SEKER
1.0,1.0,1.0,1.0,1.0,1.0,2.0,1.0,4.0,6.0,6.0,4.0,5.0,5.0,4.0,4.0,SEKER
1.0,1.0,1.0,2.0,0.0,0.0,2.0,1.0,3.0,6.0,6.0,6.0,4.0,5.0,6.0,5.0,SEKER
1.0,1.0,1.0,1.0,1.0,1.0,2.0,1.0,4.0,6.0,6.0,5.0,5.0,5.0,5.0,5.0,SEKER
1.0,1.0,1.0,1.0,1.0,1.0,2.0,1.0,4.0,5.0,5.0,4.0,5.0,5.0,4.0,5.0,SEKER
1.0,1.0,1.0,2.0,0.0,0.0,2.0,1.0,4.0,4.0,6.0,6.0,4.0,6.0,6.0,4.0,SEKER
1.0,1.0,1.0,2.0,0.0,0.0,2.0,1.0,4.0,6.0,6.0,6.0,4.0,6.0,6.0,6.0,SEKER
1.0,1.0,1.0,2.0,0.0,0.0,2.0,1.0,4.0,4.0,5.0,6.0,4.0,6.0,6.0,6.0,SEKER
1.0,1.0,1.0,1.0,0.0,0.0,2.0,1.0,4.0,5.0,6.0,5.0,5.0,5.0,5.0,6.0,SEKER
1.0,2.0,1.0,2.0,0.0,0.0,2.0,1.0,4.0,4.0,5.0,6.0,4.0,6.0,6.0,6.0,SEKER
1.0,1.0,1.0,1.0,0.0,0.0,2.0,1.0,4.0,6.0,6.0,5.0,5.0,5.0,5.0,4.0,SEKER
1.0,1.0,1.0,3.0,0.0,0.0,2.0,1.0,4.0,4.0,6.0,6.0,3.0,6.0,6.0,6.0,SEKER
1.0,1.0,1.0,2.0,0.0,0.0,2.0,1.0,4.0,5.0,6.0,5.0,4.0,5.0,5.0,4.0,SEKER
1.0,2.0,1.0,1.0,1.0,1.0,2.0,1.0,2.0,3.0,5.0,4.0,5.0,5.0,4.0,4.0,SEKER
1.0,1.0,1.0,2.0,0.0,0.0,2.0,1.0,4.0,5.0,6.0,5.0,4.0,5.0,5.0,6.0,SEKER
1.0,1.0,1.0,2.0,0.0,0.0,2.0,1.0,4.0,4.0,6.0,6.0,4.0,6.0,6.0,5.0,SEKER
1.0,1.0,1.0,2.0,0.0,0.0,2.0,1.0,4.0,4.0,6.0,6.0,4.0,6.0,6.0,5.0,SEKER
1.0,1.0,1.0,2.0,0.0,0.0,2.0,1.0,4.0,4.0,6.0,6.0,4.0,6.0,6.0,6.0,SEKER
1.0,2.0,1.0,2.0,0.0,0.0,2.0,1.0,4.0,4.0,5.0,6.0,4.0,6.0,6.0,5.0,SEKER
1.0,2.0,1.0,3.0,0.0,0.0,2.0,1.0,3.0,2.0,4.0,6.0,3.0,6.0,6.0,3.0,SEKER
1.0,1.0,1.0,1.0,0.0,0.0,2.0,1.0,4.0,6.0,6.0,5.0,5.0,5.0,5.0,4.0,SEKER
1.0,1.0,1.0,2.0,0.0,0.0,2.0,1.0,4.0,4.0,6.0,6.0,4.0,5.0,6.0,6.0,SEKER
1.0,1.0,1.0,2.0,0.0,0.0,2.0,1.0,4.0,5.0,6.0,6.0,4.0,5.0,6.0,4.0,SEKER
1.0,1.0,1.0,3.0,0.0,0.0,2.0,1.0,4.0,5.0,6.0,6.0,3.0,6.0,6.0,5.0,SEKER
1.0,2.0,1.0,2.0,0.0,0.0,2.0,1.0,4.0,4.0,5.0,6.0,4.0,6.0,6.0,4.0,SEKER
1.0,1.0,1.0,2.0,0.0,0.0,2.0,1.0,4.0,6.0,6.0,5.0,4.0,5.0,5.0,4.0,SEKER
1.0,1.0,1.0,2.0,0.0,0.0,2.0,1.0,3.0,4.0,5.0,6.0,4.0,6.0,6.0,4.0,SEKER
1.0,1.0,1.0,2.0,0.0,0.0,2.0,1.0,4.0,4.0,6.0,6.0,4.0,5.0,6.0,4.0,SEKER
1.0,1.0,1.0,2.0,0.0,0.0,2.0,1.0,4.0,6.0,6.0,6.0,4.0,5.0,6.0,6.0,SEKER
1.0,2.0,1.0,3.0,0.0,0.0,2.0,1.0,4.0,2.0,4.0,6.0,2.0,6.0,6.0,4.0,SEKER
1.0,2.0,1.0,2.0,0.0,0.0,2.0,1.0,4.0,3.0,4.0,6.0,4.0,6.0,6.0,5.0,SEKER
1.0,1.0,1.0,2.0,0.0,0.0,2.0,1.0,4.0,6.0,6.0,5.0,4.0,5.0,5.0,5.0,SEKER
1.0,1.0,1.0,1.0,1.0,1.0,2.0,1.0,4.0,4.0,5.0,4.0,5.0,5.0,4.0,4.0,SEKER
1.0,1.0,1.0,2.0,0.0,0.0,2.0,1.0,4.0,4.0,5.0,6.0,4.0,6.0,6.0,4.0,SEKER
1.0,2.0,1.0,3.0,0.0,0.0,2.0,1.0,4.0,4.0,5.0,6.0,3.0,6.0,6.0,4.0,SEKER
1.0,1.0,1.0,2.0,0.0,0.0,2.0,1.0,4.0,6.0,6.0,6.0,4.0,6.0,6.0,4.0,SEKER
1.0,4.0,1.0,2.0,0.0,0.0,2.0,1.0,4.0,1.0,0.0,5.0,4.0,5.0,5.0,3.0,SEKER
1.0,2.0,1.0,1.0,1.0,1.0,2.0,1.0,4.0,4.0,5.0,4.0,5.0,5.0,4.0,6.0,SEKER
1.0,1.0,1.0,2.0,0.0,0.0,2.0,1.0,5.0,5.0,6.0,6.0,4.0,6.0,6.0,4.0,SEKER
1.0,1.0,1.0,2.0,0.0,0.0,2.0,1.0,4.0,4.0,6.0,6.0,4.0,5.0,6.0,4.0,SEKER
1.0,1.0,1.0,2.0,0.0,0.0,2.0,1.0,4.0,6.0,6.0,6.0,4.0,5.0,6.0,5.0,SEKER
1.0,1.0,1.0,2.0,0.0,0.0,2.0,1.0,4.0,6.0,6.0,6.0,4.0,6.0,6.0,4.0,SEKER
1.0,1.0,1.0,2.0,0.0,0.0,2.0,1.0,4.0,6.0,6.0,6.0,4.0,6.0,6.0,6.0,SEKER
1.0,2.0,1.0,2.0,0.0,0.0,2.0,1.0,4.0,2.0,2.0,6.0,4.0,6.0,6.0,3.0,SEKER
1.0,1.0,1.0,2.0,0.0,0.0,2.0,1.0,4.0,6.0,6.0,6.0,4.0,6.0,6.0,4.0,SEKER
1.0,1.0,1.0,2.0,0.0,0.0,2.0,1.0,4.0,5.0,6.0,6.0,4.0,6.0,6.0,4.0,SEKER
1.0,2.0,1.0,2.0,0.0,0.0,2.0,1.0,2.0,4.0,5.0,6.0,4.0,6.0,6.0,4.0,SEKER
1.0,1.0,1.0,2.0,0.0,0.0,2.0,1.0,4.0,4.0,5.0,6.0,4.0,6.0,6.0,6.0,SEKER
1.0,1.0,1.0,1.0,0.0,0.0,2.0,1.0,4.0,6.0,6.0,5.0,5.0,5.0,5.0,6.0,SEKER
1.0,1.0,1.0,2.0,0.0,0.0,2.0,1.0,4.0,6.0,6.0,6.0,4.0,6.0,6.0,6.0,SEKER
1.0,1.0,1.0,3.0,0.0,0.0,2.0,1.0,4.0,5.0,6.0,6.0,3.0,6.0,6.0,4.0,SEKER
1.0,1.0,1.0,2.0,0.0,0.0,2.0,1.0,4.0,5.0,6.0,6.0,4.0,6.0,6.0,6.0,SEKER
1.0,1.0,1.0,2.0,0.0,0.0,2.0,1.0,4.0,5.0,6.0,5.0,4.0,5.0,5.0,5.0,SEKER
1.0,1.0,1.0,2.0,0.0,0.0,2.0,1.0,5.0,5.0,6.0,5.0,4.0,5.0,5.0,6.0,SEKER
1.0,1.0,1.0,1.0,0.0,0.0,2.0,1.0,4.0,4.0,6.0,5.0,5.0,5.0,5.0,4.0,SEKER
1.0,1.0,1.0,2.0,0.0,0.0,2.0,1.0,4.0,6.0,6.0,6.0,4.0,5.0,6.0,6.0,SEKER
1.0,1.0,1.0,2.0,0.0,0.0,2.0,1.0,4.0,4.0,5.0,6.0,4.0,6.0,6.0,4.0,SEKER
1.0,1.0,1.0,2.0,0.0,0.0,2.0,1.0,4.0,5.0,6.0,6.0,4.0,6.0,6.0,5.0,SEKER
1.0,1.0,1.0,2.0,0.0,0.0,2.0,1.0,4.0,4.0,6.0,6.0,4.0,6.0,6.0,5.0,SEKER
1.0,2.0,1.0,2.0,0.0,0.0,2.0,1.0,4.0,4.0,5.0,6.0,4.0,5.0,6.0,6.0,SEKER
1.0,1.0,1.0,2.0,0.0,0.0,2.0,1.0,4.0,4.0,5.0,6.0,4.0,5.0,6.0,6.0,SEKER
1.0,1.0,1.0,2.0,0.0,0.0,2.0,1.0,4.0,5.0,6.0,6.0,4.0,6.0,6.0,4.0,SEKER
1.0,1.0,1.0,2.0,0.0,0.0,2.0,1.0,3.0,6.0,6.0,6.0,4.0,6.0,6.0,6.0,SEKER
1.0,1.0,1.0,2.0,0.0,0.0,2.0,1.0,4.0,6.0,6.0,6.0,4.0,5.0,6.0,6.0,SEKER
1.0,1.0,1.0,3.0,0.0,0.0,2.0,1.0,4.0,5.0,6.0,6.0,3.0,6.0,6.0,4.0,SEKER
1.0,1.0,1.0,2.0,0.0,0.0,2.0,1.0,4.0,4.0,6.0,6.0,4.0,6.0,6.0,4.0,SEKER
1.0,1.0,1.0,2.0,0.0,0.0,2.0,1.0,5.0,6.0,6.0,6.0,4.0,6.0,6.0,6.0,SEKER
1.0,1.0,1.0,3.0,0.0,0.0,2.0,1.0,4.0,5.0,6.0,6.0,3.0,6.0,6.0,6.0,SEKER
1.0,2.0,1.0,2.0,0.0,0.0,2.0,1.0,4.0,3.0,5.0,5.0,4.0,5.0,5.0,5.0,SEKER
1.0,2.0,1.0,1.0,1.0,1.0,2.0,1.0,2.0,4.0,4.0,4.0,5.0,5.0,4.0,6.0,SEKER
1.0,1.0,1.0,2.0,0.0,0.0,2.0,1.0,4.0,6.0,6.0,5.0,4.0,5.0,5.0,6.0,SEKER
1.0,1.0,1.0,2.0,0.0,0.0,2.0,1.0,4.0,5.0,6.0,6.0,4.0,6.0,6.0,6.0,SEKER
1.0,1.0,1.0,2.0,0.0,0.0,2.0,1.0,4.0,5.0,6.0,5.0,4.0,5.0,5.0,6.0,SEKER
1.0,1.0,1.0,2.0,0.0,0.0,2.0,1.0,3.0,5.0,6.0,6.0,4.0,5.0,6.0,6.0,SEKER
1.0,1.0,1.0,1.0,1.0,1.0,2.0,1.0,3.0,5.0,6.0,4.0,5.0,5.0,4.0,6.0,SEKER
1.0,1.0,1.0,3.0,0.0,0.0,2.0,1.0,4.0,5.0,6.0,6.0,3.0,6.0,6.0,4.0,SEKER
1.0,1.0,1.0,2.0,0.0,0.0,2.0,1.0,4.0,6.0,6.0,6.0,4.0,6.0,6.0,4.0,SEKER
1.0,1.0,1.0,2.0,0.0,0.0,2.0,1.0,4.0,4.0,6.0,6.0,4.0,6.0,6.0,5.0,SEKER
1.0,2.0,1.0,3.0,0.0,0.0,2.0,1.0,4.0,4.0,5.0,6.0,3.0,6.0,6.0,5.0,SEKER
1.0,2.0,1.0,1.0,0.0,0.0,2.0,1.0,4.0,4.0,5.0,5.0,5.0,5.0,5.0,4.0,SEKER
1.0,1.0,1.0,2.0,0.0,0.0,2.0,1.0,4.0,4.0,6.0,6.0,4.0,5.0,6.0,5.0,SEKER
1.0,2.0,1.0,3.0,0.0,0.0,2.0,1.0,4.0,2.0,3.0,6.0,3.0,6.0,6.0,3.0,SEKER
1.0,1.0,1.0,2.0,0.0,0.0,2.0,1.0,4.0,4.0,6.0,6.0,4.0,5.0,6.0,4.0,SEKER
1.0,1.0,1.0,1.0,1.0,1.0,2.0,1.0,5.0,5.0,6.0,4.0,5.0,5.0,4.0,4.0,SEKER
1.0,1.0,1.0,3.0,0.0,0.0,2.0,1.0,4.0,6.0,6.0,6.0,3.0,6.0,6.0,6.0,SEKER
1.0,1.0,1.0,2.0,0.0,0.0,2.0,1.0,4.0,5.0,6.0,6.0,4.0,6.0,6.0,6.0,SEKER
1.0,1.0,1.0,3.0,0.0,0.0,2.0,1.0,5.0,6.0,6.0,6.0,3.0,6.0,6.0,6.0,SEKER
1.0,1.0,1.0,2.0,0.0,0.0,2.0,1.0,3.0,6.0,6.0,6.0,4.0,5.0,6.0,4.0,SEKER
1.0,1.0,1.0,2.0,0.0,0.0,2.0,1.0,4.0,6.0,6.0,6.0,4.0,6.0,6.0,6.0,SEKER
1.0,1.0,1.0,2.0,0.0,0.0,2.0,1.0,4.0,4.0,6.0,6.0,4.0,5.0,6.0,4.0,SEKER
1.0,1.0,1.0,2.0,0.0,0.0,2.0,1.0,4.0,5.0,6.0,6.0,4.0,5.0,6.0,6.0,SEKER
1.0,1.0,1.0,2.0,0.0,0.0,2.0,1.0,5.0,4.0,6.0,6.0,4.0,5.0,6.0,2.0,SEKER
1.0,1.0,1.0,2.0,0.0,0.0,2.0,1.0,5.0,6.0,6.0,6.0,4.0,5.0,6.0,4.0,SEKER
1.0,1.0,1.0,1.0,0.0,0.0,2.0,1.0,3.0,6.0,6.0,5.0,5.0,5.0,5.0,6.0,SEKER
1.0,1.0,1.0,3.0,0.0,0.0,2.0,1.0,4.0,4.0,6.0,6.0,3.0,6.0,6.0,4.0,SEKER
1.0,1.0,1.0,2.0,0.0,0.0,2.0,1.0,4.0,6.0,6.0,6.0,4.0,5.0,6.0,5.0,SEKER
1.0,1.0,1.0,3.0,0.0,0.0,2.0,1.0,4.0,4.0,6.0,6.0,3.0,6.0,6.0,4.0,SEKER
2.0,2.0,1.0,2.0,0.0,0.0,2.0,2.0,4.0,4.0,5.0,6.0,4.0,5.0,6.0,5.0,SEKER
2.0,2.0,1.0,1.0,1.0,1.0,2.0,2.0,4.0,4.0,3.0,4.0,5.0,5.0,4.0,4.0,SEKER
2.0,1.0,1.0,3.0,0.0,0.0,2.0,2.0,4.0,6.0,6.0,6.0,3.0,6.0,6.0,6.0,SEKER
2.0,1.0,1.0,2.0,0.0,0.0,2.0,2.0,4.0,4.0,6.0,6.0,4.0,6.0,6.0,6.0,SEKER
2.0,1.0,1.0,2.0,0.0,0.0,2.0,2.0,4.0,6.0,6.0,6.0,4.0,6.0,6.0,5.0,SEKER
2.0,2.0,1.0,1.0,1.0,1.0,2.0,2.0,2.0,4.0,5.0,4.0,5.0,5.0,4.0,4.0,SEKER
2.0,1.0,1.0,2.0,0.0,0.0,2.0,2.0,4.0,5.0,6.0,6.0,4.0,6.0,6.0,5.0,SEKER
2.0,2.0,1.0,1.0,1.0,1.0,2.0,2.0,4.0,4.0,5.0,4.0,5.0,5.0,4.0,4.0,SEKER
2.0,1.0,1.0,2.0,0.0,0.0,2.0,2.0,4.0,5.0,6.0,6.0,4.0,6.0,6.0,4.0,SEKER
2.0,2.0,2.0,1.0,1.0,1.0,2.0,2.0,4.0,6.0,5.0,4.0,5.0,5.0,4.0,4.0,SEKER
2.0,1.0,1.0,1.0,1.0,1.0,2.0,2.0,4.0,6.0,6.0,4.0,5.0,5.0,4.0,4.0,SEKER
2.0,1.0,1.0,4.0,0.0,0.0,2.0,2.0,4.0,6.0,6.0,6.0,2.0,6.0,6.0,6.0,SEKER
2.0,1.0,1.0,2.0,0.0,0.0,2.0,2.0,4.0,5.0,6.0,6.0,4.0,5.0,6.0,6.0,SEKER
2.0,1.0,1.0,2.0,0.0,0.0,2.0,2.0,4.0,4.0,6.0,6.0,4.0,6.0,6.0,4.0,SEKER
2.0,1.0,1.0,2.0,0.0,0.0,2.0,2.0,4.0,4.0,6.0,6.0,4.0,6.0,6.0,5.0,SEKER
2.0,1.0,1.0,2.0,0.0,0.0,2.0,2.0,4.0,4.0,6.0,6.0,4.0,5.0,6.0,5.0,SEKER
2.0,1.0,1.0,2.0,0.0,0.0,2.0,2.0,4.0,4.0,6.0,6.0,3.0,6.0,6.0,6.0,SEKER
2.0,2.0,1.0,1.0,1.0,1.0,2.0,2.0,4.0,4.0,5.0,4.0,5.0,5.0,4.0,5.0,SEKER
2.0,1.0,1.0,3.0,0.0,0.0,2.0,2.0,4.0,4.0,6.0,6.0,3.0,6.0,6.0,6.0,SEKER
2.0,1.0,1.0,2.0,0.0,0.0,2.0,2.0,4.0,6.0,6.0,6.0,4.0,5.0,6.0,5.0,SEKER
2.0,1.0,1.0,2.0,0.0,0.0,2.0,2.0,4.0,6.0,6.0,6.0,4.0,6.0,6.0,6.0,SEKER
2.0,2.0,1.0,1.0,1.0,1.0,2.0,2.0,4.0,4.0,5.0,4.0,5.0,5.0,4.0,6.0,SEKER
2.0,1.0,1.0,2.0,0.0,0.0,2.0,2.0,4.0,6.0,6.0,6.0,4.0,5.0,6.0,5.0,SEKER
2.0,1.0,1.0,2.0,0.0,0.0,2.0,2.0,4.0,4.0,6.0,6.0,4.0,6.0,6.0,4.0,SEKER
2.0,1.0,1.0,2.0,0.0,0.0,2.0,2.0,4.0,6.0,6.0,5.0,4.0,5.0,5.0,6.0,SEKER
2.0,2.0,1.0,2.0,0.0,0.0,2.0,2.0,2.0,1.0,0.0,6.0,4.0,6.0,6.0,3.0,SEKER
2.0,1.0,1.0,2.0,0.0,0.0,2.0,2.0,4.0,4.0,6.0,6.0,4.0,5.0,6.0,4.0,SEKER
2.0,2.0,1.0,2.0,0.0,0.0,2.0,2.0,4.0,4.0,6.0,6.0,4.0,6.0,6.0,4.0,SEKER
2.0,2.0,1.0,2.0,0.0,0.0,2.0,2.0,2.0,3.0,5.0,6.0,4.0,6.0,6.0,4.0,SEKER
2.0,1.0,1.0,1.0,1.0,1.0,2.0,2.0,2.0,5.0,6.0,4.0,5.0,5.0,4.0,6.0,SEKER
2.0,2.0,1.0,1.0,1.0,1.0,2.0,2.0,4.0,2.0,4.0,4.0,5.0,5.0,4.0,4.0,SEKER
2.0,2.0,1.0,1.0,1.0,1.0,2.0,2.0,5.0,4.0,5.0,4.0,5.0,5.0,4.0,4.0,SEKER
2.0,2.0,1.0,2.0,0.0,0.0,2.0,2.0,4.0,5.0,6.0,6.0,4.0,6.0,6.0,6.0,SEKER
2.0,2.0,1.0,2.0,0.0,0.0,2.0,2.0,4.0,3.0,5.0,6.0,4.0,6.0,6.0,4.0,SEKER
2.0,1.0,1.0,2.0,0.0,0.0,2.0,2.0,4.0,5.0,6.0,5.0,4.0,5.0,5.0,4.0,SEKER
2.0,1.0,1.0,1.0,1.0,1.0,2.0,2.0,4.0,6.0,6.0,4.0,5.0,5.0,4.0,4.0,SEKER
2.0,1.0,1.0,2.0,0.0,0.0,2.0,2.0,4.0,5.0,6.0,6.0,4.0,5.0,6.0,6.0,SEKER
2.0,2.0,1.0,3.0,0.0,0.0,2.0,2.0,4.0,4.0,6.0,6.0,3.0,6.0,6.0,5.0,SEKER
2.0,2.0,1.0,2.0,0.0,0.0,2.0,2.0,4.0,4.0,5.0,5.0,4.0,5.0,5.0,4.0,SEKER
2.0,1.0,1.0,2.0,0.0,0.0,2.0,2.0,4.0,6.0,6.0,6.0,4.0,5.0,6.0,6.0,SEKER
2.0,2.0,1.0,1.0,1.0,1.0,2.0,2.0,2.0,5.0,5.0,4.0,5.0,5.0,4.0,4.0,SEKER
2.0,1.0,1.0,1.0,1.0,1.0,2.0,2.0,4.0,6.0,6.0,4.0,5.0,5.0,4.0,6.0,SEKER
2.0,2.0,1.0,2.0,0.0,0.0,2.0,2.0,4.0,4.0,5.0,5.0,4.0,5.0,5.0,6.0,SEKER
2.0,2.0,1.0,2.0,0.0,0.0,2.0,2.0,4.0,4.0,5.0,5.0,4.0,5.0,5.0,4.0,SEKER
2.0,2.0,2.0,1.0,1.0,1.0,2.0,2.0,4.0,4.0,5.0,4.0,5.0,5.0,4.0,5.0,SEKER
2.0,2.0,1.0,2.0,0.0,0.0,2.0,2.0,4.0,5.0,5.0,6.0,4.0,5.0,6.0,3.0,SEKER
2.0,1.0,1.0,2.0,0.0,0.0,2.0,2.0,2.0,6.0,6.0,5.0,4.0,5.0,5.0,5.0,SEKER
2.0,2.0,1.0,2.0,0.0,0.0,2.0,2.0,2.0,2.0,1.0,5.0,4.0,5.0,5.0,6.0,SEKER
2.0,2.0,1.0,2.0,0.0,0.0,2.0,2.0,4.0,2.0,4.0,5.0,4.0,5.0,5.0,3.0,SEKER
2.0,1.0,1.0,2.0,0.0,0.0,2.0,2.0,4.0,5.0,6.0,6.0,4.0,6.0,6.0,4.0,SEKER
2.0,1.0,1.0,2.0,0.0,0.0,2.0,2.0,4.0,6.0,6.0,5.0,4.0,5.0,5.0,5.0,SEKER
2.0,2.0,1.0,1.0,1.0,1.0,2.0,2.0,4.0,5.0,6.0,4.0,5.0,5.0,4.0,4.0,SEKER
2.0,2.0,1.0,1.0,1.0,1.0,2.0,2.0,2.0,6.0,5.0,4.0,5.0,5.0,4.0,5.0,SEKER
2.0,2.0,1.0,1.0,1.0,1.0,2.0,2.0,4.0,5.0,6.0,4.0,5.0,5.0,4.0,4.0,SEKER
2.0,1.0,1.0,3.0,0.0,0.0,2.0,2.0,4.0,4.0,6.0,6.0,3.0,6.0,6.0,4.0,SEKER
2.0,1.0,1.0,2.0,0.0,0.0,2.0,2.0,4.0,6.0,6.0,5.0,4.0,5.0,5.0,4.0,SEKER
2.0,1.0,1.0,2.0,0.0,0.0,2.0,2.0,3.0,4.0,6.0,6.0,4.0,6.0,6.0,4.0,SEKER
2.0,2.0,1.0,4.0,0.0,0.0,2.0,2.0,4.0,4.0,6.0,6.0,2.0,6.0,6.0,6.0,SEKER
2.0,3.0,1.0,2.0,0.0,0.0,2.0,2.0,2.0,2.0,0.0,5.0,4.0,5.0,5.0,4.0,SEKER
2.0,2.0,1.0,1.0,1.0,1.0,2.0,2.0,4.0,4.0,5.0,4.0,5.0,5.0,4.0,6.0,SEKER
2.0,1.0,1.0,2.0,0.0,0.0,2.0,2.0,4.0,6.0,6.0,6.0,4.0,6.0,6.0,4.0,SEKER
2.0,1.0,1.0,2.0,0.0,0.0,2.0,2.0,4.0,6.0,6.0,6.0,4.0,5.0,6.0,5.0,SEKER
2.0,2.0,1.0,2.0,0.0,0.0,2.0,2.0,4.0,4.0,5.0,6.0,4.0,5.0,6.0,4.0,SEKER
2.0,1.0,1.0,3.0,0.0,0.0,2.0,2.0,4.0,5.0,6.0,6.0,3.0,6.0,6.0,6.0,SEKER
2.0,1.0,1.0,2.0,0.0,0.0,2.0,2.0,4.0,6.0,6.0,5.0,4.0,5.0,5.0,5.0,SEKER
2.0,2.0,1.0,2.0,0.0,0.0,2.0,2.0,2.0,6.0,6.0,5.0,4.0,5.0,5.0,4.0,SEKER
2.0,1.0,1.0,3.0,0.0,0.0,2.0,2.0,4.0,4.0,6.0,6.0,3.0,6.0,6.0,4.0,SEKER
2.0,2.0,1.0,2.0,0.0,0.0,2.0,2.0,4.0,4.0,5.0,5.0,4.0,5.0,5.0,6.0,SEKER
2.0,1.0,1.0,2.0,0.0,0.0,2.0,2.0,4.0,4.0,6.0,6.0,4.0,5.0,6.0,5.0,SEKER
2.0,1.0,1.0,3.0,0.0,0.0,2.0,2.0,4.0,4.0,6.0,6.0,2.0,6.0,6.0,6.0,SEKER
2.0,1.0,1.0,2.0,0.0,0.0,2.0,2.0,4.0,4.0,6.0,6.0,4.0,5.0,6.0,4.0,SEKER
2.0,2.0,1.0,2.0,0.0,0.0,2.0,2.0,4.0,4.0,6.0,6.0,4.0,5.0,6.0,5.0,SEKER
2.0,1.0,1.0,1.0,1.0,1.0,2.0,2.0,4.0,6.0,6.0,4.0,5.0,5.0,4.0,4.0,SEKER
2.0,2.0,1.0,2.0,0.0,0.0,2.0,2.0,3.0,3.0,5.0,5.0,4.0,5.0,5.0,4.0,SEKER
2.0,1.0,1.0,2.0,0.0,0.0,2.0,2.0,4.0,6.0,6.0,6.0,4.0,5.0,6.0,6.0,SEKER
2.0,2.0,1.0,2.0,0.0,0.0,2.0,2.0,4.0,4.0,6.0,6.0,4.0,6.0,6.0,4.0,SEKER
2.0,1.0,1.0,3.0,0.0,0.0,2.0,2.0,5.0,6.0,6.0,6.0,3.0,6.0,6.0,6.0,SEKER
2.0,2.0,1.0,2.0,0.0,0.0,2.0,2.0,4.0,6.0,6.0,5.0,4.0,5.0,5.0,6.0,SEKER
2.0,1.0,1.0,2.0,0.0,0.0,2.0,2.0,5.0,6.0,6.0,6.0,4.0,5.0,6.0,4.0,SEKER
2.0,1.0,1.0,2.0,0.0,0.0,2.0,2.0,4.0,4.0,6.0,6.0,4.0,5.0,6.0,4.0,SEKER
2.0,1.0,1.0,2.0,0.0,0.0,2.0,2.0,4.0,6.0,6.0,6.0,4.0,5.0,6.0,5.0,SEKER
2.0,1.0,1.0,3.0,0.0,0.0,2.0,2.0,4.0,4.0,6.0,6.0,3.0,6.0,6.0,4.0,SEKER
2.0,1.0,1.0,2.0,0.0,0.0,2.0,2.0,4.0,6.0,6.0,6.0,3.0,6.0,6.0,6.0,SEKER
2.0,1.0,1.0,2.0,0.0,0.0,2.0,2.0,4.0,6.0,6.0,6.0,4.0,6.0,6.0,6.0,SEKER
2.0,1.0,1.0,2.0,0.0,0.0,2.0,2.0,5.0,6.0,6.0,6.0,4.0,6.0,6.0,6.0,SEKER
2.0,1.0,1.0,2.0,0.0,0.0,2.0,2.0,5.0,6.0,6.0,6.0,4.0,6.0,6.0,6.0,SEKER
2.0,1.0,1.0,2.0,0.0,0.0,2.0,2.0,4.0,6.0,6.0,6.0,4.0,6.0,6.0,6.0,SEKER
2.0,2.0,1.0,2.0,0.0,0.0,2.0,2.0,2.0,5.0,6.0,5.0,4.0,5.0,5.0,6.0,SEKER
2.0,1.0,1.0,2.0,0.0,0.0,2.0,2.0,4.0,5.0,6.0,6.0,4.0,6.0,6.0,6.0,SEKER
2.0,2.0,1.0,3.0,0.0,0.0,2.0,2.0,5.0,4.0,6.0,6.0,2.0,6.0,6.0,4.0,SEKER
2.0,1.0,1.0,2.0,0.0,0.0,2.0,2.0,4.0,6.0,6.0,6.0,4.0,5.0,6.0,6.0,SEKER
2.0,2.0,1.0,1.0,1.0,1.0,2.0,2.0,4.0,4.0,5.0,4.0,5.0,5.0,4.0,6.0,SEKER
2.0,2.0,1.0,2.0,0.0,0.0,2.0,2.0,3.0,4.0,5.0,5.0,4.0,5.0,5.0,6.0,SEKER
2.0,2.0,1.0,1.0,1.0,1.0,2.0,2.0,2.0,4.0,5.0,4.0,5.0,5.0,4.0,4.0,SEKER
2.0,2.0,3.0,1.0,2.0,2.0,2.0,2.0,2.0,5.0,5.0,3.0,5.0,3.0,3.0,4.0,SEKER
2.0,2.0,1.0,2.0,0.0,0.0,2.0,2.0,4.0,4.0,5.0,6.0,4.0,5.0,6.0,4.0,SEKER
2.0,2.0,1.0,2.0,0.0,0.0,2.0,2.0,5.0,5.0,6.0,5.0,4.0,5.0,5.0,4.0,SEKER
2.0,2.0,1.0,1.0,1.0,1.0,2.0,2.0,4.0,3.0,1.0,4.0,5.0,5.0,4.0,4.0,SEKER
2.0,1.0,1.0,2.0,0.0,0.0,2.0,2.0,4.0,6.0,6.0,6.0,4.0,6.0,6.0,4.0,SEKER
2.0,2.0,1.0,2.0,1.0,1.0,2.0,2.0,4.0,6.0,6.0,5.0,4.0,5.0,5.0,6.0,SEKER
2.0,2.0,1.0,2.0,0.0,0.0,2.0,2.0,4.0,4.0,6.0,5.0,4.0,5.0,5.0,4.0,SEKER
2.0,2.0,1.0,2.0,0.0,0.0,2.0,2.0,4.0,5.0,6.0,6.0,4.0,6.0,6.0,4.0,SEKER
2.0,1.0,1.0,2.0,0.0,0.0,2.0,2.0,5.0,6.0,6.0,6.0,4.0,5.0,6.0,4.0,SEKER
2.0,2.0,1.0,2.0,0.0,0.0,2.0,2.0,5.0,4.0,6.0,6.0,4.0,6.0,6.0,4.0,SEKER
2.0,2.0,1.0,2.0,0.0,0.0,2.0,2.0,4.0,6.0,6.0,6.0,4.0,5.0,6.0,4.0,SEKER
2.0,2.0,1.0,2.0,0.0,0.0,2.0,2.0,4.0,4.0,6.0,6.0,4.0,5.0,6.0,6.0,SEKER
2.0,2.0,1.0,3.0,0.0,0.0,2.0,2.0,4.0,6.0,6.0,6.0,3.0,6.0,6.0,4.0,SEKER
2.0,2.0,1.0,2.0,0.0,0.0,2.0,2.0,4.0,6.0,6.0,6.0,4.0,5.0,6.0,4.0,SEKER
2.0,2.0,2.0,1.0,1.0,1.0,2.0,2.0,4.0,4.0,4.0,4.0,5.0,4.0,4.0,6.0,SEKER
2.0,1.0,1.0,2.0,0.0,0.0,2.0,2.0,4.0,6.0,6.0,6.0,4.0,5.0,6.0,6.0,SEKER
2.0,2.0,1.0,3.0,0.0,0.0,2.0,2.0,4.0,4.0,5.0,6.0,3.0,6.0,6.0,4.0,SEKER
2.0,1.0,1.0,3.0,0.0,0.0,2.0,2.0,4.0,6.0,6.0,6.0,3.0,6.0,6.0,6.0,SEKER
2.0,2.0,1.0,2.0,0.0,0.0,2.0,2.0,4.0,4.0,6.0,6.0,4.0,5.0,6.0,6.0,SEKER
2.0,1.0,1.0,2.0,0.0,0.0,2.0,2.0,4.0,6.0,6.0,6.0,4.0,5.0,6.0,5.0,SEKER
2.0,2.0,1.0,2.0,0.0,0.0,2.0,2.0,2.0,6.0,6.0,6.0,4.0,6.0,6.0,4.0,SEKER
2.0,2.0,1.0,2.0,0.0,0.0,2.0,2.0,4.0,5.0,6.0,6.0,4.0,5.0,6.0,4.0,SEKER
2.0,1.0,1.0,2.0,0.0,0.0,2.0,2.0,3.0,4.0,6.0,6.0,4.0,6.0,6.0,6.0,SEKER
2.0,2.0,1.0,1.0,1.0,1.0,2.0,2.0,4.0,4.0,5.0,4.0,5.0,5.0,4.0,4.0,SEKER
2.0,2.0,1.0,2.0,0.0,0.0,2.0,2.0,4.0,4.0,5.0,5.0,4.0,5.0,5.0,3.0,SEKER
2.0,2.0,1.0,2.0,0.0,0.0,2.0,2.0,4.0,6.0,6.0,6.0,4.0,6.0,6.0,4.0,SEKER
2.0,2.0,1.0,2.0,0.0,0.0,2.0,2.0,4.0,5.0,6.0,6.0,4.0,6.0,6.0,5.0,SEKER
2.0,2.0,1.0,1.0,1.0,1.0,2.0,2.0,4.0,4.0,5.0,4.0,4.0,5.0,4.0,5.0,SEKER
2.0,2.0,1.0,3.0,0.0,0.0,2.0,2.0,3.0,4.0,5.0,6.0,3.0,6.0,6.0,6.0,SEKER
2.0,2.0,1.0,1.0,1.0,1.0,2.0,2.0,2.0,5.0,5.0,4.0,4.0,5.0,4.0,6.0,SEKER
2.0,1.0,1.0,4.0,0.0,0.0,2.0,2.0,5.0,6.0,6.0,6.0,2.0,6.0,6.0,6.0,SEKER
2.0,2.0,1.0,1.0,1.0,1.0,2.0,2.0,2.0,5.0,6.0,4.0,5.0,5.0,4.0,4.0,SEKER
2.0,2.0,1.0,3.0,0.0,0.0,2.0,2.0,4.0,5.0,6.0,6.0,3.0,6.0,6.0,5.0,SEKER
2.0,2.0,2.0,1.0,1.0,1.0,2.0,2.0,2.0,6.0,5.0,4.0,5.0,5.0,4.0,6.0,SEKER
2.0,1.0,1.0,3.0,0.0,0.0,2.0,2.0,4.0,6.0,6.0,6.0,3.0,6.0,6.0,6.0,SEKER
2.0,2.0,1.0,2.0,1.0,1.0,2.0,2.0,5.0,6.0,6.0,4.0,4.0,5.0,4.0,6.0,SEKER
2.0,2.0,1.0,2.0,0.0,0.0,2.0,2.0,5.0,6.0,6.0,5.0,4.0,5.0,5.0,4.0,SEKER
2.0,2.0,1.0,1.0,1.0,1.0,2.0,2.0,4.0,4.0,5.0,4.0,5.0,5.0,4.0,6.0,SEKER
2.0,2.0,1.0,2.0,0.0,0.0,2.0,2.0,4.0,4.0,6.0,6.0,4.0,5.0,6.0,5.0,SEKER
2.0,2.0,1.0,2.0,0.0,0.0,2.0,2.0,4.0,4.0,5.0,6.0,4.0,5.0,6.0,5.0,SEKER
2.0,2.0,1.0,2.0,1.0,1.0,2.0,2.0,2.0,6.0,6.0,4.0,4.0,5.0,4.0,5.0,SEKER
2.0,2.0,3.0,1.0,1.0,1.0,2.0,2.0,5.0,5.0,5.0,4.0,5.0,4.0,4.0,4.0,SEKER
2.0,1.0,1.0,3.0,0.0,0.0,2.0,2.0,4.0,6.0,6.0,6.0,3.0,6.0,6.0,6.0,SEKER
2.0,2.0,1.0,2.0,0.0,0.0,2.0,2.0,4.0,5.0,6.0,6.0,4.0,5.0,6.0,4.0,SEKER
2.0,2.0,1.0,3.0,0.0,0.0,2.0,2.0,4.0,5.0,6.0,6.0,3.0,6.0,6.0,6.0,SEKER
2.0,1.0,1.0,3.0,0.0,0.0,2.0,2.0,4.0,5.0,6.0,6.0,3.0,6.0,6.0,5.0,SEKER
2.0,1.0,1.0,3.0,0.0,0.0,2.0,2.0,4.0,6.0,6.0,6.0,3.0,6.0,6.0,5.0,SEKER
2.0,2.0,1.0,3.0,0.0,0.0,2.0,2.0,5.0,5.0,6.0,6.0,3.0,6.0,6.0,4.0,SEKER
2.0,1.0,1.0,3.0,0.0,0.0,2.0,2.0,4.0,6.0,6.0,6.0,3.0,6.0,6.0,6.0,SEKER
2.0,2.0,1.0,2.0,0.0,0.0,2.0,2.0,4.0,5.0,6.0,6.0,4.0,5.0,6.0,4.0,SEKER
2.0,2.0,1.0,2.0,0.0,0.0,2.0,2.0,4.0,4.0,6.0,6.0,4.0,6.0,6.0,4.0,SEKER
2.0,2.0,1.0,2.0,0.0,0.0,2.0,2.0,4.0,5.0,6.0,5.0,4.0,5.0,5.0,5.0,SEKER
2.0,2.0,1.0,1.0,1.0,1.0,2.0,2.0,4.0,4.0,5.0,4.0,5.0,5.0,4.0,6.0,SEKER
2.0,2.0,1.0,2.0,0.0,0.0,2.0,2.0,4.0,3.0,4.0,5.0,4.0,5.0,5.0,4.0,SEKER
2.0,2.0,1.0,2.0,0.0,0.0,2.0,2.0,4.0,4.0,5.0,5.0,4.0,5.0,5.0,6.0,SEKER
2.0,2.0,1.0,2.0,0.0,0.0,2.0,2.0,4.0,5.0,5.0,6.0,4.0,5.0,6.0,6.0,SEKER
2.0,2.0,1.0,2.0,0.0,0.0,2.0,2.0,4.0,4.0,5.0,6.0,4.0,6.0,6.0,5.0,SEKER
2.0,2.0,1.0,2.0,1.0,1.0,2.0,2.0,2.0,4.0,5.0,4.0,4.0,5.0,4.0,4.0,SEKER
2.0,2.0,1.0,2.0,0.0,0.0,2.0,2.0,4.0,4.0,5.0,6.0,4.0,5.0,6.0,6.0,SEKER
2.0,2.0,2.0,1.0,1.0,1.0,2.0,2.0,3.0,5.0,5.0,4.0,5.0,5.0,4.0,4.0,SEKER
2.0,2.0,1.0,3.0,0.0,0.0,2.0,2.0,4.0,4.0,6.0,6.0,3.0,6.0,6.0,5.0,SEKER
2.0,2.0,1.0,2.0,1.0,1.0,2.0,2.0,4.0,5.0,6.0,4.0,4.0,5.0,4.0,4.0,SEKER
2.0,2.0,1.0,1.0,1.0,1.0,2.0,2.0,2.0,4.0,5.0,4.0,5.0,5.0,4.0,4.0,SEKER
2.0,2.0,1.0,2.0,0.0,0.0,2.0,2.0,4.0,5.0,6.0,6.0,3.0,6.0,6.0,6.0,SEKER
2.0,2.0,1.0,3.0,0.0,0.0,2.0,2.0,4.0,4.0,6.0,6.0,3.0,6.0,6.0,4.0,SEKER
2.0,2.0,1.0,2.0,0.0,0.0,2.0,2.0,4.0,6.0,6.0,6.0,4.0,5.0,6.0,6.0,SEKER
2.0,2.0,1.0,2.0,1.0,1.0,2.0,2.0,5.0,6.0,6.0,4.0,4.0,5.0,4.0,5.0,SEKER
2.0,2.0,1.0,3.0,0.0,0.0,2.0,2.0,4.0,4.0,6.0,6.0,3.0,6.0,6.0,2.0,SEKER
2.0,2.0,1.0,1.0,1.0,1.0,2.0,2.0,2.0,4.0,5.0,4.0,5.0,5.0,4.0,4.0,SEKER
2.0,2.0,2.0,1.0,1.0,1.0,2.0,2.0,4.0,6.0,5.0,4.0,5.0,5.0,4.0,4.0,SEKER
2.0,2.0,1.0,3.0,0.0,0.0,2.0,2.0,3.0,4.0,5.0,6.0,3.0,6.0,6.0,3.0,SEKER
2.0,2.0,1.0,2.0,0.0,0.0,2.0,2.0,5.0,5.0,6.0,6.0,4.0,5.0,6.0,6.0,SEKER
2.0,2.0,1.0,3.0,0.0,0.0,2.0,2.0,4.0,4.0,5.0,6.0,3.0,6.0,6.0,5.0,SEKER
2.0,2.0,1.0,3.0,0.0,0.0,2.0,2.0,3.0,4.0,6.0,6.0,3.0,6.0,6.0,4.0,SEKER
2.0,2.0,1.0,1.0,1.0,1.0,2.0,2.0,2.0,6.0,5.0,4.0,5.0,5.0,4.0,6.0,SEKER
2.0,2.0,1.0,1.0,1.0,1.0,2.0,2.0,3.0,6.0,6.0,4.0,5.0,5.0,4.0,5.0,SEKER
2.0,1.0,1.0,3.0,0.0,0.0,2.0,2.0,4.0,5.0,6.0,6.0,3.0,6.0,6.0,6.0,SEKER
2.0,2.0,1.0,3.0,0.0,0.0,2.0,2.0,4.0,3.0,5.0,6.0,2.0,6.0,6.0,6.0,SEKER
2.0,2.0,1.0,3.0,0.0,0.0,2.0,2.0,4.0,4.0,6.0,6.0,3.0,6.0,6.0,4.0,SEKER
2.0,2.0,1.0,2.0,0.0,0.0,2.0,2.0,4.0,4.0,6.0,6.0,4.0,5.0,6.0,5.0,SEKER
2.0,2.0,1.0,2.0,1.0,1.0,2.0,2.0,4.0,6.0,6.0,4.0,4.0,5.0,4.0,6.0,SEKER
2.0,2.0,1.0,3.0,0.0,0.0,2.0,2.0,4.0,6.0,6.0,6.0,3.0,6.0,6.0,6.0,SEKER
2.0,2.0,1.0,2.0,0.0,0.0,2.0,2.0,4.0,6.0,6.0,5.0,4.0,5.0,5.0,4.0,SEKER
2.0,1.0,1.0,3.0,0.0,0.0,2.0,2.0,4.0,6.0,6.0,6.0,3.0,6.0,6.0,4.0,SEKER
2.0,2.0,2.0,1.0,1.0,1.0,2.0,2.0,4.0,4.0,5.0,4.0,5.0,5.0,4.0,5.0,SEKER
2.0,2.0,1.0,2.0,0.0,0.0,2.0,2.0,4.0,6.0,6.0,5.0,4.0,5.0,5.0,5.0,SEKER
2.0,1.0,1.0,2.0,0.0,0.0,2.0,2.0,4.0,6.0,6.0,6.0,4.0,6.0,6.0,5.0,SEKER
2.0,2.0,1.0,2.0,1.0,1.0,2.0,2.0,5.0,6.0,6.0,4.0,4.0,5.0,4.0,6.0,SEKER
2.0,2.0,1.0,2.0,0.0,0.0,2.0,2.0,4.0,6.0,6.0,6.0,4.0,5.0,6.0,6.0,SEKER
2.0,2.0,1.0,3.0,0.0,0.0,2.0,2.0,4.0,6.0,6.0,6.0,3.0,6.0,6.0,5.0,SEKER
2.0,2.0,1.0,2.0,0.0,0.0,2.0,2.0,4.0,4.0,5.0,5.0,4.0,5.0,5.0,4.0,SEKER
2.0,2.0,1.0,3.0,0.0,0.0,2.0,2.0,4.0,6.0,6.0,6.0,3.0,6.0,6.0,6.0,SEKER
2.0,2.0,1.0,2.0,0.0,0.0,2.0,2.0,4.0,4.0,6.0,6.0,4.0,5.0,6.0,4.0,SEKER
2.0,2.0,1.0,2.0,0.0,0.0,2.0,2.0,4.0,6.0,6.0,6.0,4.0,5.0,6.0,4.0,SEKER
2.0,2.0,1.0,2.0,0.0,0.0,2.0,2.0,4.0,5.0,6.0,6.0,4.0,6.0,6.0,4.0,SEKER
2.0,2.0,1.0,3.0,0.0,0.0,2.0,2.0,4.0,4.0,5.0,6.0,3.0,6.0,6.0,5.0,SEKER
2.0,2.0,1.0,2.0,0.0,0.0,2.0,2.0,5.0,6.0,6.0,6.0,4.0,6.0,6.0,4.0,SEKER
2.0,2.0,1.0,2.0,0.0,0.0,2.0,2.0,4.0,4.0,6.0,6.0,4.0,5.0,6.0,4.0,SEKER
2.0,2.0,1.0,3.0,0.0,0.0,2.0,2.0,4.0,6.0,6.0,6.0,3.0,6.0,6.0,4.0,SEKER
2.0,2.0,1.0,2.0,0.0,0.0,2.0,2.0,4.0,5.0,6.0,6.0,4.0,5.0,6.0,5.0,SEKER
2.0,2.0,1.0,2.0,0.0,0.0,2.0,2.0,4.0,6.0,6.0,6.0,4.0,5.0,6.0,6.0,SEKER
2.0,2.0,1.0,2.0,0.0,0.0,2.0,2.0,4.0,5.0,6.0,5.0,4.0,5.0,5.0,4.0,SEKER
2.0,2.0,1.0,2.0,0.0,0.0,2.0,2.0,4.0,4.0,5.0,6.0,4.0,5.0,6.0,4.0,SEKER
2.0,2.0,1.0,3.0,0.0,0.0,2.0,2.0,4.0,4.0,5.0,6.0,3.0,6.0,6.0,5.0,SEKER
2.0,2.0,1.0,3.0,0.0,0.0,2.0,2.0,4.0,4.0,6.0,6.0,2.0,6.0,6.0,6.0,SEKER
2.0,2.0,1.0,2.0,0.0,0.0,2.0,2.0,4.0,5.0,5.0,5.0,4.0,5.0,5.0,6.0,SEKER
2.0,2.0,1.0,2.0,0.0,0.0,2.0,2.0,4.0,6.0,6.0,6.0,4.0,5.0,6.0,5.0,SEKER
2.0,1.0,1.0,3.0,0.0,0.0,2.0,2.0,4.0,6.0,6.0,6.0,3.0,6.0,6.0,5.0,SEKER
2.0,2.0,1.0,2.0,0.0,0.0,2.0,2.0,4.0,6.0,6.0,5.0,4.0,5.0,5.0,6.0,SEKER
2.0,2.0,1.0,2.0,0.0,0.0,2.0,2.0,4.0,4.0,5.0,6.0,4.0,5.0,6.0,4.0,SEKER
2.0,2.0,1.0,2.0,1.0,1.0,2.0,2.0,4.0,5.0,6.0,4.0,4.0,5.0,4.0,6.0,SEKER
2.0,2.0,1.0,2.0,0.0,0.0,2.0,2.0,4.0,4.0,5.0,5.0,4.0,5.0,5.0,6.0,SEKER
2.0,2.0,1.0,2.0,0.0,0.0,2.0,2.0,5.0,4.0,6.0,6.0,4.0,5.0,6.0,4.0,SEKER
2.0,2.0,1.0,4.0,0.0,0.0,2.0,2.0,4.0,4.0,5.0,6.0,2.0,6.0,6.0,5.0,SEKER
2.0,2.0,2.0,1.0,1.0,1.0,2.0,2.0,2.0,5.0,5.0,4.0,5.0,5.0,4.0,4.0,SEKER
2.0,2.0,1.0,2.0,0.0,0.0,2.0,2.0,4.0,5.0,6.0,6.0,4.0,5.0,6.0,5.0,SEKER
2.0,2.0,1.0,2.0,0.0,0.0,2.0,2.0,4.0,6.0,6.0,6.0,4.0,5.0,6.0,5.0,SEKER
2.0,2.0,1.0,2.0,0.0,0.0,2.0,2.0,4.0,4.0,6.0,6.0,4.0,5.0,6.0,4.0,SEKER
2.0,2.0,1.0,3.0,0.0,0.0,2.0,2.0,4.0,4.0,6.0,6.0,2.0,6.0,6.0,6.0,SEKER
2.0,2.0,2.0,1.0,1.0,1.0,2.0,2.0,1.0,6.0,5.0,4.0,5.0,5.0,4.0,4.0,SEKER
2.0,2.0,1.0,2.0,1.0,1.0,2.0,2.0,4.0,6.0,6.0,4.0,4.0,5.0,4.0,5.0,SEKER
2.0,2.0,1.0,2.0,0.0,0.0,2.0,2.0,4.0,5.0,6.0,6.0,3.0,6.0,6.0,5.0,SEKER
2.0,2.0,1.0,3.0,0.0,0.0,2.0,2.0,4.0,6.0,6.0,6.0,3.0,6.0,6.0,5.0,SEKER
2.0,2.0,1.0,2.0,0.0,0.0,2.0,2.0,3.0,4.0,5.0,6.0,4.0,5.0,6.0,4.0,SEKER
2.0,2.0,1.0,2.0,0.0,0.0,2.0,2.0,4.0,4.0,6.0,6.0,4.0,5.0,6.0,6.0,SEKER
2.0,2.0,1.0,2.0,1.0,1.0,2.0,2.0,4.0,4.0,5.0,4.0,4.0,5.0,4.0,4.0,SEKER
2.0,2.0,1.0,2.0,1.0,1.0,2.0,2.0,4.0,6.0,5.0,4.0,4.0,5.0,4.0,6.0,SEKER
2.0,2.0,1.0,3.0,0.0,0.0,2.0,2.0,2.0,4.0,6.0,6.0,3.0,6.0,6.0,4.0,SEKER
2.0,2.0,1.0,2.0,0.0,0.0,2.0,2.0,4.0,4.0,5.0,5.0,4.0,5.0,5.0,3.0,SEKER
2.0,2.0,1.0,2.0,0.0,0.0,2.0,2.0,4.0,6.0,6.0,6.0,4.0,5.0,6.0,5.0,SEKER
2.0,2.0,1.0,2.0,0.0,0.0,2.0,2.0,4.0,6.0,6.0,5.0,4.0,5.0,5.0,6.0,SEKER
2.0,2.0,1.0,2.0,1.0,1.0,2.0,2.0,2.0,5.0,5.0,4.0,4.0,5.0,4.0,6.0,SEKER
2.0,2.0,1.0,3.0,0.0,0.0,2.0,2.0,4.0,5.0,6.0,6.0,3.0,6.0,6.0,6.0,SEKER
2.0,2.0,1.0,2.0,1.0,1.0,2.0,2.0,4.0,6.0,6.0,4.0,4.0,5.0,4.0,6.0,SEKER
2.0,2.0,1.0,2.0,1.0,1.0,2.0,2.0,4.0,4.0,1.0,4.0,4.0,5.0,4.0,4.0,SEKER
2.0,2.0,1.0,2.0,0.0,0.0,2.0,2.0,4.0,6.0,6.0,5.0,4.0,5.0,5.0,4.0,SEKER
2.0,2.0,1.0,3.0,0.0,0.0,2.0,2.0,4.0,4.0,5.0,6.0,3.0,6.0,6.0,4.0,SEKER
2.0,2.0,1.0,3.0,0.0,0.0,2.0,2.0,4.0,6.0,6.0,6.0,3.0,5.0,6.0,4.0,SEKER
2.0,2.0,1.0,2.0,0.0,0.0,2.0,2.0,4.0,5.0,6.0,6.0,4.0,5.0,6.0,6.0,SEKER
2.0,2.0,1.0,1.0,1.0,1.0,2.0,2.0,4.0,4.0,5.0,4.0,5.0,5.0,4.0,4.0,SEKER
2.0,2.0,1.0,2.0,1.0,1.0,2.0,2.0,2.0,3.0,5.0,4.0,4.0,5.0,4.0,4.0,SEKER
2.0,2.0,1.0,2.0,0.0,0.0,2.0,2.0,3.0,5.0,6.0,5.0,4.0,5.0,5.0,6.0,SEKER
2.0,2.0,1.0,3.0,0.0,0.0,2.0,2.0,5.0,4.0,5.0,6.0,3.0,6.0,6.0,5.0,SEKER
2.0,2.0,1.0,3.0,0.0,0.0,2.0,2.0,3.0,6.0,6.0,6.0,3.0,6.0,6.0,4.0,SEKER
2.0,2.0,1.0,2.0,0.0,0.0,2.0,2.0,4.0,4.0,6.0,5.0,4.0,5.0,5.0,6.0,SEKER
2.0,2.0,1.0,3.0,0.0,0.0,2.0,2.0,4.0,4.0,5.0,6.0,3.0,6.0,6.0,6.0,SEKER
2.0,2.0,1.0,2.0,1.0,1.0,2.0,2.0,4.0,6.0,6.0,4.0,4.0,5.0,4.0,4.0,SEKER
2.0,2.0,1.0,2.0,0.0,0.0,2.0,2.0,4.0,6.0,6.0,6.0,4.0,5.0,6.0,6.0,SEKER
2.0,2.0,1.0,2.0,0.0,0.0,2.0,2.0,4.0,6.0,6.0,6.0,4.0,5.0,6.0,5.0,SEKER
2.0,2.0,2.0,1.0,1.0,1.0,2.0,2.0,4.0,4.0,5.0,4.0,5.0,5.0,4.0,6.0,SEKER
2.0,2.0,1.0,2.0,0.0,0.0,2.0,2.0,4.0,5.0,6.0,5.0,4.0,5.0,5.0,4.0,SEKER
2.0,2.0,1.0,2.0,0.0,0.0,2.0,2.0,5.0,6.0,6.0,5.0,4.0,5.0,5.0,4.0,SEKER
2.0,2.0,1.0,2.0,0.0,0.0,2.0,2.0,4.0,6.0,6.0,5.0,4.0,5.0,5.0,6.0,SEKER
2.0,2.0,1.0,2.0,1.0,1.0,2.0,2.0,2.0,5.0,6.0,4.0,4.0,5.0,4.0,4.0,SEKER
2.0,2.0,1.0,2.0,1.0,1.0,2.0,2.0,4.0,6.0,6.0,5.0,4.0,5.0,5.0,4.0,SEKER
2.0,2.0,1.0,3.0,0.0,0.0,2.0,2.0,5.0,6.0,6.0,6.0,3.0,5.0,6.0,6.0,SEKER
2.0,2.0,1.0,3.0,0.0,0.0,2.0,2.0,4.0,6.0,6.0,6.0,3.0,6.0,6.0,6.0,SEKER
2.0,2.0,1.0,3.0,0.0,0.0,2.0,2.0,4.0,5.0,6.0,6.0,3.0,6.0,6.0,6.0,SEKER
2.0,2.0,3.0,1.0,1.0,1.0,2.0,2.0,4.0,4.0,5.0,4.0,5.0,4.0,4.0,4.0,SEKER
2.0,2.0,1.0,2.0,0.0,0.0,2.0,2.0,4.0,6.0,6.0,6.0,4.0,5.0,6.0,5.0,SEKER
2.0,2.0,1.0,2.0,1.0,1.0,2.0,2.0,4.0,6.0,6.0,4.0,4.0,5.0,4.0,6.0,SEKER
2.0,2.0,1.0,3.0,0.0,0.0,2.0,2.0,4.0,4.0,6.0,6.0,3.0,6.0,6.0,6.0,SEKER
2.0,2.0,1.0,3.0,0.0,0.0,2.0,2.0,4.0,4.0,6.0,6.0,3.0,6.0,6.0,4.0,SEKER
2.0,2.0,1.0,3.0,0.0,0.0,2.0,2.0,4.0,5.0,6.0,6.0,3.0,6.0,6.0,5.0,SEKER
2.0,2.0,1.0,4.0,0.0,0.0,2.0,2.0,4.0,2.0,5.0,6.0,2.0,6.0,6.0,5.0,SEKER
2.0,2.0,1.0,3.0,0.0,0.0,2.0,2.0,3.0,6.0,6.0,6.0,3.0,5.0,6.0,3.0,SEKER
2.0,2.0,1.0,2.0,1.0,1.0,2.0,2.0,4.0,4.0,5.0,4.0,4.0,5.0,4.0,6.0,SEKER
2.0,2.0,3.0,1.0,2.0,2.0,2.0,2.0,2.0,4.0,5.0,3.0,5.0,4.0,3.0,4.0,SEKER
2.0,2.0,2.0,1.0,1.0,1.0,2.0,2.0,4.0,5.0,5.0,4.0,5.0,5.0,4.0,6.0,SEKER
2.0,2.0,1.0,3.0,0.0,0.0,2.0,2.0,5.0,4.0,6.0,6.0,3.0,5.0,6.0,4.0,SEKER
2.0,2.0,1.0,3.0,0.0,0.0,2.0,2.0,4.0,6.0,6.0,6.0,3.0,6.0,6.0,5.0,SEKER
2.0,2.0,1.0,2.0,0.0,0.0,2.0,2.0,3.0,6.0,6.0,6.0,4.0,5.0,6.0,6.0,SEKER
2.0,2.0,1.0,3.0,0.0,0.0,2.0,2.0,4.0,6.0,6.0,6.0,3.0,6.0,6.0,6.0,SEKER
2.0,2.0,1.0,3.0,0.0,0.0,2.0,2.0,4.0,4.0,5.0,6.0,3.0,6.0,6.0,5.0,SEKER
2.0,2.0,1.0,2.0,0.0,0.0,2.0,2.0,4.0,6.0,6.0,6.0,3.0,5.0,6.0,6.0,SEKER
2.0,2.0,1.0,2.0,1.0,1.0,2.0,2.0,4.0,6.0,6.0,4.0,4.0,5.0,4.0,4.0,SEKER
2.0,2.0,1.0,3.0,0.0,0.0,2.0,2.0,4.0,5.0,6.0,6.0,3.0,5.0,6.0,6.0,SEKER
2.0,2.0,1.0,3.0,0.0,0.0,2.0,2.0,4.0,6.0,6.0,6.0,3.0,6.0,6.0,5.0,SEKER
2.0,2.0,1.0,2.0,0.0,0.0,2.0,2.0,2.0,2.0,4.0,6.0,4.0,5.0,6.0,3.0,SEKER
2.0,2.0,1.0,2.0,0.0,0.0,2.0,2.0,4.0,6.0,6.0,5.0,4.0,5.0,5.0,4.0,SEKER
2.0,2.0,1.0,3.0,0.0,0.0,2.0,2.0,4.0,6.0,6.0,6.0,3.0,6.0,6.0,4.0,SEKER
2.0,2.0,1.0,2.0,0.0,0.0,2.0,2.0,4.0,6.0,6.0,6.0,4.0,5.0,6.0,6.0,SEKER
2.0,2.0,1.0,3.0,0.0,0.0,2.0,2.0,4.0,4.0,6.0,6.0,3.0,6.0,6.0,5.0,SEKER
2.0,2.0,1.0,2.0,0.0,0.0,2.0,2.0,4.0,5.0,6.0,5.0,4.0,5.0,5.0,5.0,SEKER
2.0,2.0,1.0,3.0,0.0,0.0,2.0,2.0,4.0,4.0,6.0,6.0,3.0,6.0,6.0,6.0,SEKER
2.0,2.0,1.0,3.0,0.0,0.0,2.0,2.0,5.0,6.0,6.0,6.0,3.0,6.0,6.0,5.0,SEKER
2.0,2.0,1.0,3.0,0.0,0.0,2.0,2.0,4.0,5.0,6.0,6.0,3.0,5.0,6.0,5.0,SEKER
2.0,2.0,1.0,2.0,0.0,0.0,2.0,2.0,4.0,6.0,6.0,6.0,4.0,5.0,6.0,5.0,SEKER
2.0,2.0,1.0,3.0,0.0,0.0,2.0,2.0,4.0,6.0,6.0,6.0,3.0,6.0,6.0,4.0,SEKER
2.0,2.0,1.0,2.0,0.0,0.0,2.0,2.0,3.0,4.0,5.0,6.0,4.0,5.0,6.0,4.0,SEKER
2.0,2.0,1.0,3.0,0.0,0.0,2.0,2.0,4.0,4.0,5.0,6.0,3.0,6.0,6.0,4.0,SEKER
2.0,2.0,1.0,2.0,0.0,0.0,2.0,2.0,4.0,5.0,6.0,6.0,4.0,5.0,6.0,6.0,SEKER
2.0,2.0,1.0,2.0,0.0,0.0,2.0,2.0,4.0,6.0,6.0,6.0,4.0,5.0,6.0,4.0,SEKER
2.0,2.0,1.0,2.0,0.0,0.0,2.0,2.0,4.0,4.0,5.0,6.0,4.0,5.0,6.0,5.0,SEKER
2.0,2.0,1.0,2.0,0.0,0.0,2.0,2.0,4.0,6.0,6.0,6.0,4.0,5.0,6.0,4.0,SEKER
2.0,2.0,2.0,1.0,1.0,1.0,2.0,2.0,2.0,4.0,5.0,4.0,5.0,5.0,4.0,5.0,SEKER
2.0,2.0,2.0,1.0,1.0,1.0,2.0,2.0,4.0,6.0,5.0,4.0,5.0,5.0,4.0,6.0,SEKER
2.0,2.0,1.0,2.0,1.0,1.0,2.0,2.0,4.0,6.0,6.0,4.0,4.0,5.0,4.0,6.0,SEKER
2.0,2.0,1.0,2.0,0.0,0.0,2.0,2.0,4.0,4.0,5.0,5.0,4.0,5.0,5.0,6.0,SEKER
2.0,2.0,1.0,2.0,0.0,0.0,2.0,2.0,4.0,4.0,5.0,5.0,4.0,5.0,5.0,4.0,SEKER
2.0,2.0,1.0,3.0,0.0,0.0,2.0,2.0,4.0,4.0,6.0,6.0,3.0,6.0,6.0,4.0,SEKER
2.0,2.0,1.0,2.0,0.0,0.0,2.0,2.0,4.0,4.0,5.0,5.0,4.0,5.0,5.0,6.0,SEKER
2.0,2.0,1.0,3.0,0.0,0.0,2.0,2.0,4.0,4.0,6.0,6.0,3.0,5.0,6.0,4.0,SEKER
2.0,2.0,1.0,3.0,0.0,0.0,2.0,2.0,4.0,6.0,6.0,6.0,3.0,5.0,6.0,6.0,SEKER
2.0,2.0,1.0,3.0,0.0,0.0,2.0,2.0,4.0,4.0,6.0,6.0,3.0,6.0,6.0,6.0,SEKER
2.0,2.0,1.0,4.0,0.0,0.0,2.0,2.0,4.0,6.0,6.0,6.0,2.0,6.0,6.0,6.0,SEKER
2.0,2.0,1.0,2.0,0.0,0.0,2.0,2.0,4.0,5.0,6.0,6.0,4.0,5.0,6.0,4.0,SEKER
2.0,2.0,1.0,4.0,0.0,0.0,2.0,2.0,4.0,4.0,6.0,6.0,2.0,6.0,6.0,6.0,SEKER
2.0,2.0,1.0,2.0,1.0,1.0,2.0,2.0,4.0,5.0,6.0,5.0,4.0,5.0,5.0,4.0,SEKER
2.0,2.0,3.0,1.0,1.0,1.0,2.0,2.0,2.0,6.0,5.0,4.0,5.0,5.0,4.0,5.0,SEKER
2.0,2.0,2.0,1.0,1.0,1.0,2.0,2.0,4.0,6.0,5.0,4.0,5.0,5.0,4.0,6.0,SEKER
2.0,2.0,1.0,3.0,0.0,0.0,2.0,2.0,4.0,5.0,6.0,6.0,3.0,5.0,6.0,4.0,SEKER
2.0,2.0,1.0,3.0,0.0,0.0,2.0,2.0,4.0,6.0,6.0,6.0,3.0,5.0,6.0,6.0,SEKER
2.0,2.0,2.0,1.0,1.0,1.0,2.0,2.0,4.0,4.0,4.0,4.0,5.0,5.0,4.0,4.0,SEKER
2.0,2.0,1.0,2.0,0.0,0.0,2.0,2.0,4.0,4.0,6.0,6.0,4.0,5.0,6.0,5.0,SEKER
2.0,2.0,1.0,3.0,0.0,0.0,2.0,2.0,4.0,4.0,5.0,6.0,3.0,6.0,6.0,4.0,SEKER
2.0,2.0,1.0,2.0,0.0,0.0,2.0,2.0,2.0,4.0,5.0,5.0,4.0,5.0,5.0,4.0,SEKER
2.0,2.0,1.0,2.0,0.0,0.0,2.0,2.0,4.0,4.0,5.0,5.0,4.0,5.0,5.0,5.0,SEKER
2.0,2.0,1.0,3.0,0.0,0.0,2.0,2.0,4.0,4.0,6.0,6.0,3.0,6.0,6.0,6.0,SEKER
2.0,2.0,1.0,3.0,0.0,0.0,2.0,2.0,4.0,4.0,6.0,6.0,3.0,5.0,6.0,5.0,SEKER
2.0,2.0,1.0,2.0,0.0,0.0,2.0,2.0,5.0,3.0,5.0,6.0,4.0,5.0,6.0,4.0,SEKER
2.0,2.0,1.0,3.0,0.0,0.0,2.0,2.0,5.0,6.0,6.0,6.0,3.0,6.0,6.0,5.0,SEKER
2.0,2.0,1.0,3.0,0.0,0.0,2.0,2.0,4.0,4.0,5.0,6.0,3.0,5.0,6.0,4.0,SEKER
2.0,2.0,1.0,2.0,1.0,1.0,2.0,2.0,4.0,4.0,5.0,4.0,4.0,5.0,4.0,5.0,SEKER
2.0,2.0,1.0,2.0,0.0,0.0,2.0,2.0,4.0,5.0,5.0,5.0,4.0,5.0,5.0,6.0,SEKER
2.0,2.0,1.0,3.0,0.0,0.0,2.0,2.0,5.0,6.0,6.0,6.0,3.0,5.0,6.0,6.0,SEKER
2.0,2.0,1.0,3.0,0.0,0.0,2.0,2.0,4.0,5.0,6.0,6.0,3.0,6.0,6.0,5.0,SEKER
2.0,2.0,1.0,2.0,0.0,0.0,2.0,2.0,4.0,4.0,5.0,6.0,4.0,5.0,6.0,3.0,SEKER
2.0,2.0,1.0,3.0,0.0,0.0,2.0,2.0,4.0,5.0,6.0,6.0,3.0,6.0,6.0,6.0,SEKER
2.0,2.0,1.0,3.0,0.0,0.0,2.0,2.0,4.0,4.0,5.0,6.0,3.0,6.0,6.0,5.0,SEKER
2.0,2.0,1.0,3.0,0.0,0.0,2.0,2.0,4.0,4.0,6.0,6.0,3.0,5.0,6.0,6.0,SEKER
2.0,2.0,1.0,2.0,0.0,0.0,2.0,2.0,4.0,6.0,6.0,6.0,4.0,5.0,6.0,5.0,SEKER
2.0,2.0,1.0,3.0,0.0,0.0,2.0,2.0,4.0,4.0,6.0,6.0,2.0,6.0,6.0,6.0,SEKER
2.0,2.0,2.0,2.0,1.0,1.0,2.0,2.0,2.0,4.0,5.0,4.0,4.0,5.0,4.0,6.0,SEKER
2.0,2.0,1.0,3.0,0.0,0.0,2.0,2.0,4.0,6.0,6.0,6.0,3.0,5.0,6.0,4.0,SEKER
2.0,2.0,1.0,2.0,1.0,1.0,2.0,2.0,4.0,6.0,6.0,4.0,4.0,5.0,4.0,5.0,SEKER
2.0,2.0,1.0,3.0,0.0,0.0,2.0,2.0,4.0,6.0,6.0,6.0,3.0,5.0,6.0,5.0,SEKER
2.0,2.0,2.0,1.0,1.0,1.0,2.0,2.0,4.0,6.0,5.0,4.0,5.0,5.0,4.0,6.0,SEKER
2.0,2.0,1.0,2.0,0.0,0.0,2.0,2.0,4.0,3.0,5.0,5.0,4.0,5.0,5.0,5.0,SEKER
2.0,2.0,1.0,2.0,1.0,1.0,2.0,2.0,4.0,4.0,5.0,4.0,4.0,5.0,4.0,6.0,SEKER
2.0,2.0,1.0,2.0,1.0,1.0,2.0,2.0,2.0,6.0,6.0,4.0,4.0,5.0,4.0,4.0,SEKER
2.0,2.0,2.0,2.0,1.0,1.0,2.0,2.0,4.0,4.0,5.0,4.0,4.0,5.0,4.0,6.0,SEKER
2.0,2.0,3.0,1.0,2.0,2.0,2.0,2.0,3.0,5.0,5.0,3.0,5.0,3.0,3.0,4.0,SEKER
2.0,2.0,1.0,3.0,0.0,0.0,2.0,2.0,4.0,6.0,6.0,6.0,3.0,5.0,6.0,4.0,SEKER
2.0,2.0,1.0,2.0,0.0,0.0,2.0,2.0,5.0,5.0,6.0,5.0,4.0,5.0,5.0,4.0,SEKER
2.0,2.0,1.0,3.0,0.0,0.0,2.0,2.0,5.0,6.0,6.0,6.0,3.0,6.0,6.0,4.0,SEKER
2.0,2.0,1.0,2.0,1.0,1.0,2.0,2.0,2.0,4.0,6.0,4.0,4.0,5.0,4.0,4.0,SEKER
2.0,2.0,1.0,2.0,1.0,1.0,2.0,2.0,4.0,6.0,6.0,4.0,4.0,5.0,4.0,6.0,SEKER
2.0,2.0,1.0,2.0,0.0,0.0,2.0,2.0,4.0,5.0,6.0,5.0,4.0,5.0,5.0,4.0,SEKER
2.0,2.0,1.0,2.0,1.0,1.0,2.0,2.0,5.0,6.0,6.0,4.0,4.0,5.0,4.0,5.0,SEKER
2.0,2.0,1.0,3.0,0.0,0.0,2.0,2.0,4.0,5.0,6.0,6.0,3.0,6.0,6.0,4.0,SEKER
2.0,2.0,1.0,3.0,0.0,0.0,2.0,2.0,4.0,4.0,6.0,6.0,3.0,5.0,6.0,4.0,SEKER
2.0,2.0,1.0,4.0,0.0,0.0,2.0,2.0,4.0,4.0,6.0,6.0,2.0,6.0,6.0,5.0,SEKER
2.0,2.0,1.0,2.0,0.0,0.0,2.0,2.0,4.0,5.0,6.0,6.0,4.0,5.0,6.0,4.0,SEKER
2.0,2.0,2.0,2.0,1.0,1.0,2.0,2.0,4.0,4.0,3.0,4.0,4.0,5.0,4.0,4.0,SEKER
2.0,2.0,1.0,3.0,0.0,0.0,2.0,2.0,5.0,5.0,6.0,6.0,3.0,5.0,6.0,4.0,SEKER
2.0,2.0,1.0,3.0,0.0,0.0,2.0,2.0,4.0,4.0,6.0,6.0,3.0,6.0,6.0,6.0,SEKER
2.0,2.0,1.0,2.0,1.0,1.0,2.0,2.0,4.0,3.0,5.0,4.0,4.0,5.0,4.0,4.0,SEKER
2.0,2.0,1.0,3.0,0.0,0.0,2.0,2.0,3.0,4.0,6.0,6.0,3.0,5.0,6.0,4.0,SEKER
2.0,2.0,2.0,2.0,1.0,1.0,2.0,2.0,4.0,6.0,6.0,4.0,4.0,5.0,4.0,6.0,SEKER
2.0,2.0,1.0,3.0,0.0,0.0,2.0,2.0,5.0,5.0,6.0,6.0,3.0,5.0,6.0,4.0,SEKER
2.0,2.0,1.0,2.0,0.0,0.0,2.0,2.0,4.0,4.0,4.0,6.0,4.0,5.0,6.0,5.0,SEKER
2.0,2.0,1.0,3.0,0.0,0.0,2.0,2.0,5.0,4.0,6.0,6.0,3.0,5.0,6.0,4.0,SEKER
2.0,2.0,2.0,1.0,1.0,1.0,2.0,2.0,5.0,5.0,5.0,4.0,5.0,5.0,4.0,5.0,SEKER
2.0,2.0,2.0,2.0,1.0,1.0,2.0,2.0,4.0,6.0,6.0,4.0,4.0,5.0,4.0,5.0,SEKER
2.0,2.0,1.0,2.0,1.0,1.0,2.0,2.0,4.0,4.0,5.0,4.0,4.0,5.0,4.0,4.0,SEKER
2.0,2.0,1.0,2.0,0.0,0.0,2.0,2.0,4.0,4.0,5.0,6.0,4.0,5.0,6.0,6.0,SEKER
2.0,2.0,1.0,2.0,0.0,0.0,2.0,2.0,4.0,6.0,6.0,5.0,4.0,5.0,5.0,4.0,SEKER
2.0,2.0,1.0,2.0,0.0,0.0,2.0,2.0,4.0,4.0,5.0,5.0,4.0,5.0,5.0,6.0,SEKER
2.0,2.0,1.0,3.0,0.0,0.0,2.0,2.0,4.0,6.0,6.0,6.0,3.0,6.0,6.0,6.0,SEKER
2.0,2.0,1.0,2.0,0.0,0.0,2.0,2.0,5.0,5.0,6.0,5.0,4.0,5.0,5.0,4.0,SEKER
2.0,2.0,2.0,2.0,1.0,1.0,2.0,2.0,4.0,4.0,5.0,4.0,4.0,5.0,4.0,6.0,SEKER
2.0,2.0,1.0,2.0,0.0,0.0,2.0,2.0,4.0,4.0,5.0,5.0,4.0,5.0,5.0,4.0,SEKER
2.0,2.0,1.0,3.0,0.0,0.0,2.0,2.0,3.0,4.0,5.0,6.0,3.0,5.0,6.0,5.0,SEKER
2.0,2.0,2.0,2.0,1.0,1.0,2.0,2.0,5.0,5.0,5.0,4.0,4.0,5.0,4.0,4.0,SEKER
2.0,2.0,1.0,2.0,0.0,0.0,2.0,2.0,4.0,4.0,5.0,6.0,4.0,5.0,6.0,4.0,SEKER
2.0,2.0,1.0,2.0,0.0,0.0,2.0,2.0,4.0,5.0,5.0,6.0,4.0,5.0,6.0,4.0,SEKER
2.0,2.0,2.0,2.0,1.0,1.0,2.0,2.0,4.0,1.0,1.0,4.0,4.0,5.0,4.0,1.0,SEKER
2.0,2.0,1.0,3.0,0.0,0.0,2.0,2.0,4.0,3.0,5.0,6.0,3.0,5.0,6.0,5.0,SEKER
2.0,2.0,2.0,2.0,1.0,1.0,2.0,2.0,4.0,4.0,5.0,4.0,4.0,5.0,4.0,4.0,SEKER
2.0,2.0,1.0,3.0,0.0,0.0,2.0,2.0,4.0,5.0,6.0,6.0,3.0,5.0,6.0,4.0,SEKER
2.0,2.0,2.0,2.0,1.0,1.0,2.0,2.0,4.0,4.0,5.0,4.0,4.0,5.0,4.0,6.0,SEKER
2.0,2.0,1.0,2.0,0.0,0.0,2.0,2.0,4.0,6.0,6.0,5.0,4.0,5.0,5.0,6.0,SEKER
2.0,2.0,1.0,3.0,0.0,0.0,2.0,2.0,4.0,4.0,5.0,6.0,3.0,5.0,6.0,4.0,SEKER
2.0,2.0,1.0,3.0,0.0,0.0,2.0,2.0,2.0,4.0,5.0,6.0,3.0,5.0,6.0,6.0,SEKER
2.0,2.0,1.0,3.0,0.0,0.0,2.0,2.0,4.0,4.0,6.0,6.0,2.0,6.0,6.0,6.0,SEKER
2.0,2.0,1.0,3.0,0.0,0.0,2.0,2.0,4.0,6.0,6.0,6.0,3.0,6.0,6.0,5.0,SEKER
2.0,2.0,1.0,2.0,0.0,0.0,2.0,2.0,4.0,4.0,5.0,5.0,4.0,5.0,5.0,4.0,SEKER
2.0,2.0,1.0,3.0,0.0,0.0,2.0,2.0,4.0,6.0,6.0,6.0,2.0,6.0,6.0,6.0,SEKER
2.0,2.0,1.0,4.0,0.0,0.0,2.0,2.0,4.0,4.0,6.0,6.0,2.0,6.0,6.0,4.0,SEKER
2.0,2.0,1.0,2.0,0.0,0.0,2.0,2.0,4.0,6.0,6.0,6.0,3.0,5.0,6.0,5.0,SEKER
2.0,2.0,2.0,2.0,1.0,1.0,2.0,2.0,3.0,4.0,6.0,4.0,4.0,5.0,4.0,6.0,SEKER
2.0,2.0,1.0,2.0,1.0,1.0,2.0,2.0,4.0,6.0,6.0,4.0,4.0,5.0,4.0,4.0,SEKER
2.0,2.0,1.0,3.0,0.0,0.0,2.0,2.0,4.0,2.0,5.0,6.0,3.0,6.0,6.0,4.0,SEKER
2.0,2.0,1.0,3.0,0.0,0.0,2.0,2.0,4.0,6.0,6.0,6.0,3.0,5.0,6.0,6.0,SEKER
2.0,2.0,1.0,4.0,0.0,0.0,2.0,2.0,4.0,6.0,6.0,6.0,2.0,6.0,6.0,5.0,SEKER
2.0,2.0,1.0,2.0,0.0,0.0,2.0,2.0,4.0,4.0,5.0,5.0,4.0,5.0,5.0,6.0,SEKER
2.0,2.0,1.0,3.0,0.0,0.0,2.0,2.0,4.0,5.0,6.0,6.0,3.0,5.0,6.0,5.0,SEKER
2.0,2.0,1.0,3.0,0.0,0.0,2.0,2.0,4.0,6.0,6.0,6.0,2.0,6.0,6.0,5.0,SEKER
2.0,2.0,1.0,3.0,0.0,0.0,2.0,2.0,3.0,4.0,5.0,6.0,3.0,5.0,6.0,4.0,SEKER
2.0,2.0,1.0,2.0,0.0,0.0,2.0,2.0,4.0,6.0,6.0,6.0,4.0,5.0,6.0,6.0,SEKER
2.0,2.0,1.0,3.0,0.0,0.0,2.0,2.0,4.0,4.0,5.0,6.0,3.0,6.0,6.0,4.0,SEKER
2.0,2.0,1.0,3.0,0.0,0.0,2.0,2.0,4.0,6.0,6.0,6.0,3.0,5.0,6.0,4.0,SEKER
2.0,2.0,1.0,3.0,0.0,0.0,2.0,2.0,4.0,6.0,6.0,6.0,3.0,5.0,6.0,4.0,SEKER
2.0,2.0,1.0,3.0,0.0,0.0,2.0,2.0,4.0,6.0,6.0,6.0,3.0,5.0,6.0,4.0,SEKER
2.0,2.0,3.0,1.0,2.0,2.0,2.0,2.0,4.0,4.0,4.0,3.0,5.0,3.0,3.0,5.0,SEKER
2.0,2.0,1.0,2.0,1.0,1.0,2.0,2.0,4.0,2.0,3.0,4.0,4.0,5.0,4.0,4.0,SEKER
2.0,2.0,1.0,3.0,0.0,0.0,2.0,2.0,4.0,6.0,6.0,6.0,3.0,5.0,6.0,4.0,SEKER
2.0,2.0,1.0,3.0,0.0,0.0,2.0,2.0,4.0,6.0,6.0,6.0,3.0,6.0,6.0,6.0,SEKER
2.0,2.0,1.0,3.0,0.0,0.0,2.0,2.0,4.0,6.0,6.0,6.0,2.0,6.0,6.0,6.0,SEKER
2.0,2.0,1.0,3.0,0.0,0.0,2.0,2.0,4.0,6.0,6.0,6.0,3.0,5.0,6.0,4.0,SEKER
2.0,2.0,3.0,1.0,1.0,1.0,2.0,2.0,5.0,4.0,5.0,4.0,5.0,5.0,4.0,4.0,SEKER
2.0,2.0,1.0,2.0,0.0,0.0,2.0,2.0,4.0,5.0,6.0,6.0,4.0,5.0,6.0,4.0,SEKER
2.0,2.0,1.0,4.0,0.0,0.0,2.0,2.0,4.0,4.0,5.0,6.0,2.0,6.0,6.0,4.0,SEKER
2.0,2.0,1.0,2.0,0.0,0.0,2.0,2.0,4.0,4.0,5.0,5.0,4.0,5.0,5.0,4.0,SEKER
2.0,2.0,1.0,3.0,0.0,0.0,2.0,2.0,4.0,6.0,6.0,6.0,3.0,5.0,6.0,4.0,SEKER
2.0,2.0,1.0,2.0,0.0,0.0,2.0,2.0,2.0,1.0,1.0,5.0,4.0,5.0,5.0,3.0,SEKER
2.0,2.0,1.0,4.0,0.0,0.0,2.0,2.0,4.0,4.0,3.0,6.0,2.0,6.0,6.0,4.0,SEKER
2.0,2.0,3.0,1.0,1.0,1.0,2.0,2.0,1.0,6.0,5.0,4.0,5.0,4.0,4.0,4.0,SEKER
2.0,2.0,1.0,3.0,0.0,0.0,2.0,2.0,4.0,4.0,5.0,6.0,3.0,5.0,6.0,3.0,SEKER
2.0,2.0,1.0,3.0,0.0,0.0,2.0,2.0,2.0,4.0,5.0,6.0,3.0,5.0,6.0,4.0,SEKER
2.0,2.0,3.0,1.0,1.0,1.0,2.0,2.0,4.0,6.0,5.0,4.0,5.0,4.0,4.0,4.0,SEKER
2.0,2.0,1.0,4.0,0.0,0.0,2.0,2.0,4.0,5.0,6.0,6.0,2.0,6.0,6.0,6.0,SEKER
2.0,2.0,1.0,3.0,0.0,0.0,2.0,2.0,4.0,5.0,6.0,6.0,3.0,5.0,6.0,6.0,SEKER
2.0,2.0,2.0,2.0,1.0,1.0,2.0,2.0,2.0,6.0,6.0,4.0,4.0,5.0,4.0,6.0,SEKER
2.0,2.0,1.0,3.0,0.0,0.0,2.0,2.0,4.0,4.0,5.0,6.0,3.0,5.0,6.0,5.0,SEKER
2.0,2.0,1.0,3.0,0.0,0.0,2.0,2.0,4.0,4.0,6.0,6.0,2.0,6.0,6.0,6.0,SEKER
2.0,2.0,1.0,3.0,0.0,0.0,2.0,2.0,4.0,4.0,5.0,6.0,3.0,5.0,6.0,4.0,SEKER
2.0,2.0,1.0,3.0,0.0,0.0,2.0,2.0,5.0,6.0,6.0,6.0,3.0,5.0,6.0,5.0,SEKER
2.0,2.0,1.0,3.0,0.0,0.0,2.0,2.0,4.0,4.0,6.0,6.0,2.0,6.0,6.0,5.0,SEKER
2.0,2.0,1.0,3.0,0.0,0.0,2.0,2.0,4.0,6.0,6.0,6.0,3.0,5.0,6.0,5.0,SEKER
2.0,2.0,1.0,3.0,0.0,0.0,2.0,2.0,4.0,5.0,6.0,6.0,3.0,5.0,6.0,6.0,SEKER
2.0,2.0,1.0,3.0,0.0,0.0,2.0,2.0,4.0,2.0,1.0,6.0,3.0,5.0,6.0,4.0,SEKER
2.0,2.0,1.0,2.0,0.0,0.0,2.0,2.0,3.0,6.0,6.0,5.0,4.0,5.0,5.0,4.0,SEKER
2.0,2.0,1.0,3.0,0.0,0.0,2.0,2.0,4.0,5.0,6.0,6.0,3.0,6.0,6.0,4.0,SEKER
2.0,2.0,1.0,3.0,0.0,0.0,2.0,2.0,4.0,4.0,5.0,6.0,3.0,5.0,6.0,6.0,SEKER
2.0,2.0,1.0,3.0,0.0,0.0,2.0,2.0,4.0,5.0,6.0,6.0,3.0,5.0,6.0,5.0,SEKER
2.0,2.0,1.0,2.0,0.0,0.0,2.0,2.0,4.0,3.0,2.0,5.0,4.0,5.0,5.0,4.0,SEKER
2.0,4.0,1.0,3.0,0.0,0.0,2.0,2.0,2.0,2.0,0.0,5.0,3.0,5.0,5.0,4.0,SEKER
2.0,2.0,1.0,4.0,0.0,0.0,2.0,2.0,5.0,6.0,6.0,6.0,2.0,6.0,6.0,4.0,SEKER
2.0,2.0,2.0,2.0,1.0,1.0,2.0,2.0,2.0,4.0,6.0,4.0,4.0,5.0,4.0,4.0,SEKER
2.0,2.0,1.0,3.0,0.0,0.0,2.0,2.0,4.0,5.0,6.0,6.0,3.0,5.0,6.0,4.0,SEKER
2.0,2.0,1.0,3.0,0.0,0.0,2.0,2.0,4.0,4.0,6.0,6.0,3.0,6.0,6.0,4.0,SEKER
2.0,2.0,1.0,3.0,0.0,0.0,2.0,2.0,5.0,6.0,6.0,6.0,3.0,5.0,6.0,5.0,SEKER
2.0,2.0,1.0,2.0,0.0,0.0,2.0,2.0,4.0,6.0,5.0,5.0,4.0,5.0,5.0,3.0,SEKER
2.0,2.0,1.0,3.0,0.0,0.0,2.0,2.0,4.0,6.0,6.0,5.0,4.0,5.0,5.0,2.0,SEKER
2.0,2.0,2.0,2.0,1.0,1.0,2.0,2.0,4.0,4.0,5.0,4.0,4.0,5.0,4.0,5.0,SEKER
2.0,2.0,1.0,3.0,0.0,0.0,2.0,2.0,4.0,6.0,6.0,6.0,3.0,5.0,6.0,6.0,SEKER
2.0,2.0,1.0,3.0,0.0,0.0,2.0,2.0,4.0,6.0,6.0,6.0,3.0,5.0,6.0,5.0,SEKER
2.0,2.0,2.0,2.0,1.0,1.0,2.0,2.0,3.0,5.0,6.0,4.0,4.0,5.0,4.0,5.0,SEKER
2.0,2.0,3.0,1.0,1.0,1.0,2.0,2.0,2.0,2.0,4.0,4.0,5.0,4.0,4.0,4.0,SEKER
2.0,2.0,1.0,3.0,0.0,0.0,2.0,2.0,4.0,4.0,6.0,6.0,3.0,5.0,6.0,5.0,SEKER
2.0,2.0,1.0,4.0,0.0,0.0,2.0,2.0,4.0,4.0,5.0,6.0,2.0,6.0,6.0,5.0,SEKER
2.0,2.0,1.0,3.0,0.0,0.0,2.0,2.0,4.0,6.0,6.0,6.0,3.0,5.0,6.0,4.0,SEKER
2.0,2.0,1.0,3.0,0.0,0.0,2.0,2.0,4.0,4.0,5.0,6.0,3.0,5.0,6.0,4.0,SEKER
2.0,2.0,1.0,3.0,0.0,0.0,2.0,2.0,4.0,6.0,6.0,6.0,2.0,6.0,6.0,6.0,SEKER
2.0,2.0,1.0,3.0,0.0,0.0,2.0,2.0,4.0,4.0,6.0,6.0,3.0,5.0,6.0,6.0,SEKER
2.0,2.0,1.0,4.0,0.0,0.0,2.0,2.0,4.0,6.0,6.0,6.0,2.0,6.0,6.0,5.0,SEKER
2.0,4.0,1.0,3.0,0.0,0.0,2.0,2.0,1.0,1.0,0.0,5.0,4.0,5.0,5.0,1.0,SEKER
2.0,2.0,1.0,3.0,0.0,0.0,2.0,2.0,4.0,5.0,6.0,5.0,3.0,5.0,5.0,6.0,SEKER
2.0,2.0,1.0,3.0,0.0,0.0,2.0,2.0,4.0,4.0,5.0,6.0,3.0,5.0,6.0,4.0,SEKER
2.0,2.0,1.0,2.0,0.0,0.0,2.0,2.0,4.0,6.0,6.0,5.0,4.0,5.0,5.0,4.0,SEKER
2.0,2.0,1.0,3.0,0.0,0.0,2.0,2.0,5.0,6.0,6.0,6.0,3.0,5.0,6.0,3.0,SEKER
2.0,2.0,1.0,2.0,0.0,0.0,2.0,2.0,4.0,6.0,6.0,5.0,4.0,5.0,5.0,4.0,SEKER
2.0,2.0,1.0,3.0,0.0,0.0,2.0,2.0,4.0,6.0,6.0,6.0,3.0,5.0,6.0,4.0,SEKER
2.0,2.0,2.0,2.0,1.0,1.0,2.0,2.0,2.0,6.0,6.0,4.0,4.0,5.0,4.0,4.0,SEKER
2.0,2.0,1.0,3.0,0.0,0.0,2.0,2.0,4.0,4.0,5.0,6.0,3.0,5.0,6.0,5.0,SEKER
2.0,2.0,2.0,2.0,1.0,1.0,2.0,2.0,4.0,6.0,6.0,4.0,4.0,5.0,4.0,5.0,SEKER
2.0,2.0,1.0,3.0,0.0,0.0,2.0,2.0,2.0,4.0,5.0,6.0,3.0,5.0,6.0,1.0,SEKER
2.0,2.0,2.0,2.0,0.0,0.0,2.0,2.0,4.0,5.0,6.0,5.0,4.0,5.0,5.0,6.0,SEKER
2.0,2.0,3.0,1.0,1.0,1.0,2.0,2.0,4.0,4.0,5.0,4.0,5.0,4.0,4.0,5.0,SEKER
2.0,2.0,1.0,3.0,0.0,0.0,2.0,2.0,4.0,6.0,6.0,6.0,2.0,6.0,6.0,6.0,SEKER
2.0,2.0,1.0,3.0,0.0,0.0,2.0,2.0,5.0,1.0,1.0,6.0,3.0,5.0,6.0,1.0,SEKER
2.0,2.0,1.0,3.0,0.0,0.0,2.0,2.0,4.0,5.0,6.0,5.0,3.0,5.0,5.0,4.0,SEKER
2.0,2.0,3.0,2.0,1.0,1.0,2.0,2.0,6.0,5.0,5.0,4.0,4.0,5.0,4.0,4.0,SEKER
2.0,2.0,1.0,3.0,0.0,0.0,2.0,2.0,2.0,2.0,5.0,6.0,3.0,5.0,6.0,4.0,SEKER
2.0,2.0,1.0,3.0,0.0,0.0,2.0,2.0,4.0,6.0,6.0,6.0,3.0,5.0,6.0,6.0,SEKER
2.0,2.0,1.0,3.0,0.0,0.0,2.0,2.0,4.0,4.0,5.0,6.0,3.0,5.0,6.0,5.0,SEKER
2.0,2.0,1.0,3.0,0.0,0.0,2.0,2.0,4.0,5.0,6.0,6.0,3.0,5.0,6.0,5.0,SEKER
2.0,2.0,1.0,3.0,0.0,0.0,2.0,2.0,4.0,4.0,6.0,6.0,3.0,5.0,6.0,4.0,SEKER
2.0,2.0,1.0,3.0,0.0,0.0,2.0,2.0,3.0,2.0,4.0,6.0,2.0,6.0,6.0,4.0,SEKER
2.0,2.0,2.0,2.0,1.0,1.0,2.0,2.0,4.0,4.0,6.0,4.0,4.0,5.0,4.0,6.0,SEKER
2.0,2.0,1.0,3.0,0.0,0.0,2.0,2.0,4.0,4.0,5.0,6.0,3.0,5.0,6.0,3.0,SEKER
2.0,2.0,1.0,3.0,0.0,0.0,2.0,2.0,4.0,5.0,6.0,6.0,3.0,5.0,6.0,4.0,SEKER
2.0,2.0,1.0,3.0,0.0,0.0,2.0,2.0,5.0,6.0,6.0,6.0,3.0,5.0,6.0,6.0,SEKER
2.0,2.0,1.0,3.0,0.0,0.0,2.0,2.0,4.0,5.0,6.0,6.0,3.0,5.0,6.0,4.0,SEKER
2.0,2.0,3.0,2.0,1.0,1.0,2.0,2.0,4.0,6.0,6.0,4.0,4.0,5.0,4.0,6.0,SEKER
2.0,2.0,1.0,3.0,0.0,0.0,2.0,2.0,5.0,4.0,5.0,6.0,3.0,5.0,6.0,5.0,SEKER
2.0,2.0,1.0,4.0,0.0,0.0,2.0,2.0,4.0,5.0,6.0,6.0,2.0,6.0,6.0,5.0,SEKER
2.0,2.0,1.0,3.0,0.0,0.0,2.0,2.0,4.0,6.0,6.0,6.0,3.0,5.0,6.0,5.0,SEKER
2.0,2.0,1.0,3.0,0.0,0.0,2.0,2.0,4.0,4.0,5.0,5.0,3.0,5.0,5.0,4.0,SEKER
2.0,2.0,1.0,4.0,0.0,0.0,2.0,2.0,4.0,6.0,6.0,6.0,2.0,6.0,6.0,4.0,SEKER
2.0,2.0,3.0,2.0,1.0,1.0,2.0,2.0,4.0,4.0,5.0,4.0,4.0,5.0,4.0,4.0,SEKER
2.0,2.0,1.0,3.0,0.0,0.0,2.0,2.0,4.0,5.0,6.0,5.0,3.0,5.0,5.0,4.0,SEKER
2.0,2.0,2.0,2.0,1.0,1.0,2.0,2.0,4.0,4.0,5.0,4.0,4.0,5.0,4.0,4.0,SEKER
2.0,2.0,1.0,3.0,0.0,0.0,2.0,2.0,4.0,5.0,6.0,6.0,3.0,5.0,6.0,5.0,SEKER
2.0,2.0,1.0,3.0,0.0,0.0,2.0,2.0,4.0,4.0,5.0,6.0,2.0,5.0,6.0,5.0,SEKER
2.0,2.0,1.0,3.0,0.0,0.0,2.0,2.0,4.0,4.0,6.0,6.0,2.0,5.0,6.0,6.0,SEKER
2.0,2.0,1.0,3.0,0.0,0.0,2.0,2.0,4.0,6.0,6.0,5.0,3.0,5.0,5.0,5.0,SEKER
2.0,2.0,1.0,4.0,0.0,0.0,2.0,2.0,4.0,5.0,6.0,6.0,2.0,6.0,6.0,6.0,SEKER
2.0,2.0,1.0,3.0,0.0,0.0,2.0,2.0,3.0,6.0,6.0,6.0,3.0,5.0,6.0,4.0,SEKER
2.0,2.0,1.0,3.0,0.0,0.0,2.0,2.0,3.0,4.0,6.0,6.0,3.0,5.0,6.0,4.0,SEKER
2.0,2.0,1.0,3.0,0.0,0.0,2.0,2.0,4.0,6.0,6.0,6.0,3.0,5.0,6.0,6.0,SEKER
2.0,2.0,3.0,1.0,1.0,1.0,2.0,2.0,2.0,5.0,5.0,4.0,5.0,4.0,4.0,4.0,SEKER
2.0,2.0,1.0,3.0,0.0,0.0,2.0,2.0,4.0,5.0,6.0,6.0,3.0,5.0,6.0,6.0,SEKER
2.0,2.0,1.0,3.0,0.0,0.0,2.0,2.0,5.0,6.0,6.0,6.0,3.0,5.0,6.0,4.0,SEKER
2.0,2.0,1.0,4.0,0.0,0.0,2.0,2.0,4.0,5.0,6.0,6.0,2.0,6.0,6.0,4.0,SEKER
2.0,2.0,2.0,3.0,0.0,0.0,2.0,2.0,3.0,6.0,6.0,5.0,3.0,5.0,5.0,6.0,SEKER
2.0,2.0,1.0,3.0,0.0,0.0,2.0,2.0,4.0,4.0,4.0,6.0,3.0,5.0,6.0,3.0,SEKER
2.0,2.0,1.0,3.0,0.0,0.0,2.0,2.0,4.0,5.0,6.0,6.0,3.0,5.0,6.0,5.0,SEKER
2.0,2.0,3.0,2.0,1.0,1.0,2.0,2.0,3.0,4.0,5.0,4.0,4.0,5.0,4.0,4.0,SEKER
2.0,2.0,2.0,2.0,1.0,1.0,2.0,2.0,4.0,6.0,6.0,4.0,4.0,5.0,4.0,6.0,SEKER
2.0,4.0,1.0,3.0,0.0,0.0,2.0,2.0,4.0,3.0,0.0,5.0,3.0,5.0,5.0,4.0,SEKER
2.0,2.0,1.0,4.0,0.0,0.0,2.0,2.0,4.0,6.0,6.0,6.0,2.0,6.0,6.0,6.0,SEKER
2.0,2.0,2.0,2.0,1.0,1.0,2.0,2.0,4.0,6.0,6.0,4.0,4.0,5.0,4.0,5.0,SEKER
2.0,2.0,1.0,3.0,0.0,0.0,2.0,2.0,4.0,4.0,5.0,6.0,3.0,5.0,6.0,5.0,SEKER
2.0,2.0,1.0,3.0,0.0,0.0,2.0,2.0,4.0,6.0,6.0,5.0,3.0,5.0,5.0,6.0,SEKER
2.0,2.0,1.0,3.0,0.0,0.0,2.0,2.0,4.0,4.0,5.0,6.0,3.0,5.0,6.0,4.0,SEKER
2.0,2.0,1.0,3.0,0.0,0.0,2.0,2.0,4.0,5.0,6.0,6.0,3.0,5.0,6.0,4.0,SEKER
2.0,2.0,1.0,4.0,0.0,0.0,2.0,2.0,4.0,4.0,6.0,6.0,2.0,6.0,6.0,6.0,SEKER
2.0,2.0,1.0,3.0,0.0,0.0,2.0,2.0,4.0,6.0,6.0,6.0,3.0,5.0,6.0,4.0,SEKER
2.0,2.0,1.0,3.0,0.0,0.0,2.0,2.0,3.0,4.0,5.0,6.0,3.0,5.0,6.0,4.0,SEKER
2.0,2.0,2.0,2.0,1.0,1.0,2.0,2.0,3.0,6.0,6.0,4.0,4.0,5.0,4.0,6.0,SEKER
2.0,2.0,1.0,4.0,0.0,0.0,2.0,2.0,4.0,3.0,4.0,6.0,2.0,6.0,6.0,6.0,SEKER
2.0,2.0,3.0,2.0,1.0,1.0,2.0,2.0,4.0,6.0,5.0,4.0,4.0,4.0,4.0,5.0,SEKER
2.0,2.0,1.0,3.0,0.0,0.0,2.0,2.0,5.0,6.0,6.0,6.0,3.0,5.0,6.0,6.0,SEKER
2.0,2.0,1.0,3.0,0.0,0.0,2.0,2.0,5.0,6.0,6.0,6.0,2.0,5.0,6.0,5.0,SEKER
2.0,2.0,1.0,3.0,0.0,0.0,2.0,2.0,4.0,6.0,6.0,6.0,3.0,5.0,6.0,6.0,SEKER
2.0,2.0,1.0,4.0,0.0,0.0,2.0,2.0,4.0,4.0,6.0,6.0,2.0,6.0,6.0,4.0,SEKER
2.0,2.0,3.0,2.0,1.0,1.0,2.0,2.0,4.0,4.0,5.0,4.0,4.0,5.0,4.0,6.0,SEKER
2.0,2.0,2.0,3.0,0.0,0.0,2.0,2.0,4.0,5.0,6.0,5.0,3.0,5.0,5.0,6.0,SEKER
2.0,2.0,2.0,2.0,1.0,1.0,2.0,2.0,2.0,5.0,6.0,4.0,4.0,5.0,4.0,4.0,SEKER
2.0,2.0,1.0,4.0,0.0,0.0,2.0,2.0,4.0,5.0,6.0,6.0,2.0,6.0,6.0,4.0,SEKER
2.0,2.0,2.0,3.0,0.0,0.0,2.0,2.0,4.0,6.0,6.0,5.0,3.0,5.0,5.0,3.0,SEKER
2.0,2.0,1.0,3.0,0.0,0.0,2.0,2.0,4.0,6.0,6.0,6.0,2.0,5.0,6.0,5.0,SEKER
2.0,2.0,1.0,4.0,0.0,0.0,2.0,2.0,4.0,5.0,6.0,6.0,2.0,6.0,6.0,4.0,SEKER
2.0,2.0,1.0,4.0,0.0,0.0,2.0,2.0,4.0,3.0,5.0,6.0,2.0,6.0,6.0,4.0,SEKER
2.0,2.0,1.0,3.0,0.0,0.0,2.0,2.0,4.0,4.0,6.0,6.0,3.0,5.0,6.0,5.0,SEKER
2.0,2.0,1.0,3.0,0.0,0.0,2.0,2.0,2.0,4.0,5.0,6.0,3.0,5.0,6.0,4.0,SEKER
2.0,2.0,3.0,2.0,1.0,1.0,2.0,2.0,4.0,4.0,5.0,4.0,4.0,5.0,4.0,5.0,SEKER
2.0,2.0,1.0,4.0,0.0,0.0,2.0,2.0,4.0,4.0,6.0,6.0,2.0,6.0,6.0,6.0,SEKER
2.0,2.0,1.0,3.0,0.0,0.0,2.0,2.0,4.0,6.0,6.0,6.0,3.0,5.0,6.0,4.0,SEKER
2.0,2.0,2.0,2.0,1.0,1.0,2.0,2.0,5.0,6.0,6.0,4.0,4.0,5.0,4.0,4.0,SEKER
2.0,2.0,1.0,3.0,0.0,0.0,2.0,2.0,4.0,4.0,6.0,6.0,3.0,5.0,6.0,3.0,SEKER
2.0,2.0,1.0,4.0,0.0,0.0,2.0,2.0,4.0,5.0,6.0,6.0,2.0,6.0,6.0,4.0,SEKER
2.0,2.0,2.0,3.0,1.0,1.0,2.0,2.0,4.0,5.0,6.0,4.0,3.0,5.0,4.0,4.0,SEKER
2.0,2.0,1.0,4.0,0.0,0.0,2.0,2.0,4.0,5.0,6.0,6.0,2.0,6.0,6.0,6.0,SEKER
2.0,2.0,2.0,2.0,1.0,1.0,2.0,2.0,2.0,4.0,4.0,4.0,4.0,5.0,4.0,4.0,SEKER
2.0,2.0,3.0,2.0,1.0,1.0,2.0,2.0,2.0,6.0,5.0,4.0,4.0,4.0,4.0,5.0,SEKER
2.0,2.0,2.0,3.0,0.0,0.0,2.0,2.0,4.0,4.0,5.0,5.0,3.0,5.0,5.0,4.0,SEKER
2.0,2.0,3.0,1.0,2.0,2.0,2.0,2.0,4.0,5.0,4.0,3.0,5.0,3.0,3.0,4.0,SEKER
2.0,2.0,1.0,3.0,0.0,0.0,2.0,2.0,4.0,6.0,6.0,6.0,2.0,5.0,6.0,5.0,SEKER
2.0,2.0,1.0,3.0,0.0,0.0,2.0,2.0,4.0,6.0,6.0,6.0,3.0,5.0,6.0,4.0,SEKER
2.0,2.0,3.0,2.0,1.0,1.0,2.0,2.0,4.0,6.0,6.0,4.0,4.0,5.0,4.0,4.0,SEKER
2.0,2.0,3.0,2.0,1.0,1.0,2.0,2.0,2.0,6.0,6.0,4.0,4.0,5.0,4.0,4.0,SEKER
2.0,2.0,1.0,3.0,0.0,0.0,2.0,2.0,4.0,5.0,6.0,6.0,3.0,5.0,6.0,4.0,SEKER
2.0,2.0,3.0,2.0,1.0,1.0,2.0,2.0,1.0,4.0,4.0,4.0,4.0,4.0,4.0,2.0,SEKER
2.0,2.0,2.0,3.0,0.0,0.0,2.0,2.0,4.0,6.0,6.0,5.0,3.0,5.0,5.0,6.0,SEKER
2.0,2.0,1.0,3.0,0.0,0.0,2.0,2.0,4.0,2.0,3.0,6.0,3.0,5.0,6.0,4.0,SEKER
2.0,2.0,2.0,3.0,0.0,0.0,2.0,2.0,4.0,6.0,6.0,5.0,3.0,5.0,5.0,6.0,SEKER
2.0,2.0,1.0,3.0,0.0,0.0,2.0,2.0,4.0,4.0,5.0,6.0,2.0,5.0,6.0,6.0,SEKER
2.0,2.0,1.0,4.0,0.0,0.0,2.0,2.0,4.0,4.0,5.0,6.0,2.0,6.0,6.0,6.0,SEKER
2.0,2.0,1.0,4.0,0.0,0.0,2.0,2.0,4.0,5.0,6.0,6.0,2.0,5.0,6.0,4.0,SEKER
2.0,2.0,1.0,3.0,0.0,0.0,2.0,2.0,4.0,6.0,6.0,6.0,3.0,5.0,6.0,4.0,SEKER
2.0,2.0,1.0,4.0,0.0,0.0,2.0,2.0,4.0,4.0,5.0,6.0,2.0,5.0,6.0,5.0,SEKER
2.0,2.0,2.0,3.0,0.0,0.0,2.0,2.0,3.0,5.0,6.0,6.0,3.0,5.0,6.0,5.0,SEKER
2.0,2.0,2.0,3.0,1.0,1.0,2.0,2.0,2.0,6.0,6.0,4.0,3.0,5.0,4.0,4.0,SEKER
2.0,2.0,2.0,3.0,0.0,0.0,2.0,2.0,3.0,4.0,6.0,6.0,3.0,5.0,6.0,4.0,SEKER
2.0,2.0,3.0,2.0,1.0,1.0,2.0,2.0,2.0,4.0,5.0,4.0,4.0,5.0,4.0,4.0,SEKER
2.0,2.0,1.0,3.0,0.0,0.0,2.0,2.0,4.0,6.0,6.0,6.0,3.0,5.0,6.0,5.0,SEKER
2.0,2.0,1.0,3.0,0.0,0.0,2.0,2.0,4.0,6.0,6.0,6.0,3.0,5.0,6.0,4.0,SEKER
2.0,2.0,1.0,4.0,0.0,0.0,2.0,2.0,4.0,5.0,6.0,6.0,2.0,5.0,6.0,6.0,SEKER
2.0,2.0,1.0,4.0,0.0,0.0,2.0,2.0,5.0,6.0,6.0,6.0,2.0,5.0,6.0,6.0,SEKER
2.0,2.0,3.0,2.0,1.0,1.0,2.0,2.0,2.0,4.0,3.0,4.0,4.0,4.0,4.0,3.0,SEKER
2.0,2.0,2.0,3.0,0.0,0.0,2.0,2.0,4.0,4.0,6.0,6.0,3.0,5.0,6.0,4.0,SEKER
2.0,2.0,2.0,3.0,1.0,1.0,2.0,2.0,2.0,5.0,6.0,4.0,3.0,5.0,4.0,4.0,SEKER
2.0,2.0,1.0,4.0,0.0,0.0,2.0,2.0,4.0,6.0,6.0,6.0,2.0,6.0,6.0,6.0,SEKER
2.0,2.0,3.0,2.0,1.0,1.0,2.0,2.0,4.0,4.0,5.0,4.0,4.0,5.0,4.0,4.0,SEKER
2.0,2.0,3.0,2.0,1.0,1.0,2.0,2.0,2.0,4.0,5.0,4.0,4.0,4.0,4.0,5.0,SEKER
2.0,2.0,1.0,3.0,0.0,0.0,2.0,2.0,4.0,6.0,6.0,6.0,3.0,5.0,6.0,5.0,SEKER
2.0,2.0,3.0,2.0,1.0,1.0,2.0,2.0,4.0,4.0,6.0,4.0,4.0,5.0,4.0,6.0,SEKER
2.0,2.0,2.0,3.0,0.0,0.0,2.0,2.0,4.0,6.0,6.0,5.0,3.0,5.0,5.0,5.0,SEKER
2.0,2.0,1.0,4.0,0.0,0.0,2.0,2.0,5.0,4.0,5.0,6.0,2.0,6.0,6.0,6.0,SEKER
2.0,2.0,1.0,4.0,0.0,0.0,2.0,2.0,5.0,3.0,5.0,6.0,2.0,6.0,6.0,5.0,SEKER
2.0,2.0,3.0,3.0,1.0,1.0,2.0,2.0,5.0,6.0,6.0,4.0,3.0,5.0,4.0,5.0,SEKER
2.0,2.0,2.0,3.0,0.0,0.0,2.0,2.0,4.0,5.0,6.0,6.0,3.0,5.0,6.0,5.0,SEKER
2.0,2.0,2.0,3.0,0.0,0.0,2.0,2.0,3.0,4.0,6.0,6.0,3.0,5.0,6.0,5.0,SEKER
2.0,2.0,1.0,3.0,0.0,0.0,2.0,2.0,4.0,3.0,1.0,6.0,3.0,5.0,6.0,4.0,SEKER
2.0,2.0,2.0,3.0,1.0,1.0,2.0,2.0,4.0,2.0,4.0,4.0,3.0,5.0,4.0,4.0,SEKER
2.0,2.0,1.0,4.0,0.0,0.0,2.0,2.0,4.0,6.0,6.0,6.0,2.0,5.0,6.0,4.0,SEKER
2.0,2.0,2.0,3.0,0.0,0.0,2.0,2.0,4.0,4.0,5.0,5.0,3.0,5.0,5.0,6.0,SEKER
2.0,2.0,1.0,4.0,0.0,0.0,2.0,2.0,3.0,4.0,5.0,6.0,2.0,5.0,6.0,4.0,SEKER
2.0,2.0,2.0,3.0,0.0,0.0,2.0,2.0,4.0,5.0,5.0,6.0,3.0,5.0,6.0,4.0,SEKER
2.0,2.0,2.0,3.0,0.0,0.0,2.0,2.0,5.0,3.0,5.0,5.0,3.0,5.0,5.0,4.0,SEKER
2.0,2.0,3.0,2.0,1.0,1.0,2.0,2.0,2.0,4.0,5.0,4.0,4.0,5.0,4.0,6.0,SEKER
2.0,2.0,1.0,4.0,0.0,0.0,2.0,2.0,4.0,5.0,6.0,6.0,2.0,5.0,6.0,6.0,SEKER
2.0,2.0,2.0,3.0,0.0,0.0,2.0,2.0,4.0,4.0,5.0,5.0,3.0,5.0,5.0,6.0,SEKER
2.0,2.0,2.0,3.0,0.0,0.0,2.0,2.0,3.0,6.0,6.0,5.0,3.0,5.0,5.0,5.0,SEKER
2.0,2.0,2.0,3.0,0.0,0.0,2.0,2.0,3.0,4.0,6.0,6.0,2.0,5.0,6.0,4.0,SEKER
2.0,2.0,2.0,3.0,0.0,0.0,2.0,2.0,5.0,6.0,6.0,6.0,2.0,5.0,6.0,6.0,SEKER
2.0,2.0,2.0,3.0,0.0,0.0,2.0,2.0,4.0,4.0,5.0,6.0,3.0,5.0,6.0,6.0,SEKER
2.0,2.0,2.0,3.0,0.0,0.0,2.0,2.0,4.0,4.0,5.0,5.0,3.0,5.0,5.0,6.0,SEKER
2.0,2.0,2.0,3.0,0.0,0.0,2.0,2.0,4.0,6.0,6.0,6.0,3.0,5.0,6.0,4.0,SEKER
2.0,2.0,3.0,2.0,1.0,1.0,2.0,2.0,2.0,6.0,5.0,4.0,4.0,5.0,4.0,4.0,SEKER
2.0,2.0,2.0,3.0,0.0,0.0,2.0,2.0,4.0,4.0,5.0,5.0,3.0,5.0,5.0,6.0,SEKER
2.0,2.0,3.0,2.0,1.0,1.0,2.0,2.0,4.0,6.0,5.0,4.0,4.0,5.0,4.0,6.0,SEKER
2.0,2.0,1.0,4.0,0.0,0.0,2.0,2.0,4.0,5.0,6.0,6.0,2.0,5.0,6.0,4.0,SEKER
2.0,2.0,3.0,2.0,1.0,1.0,2.0,2.0,2.0,4.0,5.0,4.0,4.0,5.0,4.0,4.0,SEKER
2.0,2.0,3.0,2.0,1.0,1.0,2.0,2.0,2.0,4.0,4.0,4.0,4.0,4.0,4.0,6.0,SEKER
2.0,2.0,2.0,3.0,0.0,0.0,2.0,2.0,3.0,4.0,5.0,5.0,3.0,5.0,5.0,4.0,SEKER
2.0,2.0,3.0,2.0,1.0,1.0,2.0,2.0,5.0,4.0,5.0,4.0,4.0,5.0,4.0,6.0,SEKER
2.0,2.0,1.0,4.0,0.0,0.0,2.0,2.0,4.0,6.0,6.0,6.0,2.0,5.0,6.0,4.0,SEKER
2.0,4.0,2.0,3.0,0.0,0.0,2.0,2.0,2.0,2.0,0.0,5.0,3.0,5.0,5.0,4.0,SEKER
2.0,2.0,2.0,3.0,0.0,0.0,2.0,2.0,4.0,6.0,6.0,5.0,3.0,5.0,5.0,4.0,SEKER
2.0,2.0,3.0,3.0,1.0,1.0,2.0,2.0,2.0,3.0,5.0,5.0,3.0,5.0,5.0,6.0,SEKER
2.0,2.0,1.0,4.0,0.0,0.0,2.0,2.0,2.0,6.0,6.0,6.0,2.0,5.0,6.0,4.0,SEKER
2.0,2.0,3.0,2.0,1.0,1.0,2.0,2.0,5.0,4.0,5.0,4.0,4.0,4.0,4.0,6.0,SEKER
2.0,2.0,2.0,3.0,0.0,0.0,2.0,2.0,5.0,6.0,6.0,6.0,2.0,5.0,6.0,5.0,SEKER
2.0,2.0,2.0,4.0,0.0,0.0,2.0,2.0,4.0,6.0,6.0,6.0,2.0,5.0,6.0,6.0,SEKER
2.0,2.0,2.0,4.0,0.0,0.0,2.0,2.0,4.0,6.0,6.0,6.0,2.0,5.0,6.0,6.0,SEKER
2.0,2.0,1.0,4.0,0.0,0.0,2.0,2.0,4.0,4.0,5.0,6.0,2.0,5.0,6.0,4.0,SEKER
2.0,2.0,2.0,4.0,0.0,0.0,2.0,2.0,4.0,5.0,6.0,6.0,2.0,5.0,6.0,6.0,SEKER
2.0,2.0,3.0,1.0,2.0,2.0,2.0,2.0,4.0,6.0,5.0,3.0,5.0,3.0,3.0,6.0,SEKER
2.0,2.0,3.0,3.0,0.0,0.0,2.0,2.0,4.0,4.0,5.0,5.0,3.0,5.0,5.0,4.0,SEKER
2.0,2.0,3.0,3.0,1.0,1.0,2.0,2.0,4.0,5.0,6.0,4.0,3.0,5.0,4.0,5.0,SEKER
2.0,2.0,3.0,2.0,1.0,1.0,2.0,2.0,2.0,4.0,5.0,4.0,4.0,5.0,4.0,6.0,SEKER
2.0,2.0,3.0,2.0,1.0,1.0,2.0,2.0,2.0,4.0,5.0,4.0,4.0,4.0,4.0,5.0,SEKER
2.0,2.0,2.0,3.0,0.0,0.0,2.0,2.0,4.0,6.0,6.0,5.0,3.0,5.0,5.0,4.0,SEKER
2.0,2.0,1.0,4.0,0.0,0.0,2.0,2.0,4.0,4.0,6.0,6.0,2.0,6.0,6.0,6.0,SEKER
2.0,2.0,2.0,4.0,0.0,0.0,2.0,2.0,4.0,4.0,5.0,6.0,2.0,5.0,6.0,4.0,SEKER
2.0,2.0,1.0,4.0,0.0,0.0,2.0,2.0,3.0,4.0,4.0,6.0,2.0,5.0,6.0,5.0,SEKER
2.0,2.0,3.0,2.0,1.0,1.0,2.0,2.0,4.0,4.0,5.0,4.0,4.0,4.0,4.0,4.0,SEKER
2.0,2.0,3.0,3.0,1.0,1.0,2.0,2.0,2.0,6.0,6.0,4.0,3.0,5.0,4.0,6.0,SEKER
2.0,2.0,3.0,3.0,0.0,0.0,2.0,2.0,3.0,4.0,6.0,5.0,3.0,5.0,5.0,4.0,SEKER
2.0,4.0,3.0,3.0,1.0,1.0,2.0,2.0,2.0,1.0,1.0,4.0,3.0,5.0,4.0,4.0,SEKER
2.0,2.0,3.0,1.0,4.0,4.0,2.0,2.0,2.0,4.0,4.0,2.0,5.0,3.0,2.0,4.0,SEKER
2.0,2.0,2.0,4.0,0.0,0.0,2.0,2.0,2.0,3.0,5.0,6.0,2.0,5.0,6.0,4.0,SEKER
2.0,2.0,1.0,4.0,0.0,0.0,2.0,2.0,4.0,5.0,6.0,6.0,2.0,5.0,6.0,5.0,SEKER
2.0,2.0,2.0,4.0,0.0,0.0,2.0,2.0,5.0,6.0,6.0,6.0,2.0,5.0,6.0,5.0,SEKER
2.0,2.0,1.0,4.0,0.0,0.0,2.0,2.0,5.0,4.0,5.0,6.0,2.0,5.0,6.0,6.0,SEKER
2.0,2.0,3.0,3.0,1.0,1.0,2.0,2.0,2.0,4.0,5.0,4.0,3.0,5.0,4.0,4.0,SEKER
2.0,2.0,3.0,3.0,0.0,0.0,2.0,2.0,4.0,6.0,6.0,5.0,3.0,5.0,5.0,5.0,SEKER
2.0,2.0,1.0,4.0,0.0,0.0,2.0,2.0,4.0,3.0,4.0,6.0,2.0,5.0,6.0,4.0,SEKER
2.0,2.0,1.0,4.0,0.0,0.0,2.0,2.0,4.0,6.0,6.0,6.0,2.0,5.0,6.0,6.0,SEKER
2.0,2.0,2.0,4.0,0.0,0.0,2.0,2.0,4.0,6.0,6.0,6.0,2.0,5.0,6.0,6.0,SEKER
2.0,2.0,3.0,3.0,1.0,1.0,2.0,2.0,2.0,4.0,6.0,4.0,3.0,5.0,4.0,6.0,SEKER
2.0,2.0,3.0,3.0,1.0,1.0,2.0,2.0,4.0,4.0,5.0,4.0,3.0,5.0,4.0,6.0,SEKER
2.0,4.0,3.0,2.0,1.0,1.0,2.0,2.0,2.0,4.0,0.0,4.0,4.0,4.0,4.0,4.0,SEKER
2.0,2.0,2.0,4.0,0.0,0.0,2.0,2.0,4.0,6.0,6.0,6.0,2.0,5.0,6.0,6.0,SEKER
2.0,2.0,2.0,4.0,0.0,0.0,2.0,2.0,4.0,6.0,6.0,6.0,2.0,5.0,6.0,5.0,SEKER
2.0,2.0,3.0,3.0,0.0,0.0,2.0,2.0,4.0,6.0,6.0,5.0,2.0,5.0,5.0,6.0,SEKER
2.0,2.0,3.0,3.0,1.0,1.0,2.0,2.0,4.0,4.0,6.0,4.0,3.0,5.0,4.0,6.0,SEKER
2.0,2.0,2.0,4.0,0.0,0.0,2.0,2.0,4.0,6.0,6.0,6.0,2.0,5.0,6.0,6.0,SEKER
2.0,2.0,3.0,2.0,1.0,1.0,2.0,2.0,4.0,4.0,4.0,4.0,4.0,4.0,4.0,5.0,SEKER
2.0,2.0,2.0,4.0,0.0,0.0,2.0,2.0,4.0,6.0,6.0,6.0,2.0,5.0,6.0,5.0,SEKER
2.0,2.0,2.0,4.0,0.0,0.0,2.0,2.0,4.0,4.0,5.0,6.0,2.0,5.0,6.0,5.0,SEKER
2.0,2.0,2.0,4.0,0.0,0.0,2.0,2.0,5.0,6.0,6.0,6.0,2.0,5.0,6.0,5.0,SEKER
2.0,2.0,2.0,4.0,0.0,0.0,2.0,2.0,4.0,3.0,5.0,6.0,2.0,5.0,6.0,4.0,SEKER
2.0,2.0,3.0,3.0,1.0,1.0,2.0,2.0,2.0,6.0,5.0,4.0,3.0,4.0,4.0,5.0,SEKER
2.0,2.0,2.0,4.0,0.0,0.0,2.0,2.0,3.0,4.0,5.0,6.0,2.0,5.0,6.0,4.0,SEKER
2.0,2.0,3.0,4.0,0.0,0.0,2.0,2.0,4.0,4.0,5.0,5.0,2.0,5.0,5.0,5.0,SEKER
2.0,2.0,1.0,4.0,0.0,0.0,2.0,2.0,6.0,5.0,6.0,6.0,2.0,5.0,6.0,4.0,SEKER
2.0,2.0,3.0,4.0,0.0,0.0,2.0,2.0,4.0,4.0,5.0,6.0,2.0,5.0,6.0,5.0,SEKER
2.0,2.0,1.0,4.0,0.0,0.0,2.0,2.0,4.0,6.0,6.0,6.0,2.0,6.0,6.0,6.0,SEKER
2.0,2.0,2.0,4.0,0.0,0.0,2.0,2.0,4.0,4.0,5.0,6.0,2.0,5.0,6.0,5.0,SEKER
2.0,2.0,3.0,3.0,1.0,1.0,2.0,2.0,4.0,4.0,5.0,4.0,3.0,5.0,4.0,4.0,SEKER
2.0,2.0,3.0,4.0,0.0,0.0,2.0,2.0,4.0,6.0,6.0,5.0,2.0,5.0,5.0,5.0,SEKER
2.0,2.0,1.0,4.0,0.0,0.0,2.0,2.0,4.0,4.0,6.0,6.0,2.0,6.0,6.0,6.0,SEKER
2.0,2.0,3.0,3.0,1.0,1.0,2.0,2.0,4.0,4.0,5.0,4.0,3.0,4.0,4.0,5.0,SEKER
2.0,2.0,3.0,4.0,0.0,0.0,2.0,2.0,4.0,4.0,5.0,5.0,2.0,5.0,5.0,4.0,SEKER
2.0,2.0,3.0,3.0,1.0,1.0,2.0,2.0,4.0,4.0,5.0,4.0,2.0,5.0,4.0,4.0,SEKER
2.0,2.0,3.0,3.0,1.0,1.0,2.0,2.0,4.0,5.0,5.0,4.0,3.0,4.0,4.0,5.0,SEKER
2.0,2.0,2.0,4.0,0.0,0.0,2.0,2.0,4.0,5.0,6.0,6.0,2.0,5.0,6.0,5.0,SEKER
2.0,2.0,3.0,2.0,2.0,2.0,2.0,2.0,1.0,6.0,5.0,3.0,4.0,3.0,3.0,4.0,SEKER
2.0,2.0,3.0,4.0,0.0,0.0,2.0,2.0,5.0,4.0,5.0,6.0,2.0,5.0,6.0,5.0,SEKER
2.0,2.0,3.0,4.0,0.0,0.0,2.0,2.0,4.0,4.0,6.0,5.0,2.0,5.0,5.0,6.0,SEKER
2.0,3.0,3.0,4.0,0.0,0.0,2.0,2.0,4.0,2.0,3.0,6.0,2.0,5.0,6.0,4.0,SEKER
2.0,2.0,3.0,4.0,0.0,0.0,2.0,2.0,4.0,5.0,5.0,6.0,2.0,5.0,6.0,4.0,SEKER
2.0,2.0,3.0,3.0,1.0,1.0,2.0,2.0,4.0,6.0,6.0,4.0,3.0,5.0,4.0,4.0,SEKER
2.0,2.0,3.0,3.0,1.0,1.0,2.0,2.0,4.0,4.0,5.0,4.0,3.0,5.0,4.0,4.0,SEKER
2.0,2.0,3.0,4.0,0.0,0.0,2.0,2.0,3.0,4.0,5.0,6.0,2.0,5.0,6.0,4.0,SEKER
2.0,2.0,3.0,2.0,1.0,1.0,2.0,2.0,2.0,4.0,5.0,4.0,4.0,3.0,4.0,6.0,SEKER
2.0,2.0,3.0,4.0,0.0,0.0,2.0,2.0,4.0,4.0,5.0,5.0,2.0,5.0,5.0,4.0,SEKER
2.0,2.0,3.0,4.0,0.0,0.0,2.0,2.0,4.0,6.0,6.0,5.0,2.0,5.0,5.0,5.0,SEKER
2.0,2.0,3.0,1.0,3.0,3.0,2.0,2.0,4.0,4.0,4.0,2.0,5.0,3.0,2.0,3.0,SEKER
2.0,2.0,2.0,4.0,0.0,0.0,2.0,2.0,4.0,4.0,6.0,6.0,2.0,5.0,6.0,4.0,SEKER
2.0,2.0,3.0,3.0,1.0,1.0,2.0,2.0,2.0,4.0,5.0,4.0,3.0,4.0,4.0,4.0,SEKER
3.0,2.0,3.0,3.0,1.0,1.0,2.0,3.0,3.0,4.0,5.0,4.0,3.0,5.0,4.0,4.0,SEKER
3.0,2.0,3.0,4.0,0.0,0.0,2.0,3.0,4.0,2.0,4.0,5.0,2.0,5.0,5.0,4.0,SEKER
3.0,2.0,3.0,3.0,1.0,1.0,2.0,3.0,2.0,4.0,5.0,4.0,3.0,4.0,4.0,4.0,SEKER
3.0,2.0,3.0,3.0,1.0,1.0,2.0,3.0,4.0,4.0,5.0,4.0,2.0,5.0,4.0,5.0,SEKER
3.0,2.0,2.0,4.0,0.0,0.0,2.0,3.0,4.0,4.0,5.0,6.0,2.0,5.0,6.0,5.0,SEKER
3.0,2.0,3.0,4.0,0.0,0.0,2.0,3.0,4.0,6.0,6.0,5.0,2.0,5.0,5.0,6.0,SEKER
3.0,2.0,3.0,3.0,1.0,1.0,2.0,3.0,4.0,4.0,5.0,4.0,3.0,5.0,4.0,6.0,SEKER
3.0,2.0,3.0,4.0,1.0,1.0,2.0,3.0,2.0,5.0,5.0,4.0,2.0,5.0,4.0,3.0,SEKER
3.0,2.0,3.0,2.0,2.0,2.0,3.0,3.0,5.0,4.0,4.0,3.0,4.0,3.0,3.0,4.0,SEKER
3.0,3.0,3.0,3.0,1.0,1.0,3.0,3.0,3.0,3.0,3.0,4.0,3.0,5.0,4.0,4.0,SEKER
3.0,3.0,3.0,3.0,1.0,1.0,3.0,3.0,2.0,3.0,3.0,4.0,3.0,5.0,4.0,5.0,SEKER
3.0,2.0,3.0,4.0,1.0,1.0,3.0,3.0,4.0,6.0,6.0,4.0,2.0,5.0,4.0,4.0,SEKER
3.0,2.0,3.0,4.0,1.0,1.0,3.0,3.0,4.0,4.0,5.0,4.0,2.0,5.0,4.0,4.0,SEKER
3.0,2.0,3.0,4.0,0.0,0.0,3.0,3.0,2.0,4.0,5.0,5.0,2.0,5.0,5.0,4.0,SEKER
3.0,2.0,3.0,4.0,0.0,0.0,3.0,3.0,4.0,4.0,5.0,6.0,2.0,5.0,6.0,6.0,SEKER
3.0,2.0,3.0,3.0,1.0,1.0,3.0,3.0,5.0,5.0,5.0,4.0,3.0,3.0,4.0,4.0,SEKER
3.0,2.0,3.0,4.0,0.0,0.0,3.0,3.0,4.0,4.0,5.0,6.0,2.0,5.0,6.0,4.0,SEKER
3.0,2.0,2.0,4.0,0.0,0.0,3.0,3.0,4.0,4.0,5.0,6.0,2.0,5.0,6.0,4.0,SEKER
3.0,2.0,3.0,4.0,0.0,0.0,3.0,3.0,3.0,6.0,6.0,5.0,2.0,5.0,5.0,4.0,SEKER
3.0,2.0,3.0,3.0,1.0,1.0,3.0,3.0,5.0,6.0,6.0,4.0,3.0,4.0,4.0,5.0,SEKER
3.0,2.0,2.0,4.0,0.0,0.0,3.0,3.0,4.0,5.0,6.0,6.0,2.0,5.0,6.0,6.0,SEKER
3.0,2.0,3.0,4.0,0.0,0.0,3.0,3.0,4.0,6.0,6.0,5.0,2.0,5.0,5.0,6.0,SEKER
3.0,2.0,3.0,4.0,0.0,0.0,3.0,3.0,3.0,4.0,5.0,5.0,2.0,5.0,5.0,4.0,SEKER
3.0,2.0,3.0,3.0,1.0,1.0,3.0,3.0,4.0,4.0,5.0,4.0,2.0,4.0,4.0,5.0,SEKER
3.0,2.0,3.0,3.0,1.0,1.0,3.0,3.0,3.0,5.0,5.0,4.0,3.0,3.0,4.0,4.0,SEKER
3.0,2.0,3.0,4.0,0.0,0.0,3.0,3.0,4.0,6.0,6.0,5.0,2.0,5.0,5.0,6.0,SEKER
3.0,2.0,3.0,3.0,1.0,1.0,3.0,3.0,5.0,6.0,5.0,4.0,3.0,3.0,4.0,6.0,SEKER
3.0,2.0,3.0,4.0,0.0,0.0,3.0,3.0,4.0,5.0,6.0,5.0,2.0,5.0,5.0,6.0,SEKER
3.0,2.0,3.0,4.0,0.0,0.0,3.0,3.0,4.0,4.0,6.0,6.0,2.0,5.0,6.0,4.0,SEKER
3.0,2.0,2.0,4.0,0.0,0.0,3.0,3.0,4.0,6.0,6.0,6.0,2.0,5.0,6.0,6.0,SEKER
3.0,2.0,2.0,4.0,0.0,0.0,3.0,3.0,4.0,6.0,6.0,6.0,2.0,5.0,6.0,6.0,SEKER
3.0,2.0,3.0,4.0,0.0,0.0,3.0,3.0,4.0,4.0,5.0,6.0,2.0,5.0,6.0,6.0,SEKER
3.0,3.0,3.0,2.0,2.0,2.0,3.0,3.0,4.0,4.0,5.0,3.0,4.0,3.0,3.0,4.0,SEKER
3.0,3.0,3.0,3.0,2.0,2.0,3.0,3.0,4.0,4.0,4.0,3.0,3.0,3.0,3.0,4.0,SEKER
3.0,4.0,4.0,2.0,2.0,2.0,3.0,3.0,1.0,4.0,3.0,3.0,4.0,3.0,3.0,3.0,SEKER
3.0,2.0,3.0,4.0,0.0,0.0,3.0,3.0,4.0,4.0,5.0,6.0,2.0,5.0,6.0,4.0,SEKER
3.0,2.0,3.0,3.0,1.0,1.0,3.0,3.0,4.0,5.0,5.0,4.0,3.0,3.0,4.0,4.0,SEKER
3.0,2.0,3.0,4.0,0.0,0.0,3.0,3.0,4.0,6.0,6.0,6.0,2.0,5.0,6.0,4.0,SEKER
3.0,3.0,3.0,3.0,2.0,2.0,3.0,3.0,2.0,4.0,5.0,3.0,3.0,3.0,3.0,4.0,SEKER
3.0,2.0,3.0,4.0,0.0,0.0,3.0,3.0,4.0,6.0,6.0,6.0,2.0,5.0,6.0,4.0,SEKER
3.0,3.0,3.0,4.0,0.0,0.0,3.0,3.0,4.0,4.0,5.0,6.0,2.0,5.0,6.0,4.0,SEKER
3.0,3.0,4.0,2.0,2.0,2.0,3.0,3.0,4.0,5.0,5.0,3.0,4.0,3.0,3.0,4.0,SEKER
3.0,3.0,4.0,3.0,2.0,2.0,3.0,3.0,4.0,6.0,5.0,3.0,3.0,3.0,3.0,4.0,SEKER
3.0,4.0,3.0,4.0,0.0,0.0,4.0,3.0,4.0,2.0,4.0,6.0,2.0,5.0,6.0,4.0,SEKER
4.0,3.0,3.0,4.0,1.0,1.0,4.0,4.0,2.0,4.0,5.0,4.0,2.0,3.0,4.0,4.0,SEKER
4.0,3.0,3.0,4.0,1.0,1.0,4.0,4.0,4.0,4.0,5.0,4.0,2.0,3.0,4.0,4.0,SEKER
4.0,4.0,3.0,4.0,0.0,0.0,4.0,4.0,4.0,2.0,1.0,6.0,2.0,5.0,6.0,4.0,SEKER
4.0,3.0,3.0,4.0,1.0,1.0,4.0,4.0,4.0,5.0,5.0,4.0,2.0,4.0,4.0,5.0,SEKER
4.0,4.0,3.0,4.0,1.0,1.0,4.0,4.0,4.0,4.0,5.0,4.0,2.0,3.0,4.0,2.0,SEKER
4.0,4.0,4.0,3.0,2.0,2.0,4.0,4.0,4.0,6.0,4.0,3.0,3.0,3.0,3.0,6.0,SEKER
4.0,4.0,3.0,4.0,0.0,0.0,4.0,4.0,4.0,4.0,5.0,6.0,2.0,5.0,6.0,4.0,SEKER
4.0,4.0,3.0,5.0,0.0,0.0,4.0,4.0,4.0,6.0,6.0,6.0,1.0,5.0,6.0,4.0,SEKER
2.0,2.0,3.0,0.0,4.0,4.0,2.0,2.0,1.0,1.0,1.0,2.0,6.0,3.0,2.0,4.0,BARBUNYA
2.0,2.0,2.0,1.0,1.0,1.0,2.0,2.0,2.0,4.0,5.0,4.0,5.0,4.0,4.0,4.0,BARBUNYA
2.0,2.0,1.0,2.0,0.0,0.0,2.0,2.0,4.0,1.0,1.0,4.0,4.0,5.0,4.0,1.0,BARBUNYA
2.0,2.0,3.0,1.0,2.0,2.0,2.0,2.0,2.0,2.0,1.0,3.0,5.0,3.0,3.0,4.0,BARBUNYA
2.0,2.0,1.0,2.0,1.0,1.0,2.0,2.0,4.0,2.0,3.0,4.0,4.0,5.0,4.0,4.0,BARBUNYA
2.0,2.0,3.0,1.0,1.0,1.0,2.0,2.0,4.0,3.0,3.0,4.0,5.0,4.0,4.0,3.0,BARBUNYA
2.0,2.0,2.0,2.0,1.0,1.0,2.0,2.0,5.0,2.0,3.0,4.0,4.0,5.0,4.0,4.0,BARBUNYA
2.0,2.0,3.0,1.0,2.0,2.0,2.0,2.0,4.0,2.0,1.0,3.0,5.0,3.0,3.0,4.0,BARBUNYA
2.0,2.0,3.0,1.0,1.0,1.0,2.0,2.0,3.0,4.0,4.0,4.0,5.0,4.0,4.0,4.0,BARBUNYA
2.0,2.0,3.0,1.0,2.0,2.0,2.0,2.0,4.0,2.0,1.0,3.0,5.0,3.0,3.0,4.0,BARBUNYA
2.0,2.0,3.0,1.0,1.0,1.0,2.0,2.0,4.0,2.0,1.0,4.0,5.0,3.0,4.0,4.0,BARBUNYA
2.0,2.0,3.0,2.0,1.0,1.0,2.0,2.0,4.0,4.0,4.0,4.0,4.0,5.0,4.0,3.0,BARBUNYA
2.0,2.0,3.0,1.0,2.0,2.0,2.0,2.0,5.0,3.0,3.0,3.0,5.0,3.0,3.0,2.0,BARBUNYA
2.0,2.0,3.0,2.0,1.0,1.0,2.0,2.0,4.0,3.0,4.0,4.0,4.0,3.0,4.0,4.0,BARBUNYA
2.0,2.0,3.0,2.0,1.0,1.0,2.0,2.0,2.0,2.0,1.0,4.0,4.0,4.0,4.0,3.0,BARBUNYA
2.0,2.0,3.0,2.0,1.0,1.0,2.0,2.0,2.0,2.0,1.0,4.0,4.0,3.0,4.0,4.0,BARBUNYA
2.0,2.0,3.0,2.0,1.0,1.0,2.0,2.0,5.0,2.0,3.0,4.0,4.0,4.0,4.0,4.0,BARBUNYA
2.0,2.0,2.0,3.0,0.0,0.0,2.0,2.0,2.0,2.0,4.0,6.0,3.0,5.0,6.0,5.0,BARBUNYA
2.0,3.0,3.0,1.0,4.0,4.0,2.0,2.0,4.0,2.0,1.0,1.0,5.0,2.0,1.0,4.0,BARBUNYA
2.0,2.0,3.0,3.0,0.0,0.0,2.0,2.0,4.0,2.0,2.0,5.0,3.0,5.0,5.0,4.0,BARBUNYA
2.0,2.0,3.0,2.0,1.0,1.0,2.0,2.0,4.0,4.0,5.0,4.0,4.0,5.0,4.0,4.0,BARBUNYA
2.0,2.0,3.0,2.0,1.0,1.0,2.0,2.0,4.0,2.0,4.0,4.0,4.0,3.0,4.0,2.0,BARBUNYA
2.0,2.0,3.0,1.0,2.0,2.0,2.0,2.0,5.0,4.0,4.0,3.0,5.0,3.0,3.0,4.0,BARBUNYA
2.0,2.0,3.0,2.0,1.0,1.0,2.0,2.0,5.0,4.0,5.0,4.0,4.0,4.0,4.0,4.0,BARBUNYA
2.0,3.0,3.0,2.0,1.0,1.0,2.0,2.0,4.0,2.0,1.0,4.0,4.0,3.0,4.0,4.0,BARBUNYA
2.0,3.0,3.0,2.0,1.0,1.0,2.0,2.0,3.0,2.0,1.0,4.0,4.0,4.0,4.0,4.0,BARBUNYA
2.0,3.0,3.0,1.0,2.0,2.0,2.0,2.0,4.0,2.0,1.0,3.0,5.0,3.0,3.0,4.0,BARBUNYA
2.0,3.0,3.0,1.0,2.0,2.0,2.0,2.0,1.0,2.0,1.0,3.0,5.0,3.0,3.0,4.0,BARBUNYA
2.0,4.0,3.0,2.0,2.0,2.0,2.0,2.0,2.0,2.0,1.0,3.0,4.0,3.0,3.0,3.0,BARBUNYA
2.0,2.0,3.0,3.0,1.0,1.0,2.0,2.0,4.0,2.0,3.0,4.0,3.0,5.0,4.0,3.0,BARBUNYA
2.0,3.0,3.0,2.0,1.0,1.0,2.0,2.0,4.0,2.0,2.0,4.0,4.0,4.0,4.0,4.0,BARBUNYA
2.0,3.0,3.0,2.0,2.0,2.0,2.0,2.0,2.0,2.0,1.0,4.0,4.0,3.0,4.0,5.0,BARBUNYA
2.0,3.0,3.0,1.0,4.0,4.0,2.0,2.0,2.0,2.0,2.0,1.0,5.0,2.0,1.0,2.0,BARBUNYA
2.0,3.0,3.0,3.0,1.0,1.0,2.0,2.0,5.0,2.0,3.0,4.0,3.0,4.0,4.0,3.0,BARBUNYA
2.0,3.0,3.0,2.0,2.0,2.0,2.0,2.0,2.0,2.0,1.0,3.0,4.0,3.0,3.0,4.0,BARBUNYA
2.0,3.0,3.0,2.0,2.0,2.0,2.0,2.0,2.0,3.0,1.0,3.0,4.0,3.0,3.0,2.0,BARBUNYA
2.0,4.0,3.0,1.0,4.0,4.0,2.0,2.0,2.0,1.0,1.0,1.0,5.0,3.0,1.0,4.0,BARBUNYA
2.0,2.0,2.0,4.0,0.0,0.0,2.0,2.0,5.0,2.0,4.0,6.0,2.0,5.0,6.0,4.0,BARBUNYA
2.0,4.0,3.0,2.0,1.0,1.0,2.0,2.0,4.0,2.0,1.0,4.0,4.0,3.0,4.0,4.0,BARBUNYA
2.0,3.0,3.0,2.0,1.0,1.0,2.0,2.0,5.0,2.0,2.0,4.0,4.0,3.0,4.0,4.0,BARBUNYA
2.0,4.0,3.0,1.0,2.0,2.0,2.0,2.0,5.0,2.0,0.0,3.0,5.0,3.0,3.0,3.0,BARBUNYA
2.0,2.0,3.0,2.0,1.0,1.0,2.0,2.0,2.0,2.0,4.0,4.0,4.0,3.0,4.0,4.0,BARBUNYA
2.0,4.0,3.0,2.0,2.0,2.0,2.0,2.0,4.0,2.0,1.0,3.0,4.0,3.0,3.0,4.0,BARBUNYA
2.0,3.0,3.0,2.0,2.0,2.0,2.0,2.0,2.0,3.0,2.0,3.0,4.0,3.0,3.0,5.0,BARBUNYA
3.0,4.0,3.0,2.0,1.0,1.0,3.0,3.0,2.0,1.0,1.0,4.0,4.0,3.0,4.0,4.0,BARBUNYA
3.0,3.0,3.0,2.0,1.0,1.0,3.0,3.0,2.0,2.0,1.0,4.0,4.0,3.0,4.0,2.0,BARBUNYA
3.0,3.0,3.0,2.0,2.0,2.0,3.0,3.0,2.0,2.0,2.0,3.0,4.0,3.0,3.0,6.0,BARBUNYA
3.0,2.0,3.0,1.0,3.0,3.0,2.0,3.0,4.0,3.0,4.0,3.0,5.0,3.0,3.0,4.0,BARBUNYA
3.0,3.0,3.0,2.0,2.0,2.0,3.0,3.0,2.0,2.0,1.0,3.0,4.0,3.0,3.0,2.0,BARBUNYA
3.0,4.0,3.0,1.0,3.0,3.0,3.0,3.0,4.0,2.0,1.0,2.0,5.0,3.0,2.0,3.0,BARBUNYA
3.0,3.0,2.0,4.0,0.0,0.0,3.0,3.0,2.0,2.0,1.0,6.0,2.0,5.0,6.0,4.0,BARBUNYA
3.0,3.0,3.0,3.0,1.0,1.0,3.0,3.0,4.0,4.0,4.0,4.0,3.0,3.0,4.0,6.0,BARBUNYA
3.0,4.0,3.0,2.0,2.0,2.0,3.0,3.0,5.0,2.0,1.0,3.0,4.0,3.0,3.0,4.0,BARBUNYA
3.0,2.0,3.0,3.0,1.0,1.0,3.0,3.0,4.0,4.0,5.0,4.0,3.0,4.0,4.0,4.0,BARBUNYA
3.0,3.0,3.0,3.0,1.0,1.0,3.0,3.0,4.0,2.0,3.0,4.0,3.0,4.0,4.0,2.0,BARBUNYA
3.0,3.0,3.0,2.0,2.0,2.0,3.0,3.0,3.0,2.0,3.0,3.0,4.0,3.0,3.0,4.0,BARBUNYA
3.0,2.0,3.0,3.0,1.0,1.0,3.0,3.0,2.0,2.0,4.0,4.0,3.0,3.0,4.0,4.0,BARBUNYA
3.0,4.0,3.0,2.0,2.0,2.0,3.0,3.0,4.0,2.0,1.0,3.0,4.0,3.0,3.0,3.0,BARBUNYA
3.0,4.0,3.0,3.0,1.0,1.0,3.0,3.0,2.0,2.0,1.0,4.0,3.0,3.0,4.0,4.0,BARBUNYA
3.0,4.0,3.0,2.0,1.0,1.0,3.0,3.0,4.0,2.0,1.0,4.0,4.0,3.0,4.0,5.0,BARBUNYA
3.0,4.0,3.0,2.0,3.0,3.0,3.0,3.0,1.0,2.0,2.0,2.0,4.0,3.0,2.0,4.0,BARBUNYA
3.0,4.0,3.0,3.0,1.0,1.0,3.0,3.0,2.0,1.0,0.0,4.0,3.0,3.0,4.0,1.0,BARBUNYA
3.0,4.0,3.0,4.0,0.0,0.0,3.0,3.0,4.0,2.0,1.0,6.0,2.0,5.0,6.0,4.0,BARBUNYA
3.0,4.0,3.0,3.0,1.0,1.0,3.0,3.0,3.0,1.0,1.0,4.0,3.0,3.0,4.0,4.0,BARBUNYA
3.0,3.0,3.0,3.0,1.0,1.0,3.0,3.0,4.0,2.0,3.0,4.0,3.0,3.0,4.0,4.0,BARBUNYA
3.0,4.0,3.0,3.0,1.0,1.0,3.0,3.0,2.0,2.0,1.0,4.0,3.0,4.0,4.0,3.0,BARBUNYA
3.0,4.0,3.0,2.0,2.0,2.0,3.0,3.0,2.0,1.0,1.0,3.0,4.0,3.0,3.0,4.0,BARBUNYA
3.0,4.0,3.0,2.0,2.0,2.0,3.0,3.0,2.0,2.0,1.0,3.0,4.0,3.0,3.0,5.0,BARBUNYA
3.0,3.0,3.0,2.0,2.0,2.0,3.0,3.0,1.0,4.0,3.0,3.0,4.0,3.0,3.0,3.0,BARBUNYA
3.0,4.0,3.0,2.0,1.0,1.0,3.0,3.0,2.0,2.0,1.0,3.0,4.0,3.0,3.0,2.0,BARBUNYA
3.0,4.0,3.0,2.0,2.0,2.0,3.0,3.0,2.0,2.0,1.0,3.0,4.0,3.0,3.0,4.0,BARBUNYA
3.0,4.0,3.0,4.0,1.0,1.0,3.0,3.0,4.0,2.0,2.0,4.0,2.0,5.0,4.0,4.0,BARBUNYA
3.0,4.0,3.0,2.0,2.0,2.0,3.0,3.0,1.0,2.0,1.0,3.0,4.0,3.0,3.0,4.0,BARBUNYA
3.0,4.0,3.0,2.0,2.0,2.0,3.0,3.0,2.0,2.0,1.0,3.0,4.0,3.0,3.0,5.0,BARBUNYA
3.0,4.0,3.0,3.0,1.0,1.0,3.0,3.0,4.0,2.0,1.0,4.0,3.0,3.0,4.0,4.0,BARBUNYA
3.0,4.0,3.0,3.0,1.0,1.0,3.0,3.0,2.0,1.0,0.0,4.0,3.0,3.0,4.0,4.0,BARBUNYA
3.0,4.0,3.0,2.0,2.0,2.0,3.0,3.0,4.0,2.0,1.0,3.0,4.0,3.0,3.0,4.0,BARBUNYA
3.0,4.0,3.0,3.0,1.0,1.0,3.0,3.0,4.0,2.0,0.0,4.0,3.0,3.0,4.0,4.0,BARBUNYA
3.0,4.0,4.0,2.0,3.0,3.0,3.0,3.0,1.0,2.0,1.0,2.0,4.0,3.0,2.0,3.0,BARBUNYA
3.0,4.0,3.0,3.0,2.0,2.0,3.0,3.0,2.0,2.0,1.0,3.0,3.0,3.0,3.0,4.0,BARBUNYA
3.0,4.0,3.0,3.0,2.0,2.0,3.0,3.0,2.0,2.0,1.0,3.0,3.0,3.0,3.0,4.0,BARBUNYA
3.0,3.0,3.0,3.0,2.0,2.0,3.0,3.0,2.0,4.0,4.0,3.0,3.0,3.0,3.0,4.0,BARBUNYA
3.0,4.0,4.0,1.0,4.0,4.0,3.0,3.0,4.0,2.0,1.0,1.0,5.0,2.0,1.0,4.0,BARBUNYA
3.0,4.0,4.0,2.0,3.0,3.0,3.0,3.0,4.0,2.0,1.0,3.0,4.0,3.0,3.0,4.0,BARBUNYA
3.0,4.0,3.0,3.0,1.0,1.0,3.0,3.0,2.0,1.0,1.0,3.0,3.0,3.0,3.0,1.0,BARBUNYA
3.0,4.0,3.0,3.0,1.0,1.0,3.0,3.0,3.0,3.0,3.0,4.0,3.0,3.0,4.0,4.0,BARBUNYA
3.0,5.0,3.0,2.0,2.0,2.0,3.0,3.0,2.0,1.0,0.0,3.0,4.0,3.0,3.0,1.0,BARBUNYA
3.0,4.0,4.0,2.0,3.0,3.0,3.0,3.0,1.0,4.0,3.0,2.0,4.0,3.0,2.0,5.0,BARBUNYA
3.0,4.0,4.0,2.0,2.0,2.0,3.0,3.0,1.0,2.0,0.0,3.0,4.0,3.0,3.0,4.0,BARBUNYA
3.0,4.0,4.0,2.0,3.0,3.0,3.0,3.0,4.0,2.0,1.0,2.0,4.0,3.0,2.0,3.0,BARBUNYA
3.0,4.0,3.0,4.0,1.0,1.0,3.0,3.0,4.0,2.0,3.0,4.0,2.0,5.0,4.0,4.0,BARBUNYA
3.0,4.0,3.0,4.0,1.0,1.0,3.0,3.0,4.0,2.0,2.0,4.0,2.0,4.0,4.0,3.0,BARBUNYA
3.0,3.0,3.0,3.0,2.0,2.0,3.0,3.0,1.0,4.0,4.0,3.0,3.0,3.0,3.0,2.0,BARBUNYA
3.0,4.0,4.0,2.0,4.0,4.0,3.0,3.0,2.0,2.0,1.0,2.0,4.0,2.0,2.0,2.0,BARBUNYA
3.0,4.0,3.0,4.0,0.0,0.0,3.0,3.0,4.0,1.0,1.0,5.0,2.0,5.0,5.0,1.0,BARBUNYA
3.0,3.0,3.0,3.0,1.0,1.0,3.0,3.0,4.0,4.0,4.0,4.0,3.0,3.0,4.0,4.0,BARBUNYA
3.0,4.0,3.0,3.0,1.0,1.0,3.0,3.0,2.0,2.0,1.0,4.0,3.0,3.0,4.0,2.0,BARBUNYA
3.0,3.0,3.0,3.0,1.0,1.0,3.0,3.0,5.0,4.0,4.0,4.0,3.0,3.0,4.0,4.0,BARBUNYA
3.0,4.0,3.0,3.0,1.0,1.0,3.0,3.0,2.0,3.0,3.0,4.0,3.0,3.0,4.0,4.0,BARBUNYA
3.0,4.0,3.0,3.0,2.0,2.0,3.0,3.0,2.0,2.0,1.0,3.0,3.0,3.0,3.0,5.0,BARBUNYA
3.0,4.0,3.0,4.0,1.0,1.0,3.0,3.0,4.0,2.0,1.0,4.0,2.0,4.0,4.0,4.0,BARBUNYA
3.0,4.0,3.0,4.0,1.0,1.0,3.0,3.0,4.0,3.0,4.0,4.0,2.0,4.0,4.0,2.0,BARBUNYA
3.0,4.0,3.0,4.0,1.0,1.0,3.0,3.0,3.0,2.0,1.0,4.0,2.0,4.0,4.0,2.0,BARBUNYA
3.0,4.0,4.0,2.0,4.0,4.0,3.0,3.0,5.0,2.0,1.0,1.0,4.0,2.0,1.0,1.0,BARBUNYA
3.0,4.0,3.0,3.0,1.0,1.0,3.0,3.0,2.0,2.0,1.0,4.0,3.0,3.0,4.0,4.0,BARBUNYA
3.0,4.0,3.0,3.0,2.0,2.0,4.0,3.0,5.0,1.0,1.0,3.0,3.0,3.0,3.0,1.0,BARBUNYA
3.0,4.0,3.0,4.0,1.0,1.0,3.0,3.0,2.0,2.0,1.0,4.0,2.0,3.0,4.0,4.0,BARBUNYA
3.0,4.0,4.0,2.0,3.0,3.0,3.0,3.0,5.0,3.0,3.0,2.0,4.0,3.0,2.0,5.0,BARBUNYA
3.0,4.0,4.0,2.0,4.0,4.0,4.0,3.0,4.0,2.0,0.0,1.0,4.0,2.0,1.0,4.0,BARBUNYA
3.0,4.0,3.0,3.0,2.0,2.0,3.0,3.0,4.0,3.0,4.0,4.0,3.0,3.0,4.0,4.0,BARBUNYA
3.0,4.0,3.0,3.0,2.0,2.0,3.0,3.0,2.0,3.0,1.0,3.0,3.0,3.0,3.0,4.0,BARBUNYA
3.0,4.0,4.0,2.0,4.0,4.0,3.0,3.0,4.0,4.0,4.0,1.0,4.0,2.0,1.0,4.0,BARBUNYA
3.0,4.0,4.0,2.0,3.0,3.0,4.0,3.0,4.0,2.0,1.0,2.0,4.0,3.0,2.0,4.0,BARBUNYA
3.0,5.0,3.0,4.0,1.0,1.0,4.0,3.0,3.0,1.0,0.0,4.0,2.0,3.0,4.0,3.0,BARBUNYA
3.0,4.0,3.0,4.0,1.0,1.0,4.0,3.0,4.0,2.0,1.0,4.0,2.0,3.0,4.0,4.0,BARBUNYA
3.0,4.0,3.0,3.0,1.0,1.0,4.0,3.0,6.0,2.0,2.0,4.0,3.0,3.0,4.0,2.0,BARBUNYA
3.0,4.0,4.0,3.0,2.0,2.0,4.0,3.0,2.0,2.0,1.0,3.0,3.0,3.0,3.0,6.0,BARBUNYA
3.0,4.0,3.0,3.0,1.0,1.0,4.0,3.0,2.0,3.0,3.0,4.0,2.0,3.0,4.0,4.0,BARBUNYA
4.0,4.0,3.0,4.0,1.0,1.0,4.0,4.0,2.0,2.0,3.0,4.0,2.0,3.0,4.0,5.0,BARBUNYA
4.0,4.0,3.0,3.0,1.0,1.0,4.0,4.0,2.0,2.0,1.0,4.0,3.0,3.0,4.0,4.0,BARBUNYA
4.0,4.0,3.0,4.0,1.0,1.0,4.0,4.0,3.0,2.0,3.0,4.0,2.0,4.0,4.0,4.0,BARBUNYA
4.0,4.0,4.0,2.0,3.0,3.0,4.0,4.0,5.0,3.0,1.0,2.0,4.0,2.0,2.0,4.0,BARBUNYA
4.0,4.0,4.0,3.0,2.0,2.0,4.0,4.0,4.0,2.0,0.0,3.0,3.0,3.0,3.0,4.0,BARBUNYA
4.0,4.0,3.0,4.0,1.0,1.0,4.0,4.0,4.0,2.0,1.0,4.0,2.0,4.0,4.0,3.0,BARBUNYA
4.0,4.0,3.0,4.0,1.0,1.0,4.0,4.0,2.0,3.0,3.0,4.0,2.0,3.0,4.0,4.0,BARBUNYA
4.0,4.0,4.0,2.0,2.0,2.0,4.0,4.0,5.0,2.0,1.0,3.0,4.0,3.0,3.0,5.0,BARBUNYA
4.0,4.0,4.0,2.0,3.0,3.0,4.0,4.0,2.0,2.0,2.0,2.0,4.0,2.0,2.0,3.0,BARBUNYA
4.0,4.0,3.0,4.0,1.0,1.0,4.0,4.0,4.0,4.0,4.0,4.0,2.0,4.0,4.0,4.0,BARBUNYA
4.0,4.0,3.0,4.0,1.0,1.0,4.0,4.0,4.0,2.0,1.0,4.0,2.0,4.0,4.0,5.0,BARBUNYA
4.0,4.0,3.0,4.0,1.0,1.0,4.0,4.0,5.0,2.0,1.0,4.0,2.0,3.0,4.0,4.0,BARBUNYA
4.0,4.0,4.0,3.0,2.0,2.0,4.0,4.0,2.0,2.0,1.0,3.0,3.0,3.0,3.0,3.0,BARBUNYA
4.0,4.0,3.0,4.0,1.0,1.0,4.0,4.0,4.0,2.0,1.0,4.0,2.0,3.0,4.0,4.0,BARBUNYA
4.0,5.0,3.0,4.0,1.0,1.0,4.0,4.0,4.0,2.0,0.0,4.0,2.0,3.0,4.0,3.0,BARBUNYA
4.0,4.0,4.0,3.0,2.0,2.0,4.0,4.0,4.0,2.0,4.0,3.0,4.0,3.0,3.0,3.0,BARBUNYA
4.0,4.0,4.0,2.0,4.0,4.0,4.0,4.0,1.0,4.0,3.0,1.0,4.0,2.0,1.0,4.0,BARBUNYA
4.0,4.0,4.0,2.0,2.0,2.0,4.0,4.0,1.0,2.0,1.0,3.0,4.0,3.0,3.0,6.0,BARBUNYA
4.0,4.0,4.0,3.0,2.0,2.0,4.0,4.0,2.0,4.0,3.0,3.0,3.0,3.0,3.0,4.0,BARBUNYA
4.0,4.0,3.0,4.0,1.0,1.0,4.0,4.0,1.0,4.0,4.0,4.0,2.0,3.0,4.0,2.0,BARBUNYA
4.0,4.0,4.0,2.0,4.0,4.0,4.0,4.0,2.0,2.0,1.0,1.0,4.0,2.0,1.0,4.0,BARBUNYA
4.0,4.0,4.0,3.0,2.0,2.0,4.0,4.0,5.0,2.0,2.0,3.0,3.0,3.0,3.0,1.0,BARBUNYA
4.0,5.0,4.0,2.0,4.0,4.0,4.0,4.0,1.0,1.0,0.0,1.0,4.0,2.0,1.0,3.0,BARBUNYA
4.0,5.0,4.0,3.0,2.0,2.0,4.0,4.0,1.0,1.0,0.0,3.0,3.0,3.0,3.0,1.0,BARBUNYA
4.0,4.0,3.0,4.0,1.0,1.0,4.0,4.0,2.0,2.0,1.0,4.0,2.0,3.0,4.0,3.0,BARBUNYA
4.0,4.0,4.0,3.0,2.0,2.0,4.0,4.0,2.0,1.0,1.0,3.0,3.0,3.0,3.0,1.0,BARBUNYA
4.0,4.0,4.0,3.0,2.0,2.0,4.0,4.0,1.0,2.0,1.0,3.0,3.0,3.0,3.0,4.0,BARBUNYA
4.0,4.0,4.0,3.0,2.0,2.0,4.0,4.0,2.0,2.0,0.0,3.0,3.0,3.0,3.0,4.0,BARBUNYA
4.0,4.0,3.0,4.0,1.0,1.0,4.0,4.0,2.0,2.0,3.0,4.0,2.0,3.0,4.0,6.0,BARBUNYA
4.0,4.0,3.0,4.0,1.0,1.0,4.0,4.0,4.0,1.0,1.0,4.0,2.0,3.0,4.0,1.0,BARBUNYA
4.0,4.0,4.0,3.0,1.0,1.0,4.0,4.0,4.0,4.0,4.0,4.0,2.0,3.0,4.0,4.0,BARBUNYA
4.0,4.0,4.0,3.0,2.0,2.0,4.0,4.0,2.0,2.0,1.0,3.0,3.0,3.0,3.0,4.0,BARBUNYA
4.0,4.0,3.0,4.0,1.0,1.0,4.0,4.0,4.0,4.0,4.0,4.0,2.0,3.0,4.0,3.0,BARBUNYA
4.0,4.0,3.0,4.0,1.0,1.0,4.0,4.0,2.0,2.0,1.0,4.0,2.0,3.0,4.0,4.0,BARBUNYA
4.0,4.0,3.0,5.0,0.0,0.0,4.0,4.0,4.0,2.0,4.0,6.0,1.0,5.0,6.0,4.0,BARBUNYA
4.0,4.0,4.0,3.0,2.0,2.0,4.0,4.0,4.0,2.0,1.0,3.0,3.0,3.0,3.0,3.0,BARBUNYA
4.0,4.0,3.0,4.0,1.0,1.0,4.0,4.0,5.0,4.0,4.0,4.0,2.0,3.0,4.0,4.0,BARBUNYA
4.0,4.0,3.0,4.0,1.0,1.0,4.0,4.0,4.0,2.0,3.0,4.0,2.0,4.0,4.0,4.0,BARBUNYA
4.0,4.0,3.0,4.0,1.0,1.0,4.0,4.0,3.0,2.0,3.0,4.0,2.0,3.0,4.0,1.0,BARBUNYA
4.0,4.0,4.0,3.0,2.0,2.0,4.0,4.0,5.0,3.0,3.0,3.0,2.0,3.0,3.0,4.0,BARBUNYA
4.0,4.0,3.0,4.0,1.0,1.0,4.0,4.0,4.0,2.0,1.0,4.0,2.0,3.0,4.0,3.0,BARBUNYA
4.0,4.0,4.0,3.0,3.0,3.0,4.0,4.0,2.0,3.0,3.0,2.0,4.0,2.0,2.0,2.0,BARBUNYA
4.0,5.0,3.0,4.0,1.0,1.0,4.0,4.0,2.0,2.0,0.0,4.0,2.0,3.0,4.0,3.0,BARBUNYA
4.0,4.0,4.0,3.0,2.0,2.0,4.0,4.0,2.0,2.0,1.0,3.0,3.0,3.0,3.0,4.0,BARBUNYA
4.0,4.0,3.0,4.0,1.0,1.0,4.0,4.0,4.0,2.0,2.0,4.0,2.0,3.0,4.0,4.0,BARBUNYA
4.0,4.0,3.0,4.0,1.0,1.0,4.0,4.0,2.0,2.0,1.0,4.0,2.0,4.0,4.0,4.0,BARBUNYA
4.0,4.0,4.0,3.0,2.0,2.0,4.0,4.0,2.0,4.0,4.0,3.0,3.0,3.0,3.0,2.0,BARBUNYA
4.0,4.0,4.0,3.0,2.0,2.0,4.0,4.0,2.0,4.0,4.0,3.0,3.0,3.0,3.0,4.0,BARBUNYA
4.0,4.0,4.0,1.0,5.0,5.0,4.0,4.0,2.0,2.0,1.0,1.0,5.0,2.0,1.0,5.0,BARBUNYA
4.0,5.0,4.0,3.0,2.0,2.0,4.0,4.0,2.0,1.0,0.0,3.0,3.0,3.0,3.0,4.0,BARBUNYA
4.0,4.0,3.0,4.0,1.0,1.0,4.0,4.0,2.0,2.0,4.0,4.0,2.0,3.0,4.0,3.0,BARBUNYA
4.0,4.0,4.0,2.0,4.0,4.0,4.0,4.0,2.0,2.0,1.0,1.0,4.0,2.0,1.0,2.0,BARBUNYA
4.0,4.0,4.0,3.0,2.0,2.0,4.0,4.0,1.0,2.0,3.0,3.0,3.0,3.0,3.0,3.0,BARBUNYA
4.0,4.0,3.0,4.0,1.0,1.0,4.0,4.0,4.0,2.0,1.0,4.0,2.0,4.0,4.0,3.0,BARBUNYA
4.0,4.0,4.0,3.0,2.0,2.0,4.0,4.0,1.0,1.0,1.0,3.0,3.0,3.0,3.0,1.0,BARBUNYA
4.0,4.0,4.0,3.0,3.0,3.0,4.0,4.0,2.0,3.0,3.0,2.0,3.0,2.0,2.0,4.0,BARBUNYA
4.0,4.0,4.0,3.0,2.0,2.0,4.0,4.0,2.0,4.0,4.0,3.0,3.0,3.0,3.0,5.0,BARBUNYA
4.0,4.0,3.0,4.0,1.0,1.0,4.0,4.0,2.0,2.0,1.0,4.0,2.0,3.0,4.0,4.0,BARBUNYA
4.0,4.0,4.0,3.0,2.0,2.0,4.0,4.0,4.0,4.0,4.0,3.0,3.0,3.0,3.0,6.0,BARBUNYA
4.0,4.0,3.0,4.0,1.0,1.0,4.0,4.0,2.0,2.0,1.0,4.0,2.0,3.0,4.0,3.0,BARBUNYA
4.0,4.0,3.0,4.0,1.0,1.0,4.0,4.0,2.0,2.0,3.0,4.0,2.0,3.0,4.0,4.0,BARBUNYA
4.0,4.0,3.0,4.0,1.0,1.0,4.0,4.0,4.0,2.0,1.0,4.0,2.0,4.0,4.0,3.0,BARBUNYA
4.0,4.0,3.0,4.0,1.0,1.0,4.0,4.0,2.0,2.0,3.0,4.0,2.0,3.0,4.0,3.0,BARBUNYA
4.0,4.0,4.0,3.0,2.0,2.0,4.0,4.0,4.0,2.0,1.0,3.0,3.0,3.0,3.0,1.0,BARBUNYA
4.0,4.0,4.0,3.0,2.0,2.0,4.0,4.0,4.0,2.0,1.0,3.0,3.0,3.0,3.0,4.0,BARBUNYA
4.0,5.0,4.0,2.0,4.0,4.0,4.0,4.0,4.0,2.0,1.0,1.0,4.0,2.0,1.0,4.0,BARBUNYA
4.0,4.0,4.0,3.0,2.0,2.0,4.0,4.0,2.0,3.0,3.0,3.0,2.0,3.0,3.0,5.0,BARBUNYA
4.0,4.0,3.0,4.0,1.0,1.0,4.0,4.0,4.0,3.0,3.0,4.0,2.0,3.0,4.0,4.0,BARBUNYA
4.0,4.0,4.0,4.0,1.0,1.0,4.0,4.0,2.0,4.0,3.0,4.0,2.0,3.0,4.0,3.0,BARBUNYA
4.0,4.0,4.0,3.0,2.0,2.0,4.0,4.0,1.0,4.0,4.0,3.0,3.0,3.0,3.0,4.0,BARBUNYA
4.0,5.0,4.0,3.0,2.0,2.0,4.0,4.0,4.0,1.0,0.0,3.0,3.0,2.0,3.0,2.0,BARBUNYA
4.0,5.0,4.0,3.0,2.0,2.0,4.0,4.0,1.0,1.0,0.0,3.0,2.0,3.0,3.0,4.0,BARBUNYA
4.0,4.0,3.0,4.0,0.0,0.0,4.0,4.0,5.0,2.0,3.0,6.0,2.0,5.0,6.0,2.0,BARBUNYA
4.0,4.0,4.0,3.0,3.0,3.0,4.0,4.0,5.0,4.0,3.0,2.0,3.0,2.0,2.0,4.0,BARBUNYA
4.0,4.0,4.0,3.0,4.0,4.0,4.0,4.0,2.0,1.0,1.0,1.0,4.0,2.0,1.0,1.0,BARBUNYA
4.0,4.0,4.0,4.0,1.0,1.0,4.0,4.0,2.0,4.0,3.0,4.0,2.0,3.0,4.0,4.0,BARBUNYA
4.0,4.0,3.0,4.0,1.0,1.0,4.0,4.0,3.0,3.0,4.0,4.0,2.0,3.0,4.0,4.0,BARBUNYA
4.0,4.0,4.0,3.0,2.0,2.0,4.0,4.0,4.0,2.0,1.0,3.0,3.0,3.0,3.0,4.0,BARBUNYA
4.0,4.0,3.0,4.0,0.0,0.0,4.0,4.0,4.0,3.0,4.0,6.0,2.0,5.0,6.0,6.0,BARBUNYA
4.0,4.0,4.0,3.0,2.0,2.0,4.0,4.0,2.0,3.0,1.0,3.0,3.0,3.0,3.0,4.0,BARBUNYA
4.0,4.0,4.0,2.0,4.0,4.0,4.0,4.0,1.0,2.0,1.0,1.0,4.0,2.0,1.0,4.0,BARBUNYA
4.0,4.0,4.0,4.0,2.0,2.0,4.0,4.0,4.0,4.0,4.0,3.0,2.0,3.0,3.0,1.0,BARBUNYA
4.0,4.0,4.0,3.0,4.0,4.0,4.0,4.0,4.0,2.0,1.0,1.0,4.0,2.0,1.0,3.0,BARBUNYA
4.0,4.0,3.0,4.0,1.0,1.0,4.0,4.0,2.0,2.0,3.0,4.0,2.0,3.0,4.0,4.0,BARBUNYA
4.0,4.0,4.0,4.0,1.0,1.0,4.0,4.0,2.0,2.0,3.0,4.0,2.0,3.0,4.0,4.0,BARBUNYA
4.0,4.0,4.0,3.0,2.0,2.0,4.0,4.0,4.0,4.0,4.0,3.0,2.0,3.0,3.0,6.0,BARBUNYA
4.0,4.0,3.0,4.0,1.0,1.0,4.0,4.0,4.0,2.0,3.0,4.0,2.0,4.0,4.0,4.0,BARBUNYA
4.0,4.0,4.0,3.0,2.0,2.0,4.0,4.0,4.0,2.0,1.0,3.0,2.0,3.0,3.0,4.0,BARBUNYA
4.0,4.0,4.0,3.0,2.0,2.0,4.0,4.0,2.0,2.0,1.0,3.0,3.0,3.0,3.0,4.0,BARBUNYA
4.0,5.0,4.0,3.0,2.0,2.0,4.0,4.0,1.0,1.0,0.0,3.0,3.0,2.0,3.0,4.0,BARBUNYA
4.0,5.0,4.0,2.0,4.0,4.0,4.0,4.0,1.0,0.0,0.0,1.0,4.0,2.0,1.0,1.0,BARBUNYA
4.0,4.0,4.0,3.0,4.0,4.0,4.0,4.0,1.0,2.0,1.0,1.0,3.0,2.0,1.0,2.0,BARBUNYA
4.0,5.0,4.0,3.0,2.0,2.0,4.0,4.0,4.0,2.0,1.0,3.0,3.0,3.0,3.0,3.0,BARBUNYA
4.0,5.0,4.0,3.0,4.0,4.0,4.0,4.0,4.0,2.0,0.0,2.0,3.0,2.0,2.0,4.0,BARBUNYA
4.0,4.0,3.0,5.0,0.0,0.0,4.0,4.0,6.0,2.0,4.0,6.0,1.0,5.0,6.0,3.0,BARBUNYA
4.0,4.0,4.0,3.0,2.0,2.0,4.0,4.0,3.0,2.0,1.0,3.0,2.0,3.0,3.0,4.0,BARBUNYA
4.0,4.0,4.0,4.0,2.0,2.0,4.0,4.0,5.0,4.0,4.0,3.0,2.0,3.0,3.0,2.0,BARBUNYA
4.0,4.0,4.0,3.0,3.0,3.0,4.0,4.0,2.0,2.0,1.0,2.0,3.0,2.0,2.0,4.0,BARBUNYA
4.0,4.0,4.0,4.0,2.0,2.0,4.0,4.0,2.0,2.0,1.0,3.0,2.0,3.0,3.0,3.0,BARBUNYA
4.0,4.0,4.0,3.0,2.0,2.0,4.0,4.0,5.0,2.0,2.0,2.0,3.0,2.0,2.0,1.0,BARBUNYA
4.0,4.0,4.0,3.0,2.0,2.0,4.0,4.0,4.0,2.0,3.0,3.0,3.0,3.0,3.0,4.0,BARBUNYA
4.0,4.0,4.0,4.0,2.0,2.0,4.0,4.0,2.0,2.0,3.0,3.0,2.0,3.0,3.0,3.0,BARBUNYA
4.0,4.0,4.0,4.0,1.0,1.0,4.0,4.0,3.0,2.0,1.0,4.0,2.0,3.0,4.0,4.0,BARBUNYA
4.0,4.0,4.0,3.0,2.0,2.0,4.0,4.0,1.0,3.0,1.0,3.0,3.0,2.0,3.0,4.0,BARBUNYA
4.0,5.0,4.0,3.0,2.0,2.0,4.0,4.0,1.0,1.0,1.0,3.0,3.0,2.0,3.0,1.0,BARBUNYA
4.0,4.0,4.0,3.0,3.0,3.0,4.0,4.0,4.0,2.0,1.0,2.0,3.0,2.0,2.0,2.0,BARBUNYA
4.0,4.0,3.0,4.0,1.0,1.0,4.0,4.0,5.0,2.0,1.0,4.0,2.0,3.0,4.0,3.0,BARBUNYA
4.0,4.0,4.0,4.0,2.0,2.0,4.0,4.0,4.0,2.0,1.0,3.0,2.0,3.0,3.0,3.0,BARBUNYA
4.0,4.0,4.0,3.0,3.0,3.0,4.0,4.0,1.0,4.0,3.0,2.0,3.0,2.0,2.0,5.0,BARBUNYA
4.0,4.0,4.0,4.0,2.0,2.0,4.0,4.0,4.0,4.0,1.0,3.0,2.0,3.0,3.0,4.0,BARBUNYA
4.0,4.0,4.0,4.0,2.0,2.0,4.0,4.0,4.0,4.0,3.0,3.0,2.0,3.0,3.0,2.0,BARBUNYA
4.0,5.0,3.0,4.0,1.0,1.0,4.0,4.0,5.0,2.0,0.0,4.0,2.0,3.0,4.0,4.0,BARBUNYA
4.0,5.0,4.0,2.0,4.0,4.0,4.0,4.0,2.0,2.0,1.0,1.0,4.0,2.0,1.0,4.0,BARBUNYA
4.0,4.0,4.0,3.0,3.0,3.0,4.0,4.0,2.0,2.0,3.0,2.0,3.0,2.0,2.0,2.0,BARBUNYA
4.0,5.0,4.0,3.0,2.0,2.0,4.0,4.0,3.0,2.0,1.0,3.0,2.0,3.0,3.0,3.0,BARBUNYA
4.0,5.0,4.0,3.0,2.0,2.0,4.0,4.0,3.0,1.0,0.0,3.0,3.0,2.0,3.0,4.0,BARBUNYA
4.0,5.0,4.0,4.0,2.0,2.0,4.0,4.0,2.0,2.0,1.0,3.0,2.0,3.0,3.0,4.0,BARBUNYA
4.0,4.0,4.0,3.0,3.0,3.0,4.0,4.0,5.0,2.0,3.0,2.0,3.0,2.0,2.0,3.0,BARBUNYA
4.0,4.0,3.0,4.0,1.0,1.0,4.0,4.0,2.0,2.0,3.0,4.0,2.0,3.0,4.0,4.0,BARBUNYA
4.0,4.0,3.0,4.0,1.0,1.0,4.0,4.0,2.0,2.0,4.0,4.0,2.0,4.0,4.0,2.0,BARBUNYA
4.0,4.0,3.0,4.0,1.0,1.0,4.0,4.0,4.0,3.0,2.0,4.0,2.0,3.0,4.0,4.0,BARBUNYA
4.0,4.0,4.0,4.0,1.0,1.0,4.0,4.0,3.0,2.0,3.0,4.0,2.0,3.0,4.0,4.0,BARBUNYA
4.0,4.0,4.0,4.0,1.0,1.0,4.0,4.0,4.0,2.0,1.0,4.0,2.0,3.0,4.0,3.0,BARBUNYA
4.0,4.0,4.0,3.0,2.0,2.0,4.0,4.0,4.0,2.0,1.0,3.0,2.0,3.0,3.0,4.0,BARBUNYA
4.0,4.0,4.0,3.0,3.0,3.0,4.0,4.0,2.0,4.0,3.0,2.0,3.0,2.0,2.0,4.0,BARBUNYA
4.0,4.0,3.0,5.0,0.0,0.0,4.0,4.0,6.0,4.0,5.0,6.0,1.0,5.0,6.0,3.0,BARBUNYA
4.0,4.0,4.0,3.0,2.0,2.0,4.0,4.0,1.0,4.0,1.0,3.0,2.0,3.0,3.0,4.0,BARBUNYA
4.0,4.0,4.0,4.0,2.0,2.0,4.0,4.0,6.0,4.0,4.0,3.0,2.0,3.0,3.0,4.0,BARBUNYA
4.0,4.0,4.0,3.0,4.0,4.0,4.0,4.0,2.0,3.0,1.0,1.0,3.0,2.0,1.0,4.0,BARBUNYA
4.0,4.0,4.0,3.0,2.0,2.0,4.0,4.0,2.0,3.0,3.0,3.0,3.0,2.0,3.0,5.0,BARBUNYA
4.0,4.0,4.0,4.0,1.0,1.0,4.0,4.0,4.0,2.0,4.0,4.0,2.0,3.0,4.0,4.0,BARBUNYA
4.0,4.0,4.0,4.0,1.0,1.0,4.0,4.0,5.0,1.0,1.0,3.0,2.0,3.0,3.0,1.0,BARBUNYA
4.0,4.0,3.0,4.0,1.0,1.0,4.0,4.0,3.0,3.0,3.0,4.0,2.0,3.0,4.0,3.0,BARBUNYA
4.0,4.0,4.0,4.0,2.0,2.0,4.0,4.0,4.0,1.0,1.0,3.0,2.0,3.0,3.0,4.0,BARBUNYA
4.0,5.0,4.0,3.0,3.0,3.0,4.0,4.0,4.0,2.0,0.0,2.0,3.0,2.0,2.0,4.0,BARBUNYA
4.0,4.0,3.0,4.0,1.0,1.0,4.0,4.0,3.0,2.0,1.0,4.0,2.0,3.0,4.0,4.0,BARBUNYA
4.0,5.0,3.0,4.0,1.0,1.0,4.0,4.0,3.0,2.0,1.0,4.0,2.0,3.0,4.0,4.0,BARBUNYA
4.0,5.0,4.0,3.0,2.0,2.0,4.0,4.0,2.0,1.0,1.0,2.0,3.0,2.0,2.0,1.0,BARBUNYA
4.0,4.0,4.0,4.0,2.0,2.0,4.0,4.0,4.0,2.0,1.0,3.0,2.0,3.0,3.0,4.0,BARBUNYA
4.0,4.0,4.0,4.0,2.0,2.0,4.0,4.0,4.0,2.0,3.0,3.0,2.0,3.0,3.0,4.0,BARBUNYA
4.0,5.0,4.0,4.0,2.0,2.0,4.0,4.0,2.0,1.0,0.0,3.0,2.0,3.0,3.0,3.0,BARBUNYA
4.0,4.0,3.0,4.0,1.0,1.0,4.0,4.0,4.0,2.0,1.0,4.0,2.0,3.0,4.0,4.0,BARBUNYA
4.0,4.0,4.0,4.0,1.0,1.0,4.0,4.0,2.0,2.0,3.0,4.0,2.0,3.0,4.0,4.0,BARBUNYA
4.0,4.0,4.0,4.0,1.0,1.0,4.0,4.0,4.0,2.0,1.0,4.0,2.0,3.0,4.0,4.0,BARBUNYA
4.0,4.0,4.0,3.0,2.0,2.0,4.0,4.0,1.0,3.0,3.0,3.0,2.0,2.0,3.0,3.0,BARBUNYA
4.0,4.0,4.0,3.0,2.0,2.0,4.0,4.0,2.0,4.0,3.0,3.0,2.0,2.0,3.0,4.0,BARBUNYA
4.0,5.0,4.0,4.0,2.0,2.0,4.0,4.0,4.0,2.0,1.0,3.0,2.0,3.0,3.0,2.0,BARBUNYA
4.0,4.0,3.0,4.0,0.0,0.0,4.0,4.0,5.0,3.0,3.0,5.0,2.0,5.0,5.0,6.0,BARBUNYA
4.0,4.0,3.0,4.0,1.0,1.0,4.0,4.0,4.0,2.0,3.0,4.0,2.0,4.0,4.0,4.0,BARBUNYA
4.0,5.0,4.0,4.0,1.0,1.0,4.0,4.0,2.0,2.0,1.0,4.0,2.0,3.0,4.0,3.0,BARBUNYA
4.0,4.0,4.0,2.0,5.0,5.0,4.0,4.0,5.0,4.0,1.0,0.0,4.0,1.0,0.0,4.0,BARBUNYA
4.0,4.0,4.0,4.0,2.0,2.0,4.0,4.0,1.0,2.0,2.0,3.0,2.0,3.0,3.0,2.0,BARBUNYA
4.0,5.0,4.0,4.0,2.0,2.0,4.0,4.0,6.0,2.0,1.0,3.0,2.0,3.0,3.0,3.0,BARBUNYA
4.0,4.0,4.0,4.0,1.0,1.0,4.0,4.0,2.0,2.0,3.0,4.0,2.0,3.0,4.0,4.0,BARBUNYA
4.0,4.0,4.0,3.0,4.0,4.0,4.0,4.0,4.0,3.0,1.0,2.0,3.0,2.0,2.0,5.0,BARBUNYA
4.0,5.0,4.0,3.0,4.0,4.0,4.0,4.0,3.0,2.0,1.0,1.0,3.0,2.0,1.0,3.0,BARBUNYA
4.0,4.0,4.0,4.0,1.0,1.0,4.0,4.0,4.0,4.0,4.0,4.0,2.0,3.0,4.0,4.0,BARBUNYA
4.0,5.0,4.0,3.0,2.0,2.0,4.0,4.0,5.0,2.0,1.0,3.0,2.0,2.0,3.0,4.0,BARBUNYA
4.0,4.0,4.0,4.0,1.0,1.0,4.0,4.0,5.0,3.0,3.0,4.0,2.0,3.0,4.0,2.0,BARBUNYA
4.0,4.0,4.0,4.0,2.0,2.0,4.0,4.0,2.0,4.0,1.0,3.0,2.0,3.0,3.0,4.0,BARBUNYA
4.0,4.0,3.0,4.0,1.0,1.0,4.0,4.0,2.0,2.0,1.0,4.0,2.0,4.0,4.0,4.0,BARBUNYA
4.0,4.0,4.0,3.0,3.0,3.0,4.0,4.0,4.0,2.0,2.0,2.0,3.0,2.0,2.0,1.0,BARBUNYA
4.0,4.0,3.0,4.0,1.0,1.0,4.0,4.0,2.0,2.0,2.0,4.0,2.0,4.0,4.0,3.0,BARBUNYA
4.0,4.0,4.0,3.0,3.0,3.0,4.0,4.0,2.0,4.0,4.0,2.0,3.0,2.0,2.0,2.0,BARBUNYA
4.0,4.0,4.0,4.0,1.0,1.0,4.0,4.0,4.0,3.0,1.0,4.0,2.0,3.0,4.0,5.0,BARBUNYA
4.0,4.0,4.0,4.0,1.0,1.0,4.0,4.0,4.0,4.0,3.0,4.0,2.0,3.0,4.0,4.0,BARBUNYA
4.0,5.0,4.0,4.0,1.0,1.0,4.0,4.0,4.0,2.0,1.0,4.0,2.0,3.0,4.0,3.0,BARBUNYA
4.0,5.0,4.0,4.0,2.0,2.0,4.0,4.0,1.0,2.0,1.0,3.0,2.0,3.0,3.0,1.0,BARBUNYA
4.0,4.0,3.0,4.0,1.0,1.0,4.0,4.0,2.0,2.0,1.0,4.0,2.0,3.0,4.0,4.0,BARBUNYA
4.0,4.0,4.0,4.0,2.0,2.0,4.0,4.0,3.0,4.0,4.0,3.0,2.0,3.0,3.0,4.0,BARBUNYA
4.0,4.0,4.0,4.0,1.0,1.0,4.0,4.0,6.0,4.0,4.0,4.0,2.0,3.0,4.0,2.0,BARBUNYA
4.0,5.0,4.0,3.0,3.0,3.0,4.0,4.0,5.0,2.0,1.0,2.0,3.0,2.0,2.0,2.0,BARBUNYA
4.0,5.0,4.0,4.0,2.0,2.0,4.0,4.0,4.0,2.0,0.0,3.0,2.0,3.0,3.0,4.0,BARBUNYA
4.0,4.0,4.0,4.0,2.0,2.0,4.0,4.0,2.0,2.0,2.0,3.0,2.0,2.0,3.0,3.0,BARBUNYA
4.0,4.0,4.0,4.0,2.0,2.0,4.0,4.0,5.0,2.0,3.0,3.0,2.0,3.0,3.0,3.0,BARBUNYA
4.0,5.0,4.0,4.0,1.0,1.0,4.0,4.0,2.0,2.0,1.0,3.0,2.0,3.0,3.0,4.0,BARBUNYA
4.0,5.0,4.0,4.0,1.0,1.0,4.0,4.0,2.0,1.0,1.0,4.0,2.0,3.0,4.0,1.0,BARBUNYA
4.0,5.0,3.0,4.0,1.0,1.0,4.0,4.0,4.0,1.0,0.0,4.0,2.0,4.0,4.0,4.0,BARBUNYA
4.0,5.0,4.0,4.0,2.0,2.0,4.0,4.0,3.0,2.0,1.0,3.0,2.0,3.0,3.0,4.0,BARBUNYA
4.0,4.0,4.0,4.0,1.0,1.0,4.0,4.0,4.0,2.0,1.0,4.0,2.0,3.0,4.0,1.0,BARBUNYA
4.0,4.0,4.0,4.0,1.0,1.0,4.0,4.0,4.0,2.0,1.0,4.0,2.0,3.0,4.0,3.0,BARBUNYA
4.0,5.0,4.0,4.0,2.0,2.0,4.0,4.0,4.0,2.0,1.0,3.0,2.0,3.0,3.0,4.0,BARBUNYA
4.0,4.0,4.0,4.0,1.0,1.0,4.0,4.0,5.0,2.0,2.0,4.0,2.0,3.0,4.0,3.0,BARBUNYA
4.0,5.0,3.0,4.0,1.0,1.0,4.0,4.0,5.0,2.0,1.0,4.0,2.0,4.0,4.0,4.0,BARBUNYA
4.0,4.0,4.0,4.0,1.0,1.0,4.0,4.0,4.0,2.0,2.0,4.0,2.0,3.0,4.0,4.0,BARBUNYA
4.0,4.0,4.0,4.0,2.0,2.0,4.0,4.0,1.0,4.0,4.0,3.0,2.0,2.0,3.0,4.0,BARBUNYA
4.0,4.0,4.0,4.0,1.0,1.0,4.0,4.0,2.0,2.0,3.0,4.0,2.0,3.0,4.0,6.0,BARBUNYA
4.0,4.0,4.0,3.0,4.0,4.0,4.0,4.0,3.0,4.0,2.0,1.0,3.0,2.0,1.0,4.0,BARBUNYA
4.0,4.0,3.0,4.0,1.0,1.0,4.0,4.0,2.0,2.0,2.0,4.0,2.0,4.0,4.0,3.0,BARBUNYA
4.0,4.0,4.0,4.0,2.0,2.0,4.0,4.0,4.0,4.0,4.0,3.0,2.0,2.0,3.0,3.0,BARBUNYA
4.0,4.0,4.0,4.0,1.0,1.0,4.0,4.0,2.0,2.0,2.0,4.0,2.0,3.0,4.0,1.0,BARBUNYA
4.0,5.0,4.0,4.0,2.0,2.0,4.0,4.0,2.0,2.0,1.0,3.0,2.0,3.0,3.0,4.0,BARBUNYA
4.0,5.0,4.0,4.0,1.0,1.0,4.0,4.0,4.0,1.0,1.0,4.0,2.0,3.0,4.0,1.0,BARBUNYA
4.0,4.0,4.0,4.0,2.0,2.0,4.0,4.0,2.0,2.0,1.0,3.0,2.0,2.0,3.0,1.0,BARBUNYA
4.0,5.0,4.0,4.0,2.0,2.0,4.0,4.0,4.0,2.0,1.0,2.0,2.0,2.0,2.0,1.0,BARBUNYA
4.0,5.0,4.0,3.0,3.0,3.0,4.0,4.0,1.0,2.0,1.0,2.0,3.0,2.0,2.0,4.0,BARBUNYA
4.0,5.0,4.0,3.0,3.0,3.0,4.0,4.0,4.0,2.0,1.0,2.0,2.0,2.0,2.0,4.0,BARBUNYA
4.0,4.0,4.0,4.0,1.0,1.0,4.0,4.0,3.0,4.0,3.0,4.0,2.0,3.0,4.0,3.0,BARBUNYA
4.0,5.0,4.0,4.0,1.0,1.0,4.0,4.0,2.0,1.0,1.0,4.0,2.0,3.0,4.0,2.0,BARBUNYA
4.0,4.0,4.0,4.0,2.0,2.0,4.0,4.0,2.0,4.0,4.0,3.0,2.0,3.0,3.0,3.0,BARBUNYA
4.0,5.0,4.0,2.0,5.0,5.0,4.0,4.0,2.0,2.0,1.0,0.0,4.0,1.0,0.0,3.0,BARBUNYA
4.0,5.0,4.0,4.0,2.0,2.0,4.0,4.0,2.0,1.0,0.0,3.0,2.0,2.0,3.0,4.0,BARBUNYA
4.0,5.0,4.0,4.0,2.0,2.0,4.0,4.0,2.0,2.0,0.0,3.0,2.0,3.0,3.0,1.0,BARBUNYA
4.0,5.0,4.0,4.0,1.0,1.0,4.0,4.0,2.0,2.0,1.0,4.0,2.0,3.0,4.0,4.0,BARBUNYA
4.0,4.0,4.0,4.0,2.0,2.0,4.0,4.0,5.0,4.0,4.0,3.0,2.0,2.0,3.0,4.0,BARBUNYA
4.0,4.0,4.0,3.0,4.0,4.0,4.0,4.0,2.0,2.0,1.0,1.0,3.0,2.0,1.0,2.0,BARBUNYA
4.0,5.0,4.0,4.0,1.0,1.0,4.0,4.0,4.0,2.0,1.0,4.0,2.0,3.0,4.0,3.0,BARBUNYA
4.0,5.0,4.0,4.0,2.0,2.0,4.0,4.0,3.0,2.0,0.0,3.0,2.0,3.0,3.0,3.0,BARBUNYA
4.0,5.0,4.0,4.0,1.0,1.0,4.0,4.0,4.0,2.0,1.0,4.0,2.0,3.0,4.0,4.0,BARBUNYA
4.0,4.0,4.0,4.0,1.0,1.0,4.0,4.0,2.0,2.0,1.0,4.0,2.0,3.0,4.0,3.0,BARBUNYA
4.0,4.0,4.0,4.0,2.0,2.0,4.0,4.0,5.0,5.0,4.0,3.0,2.0,2.0,3.0,4.0,BARBUNYA
4.0,4.0,4.0,4.0,1.0,1.0,4.0,4.0,2.0,2.0,3.0,4.0,2.0,3.0,4.0,4.0,BARBUNYA
4.0,5.0,4.0,4.0,2.0,2.0,4.0,4.0,4.0,2.0,1.0,3.0,2.0,3.0,3.0,4.0,BARBUNYA
4.0,5.0,4.0,3.0,4.0,4.0,4.0,4.0,1.0,2.0,1.0,2.0,3.0,2.0,2.0,4.0,BARBUNYA
4.0,5.0,4.0,4.0,1.0,1.0,4.0,4.0,2.0,2.0,1.0,4.0,2.0,3.0,4.0,4.0,BARBUNYA
4.0,4.0,4.0,4.0,1.0,1.0,4.0,4.0,4.0,1.0,2.0,4.0,2.0,3.0,4.0,1.0,BARBUNYA
4.0,5.0,4.0,3.0,4.0,4.0,4.0,4.0,2.0,2.0,1.0,2.0,3.0,2.0,2.0,4.0,BARBUNYA
4.0,4.0,4.0,4.0,2.0,2.0,4.0,4.0,2.0,2.0,3.0,3.0,2.0,3.0,3.0,5.0,BARBUNYA
4.0,4.0,4.0,4.0,2.0,2.0,4.0,4.0,4.0,4.0,3.0,3.0,2.0,2.0,3.0,4.0,BARBUNYA
4.0,4.0,4.0,4.0,1.0,1.0,4.0,4.0,5.0,4.0,3.0,4.0,2.0,3.0,4.0,4.0,BARBUNYA
4.0,4.0,4.0,4.0,2.0,2.0,4.0,4.0,1.0,4.0,4.0,3.0,2.0,2.0,3.0,3.0,BARBUNYA
4.0,5.0,4.0,4.0,2.0,2.0,4.0,4.0,2.0,2.0,1.0,4.0,2.0,3.0,4.0,6.0,BARBUNYA
4.0,4.0,4.0,4.0,2.0,2.0,4.0,4.0,2.0,4.0,3.0,3.0,2.0,3.0,3.0,4.0,BARBUNYA
4.0,5.0,4.0,4.0,1.0,1.0,4.0,4.0,2.0,2.0,1.0,4.0,2.0,3.0,4.0,4.0,BARBUNYA
4.0,5.0,4.0,4.0,1.0,1.0,4.0,4.0,2.0,2.0,1.0,4.0,2.0,3.0,4.0,2.0,BARBUNYA
4.0,5.0,4.0,4.0,1.0,1.0,4.0,4.0,4.0,2.0,1.0,3.0,2.0,3.0,3.0,2.0,BARBUNYA
4.0,5.0,4.0,4.0,2.0,2.0,4.0,4.0,4.0,2.0,1.0,3.0,2.0,2.0,3.0,1.0,BARBUNYA
4.0,4.0,4.0,3.0,4.0,4.0,4.0,4.0,2.0,4.0,2.0,1.0,3.0,2.0,1.0,4.0,BARBUNYA
4.0,5.0,4.0,4.0,1.0,1.0,4.0,4.0,2.0,2.0,1.0,4.0,2.0,3.0,4.0,4.0,BARBUNYA
4.0,4.0,3.0,4.0,1.0,1.0,4.0,4.0,4.0,2.0,3.0,4.0,2.0,4.0,4.0,2.0,BARBUNYA
4.0,4.0,4.0,4.0,2.0,2.0,4.0,4.0,4.0,4.0,4.0,3.0,2.0,3.0,3.0,4.0,BARBUNYA
4.0,5.0,4.0,4.0,2.0,2.0,4.0,4.0,1.0,2.0,1.0,3.0,2.0,3.0,3.0,4.0,BARBUNYA
4.0,4.0,4.0,4.0,1.0,1.0,4.0,4.0,1.0,2.0,3.0,4.0,2.0,3.0,4.0,3.0,BARBUNYA
4.0,5.0,4.0,4.0,1.0,1.0,4.0,4.0,2.0,2.0,1.0,4.0,2.0,3.0,4.0,4.0,BARBUNYA
4.0,5.0,4.0,3.0,4.0,4.0,4.0,4.0,2.0,2.0,1.0,1.0,3.0,2.0,1.0,3.0,BARBUNYA
4.0,4.0,3.0,5.0,0.0,0.0,4.0,4.0,4.0,3.0,3.0,5.0,1.0,5.0,5.0,4.0,BARBUNYA
4.0,5.0,4.0,4.0,2.0,2.0,4.0,4.0,2.0,2.0,1.0,3.0,2.0,3.0,3.0,4.0,BARBUNYA
4.0,5.0,4.0,4.0,3.0,3.0,5.0,4.0,5.0,1.0,0.0,2.0,2.0,2.0,2.0,1.0,BARBUNYA
4.0,5.0,4.0,4.0,2.0,2.0,4.0,4.0,2.0,2.0,1.0,3.0,2.0,2.0,3.0,4.0,BARBUNYA
4.0,5.0,4.0,4.0,2.0,2.0,5.0,4.0,2.0,1.0,1.0,3.0,2.0,2.0,3.0,4.0,BARBUNYA
4.0,5.0,4.0,4.0,1.0,1.0,5.0,4.0,4.0,2.0,1.0,4.0,2.0,3.0,4.0,4.0,BARBUNYA
4.0,5.0,4.0,4.0,2.0,2.0,5.0,4.0,1.0,1.0,0.0,3.0,2.0,3.0,3.0,2.0,BARBUNYA
4.0,5.0,4.0,4.0,1.0,1.0,5.0,4.0,4.0,2.0,1.0,4.0,2.0,3.0,4.0,3.0,BARBUNYA
4.0,5.0,4.0,4.0,2.0,2.0,4.0,4.0,1.0,2.0,1.0,3.0,2.0,2.0,3.0,3.0,BARBUNYA
4.0,5.0,4.0,4.0,2.0,2.0,4.0,4.0,4.0,2.0,1.0,3.0,2.0,2.0,3.0,4.0,BARBUNYA
4.0,5.0,4.0,4.0,3.0,3.0,5.0,4.0,5.0,2.0,1.0,2.0,2.0,2.0,2.0,2.0,BARBUNYA
4.0,5.0,4.0,4.0,3.0,3.0,5.0,4.0,4.0,2.0,0.0,2.0,2.0,2.0,2.0,4.0,BARBUNYA
4.0,5.0,4.0,4.0,2.0,2.0,5.0,4.0,2.0,2.0,1.0,3.0,2.0,3.0,3.0,4.0,BARBUNYA
4.0,5.0,4.0,4.0,2.0,2.0,5.0,4.0,2.0,2.0,1.0,3.0,2.0,2.0,3.0,4.0,BARBUNYA
5.0,5.0,4.0,3.0,4.0,4.0,5.0,5.0,4.0,2.0,1.0,1.0,3.0,2.0,1.0,4.0,BARBUNYA
5.0,5.0,4.0,3.0,4.0,4.0,5.0,5.0,4.0,2.0,1.0,1.0,3.0,2.0,1.0,1.0,BARBUNYA
5.0,5.0,4.0,4.0,1.0,1.0,5.0,5.0,5.0,2.0,1.0,4.0,2.0,3.0,4.0,4.0,BARBUNYA
5.0,5.0,4.0,4.0,1.0,1.0,5.0,5.0,4.0,2.0,1.0,4.0,2.0,3.0,4.0,3.0,BARBUNYA
5.0,5.0,4.0,4.0,1.0,1.0,5.0,5.0,5.0,2.0,1.0,4.0,2.0,3.0,4.0,3.0,BARBUNYA
5.0,4.0,4.0,4.0,2.0,2.0,4.0,5.0,2.0,4.0,3.0,3.0,2.0,3.0,3.0,3.0,BARBUNYA
5.0,4.0,4.0,4.0,2.0,2.0,4.0,5.0,4.0,4.0,4.0,3.0,2.0,3.0,3.0,6.0,BARBUNYA
5.0,5.0,4.0,4.0,2.0,2.0,5.0,5.0,4.0,2.0,1.0,3.0,2.0,3.0,3.0,4.0,BARBUNYA
5.0,5.0,4.0,4.0,2.0,2.0,5.0,5.0,4.0,2.0,1.0,3.0,2.0,3.0,3.0,4.0,BARBUNYA
5.0,4.0,3.0,4.0,1.0,1.0,5.0,5.0,2.0,2.0,4.0,4.0,2.0,4.0,4.0,3.0,BARBUNYA
5.0,5.0,4.0,4.0,2.0,2.0,5.0,5.0,4.0,3.0,1.0,3.0,2.0,3.0,3.0,4.0,BARBUNYA
5.0,4.0,4.0,4.0,1.0,1.0,5.0,5.0,3.0,2.0,3.0,4.0,2.0,3.0,4.0,4.0,BARBUNYA
5.0,5.0,4.0,3.0,4.0,4.0,5.0,5.0,1.0,1.0,0.0,1.0,2.0,2.0,1.0,3.0,BARBUNYA
5.0,4.0,4.0,4.0,1.0,1.0,5.0,5.0,2.0,2.0,3.0,4.0,2.0,3.0,4.0,4.0,BARBUNYA
5.0,5.0,4.0,4.0,2.0,2.0,5.0,5.0,4.0,4.0,1.0,3.0,2.0,2.0,3.0,4.0,BARBUNYA
5.0,4.0,4.0,4.0,1.0,1.0,5.0,5.0,4.0,4.0,4.0,4.0,2.0,3.0,4.0,4.0,BARBUNYA
5.0,4.0,4.0,4.0,3.0,3.0,5.0,5.0,3.0,3.0,2.0,2.0,2.0,2.0,2.0,4.0,BARBUNYA
5.0,5.0,4.0,4.0,1.0,1.0,5.0,5.0,2.0,2.0,1.0,4.0,2.0,3.0,4.0,4.0,BARBUNYA
5.0,5.0,4.0,4.0,1.0,1.0,5.0,5.0,2.0,2.0,1.0,4.0,2.0,3.0,4.0,4.0,BARBUNYA
5.0,4.0,4.0,4.0,2.0,2.0,5.0,5.0,6.0,3.0,3.0,3.0,2.0,2.0,3.0,3.0,BARBUNYA
5.0,5.0,4.0,4.0,1.0,1.0,5.0,5.0,4.0,2.0,2.0,4.0,2.0,3.0,4.0,4.0,BARBUNYA
5.0,4.0,4.0,4.0,1.0,1.0,5.0,5.0,5.0,3.0,3.0,4.0,2.0,3.0,4.0,4.0,BARBUNYA
5.0,5.0,4.0,4.0,2.0,2.0,5.0,5.0,4.0,3.0,2.0,3.0,2.0,2.0,3.0,4.0,BARBUNYA
5.0,5.0,4.0,4.0,2.0,2.0,5.0,5.0,4.0,2.0,1.0,3.0,2.0,2.0,3.0,3.0,BARBUNYA
5.0,4.0,3.0,5.0,0.0,0.0,5.0,5.0,3.0,3.0,3.0,5.0,1.0,4.0,5.0,4.0,BARBUNYA
5.0,5.0,3.0,4.0,1.0,1.0,5.0,5.0,4.0,2.0,1.0,4.0,2.0,4.0,4.0,3.0,BARBUNYA
5.0,5.0,4.0,4.0,2.0,2.0,5.0,5.0,6.0,2.0,0.0,3.0,2.0,2.0,3.0,3.0,BARBUNYA
5.0,5.0,4.0,4.0,1.0,1.0,5.0,5.0,5.0,2.0,1.0,4.0,2.0,3.0,4.0,4.0,BARBUNYA
5.0,4.0,4.0,4.0,2.0,2.0,5.0,5.0,1.0,4.0,3.0,3.0,2.0,2.0,3.0,4.0,BARBUNYA
5.0,5.0,4.0,4.0,1.0,1.0,5.0,5.0,4.0,3.0,2.0,4.0,2.0,3.0,4.0,4.0,BARBUNYA
5.0,5.0,4.0,4.0,2.0,2.0,5.0,5.0,2.0,2.0,2.0,3.0,2.0,3.0,3.0,4.0,BARBUNYA
5.0,5.0,4.0,4.0,3.0,3.0,5.0,5.0,2.0,2.0,1.0,2.0,2.0,2.0,2.0,4.0,BARBUNYA
5.0,5.0,4.0,4.0,1.0,1.0,5.0,5.0,5.0,2.0,1.0,4.0,2.0,3.0,4.0,3.0,BARBUNYA
5.0,5.0,4.0,4.0,2.0,2.0,5.0,5.0,2.0,2.0,1.0,3.0,2.0,3.0,3.0,3.0,BARBUNYA
5.0,5.0,4.0,4.0,2.0,2.0,5.0,5.0,2.0,2.0,1.0,3.0,2.0,3.0,3.0,6.0,BARBUNYA
5.0,5.0,4.0,4.0,1.0,1.0,5.0,5.0,4.0,2.0,1.0,4.0,2.0,3.0,4.0,4.0,BARBUNYA
5.0,5.0,4.0,3.0,4.0,4.0,5.0,5.0,1.0,2.0,1.0,1.0,2.0,2.0,1.0,4.0,BARBUNYA
5.0,5.0,4.0,3.0,4.0,4.0,5.0,5.0,1.0,1.0,0.0,1.0,3.0,2.0,1.0,3.0,BARBUNYA
5.0,5.0,4.0,4.0,1.0,1.0,5.0,5.0,4.0,1.0,0.0,3.0,2.0,3.0,3.0,1.0,BARBUNYA
5.0,5.0,4.0,4.0,1.0,1.0,5.0,5.0,5.0,2.0,1.0,4.0,2.0,3.0,4.0,3.0,BARBUNYA
5.0,4.0,3.0,5.0,0.0,0.0,5.0,5.0,4.0,4.0,4.0,5.0,1.0,4.0,5.0,6.0,BARBUNYA
5.0,4.0,4.0,4.0,1.0,1.0,5.0,5.0,5.0,5.0,4.0,4.0,2.0,3.0,4.0,4.0,BARBUNYA
5.0,5.0,4.0,4.0,3.0,3.0,5.0,5.0,1.0,1.0,1.0,2.0,2.0,2.0,2.0,1.0,BARBUNYA
5.0,5.0,4.0,4.0,4.0,4.0,5.0,5.0,5.0,2.0,1.0,1.0,2.0,2.0,1.0,4.0,BARBUNYA
5.0,5.0,4.0,3.0,4.0,4.0,5.0,5.0,2.0,2.0,1.0,1.0,3.0,2.0,1.0,3.0,BARBUNYA
5.0,4.0,4.0,4.0,2.0,2.0,5.0,5.0,5.0,4.0,3.0,3.0,2.0,2.0,3.0,4.0,BARBUNYA
5.0,5.0,4.0,4.0,1.0,1.0,5.0,5.0,2.0,2.0,0.0,4.0,2.0,3.0,4.0,4.0,BARBUNYA
5.0,5.0,4.0,4.0,1.0,1.0,5.0,5.0,2.0,2.0,1.0,3.0,2.0,3.0,3.0,3.0,BARBUNYA
5.0,4.0,4.0,4.0,2.0,2.0,5.0,5.0,4.0,4.0,4.0,3.0,2.0,3.0,3.0,5.0,BARBUNYA
5.0,5.0,4.0,4.0,1.0,1.0,5.0,5.0,2.0,2.0,1.0,4.0,2.0,3.0,4.0,4.0,BARBUNYA
5.0,5.0,4.0,4.0,1.0,1.0,5.0,5.0,4.0,2.0,0.0,4.0,2.0,3.0,4.0,3.0,BARBUNYA
5.0,5.0,4.0,4.0,2.0,2.0,5.0,5.0,2.0,2.0,1.0,3.0,2.0,2.0,3.0,3.0,BARBUNYA
5.0,5.0,4.0,4.0,1.0,1.0,5.0,5.0,2.0,2.0,1.0,4.0,2.0,3.0,4.0,4.0,BARBUNYA
5.0,4.0,3.0,5.0,1.0,1.0,5.0,5.0,6.0,4.0,4.0,4.0,1.0,4.0,4.0,3.0,BARBUNYA
5.0,4.0,4.0,3.0,4.0,4.0,5.0,5.0,2.0,3.0,3.0,1.0,3.0,2.0,1.0,1.0,BARBUNYA
5.0,5.0,4.0,4.0,1.0,1.0,5.0,5.0,2.0,2.0,1.0,4.0,2.0,3.0,4.0,4.0,BARBUNYA
5.0,5.0,4.0,4.0,2.0,2.0,5.0,5.0,6.0,2.0,1.0,3.0,2.0,2.0,3.0,2.0,BARBUNYA
5.0,5.0,3.0,5.0,0.0,0.0,5.0,5.0,4.0,2.0,1.0,5.0,1.0,4.0,5.0,3.0,BARBUNYA
5.0,4.0,3.0,5.0,0.0,0.0,5.0,5.0,4.0,3.0,3.0,5.0,1.0,4.0,5.0,5.0,BARBUNYA
5.0,5.0,4.0,4.0,2.0,2.0,5.0,5.0,5.0,2.0,1.0,3.0,2.0,2.0,3.0,1.0,BARBUNYA
5.0,5.0,4.0,4.0,4.0,4.0,5.0,5.0,2.0,1.0,1.0,1.0,3.0,2.0,1.0,0.0,BARBUNYA
5.0,5.0,4.0,4.0,1.0,1.0,5.0,5.0,4.0,2.0,1.0,4.0,2.0,3.0,4.0,3.0,BARBUNYA
5.0,5.0,4.0,4.0,2.0,2.0,5.0,5.0,4.0,2.0,1.0,3.0,2.0,3.0,3.0,5.0,BARBUNYA
5.0,4.0,4.0,4.0,1.0,1.0,5.0,5.0,4.0,3.0,4.0,4.0,2.0,3.0,4.0,3.0,BARBUNYA
5.0,5.0,4.0,4.0,2.0,2.0,5.0,5.0,2.0,2.0,2.0,3.0,2.0,3.0,3.0,4.0,BARBUNYA
5.0,4.0,3.0,5.0,0.0,0.0,5.0,5.0,5.0,2.0,3.0,6.0,1.0,5.0,6.0,3.0,BARBUNYA
5.0,5.0,4.0,3.0,4.0,4.0,5.0,5.0,1.0,2.0,1.0,1.0,3.0,2.0,1.0,3.0,BARBUNYA
5.0,5.0,4.0,4.0,1.0,1.0,5.0,5.0,2.0,3.0,1.0,4.0,2.0,3.0,4.0,1.0,BARBUNYA
5.0,5.0,4.0,3.0,4.0,4.0,5.0,5.0,3.0,1.0,0.0,1.0,3.0,2.0,1.0,1.0,BARBUNYA
5.0,5.0,4.0,4.0,1.0,1.0,5.0,5.0,5.0,2.0,1.0,4.0,2.0,3.0,4.0,4.0,BARBUNYA
5.0,5.0,4.0,4.0,2.0,2.0,5.0,5.0,4.0,4.0,3.0,3.0,2.0,2.0,3.0,4.0,BARBUNYA
5.0,5.0,3.0,5.0,0.0,0.0,5.0,5.0,4.0,1.0,1.0,4.0,1.0,4.0,4.0,1.0,BARBUNYA
5.0,5.0,4.0,4.0,2.0,2.0,5.0,5.0,1.0,3.0,3.0,3.0,2.0,3.0,3.0,4.0,BARBUNYA
5.0,4.0,4.0,4.0,2.0,2.0,5.0,5.0,2.0,4.0,4.0,3.0,2.0,2.0,3.0,4.0,BARBUNYA
5.0,4.0,4.0,4.0,1.0,1.0,5.0,5.0,4.0,4.0,4.0,4.0,2.0,3.0,4.0,4.0,BARBUNYA
5.0,5.0,4.0,4.0,2.0,2.0,5.0,5.0,5.0,2.0,1.0,3.0,2.0,2.0,3.0,2.0,BARBUNYA
5.0,5.0,4.0,4.0,1.0,1.0,5.0,5.0,1.0,0.0,0.0,4.0,2.0,3.0,4.0,1.0,BARBUNYA
5.0,4.0,4.0,4.0,1.0,1.0,5.0,5.0,2.0,2.0,4.0,4.0,2.0,3.0,4.0,2.0,BARBUNYA
5.0,4.0,4.0,4.0,1.0,1.0,5.0,5.0,5.0,4.0,4.0,4.0,2.0,3.0,4.0,3.0,BARBUNYA
5.0,5.0,4.0,4.0,1.0,1.0,5.0,5.0,4.0,1.0,0.0,4.0,2.0,3.0,4.0,5.0,BARBUNYA
5.0,5.0,4.0,4.0,1.0,1.0,5.0,5.0,4.0,2.0,1.0,4.0,2.0,3.0,4.0,4.0,BARBUNYA
5.0,5.0,4.0,4.0,2.0,2.0,5.0,5.0,6.0,2.0,2.0,3.0,2.0,3.0,3.0,2.0,BARBUNYA
5.0,4.0,4.0,3.0,4.0,4.0,5.0,5.0,4.0,4.0,4.0,1.0,2.0,2.0,1.0,4.0,BARBUNYA
5.0,5.0,4.0,4.0,2.0,2.0,5.0,5.0,2.0,1.0,1.0,3.0,2.0,3.0,3.0,1.0,BARBUNYA
5.0,4.0,4.0,4.0,1.0,1.0,5.0,5.0,6.0,3.0,3.0,4.0,2.0,3.0,4.0,3.0,BARBUNYA
5.0,5.0,3.0,5.0,0.0,0.0,5.0,5.0,4.0,2.0,3.0,6.0,1.0,5.0,6.0,4.0,BARBUNYA
5.0,5.0,4.0,4.0,1.0,1.0,5.0,5.0,4.0,2.0,0.0,4.0,2.0,3.0,4.0,3.0,BARBUNYA
5.0,5.0,4.0,4.0,1.0,1.0,5.0,5.0,3.0,3.0,1.0,4.0,2.0,3.0,4.0,4.0,BARBUNYA
5.0,5.0,4.0,4.0,2.0,2.0,5.0,5.0,2.0,4.0,3.0,3.0,2.0,3.0,3.0,4.0,BARBUNYA
5.0,5.0,4.0,3.0,4.0,4.0,5.0,5.0,1.0,2.0,0.0,1.0,3.0,2.0,1.0,4.0,BARBUNYA
5.0,5.0,4.0,4.0,4.0,4.0,5.0,5.0,3.0,4.0,3.0,1.0,2.0,2.0,1.0,5.0,BARBUNYA
5.0,5.0,4.0,4.0,2.0,2.0,5.0,5.0,4.0,2.0,1.0,3.0,2.0,2.0,3.0,4.0,BARBUNYA
5.0,5.0,4.0,4.0,2.0,2.0,5.0,5.0,1.0,3.0,1.0,3.0,2.0,2.0,3.0,2.0,BARBUNYA
5.0,5.0,4.0,4.0,3.0,3.0,5.0,5.0,4.0,3.0,1.0,2.0,2.0,2.0,2.0,3.0,BARBUNYA
5.0,5.0,4.0,4.0,2.0,2.0,5.0,5.0,4.0,2.0,1.0,3.0,2.0,3.0,3.0,4.0,BARBUNYA
5.0,5.0,4.0,4.0,1.0,1.0,5.0,5.0,4.0,2.0,1.0,4.0,2.0,3.0,4.0,4.0,BARBUNYA
5.0,5.0,4.0,4.0,1.0,1.0,5.0,5.0,4.0,2.0,1.0,4.0,2.0,3.0,4.0,3.0,BARBUNYA
5.0,5.0,4.0,4.0,2.0,2.0,5.0,5.0,2.0,2.0,1.0,3.0,2.0,2.0,3.0,2.0,BARBUNYA
5.0,5.0,4.0,4.0,2.0,2.0,5.0,5.0,2.0,2.0,3.0,3.0,2.0,3.0,3.0,4.0,BARBUNYA
5.0,5.0,4.0,4.0,1.0,1.0,5.0,5.0,2.0,2.0,1.0,4.0,2.0,3.0,4.0,4.0,BARBUNYA
5.0,5.0,4.0,4.0,2.0,2.0,5.0,5.0,4.0,2.0,1.0,3.0,2.0,3.0,3.0,4.0,BARBUNYA
5.0,5.0,4.0,4.0,1.0,1.0,5.0,5.0,2.0,2.0,1.0,4.0,2.0,3.0,4.0,3.0,BARBUNYA
5.0,5.0,4.0,4.0,2.0,2.0,5.0,5.0,2.0,1.0,0.0,3.0,2.0,2.0,3.0,1.0,BARBUNYA
5.0,5.0,4.0,4.0,2.0,2.0,5.0,5.0,2.0,2.0,1.0,3.0,2.0,3.0,3.0,5.0,BARBUNYA
5.0,4.0,4.0,4.0,2.0,2.0,5.0,5.0,2.0,4.0,4.0,3.0,2.0,2.0,3.0,4.0,BARBUNYA
5.0,5.0,4.0,5.0,1.0,1.0,5.0,5.0,2.0,2.0,1.0,4.0,1.0,3.0,4.0,5.0,BARBUNYA
5.0,5.0,4.0,4.0,2.0,2.0,5.0,5.0,4.0,1.0,1.0,3.0,2.0,2.0,3.0,4.0,BARBUNYA
5.0,5.0,4.0,4.0,1.0,1.0,5.0,5.0,2.0,1.0,0.0,4.0,2.0,3.0,4.0,4.0,BARBUNYA
5.0,5.0,4.0,4.0,2.0,2.0,5.0,5.0,2.0,3.0,1.0,3.0,2.0,2.0,3.0,6.0,BARBUNYA
5.0,5.0,4.0,4.0,2.0,2.0,5.0,5.0,2.0,2.0,1.0,3.0,2.0,2.0,3.0,5.0,BARBUNYA
5.0,5.0,4.0,4.0,1.0,1.0,5.0,5.0,4.0,2.0,1.0,4.0,2.0,3.0,4.0,4.0,BARBUNYA
5.0,5.0,4.0,4.0,1.0,1.0,5.0,5.0,4.0,2.0,1.0,4.0,2.0,3.0,4.0,4.0,BARBUNYA
5.0,5.0,4.0,5.0,1.0,1.0,5.0,5.0,2.0,2.0,2.0,4.0,1.0,3.0,4.0,4.0,BARBUNYA
5.0,5.0,4.0,4.0,2.0,2.0,5.0,5.0,2.0,1.0,1.0,3.0,2.0,2.0,3.0,4.0,BARBUNYA
5.0,5.0,4.0,4.0,2.0,2.0,5.0,5.0,3.0,1.0,0.0,3.0,2.0,2.0,3.0,2.0,BARBUNYA
5.0,5.0,4.0,4.0,2.0,2.0,5.0,5.0,1.0,3.0,1.0,3.0,2.0,2.0,3.0,5.0,BARBUNYA
5.0,4.0,4.0,4.0,1.0,1.0,5.0,5.0,4.0,4.0,4.0,4.0,2.0,3.0,4.0,5.0,BARBUNYA
5.0,5.0,4.0,4.0,4.0,4.0,5.0,5.0,1.0,1.0,0.0,1.0,2.0,2.0,1.0,3.0,BARBUNYA
5.0,5.0,4.0,4.0,1.0,1.0,5.0,5.0,3.0,2.0,1.0,4.0,2.0,3.0,4.0,4.0,BARBUNYA
5.0,5.0,4.0,4.0,2.0,2.0,5.0,5.0,2.0,1.0,1.0,3.0,2.0,2.0,3.0,1.0,BARBUNYA
5.0,5.0,4.0,4.0,4.0,4.0,5.0,5.0,0.0,1.0,0.0,1.0,2.0,2.0,1.0,3.0,BARBUNYA
5.0,5.0,4.0,4.0,1.0,1.0,5.0,5.0,2.0,1.0,1.0,4.0,2.0,3.0,4.0,3.0,BARBUNYA
5.0,5.0,4.0,4.0,1.0,1.0,5.0,5.0,4.0,2.0,1.0,4.0,2.0,3.0,4.0,1.0,BARBUNYA
5.0,5.0,4.0,4.0,3.0,3.0,5.0,5.0,2.0,2.0,1.0,2.0,2.0,2.0,2.0,4.0,BARBUNYA
5.0,4.0,3.0,5.0,0.0,0.0,5.0,5.0,4.0,3.0,3.0,6.0,1.0,5.0,6.0,3.0,BARBUNYA
5.0,5.0,4.0,4.0,3.0,3.0,5.0,5.0,2.0,3.0,2.0,2.0,2.0,2.0,2.0,4.0,BARBUNYA
5.0,5.0,4.0,4.0,2.0,2.0,5.0,5.0,3.0,1.0,1.0,3.0,2.0,2.0,3.0,1.0,BARBUNYA
5.0,5.0,4.0,5.0,1.0,1.0,5.0,5.0,2.0,2.0,1.0,4.0,1.0,3.0,4.0,4.0,BARBUNYA
5.0,5.0,4.0,4.0,1.0,1.0,5.0,5.0,2.0,2.0,1.0,4.0,2.0,3.0,4.0,2.0,BARBUNYA
5.0,5.0,4.0,4.0,1.0,1.0,5.0,5.0,5.0,2.0,1.0,4.0,2.0,3.0,4.0,3.0,BARBUNYA
5.0,5.0,4.0,4.0,2.0,2.0,5.0,5.0,4.0,1.0,0.0,3.0,2.0,3.0,3.0,4.0,BARBUNYA
5.0,5.0,4.0,4.0,4.0,4.0,5.0,5.0,4.0,2.0,1.0,2.0,2.0,2.0,2.0,4.0,BARBUNYA
5.0,5.0,4.0,4.0,2.0,2.0,5.0,5.0,5.0,4.0,3.0,3.0,2.0,2.0,3.0,3.0,BARBUNYA
5.0,5.0,4.0,4.0,1.0,1.0,5.0,5.0,2.0,2.0,1.0,4.0,2.0,3.0,4.0,3.0,BARBUNYA
5.0,5.0,4.0,4.0,1.0,1.0,5.0,5.0,4.0,2.0,1.0,4.0,2.0,3.0,4.0,3.0,BARBUNYA
5.0,5.0,4.0,4.0,2.0,2.0,5.0,5.0,4.0,2.0,1.0,3.0,2.0,2.0,3.0,4.0,BARBUNYA
5.0,5.0,4.0,4.0,1.0,1.0,5.0,5.0,4.0,4.0,3.0,4.0,2.0,3.0,4.0,4.0,BARBUNYA
5.0,5.0,4.0,5.0,1.0,1.0,5.0,5.0,4.0,2.0,1.0,4.0,1.0,3.0,4.0,4.0,BARBUNYA
5.0,5.0,4.0,5.0,1.0,1.0,5.0,5.0,5.0,2.0,1.0,4.0,1.0,3.0,4.0,4.0,BARBUNYA
5.0,5.0,4.0,4.0,2.0,2.0,5.0,5.0,3.0,4.0,3.0,3.0,2.0,2.0,3.0,6.0,BARBUNYA
5.0,5.0,4.0,5.0,1.0,1.0,5.0,5.0,2.0,2.0,2.0,4.0,1.0,3.0,4.0,5.0,BARBUNYA
5.0,5.0,4.0,4.0,1.0,1.0,5.0,5.0,5.0,2.0,1.0,4.0,2.0,3.0,4.0,3.0,BARBUNYA
5.0,5.0,4.0,4.0,4.0,4.0,5.0,5.0,5.0,3.0,2.0,1.0,2.0,2.0,1.0,3.0,BARBUNYA
5.0,5.0,4.0,5.0,0.0,0.0,5.0,5.0,4.0,1.0,1.0,5.0,1.0,4.0,5.0,2.0,BARBUNYA
5.0,5.0,4.0,4.0,2.0,2.0,5.0,5.0,2.0,2.0,3.0,3.0,2.0,2.0,3.0,3.0,BARBUNYA
5.0,5.0,4.0,4.0,2.0,2.0,5.0,5.0,4.0,3.0,1.0,3.0,2.0,2.0,3.0,4.0,BARBUNYA
5.0,5.0,4.0,4.0,2.0,2.0,5.0,5.0,4.0,2.0,1.0,3.0,2.0,2.0,3.0,2.0,BARBUNYA
5.0,5.0,4.0,4.0,1.0,1.0,5.0,5.0,4.0,2.0,0.0,4.0,2.0,3.0,4.0,3.0,BARBUNYA
5.0,5.0,5.0,3.0,5.0,5.0,5.0,5.0,3.0,3.0,1.0,0.0,3.0,1.0,0.0,3.0,BARBUNYA
5.0,5.0,4.0,4.0,2.0,2.0,5.0,5.0,1.0,3.0,1.0,3.0,2.0,2.0,3.0,4.0,BARBUNYA
5.0,4.0,4.0,4.0,2.0,2.0,5.0,5.0,4.0,4.0,4.0,3.0,2.0,2.0,3.0,4.0,BARBUNYA
5.0,5.0,4.0,4.0,2.0,2.0,5.0,5.0,2.0,3.0,1.0,3.0,2.0,2.0,3.0,4.0,BARBUNYA
5.0,5.0,4.0,4.0,2.0,2.0,5.0,5.0,4.0,4.0,4.0,3.0,2.0,2.0,3.0,4.0,BARBUNYA
5.0,5.0,4.0,5.0,1.0,1.0,5.0,5.0,4.0,2.0,2.0,4.0,1.0,3.0,4.0,4.0,BARBUNYA
5.0,5.0,4.0,4.0,4.0,4.0,5.0,5.0,5.0,2.0,1.0,1.0,2.0,2.0,1.0,4.0,BARBUNYA
5.0,5.0,5.0,3.0,5.0,5.0,5.0,5.0,4.0,2.0,1.0,1.0,3.0,1.0,1.0,3.0,BARBUNYA
5.0,5.0,4.0,4.0,2.0,2.0,5.0,5.0,4.0,4.0,1.0,3.0,2.0,2.0,3.0,4.0,BARBUNYA
5.0,5.0,4.0,4.0,2.0,2.0,5.0,5.0,4.0,2.0,1.0,3.0,2.0,2.0,3.0,1.0,BARBUNYA
5.0,5.0,4.0,4.0,3.0,3.0,5.0,5.0,4.0,2.0,1.0,2.0,2.0,2.0,2.0,3.0,BARBUNYA
5.0,5.0,4.0,4.0,1.0,1.0,5.0,5.0,2.0,2.0,0.0,4.0,2.0,3.0,4.0,2.0,BARBUNYA
5.0,5.0,4.0,3.0,4.0,4.0,5.0,5.0,2.0,2.0,0.0,1.0,3.0,2.0,1.0,3.0,BARBUNYA
5.0,5.0,4.0,4.0,4.0,4.0,5.0,5.0,5.0,2.0,1.0,2.0,2.0,2.0,2.0,3.0,BARBUNYA
5.0,5.0,4.0,4.0,1.0,1.0,5.0,5.0,3.0,2.0,3.0,4.0,2.0,3.0,4.0,6.0,BARBUNYA
5.0,5.0,4.0,4.0,4.0,4.0,5.0,5.0,2.0,2.0,3.0,2.0,2.0,2.0,2.0,2.0,BARBUNYA
5.0,5.0,4.0,5.0,1.0,1.0,5.0,5.0,2.0,2.0,1.0,4.0,1.0,3.0,4.0,5.0,BARBUNYA
5.0,5.0,4.0,5.0,0.0,0.0,5.0,5.0,4.0,3.0,3.0,5.0,1.0,4.0,5.0,3.0,BARBUNYA
5.0,5.0,4.0,4.0,1.0,1.0,5.0,5.0,3.0,2.0,3.0,4.0,2.0,3.0,4.0,3.0,BARBUNYA
5.0,5.0,4.0,4.0,1.0,1.0,5.0,5.0,3.0,3.0,4.0,4.0,2.0,3.0,4.0,4.0,BARBUNYA
5.0,5.0,4.0,4.0,2.0,2.0,5.0,5.0,2.0,3.0,2.0,3.0,2.0,2.0,3.0,5.0,BARBUNYA
5.0,4.0,4.0,4.0,1.0,1.0,5.0,5.0,5.0,4.0,4.0,4.0,2.0,3.0,4.0,5.0,BARBUNYA
5.0,5.0,4.0,4.0,2.0,2.0,5.0,5.0,2.0,2.0,0.0,3.0,2.0,2.0,3.0,5.0,BARBUNYA
5.0,5.0,4.0,4.0,2.0,2.0,5.0,5.0,2.0,2.0,1.0,3.0,2.0,3.0,3.0,5.0,BARBUNYA
5.0,5.0,4.0,4.0,2.0,2.0,5.0,5.0,1.0,4.0,4.0,3.0,2.0,2.0,3.0,4.0,BARBUNYA
5.0,5.0,4.0,4.0,1.0,1.0,5.0,5.0,2.0,2.0,1.0,4.0,2.0,3.0,4.0,2.0,BARBUNYA
5.0,5.0,4.0,4.0,2.0,2.0,5.0,5.0,4.0,2.0,0.0,3.0,2.0,3.0,3.0,3.0,BARBUNYA
5.0,5.0,4.0,4.0,2.0,2.0,5.0,5.0,0.0,2.0,1.0,3.0,2.0,2.0,3.0,4.0,BARBUNYA
5.0,5.0,4.0,5.0,1.0,1.0,5.0,5.0,2.0,2.0,3.0,4.0,1.0,3.0,4.0,3.0,BARBUNYA
5.0,5.0,4.0,4.0,2.0,2.0,5.0,5.0,2.0,2.0,1.0,3.0,2.0,2.0,3.0,4.0,BARBUNYA
5.0,5.0,4.0,4.0,1.0,1.0,5.0,5.0,4.0,2.0,1.0,4.0,2.0,3.0,4.0,4.0,BARBUNYA
5.0,4.0,4.0,4.0,1.0,1.0,5.0,5.0,5.0,5.0,5.0,4.0,2.0,3.0,4.0,3.0,BARBUNYA
5.0,5.0,4.0,4.0,1.0,1.0,5.0,5.0,4.0,4.0,4.0,4.0,2.0,3.0,4.0,4.0,BARBUNYA
5.0,5.0,4.0,4.0,2.0,2.0,5.0,5.0,2.0,2.0,1.0,3.0,2.0,2.0,3.0,4.0,BARBUNYA
5.0,5.0,5.0,3.0,5.0,5.0,5.0,5.0,5.0,2.0,1.0,1.0,3.0,1.0,1.0,3.0,BARBUNYA
5.0,5.0,4.0,5.0,1.0,1.0,5.0,5.0,2.0,2.0,2.0,4.0,1.0,3.0,4.0,1.0,BARBUNYA
5.0,5.0,4.0,4.0,1.0,1.0,5.0,5.0,4.0,2.0,2.0,4.0,2.0,3.0,4.0,4.0,BARBUNYA
5.0,5.0,4.0,4.0,1.0,1.0,5.0,5.0,3.0,3.0,1.0,3.0,2.0,3.0,3.0,2.0,BARBUNYA
5.0,5.0,4.0,4.0,1.0,1.0,5.0,5.0,4.0,2.0,1.0,4.0,2.0,3.0,4.0,2.0,BARBUNYA
5.0,5.0,4.0,4.0,4.0,4.0,5.0,5.0,5.0,4.0,3.0,1.0,2.0,2.0,1.0,4.0,BARBUNYA
5.0,5.0,4.0,4.0,4.0,4.0,5.0,5.0,4.0,4.0,1.0,1.0,2.0,2.0,1.0,4.0,BARBUNYA
5.0,5.0,4.0,4.0,2.0,2.0,5.0,5.0,5.0,2.0,1.0,3.0,2.0,2.0,3.0,4.0,BARBUNYA
5.0,5.0,4.0,4.0,2.0,2.0,5.0,5.0,4.0,2.0,0.0,3.0,2.0,2.0,3.0,4.0,BARBUNYA
5.0,5.0,4.0,5.0,1.0,1.0,5.0,5.0,5.0,2.0,3.0,4.0,1.0,3.0,4.0,3.0,BARBUNYA
5.0,5.0,4.0,4.0,1.0,1.0,5.0,5.0,4.0,2.0,2.0,4.0,2.0,3.0,4.0,4.0,BARBUNYA
5.0,5.0,4.0,4.0,1.0,1.0,5.0,5.0,2.0,3.0,3.0,4.0,2.0,3.0,4.0,3.0,BARBUNYA
5.0,5.0,4.0,4.0,1.0,1.0,5.0,5.0,2.0,2.0,1.0,4.0,2.0,3.0,4.0,4.0,BARBUNYA
5.0,5.0,4.0,5.0,1.0,1.0,5.0,5.0,5.0,2.0,1.0,4.0,1.0,3.0,4.0,3.0,BARBUNYA
5.0,5.0,4.0,4.0,4.0,4.0,5.0,5.0,4.0,5.0,4.0,1.0,2.0,2.0,1.0,4.0,BARBUNYA
5.0,5.0,4.0,4.0,3.0,3.0,5.0,5.0,2.0,1.0,3.0,2.0,2.0,2.0,2.0,1.0,BARBUNYA
5.0,5.0,4.0,4.0,1.0,1.0,5.0,5.0,5.0,2.0,1.0,4.0,2.0,3.0,4.0,4.0,BARBUNYA
5.0,5.0,4.0,4.0,4.0,4.0,5.0,5.0,2.0,2.0,1.0,2.0,2.0,2.0,2.0,4.0,BARBUNYA
5.0,5.0,4.0,4.0,1.0,1.0,5.0,5.0,2.0,2.0,1.0,4.0,2.0,3.0,4.0,3.0,BARBUNYA
5.0,5.0,4.0,4.0,2.0,2.0,5.0,5.0,2.0,2.0,2.0,3.0,2.0,2.0,3.0,2.0,BARBUNYA
5.0,5.0,4.0,4.0,2.0,2.0,5.0,5.0,2.0,2.0,1.0,3.0,2.0,2.0,3.0,3.0,BARBUNYA
5.0,5.0,4.0,4.0,4.0,4.0,5.0,5.0,4.0,2.0,1.0,2.0,2.0,2.0,2.0,4.0,BARBUNYA
5.0,5.0,4.0,4.0,1.0,1.0,5.0,5.0,2.0,2.0,1.0,4.0,2.0,3.0,4.0,4.0,BARBUNYA
5.0,5.0,4.0,4.0,2.0,2.0,5.0,5.0,2.0,2.0,3.0,3.0,2.0,2.0,3.0,5.0,BARBUNYA
5.0,5.0,4.0,4.0,1.0,1.0,5.0,5.0,4.0,2.0,1.0,4.0,2.0,3.0,4.0,3.0,BARBUNYA
5.0,5.0,4.0,4.0,1.0,1.0,5.0,5.0,2.0,3.0,3.0,4.0,2.0,3.0,4.0,4.0,BARBUNYA
5.0,5.0,4.0,4.0,2.0,2.0,5.0,5.0,5.0,3.0,1.0,3.0,2.0,2.0,3.0,4.0,BARBUNYA
5.0,5.0,4.0,5.0,1.0,1.0,5.0,5.0,4.0,2.0,1.0,4.0,1.0,3.0,4.0,2.0,BARBUNYA
5.0,5.0,4.0,4.0,1.0,1.0,5.0,5.0,4.0,2.0,1.0,4.0,2.0,3.0,4.0,4.0,BARBUNYA
5.0,5.0,4.0,5.0,1.0,1.0,5.0,5.0,4.0,1.0,3.0,4.0,2.0,3.0,4.0,1.0,BARBUNYA
5.0,5.0,4.0,4.0,4.0,4.0,5.0,5.0,4.0,1.0,0.0,1.0,2.0,2.0,1.0,4.0,BARBUNYA
5.0,5.0,4.0,4.0,2.0,2.0,5.0,5.0,4.0,2.0,1.0,3.0,2.0,2.0,3.0,2.0,BARBUNYA
5.0,5.0,4.0,4.0,2.0,2.0,5.0,5.0,4.0,2.0,1.0,3.0,2.0,2.0,3.0,2.0,BARBUNYA
5.0,5.0,4.0,4.0,2.0,2.0,5.0,5.0,4.0,1.0,1.0,3.0,2.0,2.0,3.0,1.0,BARBUNYA
5.0,5.0,4.0,4.0,4.0,4.0,5.0,5.0,3.0,4.0,3.0,1.0,2.0,2.0,1.0,4.0,BARBUNYA
5.0,5.0,4.0,4.0,2.0,2.0,5.0,5.0,4.0,1.0,0.0,3.0,2.0,2.0,3.0,1.0,BARBUNYA
5.0,5.0,4.0,5.0,1.0,1.0,5.0,5.0,3.0,1.0,1.0,4.0,1.0,3.0,4.0,2.0,BARBUNYA
5.0,5.0,4.0,5.0,1.0,1.0,5.0,5.0,4.0,2.0,3.0,4.0,1.0,3.0,4.0,4.0,BARBUNYA
5.0,5.0,4.0,4.0,2.0,2.0,5.0,5.0,5.0,3.0,1.0,3.0,2.0,2.0,3.0,4.0,BARBUNYA
5.0,5.0,4.0,4.0,3.0,3.0,5.0,5.0,2.0,2.0,0.0,2.0,2.0,2.0,2.0,3.0,BARBUNYA
5.0,5.0,4.0,4.0,1.0,1.0,5.0,5.0,3.0,4.0,3.0,4.0,2.0,3.0,4.0,3.0,BARBUNYA
5.0,4.0,4.0,4.0,1.0,1.0,5.0,5.0,3.0,4.0,4.0,4.0,2.0,3.0,4.0,5.0,BARBUNYA
5.0,5.0,4.0,5.0,1.0,1.0,5.0,5.0,4.0,2.0,1.0,4.0,1.0,3.0,4.0,3.0,BARBUNYA
5.0,5.0,4.0,4.0,4.0,4.0,5.0,5.0,2.0,4.0,3.0,1.0,2.0,2.0,1.0,1.0,BARBUNYA
5.0,5.0,4.0,4.0,2.0,2.0,5.0,5.0,4.0,2.0,3.0,3.0,2.0,2.0,3.0,1.0,BARBUNYA
5.0,5.0,4.0,4.0,2.0,2.0,5.0,5.0,2.0,2.0,1.0,3.0,2.0,2.0,3.0,1.0,BARBUNYA
5.0,5.0,4.0,5.0,1.0,1.0,5.0,5.0,5.0,2.0,3.0,4.0,1.0,3.0,4.0,1.0,BARBUNYA
5.0,5.0,4.0,4.0,1.0,1.0,5.0,5.0,1.0,2.0,1.0,4.0,2.0,3.0,4.0,1.0,BARBUNYA
5.0,5.0,4.0,5.0,1.0,1.0,5.0,5.0,4.0,2.0,2.0,4.0,1.0,3.0,4.0,5.0,BARBUNYA
5.0,5.0,4.0,5.0,0.0,0.0,5.0,5.0,4.0,3.0,3.0,5.0,1.0,4.0,5.0,4.0,BARBUNYA
5.0,5.0,4.0,4.0,1.0,1.0,5.0,5.0,5.0,4.0,3.0,4.0,2.0,3.0,4.0,4.0,BARBUNYA
5.0,5.0,4.0,4.0,1.0,1.0,5.0,5.0,2.0,2.0,1.0,4.0,2.0,3.0,4.0,4.0,BARBUNYA
5.0,5.0,4.0,4.0,2.0,2.0,5.0,5.0,2.0,2.0,1.0,3.0,2.0,3.0,3.0,2.0,BARBUNYA
5.0,5.0,4.0,4.0,1.0,1.0,5.0,5.0,3.0,3.0,3.0,4.0,2.0,3.0,4.0,4.0,BARBUNYA
5.0,5.0,4.0,4.0,2.0,2.0,5.0,5.0,2.0,2.0,1.0,3.0,2.0,2.0,3.0,5.0,BARBUNYA
5.0,5.0,4.0,4.0,2.0,2.0,5.0,5.0,4.0,2.0,1.0,3.0,2.0,2.0,3.0,2.0,BARBUNYA
5.0,5.0,4.0,4.0,1.0,1.0,5.0,5.0,2.0,2.0,1.0,4.0,2.0,3.0,4.0,3.0,BARBUNYA
5.0,5.0,3.0,5.0,0.0,0.0,5.0,5.0,4.0,2.0,3.0,6.0,1.0,5.0,6.0,1.0,BARBUNYA
5.0,5.0,4.0,5.0,1.0,1.0,5.0,5.0,2.0,2.0,3.0,4.0,1.0,3.0,4.0,4.0,BARBUNYA
5.0,5.0,4.0,4.0,2.0,2.0,5.0,5.0,2.0,2.0,0.0,3.0,2.0,2.0,3.0,3.0,BARBUNYA
5.0,5.0,4.0,4.0,2.0,2.0,5.0,5.0,1.0,1.0,0.0,3.0,2.0,2.0,3.0,3.0,BARBUNYA
5.0,5.0,4.0,4.0,1.0,1.0,5.0,5.0,4.0,2.0,1.0,4.0,2.0,3.0,4.0,4.0,BARBUNYA
5.0,5.0,4.0,4.0,1.0,1.0,5.0,5.0,2.0,2.0,1.0,4.0,2.0,3.0,4.0,4.0,BARBUNYA
5.0,5.0,4.0,5.0,1.0,1.0,5.0,5.0,4.0,2.0,1.0,4.0,1.0,3.0,4.0,3.0,BARBUNYA
5.0,5.0,4.0,4.0,2.0,2.0,5.0,5.0,1.0,1.0,0.0,3.0,2.0,2.0,3.0,3.0,BARBUNYA
5.0,5.0,4.0,4.0,3.0,3.0,5.0,5.0,4.0,2.0,1.0,2.0,2.0,2.0,2.0,4.0,BARBUNYA
5.0,5.0,4.0,4.0,2.0,2.0,5.0,5.0,2.0,2.0,1.0,3.0,2.0,3.0,3.0,2.0,BARBUNYA
5.0,5.0,3.0,5.0,0.0,0.0,5.0,5.0,4.0,2.0,2.0,6.0,1.0,5.0,6.0,5.0,BARBUNYA
5.0,5.0,4.0,4.0,2.0,2.0,5.0,5.0,4.0,1.0,0.0,3.0,2.0,2.0,3.0,4.0,BARBUNYA
5.0,4.0,4.0,5.0,1.0,1.0,5.0,5.0,4.0,4.0,5.0,4.0,2.0,3.0,4.0,2.0,BARBUNYA
5.0,5.0,5.0,3.0,5.0,5.0,5.0,5.0,2.0,1.0,0.0,0.0,3.0,1.0,0.0,0.0,BARBUNYA
5.0,5.0,4.0,4.0,1.0,1.0,5.0,5.0,2.0,2.0,1.0,4.0,2.0,3.0,4.0,5.0,BARBUNYA
5.0,5.0,4.0,4.0,1.0,1.0,5.0,5.0,4.0,4.0,3.0,4.0,2.0,3.0,4.0,3.0,BARBUNYA
5.0,5.0,4.0,4.0,1.0,1.0,5.0,5.0,2.0,2.0,0.0,4.0,2.0,3.0,4.0,3.0,BARBUNYA
5.0,5.0,4.0,4.0,2.0,2.0,5.0,5.0,4.0,2.0,1.0,3.0,2.0,2.0,3.0,3.0,BARBUNYA
5.0,5.0,4.0,4.0,2.0,2.0,5.0,5.0,2.0,4.0,3.0,3.0,2.0,2.0,3.0,4.0,BARBUNYA
5.0,5.0,4.0,4.0,1.0,1.0,5.0,5.0,4.0,3.0,1.0,4.0,2.0,3.0,4.0,4.0,BARBUNYA
5.0,5.0,4.0,4.0,3.0,3.0,5.0,5.0,4.0,2.0,2.0,3.0,2.0,2.0,3.0,4.0,BARBUNYA
5.0,5.0,4.0,4.0,2.0,2.0,5.0,5.0,2.0,2.0,1.0,3.0,2.0,3.0,3.0,4.0,BARBUNYA
5.0,5.0,4.0,4.0,2.0,2.0,5.0,5.0,2.0,3.0,3.0,3.0,2.0,2.0,3.0,4.0,BARBUNYA
5.0,5.0,4.0,4.0,2.0,2.0,5.0,5.0,2.0,2.0,0.0,3.0,2.0,2.0,3.0,4.0,BARBUNYA
5.0,5.0,4.0,4.0,2.0,2.0,5.0,5.0,6.0,2.0,1.0,3.0,2.0,2.0,3.0,2.0,BARBUNYA
5.0,5.0,4.0,5.0,1.0,1.0,5.0,5.0,2.0,2.0,1.0,4.0,1.0,3.0,4.0,4.0,BARBUNYA
5.0,5.0,4.0,4.0,4.0,4.0,5.0,5.0,1.0,4.0,3.0,1.0,2.0,2.0,1.0,3.0,BARBUNYA
5.0,5.0,4.0,4.0,2.0,2.0,5.0,5.0,2.0,2.0,1.0,3.0,2.0,3.0,3.0,4.0,BARBUNYA
5.0,5.0,4.0,4.0,2.0,2.0,5.0,5.0,2.0,2.0,1.0,3.0,2.0,2.0,3.0,3.0,BARBUNYA
5.0,5.0,5.0,4.0,4.0,4.0,5.0,5.0,1.0,2.0,0.0,1.0,2.0,2.0,1.0,2.0,BARBUNYA
5.0,5.0,5.0,4.0,4.0,4.0,5.0,5.0,1.0,2.0,0.0,1.0,2.0,2.0,1.0,3.0,BARBUNYA
5.0,5.0,4.0,5.0,1.0,1.0,5.0,5.0,2.0,2.0,1.0,4.0,2.0,3.0,4.0,2.0,BARBUNYA
5.0,5.0,4.0,4.0,2.0,2.0,5.0,5.0,6.0,4.0,3.0,3.0,2.0,2.0,3.0,4.0,BARBUNYA
5.0,5.0,4.0,4.0,2.0,2.0,5.0,5.0,4.0,2.0,1.0,3.0,2.0,2.0,3.0,2.0,BARBUNYA
5.0,5.0,4.0,5.0,0.0,0.0,5.0,5.0,4.0,2.0,3.0,5.0,1.0,4.0,5.0,4.0,BARBUNYA
5.0,5.0,4.0,4.0,2.0,2.0,5.0,5.0,2.0,4.0,4.0,3.0,2.0,2.0,3.0,4.0,BARBUNYA
5.0,5.0,4.0,5.0,1.0,1.0,5.0,5.0,2.0,2.0,1.0,4.0,1.0,3.0,4.0,4.0,BARBUNYA
5.0,5.0,4.0,4.0,2.0,2.0,5.0,5.0,2.0,2.0,1.0,3.0,2.0,2.0,3.0,3.0,BARBUNYA
5.0,5.0,4.0,4.0,2.0,2.0,5.0,5.0,4.0,2.0,0.0,3.0,2.0,2.0,3.0,4.0,BARBUNYA
5.0,5.0,4.0,4.0,1.0,1.0,5.0,5.0,2.0,2.0,1.0,4.0,2.0,3.0,4.0,3.0,BARBUNYA
5.0,5.0,4.0,4.0,2.0,2.0,5.0,5.0,2.0,4.0,1.0,3.0,2.0,2.0,3.0,4.0,BARBUNYA
5.0,5.0,4.0,4.0,3.0,3.0,5.0,5.0,4.0,2.0,1.0,2.0,2.0,2.0,2.0,5.0,BARBUNYA
5.0,5.0,4.0,4.0,1.0,1.0,5.0,5.0,4.0,2.0,1.0,4.0,2.0,3.0,4.0,1.0,BARBUNYA
5.0,5.0,4.0,4.0,2.0,2.0,5.0,5.0,4.0,5.0,4.0,3.0,2.0,2.0,3.0,4.0,BARBUNYA
5.0,5.0,4.0,4.0,2.0,2.0,5.0,5.0,2.0,1.0,0.0,3.0,2.0,2.0,3.0,1.0,BARBUNYA
5.0,5.0,4.0,5.0,1.0,1.0,5.0,5.0,4.0,2.0,3.0,4.0,1.0,3.0,4.0,4.0,BARBUNYA
5.0,5.0,4.0,4.0,2.0,2.0,5.0,5.0,3.0,2.0,1.0,3.0,2.0,2.0,3.0,2.0,BARBUNYA
5.0,5.0,4.0,4.0,2.0,2.0,5.0,5.0,2.0,3.0,1.0,3.0,2.0,2.0,3.0,2.0,BARBUNYA
5.0,5.0,4.0,4.0,2.0,2.0,5.0,5.0,2.0,2.0,1.0,3.0,2.0,2.0,3.0,2.0,BARBUNYA
5.0,5.0,4.0,4.0,1.0,1.0,5.0,5.0,4.0,2.0,2.0,4.0,2.0,3.0,4.0,3.0,BARBUNYA
5.0,5.0,4.0,5.0,1.0,1.0,5.0,5.0,3.0,3.0,3.0,4.0,1.0,3.0,4.0,3.0,BARBUNYA
5.0,5.0,4.0,5.0,0.0,0.0,5.0,5.0,5.0,3.0,3.0,5.0,1.0,4.0,5.0,5.0,BARBUNYA
5.0,5.0,4.0,5.0,0.0,0.0,5.0,5.0,4.0,2.0,2.0,5.0,1.0,4.0,5.0,2.0,BARBUNYA
5.0,5.0,4.0,4.0,1.0,1.0,5.0,5.0,2.0,1.0,1.0,4.0,2.0,3.0,4.0,4.0,BARBUNYA
5.0,5.0,4.0,5.0,1.0,1.0,5.0,5.0,5.0,2.0,3.0,4.0,1.0,3.0,4.0,3.0,BARBUNYA
5.0,5.0,4.0,4.0,1.0,1.0,5.0,5.0,4.0,2.0,1.0,4.0,2.0,3.0,4.0,4.0,BARBUNYA
5.0,5.0,4.0,4.0,3.0,3.0,5.0,5.0,2.0,2.0,2.0,2.0,2.0,2.0,2.0,3.0,BARBUNYA
5.0,5.0,4.0,5.0,0.0,0.0,5.0,5.0,4.0,2.0,2.0,5.0,1.0,4.0,5.0,1.0,BARBUNYA
5.0,5.0,4.0,4.0,1.0,1.0,5.0,5.0,3.0,4.0,4.0,4.0,2.0,3.0,4.0,4.0,BARBUNYA
5.0,5.0,4.0,4.0,4.0,4.0,5.0,5.0,3.0,2.0,1.0,1.0,2.0,2.0,1.0,2.0,BARBUNYA
5.0,5.0,4.0,4.0,2.0,2.0,5.0,5.0,2.0,2.0,3.0,3.0,2.0,3.0,3.0,4.0,BARBUNYA
5.0,5.0,4.0,5.0,1.0,1.0,5.0,5.0,2.0,2.0,1.0,4.0,1.0,3.0,4.0,4.0,BARBUNYA
5.0,5.0,4.0,5.0,0.0,0.0,5.0,5.0,5.0,2.0,4.0,5.0,1.0,4.0,5.0,4.0,BARBUNYA
5.0,5.0,4.0,4.0,3.0,3.0,5.0,5.0,4.0,2.0,1.0,2.0,2.0,2.0,2.0,2.0,BARBUNYA
5.0,5.0,4.0,4.0,3.0,3.0,5.0,5.0,4.0,2.0,0.0,2.0,2.0,2.0,2.0,1.0,BARBUNYA
5.0,5.0,4.0,4.0,1.0,1.0,5.0,5.0,4.0,2.0,1.0,4.0,2.0,3.0,4.0,3.0,BARBUNYA
5.0,5.0,4.0,4.0,1.0,1.0,5.0,5.0,2.0,2.0,1.0,4.0,2.0,3.0,4.0,3.0,BARBUNYA
5.0,5.0,4.0,4.0,1.0,1.0,5.0,5.0,4.0,3.0,2.0,4.0,2.0,3.0,4.0,2.0,BARBUNYA
5.0,5.0,4.0,4.0,4.0,4.0,5.0,5.0,1.0,2.0,1.0,1.0,2.0,2.0,1.0,4.0,BARBUNYA
5.0,5.0,4.0,4.0,2.0,2.0,5.0,5.0,4.0,4.0,0.0,3.0,2.0,2.0,3.0,3.0,BARBUNYA
5.0,5.0,4.0,4.0,1.0,1.0,5.0,5.0,4.0,2.0,3.0,4.0,2.0,3.0,4.0,4.0,BARBUNYA
5.0,5.0,4.0,4.0,3.0,3.0,5.0,5.0,4.0,2.0,0.0,2.0,2.0,2.0,2.0,3.0,BARBUNYA
5.0,5.0,4.0,4.0,4.0,4.0,5.0,5.0,1.0,2.0,1.0,1.0,2.0,2.0,1.0,4.0,BARBUNYA
5.0,5.0,4.0,4.0,4.0,4.0,5.0,5.0,2.0,2.0,1.0,2.0,2.0,2.0,2.0,4.0,BARBUNYA
5.0,5.0,4.0,4.0,1.0,1.0,5.0,5.0,4.0,2.0,1.0,4.0,2.0,3.0,4.0,3.0,BARBUNYA
5.0,5.0,4.0,4.0,1.0,1.0,5.0,5.0,4.0,2.0,0.0,4.0,2.0,3.0,4.0,4.0,BARBUNYA
5.0,5.0,4.0,4.0,2.0,2.0,5.0,5.0,4.0,2.0,1.0,3.0,2.0,2.0,3.0,1.0,BARBUNYA
5.0,5.0,4.0,4.0,2.0,2.0,5.0,5.0,2.0,4.0,4.0,3.0,2.0,2.0,3.0,4.0,BARBUNYA
5.0,5.0,4.0,4.0,2.0,2.0,5.0,5.0,2.0,2.0,1.0,3.0,2.0,2.0,3.0,4.0,BARBUNYA
5.0,5.0,4.0,4.0,1.0,1.0,5.0,5.0,2.0,2.0,2.0,4.0,2.0,3.0,4.0,4.0,BARBUNYA
5.0,5.0,4.0,4.0,1.0,1.0,5.0,5.0,2.0,3.0,3.0,4.0,2.0,3.0,4.0,4.0,BARBUNYA
5.0,5.0,4.0,4.0,2.0,2.0,5.0,5.0,4.0,4.0,3.0,3.0,2.0,2.0,3.0,4.0,BARBUNYA
5.0,5.0,4.0,4.0,1.0,1.0,5.0,5.0,4.0,2.0,1.0,4.0,2.0,3.0,4.0,2.0,BARBUNYA
5.0,5.0,5.0,4.0,4.0,4.0,5.0,5.0,0.0,4.0,3.0,1.0,2.0,2.0,1.0,5.0,BARBUNYA
5.0,5.0,4.0,4.0,2.0,2.0,5.0,5.0,2.0,2.0,0.0,3.0,2.0,2.0,3.0,3.0,BARBUNYA
5.0,5.0,4.0,4.0,2.0,2.0,5.0,5.0,2.0,2.0,0.0,3.0,2.0,2.0,3.0,2.0,BARBUNYA
5.0,5.0,4.0,4.0,2.0,2.0,5.0,5.0,2.0,3.0,1.0,3.0,2.0,2.0,3.0,4.0,BARBUNYA
5.0,5.0,4.0,4.0,4.0,4.0,5.0,5.0,2.0,1.0,0.0,1.0,2.0,2.0,1.0,3.0,BARBUNYA
5.0,5.0,4.0,4.0,2.0,2.0,5.0,5.0,5.0,3.0,3.0,3.0,2.0,2.0,3.0,4.0,BARBUNYA
5.0,5.0,4.0,4.0,2.0,2.0,5.0,5.0,4.0,3.0,3.0,3.0,2.0,2.0,3.0,4.0,BARBUNYA
5.0,5.0,4.0,4.0,4.0,4.0,5.0,5.0,4.0,4.0,3.0,2.0,2.0,2.0,2.0,4.0,BARBUNYA
5.0,5.0,4.0,4.0,1.0,1.0,5.0,5.0,2.0,3.0,3.0,4.0,2.0,3.0,4.0,4.0,BARBUNYA
5.0,5.0,4.0,4.0,3.0,3.0,5.0,5.0,1.0,2.0,1.0,2.0,2.0,2.0,2.0,4.0,BARBUNYA
5.0,5.0,4.0,5.0,1.0,1.0,5.0,5.0,2.0,2.0,1.0,4.0,2.0,3.0,4.0,1.0,BARBUNYA
5.0,5.0,4.0,4.0,2.0,2.0,5.0,5.0,2.0,2.0,1.0,3.0,2.0,2.0,3.0,4.0,BARBUNYA
5.0,5.0,5.0,4.0,4.0,4.0,5.0,5.0,0.0,1.0,0.0,1.0,2.0,2.0,1.0,1.0,BARBUNYA
5.0,5.0,4.0,4.0,4.0,4.0,5.0,5.0,4.0,2.0,1.0,1.0,2.0,2.0,1.0,2.0,BARBUNYA
5.0,5.0,4.0,4.0,2.0,2.0,5.0,5.0,2.0,3.0,3.0,3.0,2.0,2.0,3.0,4.0,BARBUNYA
5.0,5.0,5.0,4.0,4.0,4.0,5.0,5.0,1.0,2.0,0.0,1.0,2.0,1.0,1.0,3.0,BARBUNYA
5.0,5.0,4.0,4.0,2.0,2.0,5.0,5.0,6.0,2.0,1.0,3.0,2.0,2.0,3.0,2.0,BARBUNYA
5.0,5.0,4.0,4.0,4.0,4.0,5.0,5.0,4.0,3.0,1.0,1.0,2.0,2.0,1.0,6.0,BARBUNYA
5.0,5.0,4.0,4.0,1.0,1.0,5.0,5.0,5.0,2.0,1.0,4.0,2.0,3.0,4.0,1.0,BARBUNYA
5.0,5.0,4.0,4.0,1.0,1.0,5.0,5.0,2.0,2.0,1.0,3.0,2.0,3.0,3.0,2.0,BARBUNYA
5.0,5.0,4.0,4.0,2.0,2.0,5.0,5.0,4.0,2.0,1.0,3.0,2.0,2.0,3.0,1.0,BARBUNYA
5.0,5.0,4.0,5.0,1.0,1.0,5.0,5.0,4.0,2.0,3.0,4.0,1.0,3.0,4.0,4.0,BARBUNYA
5.0,5.0,4.0,4.0,1.0,1.0,5.0,5.0,4.0,2.0,1.0,3.0,2.0,3.0,3.0,2.0,BARBUNYA
5.0,5.0,4.0,4.0,1.0,1.0,5.0,5.0,5.0,2.0,1.0,4.0,2.0,3.0,4.0,2.0,BARBUNYA
5.0,5.0,4.0,5.0,1.0,1.0,5.0,5.0,4.0,3.0,3.0,4.0,1.0,3.0,4.0,4.0,BARBUNYA
5.0,5.0,4.0,4.0,1.0,1.0,5.0,5.0,2.0,2.0,1.0,4.0,2.0,3.0,4.0,4.0,BARBUNYA
5.0,5.0,4.0,4.0,4.0,4.0,5.0,5.0,1.0,2.0,1.0,1.0,2.0,2.0,1.0,4.0,BARBUNYA
5.0,5.0,4.0,4.0,2.0,2.0,5.0,5.0,2.0,4.0,1.0,3.0,2.0,2.0,3.0,2.0,BARBUNYA
5.0,5.0,4.0,4.0,4.0,4.0,5.0,5.0,2.0,2.0,0.0,1.0,2.0,2.0,1.0,3.0,BARBUNYA
5.0,5.0,4.0,4.0,1.0,1.0,5.0,5.0,4.0,4.0,3.0,4.0,2.0,3.0,4.0,3.0,BARBUNYA
5.0,5.0,4.0,4.0,2.0,2.0,5.0,5.0,4.0,2.0,3.0,3.0,2.0,2.0,3.0,4.0,BARBUNYA
5.0,5.0,5.0,4.0,4.0,4.0,5.0,5.0,2.0,2.0,1.0,1.0,2.0,2.0,1.0,4.0,BARBUNYA
5.0,5.0,4.0,4.0,4.0,4.0,5.0,5.0,2.0,4.0,3.0,1.0,2.0,2.0,1.0,6.0,BARBUNYA
5.0,5.0,4.0,5.0,1.0,1.0,5.0,5.0,4.0,2.0,1.0,4.0,2.0,3.0,4.0,1.0,BARBUNYA
5.0,5.0,4.0,4.0,1.0,1.0,5.0,5.0,4.0,2.0,1.0,4.0,2.0,3.0,4.0,5.0,BARBUNYA
5.0,5.0,4.0,4.0,2.0,2.0,5.0,5.0,4.0,4.0,4.0,3.0,2.0,2.0,3.0,4.0,BARBUNYA
5.0,5.0,4.0,5.0,1.0,1.0,5.0,5.0,2.0,2.0,1.0,4.0,1.0,3.0,4.0,4.0,BARBUNYA
5.0,5.0,4.0,5.0,1.0,1.0,5.0,5.0,4.0,3.0,2.0,4.0,1.0,3.0,4.0,3.0,BARBUNYA
5.0,5.0,4.0,4.0,3.0,3.0,5.0,5.0,4.0,2.0,1.0,2.0,2.0,2.0,2.0,3.0,BARBUNYA
5.0,5.0,4.0,4.0,1.0,1.0,5.0,5.0,2.0,2.0,1.0,4.0,2.0,3.0,4.0,4.0,BARBUNYA
5.0,5.0,4.0,5.0,1.0,1.0,5.0,5.0,2.0,1.0,1.0,4.0,1.0,3.0,4.0,1.0,BARBUNYA
5.0,5.0,4.0,5.0,1.0,1.0,5.0,5.0,2.0,3.0,3.0,4.0,1.0,3.0,4.0,4.0,BARBUNYA
5.0,5.0,4.0,5.0,1.0,1.0,5.0,5.0,4.0,2.0,3.0,4.0,1.0,3.0,4.0,4.0,BARBUNYA
5.0,5.0,4.0,4.0,4.0,4.0,5.0,5.0,6.0,2.0,1.0,2.0,2.0,2.0,2.0,1.0,BARBUNYA
5.0,5.0,4.0,4.0,2.0,2.0,5.0,5.0,4.0,2.0,1.0,3.0,2.0,2.0,3.0,4.0,BARBUNYA
5.0,5.0,4.0,5.0,1.0,1.0,5.0,5.0,4.0,2.0,2.0,4.0,1.0,3.0,4.0,4.0,BARBUNYA
5.0,5.0,4.0,4.0,1.0,1.0,5.0,5.0,5.0,2.0,1.0,4.0,2.0,3.0,4.0,2.0,BARBUNYA
5.0,5.0,4.0,5.0,1.0,1.0,5.0,5.0,2.0,2.0,1.0,4.0,1.0,3.0,4.0,3.0,BARBUNYA
5.0,5.0,4.0,5.0,1.0,1.0,5.0,5.0,5.0,3.0,3.0,4.0,1.0,3.0,4.0,2.0,BARBUNYA
5.0,5.0,4.0,4.0,2.0,2.0,5.0,5.0,2.0,2.0,1.0,3.0,2.0,2.0,3.0,3.0,BARBUNYA
5.0,5.0,4.0,4.0,2.0,2.0,5.0,5.0,2.0,4.0,2.0,3.0,2.0,2.0,3.0,5.0,BARBUNYA
5.0,5.0,4.0,4.0,2.0,2.0,5.0,5.0,5.0,2.0,1.0,3.0,2.0,2.0,3.0,3.0,BARBUNYA
5.0,5.0,4.0,4.0,4.0,4.0,5.0,5.0,1.0,2.0,0.0,1.0,2.0,2.0,1.0,6.0,BARBUNYA
5.0,5.0,5.0,4.0,4.0,4.0,5.0,5.0,1.0,2.0,1.0,1.0,2.0,2.0,1.0,2.0,BARBUNYA
5.0,5.0,4.0,4.0,2.0,2.0,5.0,5.0,5.0,3.0,1.0,3.0,2.0,2.0,3.0,3.0,BARBUNYA
5.0,5.0,4.0,4.0,1.0,1.0,5.0,5.0,2.0,2.0,1.0,4.0,2.0,3.0,4.0,4.0,BARBUNYA
5.0,5.0,4.0,4.0,2.0,2.0,5.0,5.0,1.0,2.0,1.0,3.0,2.0,2.0,3.0,4.0,BARBUNYA
5.0,5.0,4.0,5.0,1.0,1.0,5.0,5.0,3.0,3.0,3.0,4.0,1.0,3.0,4.0,4.0,BARBUNYA
5.0,5.0,4.0,4.0,2.0,2.0,5.0,5.0,2.0,3.0,3.0,3.0,2.0,2.0,3.0,6.0,BARBUNYA
5.0,5.0,4.0,4.0,2.0,2.0,5.0,5.0,4.0,3.0,3.0,3.0,2.0,2.0,3.0,5.0,BARBUNYA
5.0,5.0,4.0,5.0,1.0,1.0,5.0,5.0,4.0,3.0,3.0,4.0,1.0,3.0,4.0,1.0,BARBUNYA
5.0,5.0,4.0,5.0,1.0,1.0,5.0,5.0,5.0,2.0,1.0,4.0,1.0,3.0,4.0,1.0,BARBUNYA
5.0,5.0,4.0,5.0,0.0,0.0,5.0,5.0,6.0,2.0,1.0,5.0,1.0,3.0,5.0,1.0,BARBUNYA
5.0,5.0,4.0,5.0,1.0,1.0,5.0,5.0,4.0,2.0,1.0,4.0,1.0,3.0,4.0,4.0,BARBUNYA
5.0,5.0,4.0,5.0,1.0,1.0,5.0,5.0,2.0,2.0,1.0,4.0,1.0,3.0,4.0,1.0,BARBUNYA
5.0,5.0,4.0,4.0,1.0,1.0,5.0,5.0,4.0,3.0,4.0,4.0,2.0,3.0,4.0,3.0,BARBUNYA
5.0,5.0,4.0,4.0,4.0,4.0,5.0,5.0,2.0,2.0,1.0,2.0,2.0,2.0,2.0,4.0,BARBUNYA
5.0,5.0,4.0,4.0,2.0,2.0,5.0,5.0,6.0,2.0,2.0,3.0,2.0,2.0,3.0,1.0,BARBUNYA
5.0,5.0,4.0,4.0,2.0,2.0,5.0,5.0,2.0,2.0,1.0,3.0,2.0,2.0,3.0,4.0,BARBUNYA
5.0,5.0,4.0,4.0,2.0,2.0,5.0,5.0,2.0,2.0,1.0,3.0,2.0,2.0,3.0,3.0,BARBUNYA
5.0,5.0,4.0,5.0,1.0,1.0,5.0,5.0,4.0,4.0,4.0,4.0,1.0,3.0,4.0,4.0,BARBUNYA
5.0,5.0,4.0,5.0,0.0,0.0,5.0,5.0,3.0,2.0,1.0,6.0,1.0,4.0,6.0,1.0,BARBUNYA
5.0,5.0,4.0,5.0,1.0,1.0,5.0,5.0,4.0,2.0,1.0,4.0,1.0,3.0,4.0,5.0,BARBUNYA
5.0,5.0,4.0,5.0,1.0,1.0,5.0,5.0,2.0,2.0,1.0,4.0,2.0,3.0,4.0,1.0,BARBUNYA
5.0,5.0,4.0,4.0,2.0,2.0,5.0,5.0,5.0,4.0,4.0,3.0,2.0,2.0,3.0,2.0,BARBUNYA
5.0,5.0,4.0,5.0,0.0,0.0,5.0,5.0,4.0,3.0,4.0,6.0,1.0,4.0,6.0,4.0,BARBUNYA
5.0,5.0,4.0,4.0,2.0,2.0,5.0,5.0,4.0,3.0,1.0,3.0,2.0,2.0,3.0,3.0,BARBUNYA
5.0,5.0,4.0,4.0,2.0,2.0,5.0,5.0,5.0,2.0,1.0,3.0,2.0,2.0,3.0,4.0,BARBUNYA
5.0,5.0,4.0,5.0,1.0,1.0,5.0,5.0,2.0,2.0,3.0,4.0,2.0,3.0,4.0,2.0,BARBUNYA
5.0,5.0,4.0,4.0,3.0,3.0,5.0,5.0,4.0,3.0,1.0,2.0,2.0,2.0,2.0,4.0,BARBUNYA
5.0,5.0,4.0,4.0,1.0,1.0,5.0,5.0,2.0,2.0,1.0,4.0,2.0,3.0,4.0,4.0,BARBUNYA
5.0,5.0,4.0,4.0,2.0,2.0,5.0,5.0,4.0,4.0,3.0,3.0,2.0,2.0,3.0,4.0,BARBUNYA
5.0,5.0,4.0,5.0,1.0,1.0,5.0,5.0,4.0,2.0,2.0,4.0,1.0,3.0,4.0,4.0,BARBUNYA
5.0,5.0,4.0,5.0,0.0,0.0,5.0,5.0,4.0,4.0,4.0,6.0,1.0,4.0,6.0,4.0,BARBUNYA
5.0,5.0,5.0,4.0,4.0,4.0,5.0,5.0,2.0,2.0,1.0,1.0,2.0,2.0,1.0,3.0,BARBUNYA
5.0,5.0,4.0,4.0,2.0,2.0,5.0,5.0,2.0,2.0,0.0,3.0,2.0,2.0,3.0,4.0,BARBUNYA
5.0,5.0,5.0,4.0,4.0,4.0,5.0,5.0,1.0,2.0,1.0,1.0,2.0,2.0,1.0,3.0,BARBUNYA
5.0,5.0,5.0,4.0,4.0,4.0,5.0,5.0,0.0,2.0,0.0,1.0,2.0,2.0,1.0,3.0,BARBUNYA
5.0,5.0,4.0,4.0,2.0,2.0,5.0,5.0,4.0,4.0,3.0,3.0,2.0,2.0,3.0,4.0,BARBUNYA
5.0,5.0,4.0,4.0,4.0,4.0,5.0,5.0,2.0,2.0,1.0,1.0,2.0,2.0,1.0,3.0,BARBUNYA
5.0,5.0,4.0,4.0,2.0,2.0,5.0,5.0,4.0,2.0,0.0,3.0,2.0,2.0,3.0,3.0,BARBUNYA
5.0,5.0,4.0,4.0,2.0,2.0,5.0,5.0,2.0,2.0,1.0,3.0,2.0,2.0,3.0,4.0,BARBUNYA
5.0,5.0,4.0,4.0,1.0,1.0,5.0,5.0,5.0,2.0,1.0,4.0,2.0,3.0,4.0,3.0,BARBUNYA
5.0,5.0,4.0,4.0,1.0,1.0,5.0,5.0,1.0,4.0,4.0,4.0,2.0,3.0,4.0,3.0,BARBUNYA
5.0,5.0,4.0,4.0,2.0,2.0,5.0,5.0,4.0,2.0,1.0,3.0,2.0,2.0,3.0,2.0,BARBUNYA
5.0,5.0,4.0,4.0,2.0,2.0,5.0,5.0,4.0,2.0,0.0,3.0,2.0,2.0,3.0,2.0,BARBUNYA
5.0,5.0,4.0,4.0,1.0,1.0,5.0,5.0,4.0,2.0,1.0,4.0,2.0,3.0,4.0,3.0,BARBUNYA
5.0,5.0,5.0,3.0,5.0,5.0,5.0,5.0,1.0,4.0,1.0,0.0,2.0,1.0,0.0,3.0,BARBUNYA
5.0,5.0,4.0,5.0,1.0,1.0,5.0,5.0,2.0,2.0,1.0,4.0,1.0,3.0,4.0,4.0,BARBUNYA
5.0,5.0,4.0,5.0,1.0,1.0,5.0,5.0,5.0,3.0,3.0,4.0,1.0,3.0,4.0,3.0,BARBUNYA
5.0,5.0,4.0,5.0,1.0,1.0,5.0,5.0,1.0,2.0,1.0,4.0,1.0,3.0,4.0,3.0,BARBUNYA
5.0,5.0,4.0,4.0,2.0,2.0,5.0,5.0,4.0,2.0,1.0,3.0,2.0,2.0,3.0,4.0,BARBUNYA
5.0,5.0,4.0,5.0,1.0,1.0,5.0,5.0,2.0,2.0,1.0,4.0,1.0,3.0,4.0,2.0,BARBUNYA
5.0,5.0,4.0,5.0,1.0,1.0,5.0,5.0,2.0,2.0,1.0,4.0,1.0,3.0,4.0,4.0,BARBUNYA
5.0,5.0,4.0,4.0,3.0,3.0,5.0,5.0,2.0,2.0,1.0,2.0,2.0,2.0,2.0,4.0,BARBUNYA
5.0,5.0,4.0,5.0,1.0,1.0,5.0,5.0,4.0,2.0,1.0,4.0,1.0,3.0,4.0,3.0,BARBUNYA
5.0,5.0,5.0,4.0,4.0,4.0,5.0,5.0,4.0,4.0,3.0,1.0,2.0,2.0,1.0,3.0,BARBUNYA
5.0,5.0,4.0,4.0,2.0,2.0,5.0,5.0,2.0,2.0,1.0,3.0,2.0,2.0,3.0,5.0,BARBUNYA
5.0,5.0,4.0,4.0,2.0,2.0,5.0,5.0,5.0,4.0,4.0,3.0,2.0,2.0,3.0,4.0,BARBUNYA
5.0,5.0,4.0,4.0,2.0,2.0,5.0,5.0,4.0,2.0,1.0,3.0,2.0,2.0,3.0,4.0,BARBUNYA
5.0,5.0,4.0,4.0,2.0,2.0,5.0,5.0,2.0,2.0,1.0,3.0,2.0,2.0,3.0,3.0,BARBUNYA
5.0,5.0,5.0,4.0,4.0,4.0,5.0,5.0,5.0,2.0,1.0,1.0,2.0,2.0,1.0,2.0,BARBUNYA
5.0,5.0,4.0,4.0,2.0,2.0,5.0,5.0,2.0,4.0,4.0,3.0,2.0,2.0,3.0,2.0,BARBUNYA
5.0,5.0,4.0,4.0,2.0,2.0,5.0,5.0,2.0,2.0,1.0,3.0,2.0,2.0,3.0,3.0,BARBUNYA
5.0,5.0,4.0,5.0,1.0,1.0,5.0,5.0,2.0,2.0,1.0,4.0,1.0,3.0,4.0,4.0,BARBUNYA
5.0,5.0,4.0,5.0,1.0,1.0,5.0,5.0,2.0,2.0,1.0,4.0,1.0,3.0,4.0,2.0,BARBUNYA
5.0,5.0,4.0,5.0,0.0,0.0,5.0,5.0,4.0,2.0,1.0,5.0,1.0,3.0,5.0,5.0,BARBUNYA
5.0,5.0,4.0,4.0,2.0,2.0,5.0,5.0,2.0,2.0,1.0,3.0,2.0,2.0,3.0,4.0,BARBUNYA
5.0,5.0,4.0,4.0,3.0,3.0,5.0,5.0,2.0,2.0,1.0,2.0,2.0,2.0,2.0,2.0,BARBUNYA
5.0,5.0,5.0,4.0,4.0,4.0,5.0,5.0,2.0,2.0,1.0,1.0,2.0,2.0,1.0,1.0,BARBUNYA
5.0,5.0,4.0,4.0,1.0,1.0,5.0,5.0,2.0,2.0,1.0,3.0,2.0,2.0,3.0,4.0,BARBUNYA
5.0,5.0,4.0,4.0,2.0,2.0,5.0,5.0,2.0,2.0,1.0,3.0,2.0,2.0,3.0,4.0,BARBUNYA
5.0,5.0,4.0,4.0,1.0,1.0,5.0,5.0,4.0,2.0,1.0,3.0,2.0,2.0,3.0,2.0,BARBUNYA
5.0,5.0,4.0,5.0,1.0,1.0,5.0,5.0,2.0,2.0,1.0,4.0,1.0,3.0,4.0,2.0,BARBUNYA
5.0,5.0,5.0,4.0,4.0,4.0,5.0,5.0,2.0,4.0,3.0,1.0,2.0,2.0,1.0,3.0,BARBUNYA
5.0,5.0,4.0,4.0,1.0,1.0,5.0,5.0,2.0,2.0,1.0,4.0,2.0,2.0,4.0,4.0,BARBUNYA
5.0,5.0,4.0,4.0,4.0,4.0,5.0,5.0,1.0,2.0,1.0,2.0,2.0,2.0,2.0,4.0,BARBUNYA
5.0,5.0,4.0,5.0,1.0,1.0,5.0,5.0,5.0,2.0,1.0,4.0,1.0,3.0,4.0,2.0,BARBUNYA
5.0,5.0,4.0,4.0,2.0,2.0,5.0,5.0,2.0,2.0,1.0,3.0,2.0,2.0,3.0,4.0,BARBUNYA
5.0,5.0,5.0,4.0,4.0,4.0,5.0,5.0,1.0,4.0,3.0,1.0,2.0,2.0,1.0,4.0,BARBUNYA
5.0,5.0,4.0,4.0,2.0,2.0,5.0,5.0,6.0,4.0,2.0,3.0,2.0,2.0,3.0,3.0,BARBUNYA
5.0,5.0,4.0,5.0,1.0,1.0,5.0,5.0,3.0,1.0,1.0,4.0,1.0,3.0,4.0,2.0,BARBUNYA
5.0,5.0,4.0,5.0,0.0,0.0,5.0,5.0,4.0,2.0,3.0,6.0,1.0,5.0,6.0,3.0,BARBUNYA
5.0,5.0,4.0,5.0,0.0,0.0,5.0,5.0,5.0,2.0,1.0,5.0,1.0,3.0,5.0,1.0,BARBUNYA
5.0,5.0,4.0,5.0,0.0,0.0,5.0,5.0,4.0,2.0,4.0,5.0,1.0,3.0,5.0,3.0,BARBUNYA
5.0,5.0,5.0,4.0,4.0,4.0,5.0,5.0,2.0,2.0,1.0,1.0,2.0,2.0,1.0,4.0,BARBUNYA
5.0,5.0,5.0,4.0,4.0,4.0,5.0,5.0,0.0,2.0,0.0,1.0,2.0,1.0,1.0,2.0,BARBUNYA
5.0,5.0,4.0,4.0,2.0,2.0,5.0,5.0,2.0,2.0,1.0,3.0,2.0,2.0,3.0,4.0,BARBUNYA
5.0,5.0,5.0,4.0,4.0,4.0,5.0,5.0,5.0,2.0,1.0,1.0,2.0,2.0,1.0,3.0,BARBUNYA
5.0,5.0,4.0,4.0,2.0,2.0,5.0,5.0,2.0,2.0,1.0,3.0,2.0,2.0,3.0,1.0,BARBUNYA
5.0,5.0,4.0,4.0,2.0,2.0,5.0,5.0,2.0,2.0,1.0,3.0,2.0,2.0,3.0,3.0,BARBUNYA
5.0,5.0,5.0,4.0,4.0,4.0,5.0,5.0,1.0,2.0,3.0,1.0,2.0,2.0,1.0,1.0,BARBUNYA
5.0,5.0,5.0,4.0,4.0,4.0,5.0,5.0,5.0,3.0,1.0,1.0,2.0,2.0,1.0,4.0,BARBUNYA
5.0,5.0,4.0,4.0,4.0,4.0,5.0,5.0,2.0,2.0,1.0,2.0,2.0,2.0,2.0,4.0,BARBUNYA
5.0,5.0,4.0,5.0,1.0,1.0,5.0,5.0,2.0,4.0,4.0,4.0,1.0,3.0,4.0,4.0,BARBUNYA
5.0,5.0,4.0,5.0,1.0,1.0,5.0,5.0,5.0,2.0,3.0,4.0,1.0,3.0,4.0,3.0,BARBUNYA
5.0,5.0,4.0,5.0,1.0,1.0,5.0,5.0,5.0,2.0,1.0,4.0,1.0,3.0,4.0,4.0,BARBUNYA
5.0,5.0,4.0,4.0,4.0,4.0,5.0,5.0,3.0,3.0,1.0,2.0,2.0,2.0,2.0,3.0,BARBUNYA
5.0,5.0,4.0,5.0,1.0,1.0,5.0,5.0,4.0,3.0,3.0,4.0,1.0,3.0,4.0,6.0,BARBUNYA
5.0,5.0,4.0,5.0,1.0,1.0,5.0,5.0,2.0,2.0,1.0,4.0,1.0,3.0,4.0,1.0,BARBUNYA
5.0,5.0,4.0,4.0,3.0,3.0,5.0,5.0,1.0,3.0,1.0,2.0,2.0,2.0,2.0,3.0,BARBUNYA
5.0,5.0,4.0,4.0,2.0,2.0,5.0,5.0,2.0,3.0,1.0,3.0,2.0,2.0,3.0,4.0,BARBUNYA
5.0,5.0,4.0,5.0,1.0,1.0,5.0,5.0,4.0,2.0,1.0,4.0,1.0,3.0,4.0,4.0,BARBUNYA
5.0,5.0,4.0,5.0,1.0,1.0,5.0,5.0,4.0,3.0,2.0,4.0,1.0,3.0,4.0,4.0,BARBUNYA
5.0,5.0,4.0,5.0,1.0,1.0,5.0,5.0,4.0,2.0,1.0,4.0,1.0,3.0,4.0,4.0,BARBUNYA
5.0,5.0,4.0,5.0,1.0,1.0,5.0,5.0,2.0,1.0,1.0,4.0,1.0,3.0,4.0,4.0,BARBUNYA
5.0,5.0,5.0,4.0,4.0,4.0,5.0,5.0,1.0,2.0,1.0,1.0,2.0,2.0,1.0,3.0,BARBUNYA
5.0,5.0,4.0,4.0,2.0,2.0,5.0,5.0,2.0,4.0,3.0,3.0,2.0,2.0,3.0,4.0,BARBUNYA
5.0,5.0,5.0,4.0,4.0,4.0,5.0,5.0,4.0,2.0,0.0,1.0,2.0,2.0,1.0,4.0,BARBUNYA
5.0,5.0,4.0,4.0,2.0,2.0,5.0,5.0,4.0,2.0,1.0,3.0,2.0,2.0,3.0,2.0,BARBUNYA
5.0,5.0,5.0,4.0,4.0,4.0,5.0,5.0,1.0,2.0,1.0,1.0,2.0,2.0,1.0,4.0,BARBUNYA
5.0,5.0,4.0,4.0,2.0,2.0,5.0,5.0,2.0,2.0,1.0,3.0,2.0,2.0,3.0,4.0,BARBUNYA
5.0,5.0,4.0,5.0,1.0,1.0,5.0,5.0,2.0,2.0,1.0,4.0,1.0,3.0,4.0,3.0,BARBUNYA
5.0,5.0,4.0,5.0,1.0,1.0,5.0,5.0,2.0,2.0,3.0,4.0,1.0,3.0,4.0,4.0,BARBUNYA
5.0,5.0,4.0,4.0,2.0,2.0,5.0,5.0,2.0,2.0,1.0,3.0,2.0,2.0,3.0,4.0,BARBUNYA
5.0,5.0,4.0,4.0,1.0,1.0,5.0,5.0,4.0,4.0,4.0,3.0,2.0,2.0,3.0,4.0,BARBUNYA
5.0,5.0,4.0,5.0,1.0,1.0,5.0,5.0,4.0,2.0,2.0,4.0,1.0,3.0,4.0,3.0,BARBUNYA
5.0,5.0,4.0,5.0,1.0,1.0,5.0,5.0,2.0,4.0,4.0,4.0,2.0,2.0,4.0,1.0,BARBUNYA
5.0,5.0,4.0,4.0,2.0,2.0,5.0,5.0,5.0,2.0,1.0,3.0,2.0,2.0,3.0,4.0,BARBUNYA
5.0,5.0,5.0,4.0,4.0,4.0,5.0,5.0,5.0,4.0,1.0,1.0,2.0,1.0,1.0,4.0,BARBUNYA
5.0,5.0,4.0,5.0,1.0,1.0,5.0,5.0,2.0,2.0,1.0,4.0,1.0,3.0,4.0,3.0,BARBUNYA
5.0,5.0,4.0,5.0,1.0,1.0,5.0,5.0,5.0,2.0,3.0,4.0,1.0,3.0,4.0,3.0,BARBUNYA
5.0,5.0,4.0,5.0,1.0,1.0,5.0,5.0,4.0,1.0,1.0,4.0,1.0,3.0,4.0,1.0,BARBUNYA
5.0,5.0,4.0,5.0,1.0,1.0,5.0,5.0,1.0,2.0,1.0,4.0,1.0,3.0,4.0,3.0,BARBUNYA
5.0,5.0,4.0,4.0,2.0,2.0,5.0,5.0,1.0,2.0,1.0,3.0,2.0,2.0,3.0,6.0,BARBUNYA
5.0,5.0,4.0,5.0,1.0,1.0,5.0,5.0,4.0,2.0,1.0,4.0,1.0,3.0,4.0,4.0,BARBUNYA
5.0,5.0,4.0,5.0,1.0,1.0,5.0,5.0,4.0,2.0,0.0,4.0,1.0,3.0,4.0,3.0,BARBUNYA
5.0,5.0,5.0,4.0,4.0,4.0,5.0,5.0,1.0,4.0,1.0,1.0,2.0,2.0,1.0,3.0,BARBUNYA
5.0,5.0,4.0,5.0,1.0,1.0,5.0,5.0,6.0,3.0,2.0,4.0,1.0,3.0,4.0,2.0,BARBUNYA
5.0,5.0,5.0,4.0,4.0,4.0,5.0,5.0,5.0,3.0,1.0,2.0,2.0,2.0,2.0,4.0,BARBUNYA
5.0,5.0,5.0,4.0,4.0,4.0,5.0,5.0,5.0,3.0,1.0,1.0,2.0,2.0,1.0,4.0,BARBUNYA
5.0,5.0,4.0,4.0,1.0,1.0,5.0,5.0,2.0,4.0,3.0,3.0,2.0,2.0,3.0,2.0,BARBUNYA
5.0,5.0,4.0,5.0,1.0,1.0,5.0,5.0,4.0,1.0,1.0,4.0,1.0,3.0,4.0,1.0,BARBUNYA
5.0,5.0,5.0,4.0,4.0,4.0,5.0,5.0,4.0,2.0,0.0,1.0,2.0,2.0,1.0,4.0,BARBUNYA
5.0,5.0,4.0,5.0,1.0,1.0,5.0,5.0,5.0,2.0,1.0,4.0,1.0,3.0,4.0,4.0,BARBUNYA
5.0,5.0,4.0,4.0,2.0,2.0,5.0,5.0,1.0,2.0,1.0,3.0,2.0,2.0,3.0,3.0,BARBUNYA
5.0,5.0,4.0,4.0,2.0,2.0,5.0,5.0,1.0,2.0,1.0,3.0,2.0,2.0,3.0,3.0,BARBUNYA
5.0,5.0,4.0,5.0,0.0,0.0,5.0,5.0,5.0,2.0,1.0,6.0,1.0,4.0,6.0,5.0,BARBUNYA
5.0,5.0,4.0,5.0,1.0,1.0,5.0,5.0,4.0,4.0,5.0,4.0,1.0,3.0,4.0,4.0,BARBUNYA
5.0,5.0,4.0,5.0,1.0,1.0,5.0,5.0,5.0,2.0,1.0,4.0,1.0,3.0,4.0,1.0,BARBUNYA
5.0,5.0,4.0,4.0,1.0,1.0,5.0,5.0,3.0,2.0,1.0,4.0,1.0,2.0,4.0,5.0,BARBUNYA
5.0,5.0,4.0,5.0,1.0,1.0,5.0,5.0,1.0,1.0,0.0,4.0,1.0,3.0,4.0,3.0,BARBUNYA
5.0,5.0,4.0,5.0,1.0,1.0,5.0,5.0,4.0,2.0,1.0,4.0,1.0,3.0,4.0,4.0,BARBUNYA
5.0,5.0,4.0,5.0,1.0,1.0,5.0,5.0,1.0,2.0,1.0,4.0,1.0,3.0,4.0,4.0,BARBUNYA
5.0,5.0,4.0,4.0,2.0,2.0,5.0,5.0,2.0,4.0,1.0,3.0,2.0,2.0,3.0,4.0,BARBUNYA
5.0,5.0,4.0,4.0,3.0,3.0,5.0,5.0,4.0,2.0,1.0,3.0,2.0,2.0,3.0,4.0,BARBUNYA
5.0,5.0,4.0,4.0,2.0,2.0,5.0,5.0,4.0,2.0,0.0,3.0,2.0,2.0,3.0,4.0,BARBUNYA
5.0,5.0,5.0,3.0,6.0,6.0,5.0,5.0,4.0,2.0,1.0,0.0,2.0,1.0,0.0,3.0,BARBUNYA
5.0,5.0,4.0,4.0,2.0,2.0,5.0,5.0,5.0,2.0,1.0,3.0,2.0,2.0,3.0,5.0,BARBUNYA
5.0,5.0,4.0,4.0,2.0,2.0,5.0,5.0,5.0,3.0,1.0,3.0,2.0,2.0,3.0,3.0,BARBUNYA
5.0,5.0,4.0,5.0,1.0,1.0,5.0,5.0,5.0,2.0,1.0,4.0,1.0,2.0,4.0,2.0,BARBUNYA
5.0,5.0,4.0,5.0,1.0,1.0,5.0,5.0,2.0,1.0,1.0,4.0,1.0,3.0,4.0,1.0,BARBUNYA
5.0,5.0,4.0,4.0,2.0,2.0,5.0,5.0,1.0,4.0,4.0,3.0,2.0,2.0,3.0,4.0,BARBUNYA
5.0,5.0,5.0,4.0,3.0,3.0,5.0,5.0,2.0,3.0,1.0,2.0,2.0,2.0,2.0,3.0,BARBUNYA
5.0,5.0,4.0,5.0,1.0,1.0,5.0,5.0,4.0,3.0,3.0,4.0,1.0,3.0,4.0,4.0,BARBUNYA
5.0,5.0,5.0,4.0,3.0,3.0,5.0,5.0,2.0,3.0,1.0,2.0,2.0,2.0,2.0,4.0,BARBUNYA
5.0,5.0,5.0,4.0,4.0,4.0,5.0,5.0,4.0,3.0,1.0,1.0,2.0,2.0,1.0,4.0,BARBUNYA
5.0,5.0,4.0,5.0,1.0,1.0,5.0,5.0,2.0,4.0,1.0,4.0,1.0,3.0,4.0,4.0,BARBUNYA
5.0,5.0,5.0,4.0,3.0,3.0,5.0,5.0,5.0,4.0,1.0,2.0,2.0,2.0,2.0,4.0,BARBUNYA
5.0,5.0,4.0,5.0,1.0,1.0,5.0,5.0,2.0,2.0,1.0,4.0,1.0,3.0,4.0,3.0,BARBUNYA
5.0,5.0,4.0,4.0,3.0,3.0,5.0,5.0,5.0,2.0,1.0,2.0,2.0,2.0,2.0,3.0,BARBUNYA
5.0,5.0,4.0,5.0,0.0,0.0,5.0,5.0,2.0,3.0,3.0,5.0,1.0,3.0,5.0,3.0,BARBUNYA
5.0,5.0,5.0,4.0,3.0,3.0,5.0,5.0,2.0,1.0,0.0,2.0,2.0,2.0,2.0,1.0,BARBUNYA
5.0,5.0,4.0,4.0,2.0,2.0,5.0,5.0,3.0,2.0,1.0,3.0,2.0,2.0,3.0,4.0,BARBUNYA
5.0,5.0,4.0,5.0,2.0,2.0,5.0,5.0,4.0,4.0,1.0,3.0,2.0,2.0,3.0,1.0,BARBUNYA
5.0,5.0,4.0,4.0,2.0,2.0,5.0,5.0,5.0,2.0,1.0,3.0,2.0,2.0,3.0,4.0,BARBUNYA
5.0,5.0,5.0,4.0,4.0,4.0,5.0,5.0,4.0,2.0,1.0,1.0,2.0,2.0,1.0,4.0,BARBUNYA
5.0,5.0,4.0,5.0,1.0,1.0,5.0,5.0,4.0,2.0,1.0,4.0,1.0,3.0,4.0,3.0,BARBUNYA
5.0,5.0,5.0,4.0,4.0,4.0,5.0,5.0,0.0,1.0,0.0,1.0,2.0,2.0,1.0,1.0,BARBUNYA
5.0,5.0,5.0,4.0,4.0,4.0,5.0,5.0,2.0,2.0,1.0,1.0,2.0,2.0,1.0,4.0,BARBUNYA
5.0,5.0,4.0,5.0,1.0,1.0,5.0,5.0,3.0,2.0,1.0,4.0,1.0,3.0,4.0,2.0,BARBUNYA
5.0,5.0,5.0,4.0,4.0,4.0,5.0,5.0,1.0,3.0,1.0,1.0,2.0,2.0,1.0,4.0,BARBUNYA
5.0,5.0,4.0,5.0,1.0,1.0,5.0,5.0,2.0,4.0,4.0,4.0,1.0,2.0,4.0,4.0,BARBUNYA
5.0,5.0,5.0,4.0,3.0,3.0,5.0,5.0,5.0,2.0,0.0,2.0,2.0,2.0,2.0,4.0,BARBUNYA
5.0,5.0,4.0,5.0,1.0,1.0,5.0,5.0,5.0,4.0,2.0,4.0,1.0,2.0,4.0,4.0,BARBUNYA
5.0,5.0,4.0,5.0,1.0,1.0,5.0,5.0,4.0,1.0,0.0,4.0,1.0,3.0,4.0,1.0,BARBUNYA
5.0,5.0,4.0,5.0,1.0,1.0,5.0,5.0,2.0,2.0,1.0,4.0,1.0,3.0,4.0,4.0,BARBUNYA
5.0,5.0,4.0,5.0,1.0,1.0,5.0,5.0,4.0,2.0,3.0,4.0,1.0,3.0,4.0,3.0,BARBUNYA
5.0,5.0,5.0,4.0,4.0,4.0,5.0,5.0,2.0,2.0,1.0,1.0,2.0,1.0,1.0,3.0,BARBUNYA
5.0,5.0,5.0,4.0,4.0,4.0,5.0,5.0,3.0,4.0,3.0,1.0,2.0,2.0,1.0,6.0,BARBUNYA
5.0,5.0,5.0,4.0,4.0,4.0,5.0,5.0,4.0,2.0,1.0,1.0,2.0,2.0,1.0,2.0,BARBUNYA
5.0,5.0,4.0,5.0,1.0,1.0,5.0,5.0,5.0,2.0,1.0,4.0,1.0,3.0,4.0,3.0,BARBUNYA
5.0,5.0,4.0,5.0,1.0,1.0,5.0,5.0,6.0,4.0,2.0,4.0,1.0,2.0,4.0,2.0,BARBUNYA
5.0,5.0,4.0,5.0,0.0,0.0,5.0,5.0,6.0,4.0,4.0,5.0,1.0,3.0,5.0,4.0,BARBUNYA
5.0,5.0,5.0,4.0,5.0,5.0,5.0,5.0,4.0,4.0,0.0,0.0,2.0,1.0,0.0,4.0,BARBUNYA
5.0,5.0,4.0,4.0,2.0,2.0,5.0,5.0,4.0,2.0,1.0,3.0,2.0,2.0,3.0,4.0,BARBUNYA
5.0,5.0,4.0,5.0,1.0,1.0,5.0,5.0,4.0,4.0,4.0,4.0,1.0,3.0,4.0,4.0,BARBUNYA
5.0,5.0,4.0,5.0,1.0,1.0,5.0,5.0,4.0,3.0,3.0,4.0,1.0,3.0,4.0,5.0,BARBUNYA
5.0,5.0,4.0,5.0,2.0,2.0,5.0,5.0,4.0,2.0,1.0,3.0,2.0,2.0,3.0,1.0,BARBUNYA
5.0,5.0,4.0,5.0,2.0,2.0,5.0,5.0,4.0,2.0,1.0,3.0,1.0,2.0,3.0,3.0,BARBUNYA
5.0,5.0,5.0,4.0,3.0,3.0,5.0,5.0,4.0,2.0,1.0,2.0,2.0,2.0,2.0,3.0,BARBUNYA
5.0,5.0,4.0,5.0,1.0,1.0,5.0,5.0,2.0,3.0,1.0,4.0,1.0,3.0,4.0,6.0,BARBUNYA
5.0,5.0,4.0,4.0,2.0,2.0,5.0,5.0,2.0,2.0,1.0,3.0,2.0,2.0,3.0,3.0,BARBUNYA
5.0,5.0,4.0,5.0,1.0,1.0,5.0,5.0,4.0,2.0,0.0,4.0,1.0,2.0,4.0,2.0,BARBUNYA
5.0,5.0,4.0,4.0,2.0,2.0,5.0,5.0,3.0,2.0,1.0,3.0,2.0,2.0,3.0,4.0,BARBUNYA
5.0,5.0,4.0,5.0,1.0,1.0,5.0,5.0,4.0,2.0,1.0,4.0,1.0,3.0,4.0,4.0,BARBUNYA
5.0,5.0,5.0,4.0,3.0,3.0,5.0,5.0,4.0,2.0,1.0,2.0,2.0,2.0,2.0,4.0,BARBUNYA
5.0,5.0,4.0,4.0,2.0,2.0,5.0,5.0,2.0,3.0,3.0,3.0,2.0,2.0,3.0,5.0,BARBUNYA
5.0,5.0,4.0,4.0,2.0,2.0,5.0,5.0,4.0,3.0,1.0,3.0,2.0,2.0,3.0,2.0,BARBUNYA
5.0,5.0,4.0,5.0,1.0,1.0,5.0,5.0,4.0,3.0,3.0,4.0,1.0,3.0,4.0,4.0,BARBUNYA
5.0,5.0,4.0,5.0,1.0,1.0,5.0,5.0,2.0,2.0,0.0,4.0,1.0,2.0,4.0,1.0,BARBUNYA
5.0,5.0,4.0,5.0,1.0,1.0,5.0,5.0,4.0,2.0,3.0,4.0,1.0,3.0,4.0,2.0,BARBUNYA
5.0,5.0,4.0,4.0,2.0,2.0,5.0,5.0,5.0,5.0,4.0,3.0,2.0,2.0,3.0,4.0,BARBUNYA
5.0,5.0,5.0,4.0,4.0,4.0,5.0,5.0,6.0,4.0,1.0,1.0,2.0,2.0,1.0,2.0,BARBUNYA
5.0,5.0,5.0,4.0,4.0,4.0,5.0,5.0,1.0,4.0,1.0,1.0,2.0,2.0,1.0,3.0,BARBUNYA
5.0,5.0,4.0,4.0,2.0,2.0,5.0,5.0,2.0,2.0,0.0,3.0,2.0,2.0,3.0,4.0,BARBUNYA
5.0,5.0,5.0,4.0,4.0,4.0,5.0,5.0,2.0,2.0,0.0,1.0,2.0,2.0,1.0,4.0,BARBUNYA
5.0,5.0,5.0,4.0,3.0,3.0,5.0,5.0,1.0,4.0,4.0,2.0,2.0,2.0,2.0,4.0,BARBUNYA
5.0,5.0,4.0,5.0,1.0,1.0,5.0,5.0,4.0,2.0,0.0,4.0,1.0,2.0,4.0,2.0,BARBUNYA
5.0,5.0,4.0,5.0,1.0,1.0,5.0,5.0,4.0,4.0,3.0,4.0,1.0,3.0,4.0,4.0,BARBUNYA
5.0,5.0,4.0,5.0,2.0,2.0,5.0,5.0,2.0,1.0,0.0,3.0,2.0,2.0,3.0,1.0,BARBUNYA
5.0,5.0,5.0,4.0,4.0,4.0,5.0,5.0,5.0,4.0,1.0,1.0,2.0,2.0,1.0,3.0,BARBUNYA
5.0,5.0,4.0,5.0,0.0,0.0,5.0,5.0,4.0,2.0,1.0,5.0,1.0,3.0,5.0,2.0,BARBUNYA
5.0,5.0,4.0,5.0,2.0,2.0,5.0,5.0,6.0,4.0,1.0,3.0,1.0,2.0,3.0,2.0,BARBUNYA
5.0,5.0,4.0,5.0,1.0,1.0,5.0,5.0,2.0,2.0,2.0,4.0,1.0,2.0,4.0,3.0,BARBUNYA
5.0,5.0,5.0,4.0,2.0,2.0,5.0,5.0,4.0,2.0,1.0,3.0,2.0,2.0,3.0,2.0,BARBUNYA
5.0,5.0,4.0,5.0,1.0,1.0,5.0,5.0,4.0,4.0,3.0,4.0,1.0,3.0,4.0,4.0,BARBUNYA
5.0,5.0,5.0,4.0,4.0,4.0,5.0,5.0,2.0,2.0,0.0,1.0,2.0,2.0,1.0,4.0,BARBUNYA
5.0,5.0,5.0,4.0,3.0,3.0,5.0,5.0,1.0,2.0,1.0,2.0,2.0,2.0,2.0,3.0,BARBUNYA
5.0,5.0,4.0,5.0,2.0,2.0,5.0,5.0,4.0,2.0,1.0,3.0,1.0,2.0,3.0,4.0,BARBUNYA
5.0,5.0,5.0,4.0,4.0,4.0,5.0,5.0,1.0,1.0,0.0,1.0,2.0,1.0,1.0,1.0,BARBUNYA
5.0,5.0,4.0,5.0,1.0,1.0,5.0,5.0,4.0,2.0,1.0,4.0,1.0,3.0,4.0,4.0,BARBUNYA
5.0,5.0,5.0,4.0,4.0,4.0,5.0,5.0,1.0,2.0,1.0,2.0,2.0,2.0,2.0,4.0,BARBUNYA
5.0,5.0,4.0,5.0,1.0,1.0,5.0,5.0,2.0,2.0,2.0,4.0,1.0,3.0,4.0,3.0,BARBUNYA
5.0,5.0,5.0,4.0,4.0,4.0,5.0,5.0,1.0,2.0,0.0,1.0,2.0,2.0,1.0,3.0,BARBUNYA
5.0,5.0,4.0,4.0,2.0,2.0,5.0,5.0,6.0,4.0,4.0,3.0,2.0,2.0,3.0,3.0,BARBUNYA
5.0,5.0,4.0,5.0,1.0,1.0,5.0,5.0,4.0,2.0,1.0,4.0,1.0,3.0,4.0,4.0,BARBUNYA
5.0,5.0,4.0,5.0,2.0,2.0,5.0,5.0,4.0,4.0,1.0,3.0,1.0,2.0,3.0,4.0,BARBUNYA
5.0,5.0,4.0,5.0,1.0,1.0,5.0,5.0,4.0,2.0,1.0,4.0,1.0,3.0,4.0,3.0,BARBUNYA
5.0,5.0,4.0,5.0,2.0,2.0,5.0,5.0,2.0,2.0,1.0,3.0,2.0,2.0,3.0,3.0,BARBUNYA
5.0,5.0,5.0,4.0,4.0,4.0,5.0,5.0,4.0,3.0,1.0,1.0,2.0,1.0,1.0,4.0,BARBUNYA
5.0,5.0,4.0,5.0,1.0,1.0,5.0,5.0,2.0,4.0,4.0,4.0,1.0,2.0,4.0,1.0,BARBUNYA
5.0,5.0,4.0,5.0,1.0,1.0,5.0,5.0,2.0,2.0,2.0,4.0,1.0,3.0,4.0,3.0,BARBUNYA
5.0,5.0,5.0,4.0,4.0,4.0,5.0,5.0,5.0,2.0,1.0,1.0,2.0,2.0,1.0,4.0,BARBUNYA
5.0,5.0,5.0,4.0,3.0,3.0,5.0,5.0,5.0,2.0,1.0,2.0,2.0,2.0,2.0,3.0,BARBUNYA
5.0,5.0,4.0,5.0,1.0,1.0,5.0,5.0,5.0,3.0,3.0,4.0,1.0,3.0,4.0,3.0,BARBUNYA
5.0,5.0,4.0,5.0,1.0,1.0,5.0,5.0,5.0,1.0,0.0,4.0,1.0,3.0,4.0,1.0,BARBUNYA
5.0,5.0,4.0,5.0,1.0,1.0,5.0,5.0,3.0,1.0,0.0,4.0,1.0,3.0,4.0,3.0,BARBUNYA
5.0,5.0,5.0,4.0,2.0,2.0,5.0,5.0,4.0,2.0,0.0,3.0,2.0,2.0,3.0,3.0,BARBUNYA
5.0,5.0,4.0,4.0,2.0,2.0,5.0,5.0,2.0,2.0,1.0,3.0,2.0,2.0,3.0,6.0,BARBUNYA
5.0,5.0,4.0,5.0,1.0,1.0,5.0,5.0,2.0,1.0,1.0,4.0,1.0,3.0,4.0,2.0,BARBUNYA
5.0,5.0,4.0,5.0,1.0,1.0,5.0,5.0,6.0,2.0,0.0,4.0,1.0,2.0,4.0,2.0,BARBUNYA
5.0,5.0,4.0,5.0,2.0,2.0,5.0,5.0,6.0,2.0,1.0,3.0,1.0,2.0,3.0,1.0,BARBUNYA
5.0,5.0,5.0,4.0,4.0,4.0,5.0,5.0,1.0,2.0,1.0,1.0,2.0,2.0,1.0,3.0,BARBUNYA
5.0,5.0,5.0,4.0,3.0,3.0,5.0,5.0,5.0,2.0,0.0,2.0,2.0,2.0,2.0,2.0,BARBUNYA
5.0,5.0,4.0,5.0,2.0,2.0,5.0,5.0,2.0,3.0,2.0,4.0,1.0,2.0,4.0,4.0,BARBUNYA
5.0,5.0,4.0,5.0,2.0,2.0,5.0,5.0,5.0,1.0,1.0,3.0,2.0,2.0,3.0,1.0,BARBUNYA
5.0,5.0,4.0,5.0,1.0,1.0,5.0,5.0,4.0,3.0,3.0,4.0,1.0,3.0,4.0,4.0,BARBUNYA
5.0,5.0,5.0,4.0,4.0,4.0,5.0,5.0,2.0,2.0,0.0,1.0,2.0,2.0,1.0,4.0,BARBUNYA
5.0,5.0,4.0,5.0,1.0,1.0,5.0,5.0,2.0,4.0,3.0,4.0,1.0,3.0,4.0,3.0,BARBUNYA
5.0,5.0,4.0,5.0,1.0,1.0,5.0,5.0,4.0,2.0,1.0,4.0,1.0,2.0,4.0,2.0,BARBUNYA
5.0,5.0,4.0,4.0,2.0,2.0,5.0,5.0,2.0,2.0,0.0,3.0,2.0,2.0,3.0,4.0,BARBUNYA
5.0,5.0,5.0,4.0,3.0,3.0,5.0,5.0,4.0,2.0,0.0,2.0,2.0,2.0,2.0,4.0,BARBUNYA
5.0,5.0,5.0,4.0,4.0,4.0,5.0,5.0,4.0,2.0,0.0,1.0,2.0,1.0,1.0,3.0,BARBUNYA
5.0,5.0,4.0,5.0,2.0,2.0,5.0,5.0,1.0,2.0,1.0,3.0,1.0,2.0,3.0,4.0,BARBUNYA
5.0,5.0,4.0,5.0,1.0,1.0,5.0,5.0,6.0,3.0,3.0,4.0,1.0,2.0,4.0,2.0,BARBUNYA
5.0,5.0,4.0,5.0,1.0,1.0,5.0,5.0,4.0,4.0,3.0,4.0,1.0,3.0,4.0,3.0,BARBUNYA
5.0,5.0,4.0,5.0,1.0,1.0,5.0,5.0,3.0,2.0,3.0,4.0,1.0,3.0,4.0,1.0,BARBUNYA
5.0,5.0,5.0,4.0,2.0,2.0,5.0,5.0,4.0,2.0,1.0,3.0,2.0,2.0,3.0,3.0,BARBUNYA
5.0,5.0,4.0,5.0,1.0,1.0,5.0,5.0,5.0,2.0,1.0,4.0,1.0,2.0,4.0,3.0,BARBUNYA
5.0,5.0,4.0,5.0,1.0,1.0,5.0,5.0,2.0,4.0,4.0,4.0,1.0,3.0,4.0,3.0,BARBUNYA
5.0,5.0,4.0,5.0,2.0,2.0,5.0,5.0,2.0,2.0,1.0,3.0,1.0,2.0,3.0,4.0,BARBUNYA
5.0,5.0,5.0,4.0,4.0,4.0,5.0,5.0,5.0,2.0,1.0,1.0,2.0,1.0,1.0,3.0,BARBUNYA
5.0,5.0,5.0,4.0,4.0,4.0,5.0,5.0,4.0,2.0,1.0,1.0,2.0,2.0,1.0,3.0,BARBUNYA
5.0,5.0,4.0,4.0,2.0,2.0,5.0,5.0,2.0,4.0,4.0,3.0,2.0,2.0,3.0,3.0,BARBUNYA
5.0,5.0,5.0,4.0,2.0,2.0,5.0,5.0,1.0,1.0,1.0,3.0,2.0,2.0,3.0,2.0,BARBUNYA
5.0,5.0,4.0,5.0,1.0,1.0,5.0,5.0,4.0,2.0,1.0,4.0,1.0,3.0,4.0,1.0,BARBUNYA
5.0,5.0,4.0,5.0,1.0,1.0,5.0,5.0,4.0,3.0,3.0,4.0,1.0,3.0,4.0,4.0,BARBUNYA
5.0,5.0,4.0,5.0,2.0,2.0,5.0,5.0,5.0,2.0,1.0,3.0,1.0,2.0,3.0,3.0,BARBUNYA
5.0,5.0,5.0,4.0,2.0,2.0,5.0,5.0,5.0,4.0,3.0,3.0,2.0,2.0,3.0,2.0,BARBUNYA
5.0,5.0,4.0,5.0,1.0,1.0,5.0,5.0,2.0,2.0,1.0,4.0,1.0,2.0,4.0,4.0,BARBUNYA
5.0,5.0,5.0,4.0,2.0,2.0,5.0,5.0,2.0,2.0,0.0,3.0,2.0,2.0,3.0,3.0,BARBUNYA
5.0,5.0,4.0,5.0,1.0,1.0,5.0,5.0,2.0,2.0,2.0,4.0,1.0,3.0,4.0,6.0,BARBUNYA
5.0,5.0,4.0,5.0,2.0,2.0,5.0,5.0,3.0,4.0,3.0,3.0,1.0,2.0,3.0,3.0,BARBUNYA
5.0,5.0,4.0,5.0,2.0,2.0,5.0,5.0,5.0,2.0,1.0,3.0,1.0,2.0,3.0,3.0,BARBUNYA
5.0,5.0,4.0,5.0,1.0,1.0,5.0,5.0,2.0,2.0,1.0,4.0,1.0,3.0,4.0,1.0,BARBUNYA
5.0,5.0,4.0,4.0,2.0,2.0,5.0,5.0,6.0,4.0,3.0,3.0,2.0,2.0,3.0,4.0,BARBUNYA
5.0,5.0,5.0,4.0,4.0,4.0,5.0,5.0,1.0,2.0,0.0,1.0,2.0,2.0,1.0,5.0,BARBUNYA
5.0,5.0,4.0,5.0,1.0,1.0,5.0,5.0,4.0,2.0,1.0,4.0,1.0,3.0,4.0,4.0,BARBUNYA
5.0,5.0,5.0,4.0,4.0,4.0,5.0,5.0,4.0,2.0,1.0,1.0,2.0,1.0,1.0,4.0,BARBUNYA
5.0,5.0,5.0,4.0,2.0,2.0,5.0,5.0,2.0,2.0,1.0,3.0,2.0,2.0,3.0,4.0,BARBUNYA
5.0,5.0,4.0,5.0,1.0,1.0,5.0,5.0,2.0,2.0,1.0,4.0,1.0,2.0,4.0,2.0,BARBUNYA
5.0,5.0,4.0,5.0,2.0,2.0,5.0,5.0,5.0,2.0,1.0,3.0,1.0,2.0,3.0,4.0,BARBUNYA
5.0,5.0,5.0,4.0,4.0,4.0,5.0,5.0,4.0,4.0,1.0,1.0,2.0,2.0,1.0,4.0,BARBUNYA
5.0,5.0,5.0,5.0,2.0,2.0,5.0,5.0,2.0,2.0,1.0,3.0,1.0,2.0,3.0,4.0,BARBUNYA
5.0,5.0,4.0,5.0,1.0,1.0,5.0,5.0,2.0,2.0,3.0,4.0,1.0,3.0,4.0,4.0,BARBUNYA
5.0,5.0,5.0,4.0,2.0,2.0,5.0,5.0,1.0,2.0,1.0,3.0,2.0,2.0,3.0,2.0,BARBUNYA
5.0,5.0,5.0,4.0,2.0,2.0,5.0,5.0,2.0,2.0,1.0,3.0,2.0,2.0,3.0,1.0,BARBUNYA
5.0,5.0,4.0,5.0,2.0,2.0,5.0,5.0,1.0,3.0,3.0,3.0,1.0,2.0,3.0,1.0,BARBUNYA
5.0,5.0,4.0,5.0,2.0,2.0,5.0,5.0,6.0,2.0,1.0,3.0,1.0,2.0,3.0,1.0,BARBUNYA
5.0,5.0,5.0,5.0,2.0,2.0,5.0,5.0,2.0,2.0,0.0,3.0,1.0,2.0,3.0,4.0,BARBUNYA
5.0,5.0,4.0,5.0,2.0,2.0,5.0,5.0,2.0,2.0,1.0,3.0,1.0,2.0,3.0,4.0,BARBUNYA
5.0,5.0,4.0,5.0,1.0,1.0,5.0,5.0,1.0,2.0,1.0,4.0,1.0,2.0,4.0,3.0,BARBUNYA
5.0,5.0,5.0,5.0,2.0,2.0,5.0,5.0,2.0,2.0,1.0,3.0,1.0,2.0,3.0,1.0,BARBUNYA
5.0,5.0,4.0,5.0,1.0,1.0,5.0,5.0,4.0,2.0,1.0,4.0,1.0,3.0,4.0,4.0,BARBUNYA
5.0,5.0,4.0,5.0,1.0,1.0,5.0,5.0,4.0,2.0,1.0,4.0,1.0,2.0,4.0,3.0,BARBUNYA
5.0,5.0,5.0,5.0,2.0,2.0,5.0,5.0,2.0,3.0,1.0,3.0,1.0,2.0,3.0,4.0,BARBUNYA
5.0,5.0,5.0,4.0,4.0,4.0,5.0,5.0,4.0,1.0,0.0,1.0,2.0,1.0,1.0,1.0,BARBUNYA
5.0,5.0,5.0,5.0,2.0,2.0,5.0,5.0,6.0,2.0,1.0,3.0,2.0,2.0,3.0,1.0,BARBUNYA
5.0,5.0,5.0,4.0,4.0,4.0,5.0,5.0,2.0,2.0,1.0,1.0,2.0,1.0,1.0,1.0,BARBUNYA
5.0,5.0,4.0,5.0,0.0,0.0,5.0,5.0,4.0,3.0,3.0,5.0,1.0,3.0,5.0,2.0,BARBUNYA
5.0,5.0,4.0,5.0,1.0,1.0,5.0,5.0,5.0,2.0,0.0,4.0,1.0,3.0,4.0,4.0,BARBUNYA
5.0,5.0,4.0,5.0,1.0,1.0,5.0,5.0,4.0,2.0,1.0,4.0,1.0,2.0,4.0,2.0,BARBUNYA
5.0,5.0,5.0,4.0,3.0,3.0,5.0,5.0,1.0,2.0,1.0,2.0,2.0,2.0,2.0,4.0,BARBUNYA
5.0,5.0,5.0,4.0,3.0,3.0,5.0,5.0,1.0,2.0,1.0,2.0,2.0,2.0,2.0,4.0,BARBUNYA
5.0,5.0,4.0,5.0,1.0,1.0,5.0,5.0,2.0,3.0,2.0,4.0,1.0,2.0,4.0,4.0,BARBUNYA
5.0,5.0,5.0,4.0,2.0,2.0,5.0,5.0,2.0,4.0,3.0,3.0,2.0,2.0,3.0,4.0,BARBUNYA
5.0,5.0,4.0,5.0,1.0,1.0,5.0,5.0,4.0,2.0,1.0,4.0,1.0,2.0,4.0,1.0,BARBUNYA
5.0,5.0,5.0,4.0,2.0,2.0,5.0,5.0,2.0,2.0,1.0,3.0,2.0,2.0,3.0,3.0,BARBUNYA
5.0,5.0,4.0,5.0,1.0,1.0,5.0,5.0,4.0,2.0,1.0,4.0,1.0,3.0,4.0,4.0,BARBUNYA
5.0,5.0,5.0,4.0,2.0,2.0,5.0,5.0,1.0,2.0,1.0,3.0,2.0,2.0,3.0,4.0,BARBUNYA
5.0,5.0,5.0,4.0,4.0,4.0,5.0,5.0,4.0,2.0,1.0,2.0,2.0,2.0,2.0,4.0,BARBUNYA
5.0,5.0,5.0,5.0,2.0,2.0,5.0,5.0,5.0,4.0,3.0,3.0,1.0,2.0,3.0,4.0,BARBUNYA
5.0,5.0,4.0,5.0,1.0,1.0,5.0,5.0,4.0,2.0,0.0,4.0,1.0,3.0,4.0,1.0,BARBUNYA
5.0,5.0,5.0,5.0,2.0,2.0,5.0,5.0,2.0,2.0,0.0,3.0,1.0,2.0,3.0,1.0,BARBUNYA
5.0,5.0,5.0,4.0,4.0,4.0,5.0,5.0,2.0,2.0,0.0,1.0,2.0,2.0,1.0,3.0,BARBUNYA
5.0,5.0,4.0,5.0,1.0,1.0,5.0,5.0,5.0,4.0,2.0,4.0,1.0,3.0,4.0,4.0,BARBUNYA
5.0,5.0,5.0,4.0,4.0,4.0,5.0,5.0,1.0,1.0,0.0,1.0,2.0,1.0,1.0,1.0,BARBUNYA
5.0,5.0,5.0,5.0,2.0,2.0,5.0,5.0,1.0,2.0,1.0,3.0,2.0,2.0,3.0,2.0,BARBUNYA
5.0,5.0,5.0,5.0,2.0,2.0,5.0,5.0,1.0,1.0,0.0,3.0,1.0,2.0,3.0,4.0,BARBUNYA
5.0,5.0,5.0,4.0,3.0,3.0,5.0,5.0,2.0,3.0,1.0,2.0,2.0,2.0,2.0,4.0,BARBUNYA
5.0,5.0,4.0,5.0,1.0,1.0,5.0,5.0,5.0,3.0,4.0,4.0,1.0,3.0,4.0,3.0,BARBUNYA
5.0,5.0,4.0,5.0,0.0,0.0,5.0,5.0,2.0,1.0,1.0,6.0,1.0,4.0,6.0,2.0,BARBUNYA
5.0,5.0,5.0,5.0,2.0,2.0,5.0,5.0,1.0,2.0,1.0,3.0,2.0,2.0,3.0,2.0,BARBUNYA
5.0,5.0,4.0,5.0,2.0,2.0,5.0,5.0,6.0,2.0,1.0,3.0,1.0,2.0,3.0,4.0,BARBUNYA
5.0,5.0,4.0,5.0,1.0,1.0,5.0,5.0,2.0,1.0,1.0,4.0,1.0,3.0,4.0,1.0,BARBUNYA
5.0,5.0,5.0,4.0,4.0,4.0,5.0,5.0,2.0,1.0,0.0,1.0,2.0,1.0,1.0,4.0,BARBUNYA
5.0,5.0,5.0,4.0,4.0,4.0,5.0,5.0,1.0,2.0,1.0,1.0,2.0,2.0,1.0,1.0,BARBUNYA
5.0,5.0,4.0,5.0,1.0,1.0,5.0,5.0,4.0,1.0,1.0,4.0,1.0,3.0,4.0,3.0,BARBUNYA
5.0,5.0,4.0,5.0,1.0,1.0,5.0,5.0,2.0,2.0,1.0,4.0,1.0,2.0,4.0,4.0,BARBUNYA
5.0,5.0,4.0,5.0,1.0,1.0,5.0,5.0,4.0,2.0,0.0,4.0,1.0,3.0,4.0,4.0,BARBUNYA
5.0,5.0,4.0,5.0,1.0,1.0,5.0,5.0,2.0,1.0,0.0,4.0,1.0,3.0,4.0,2.0,BARBUNYA
5.0,5.0,5.0,4.0,4.0,4.0,5.0,5.0,1.0,1.0,0.0,2.0,2.0,2.0,2.0,4.0,BARBUNYA
5.0,5.0,5.0,4.0,4.0,4.0,5.0,5.0,5.0,2.0,1.0,2.0,2.0,2.0,2.0,3.0,BARBUNYA
5.0,5.0,5.0,5.0,2.0,2.0,5.0,5.0,4.0,2.0,0.0,3.0,1.0,2.0,3.0,4.0,BARBUNYA
5.0,5.0,4.0,5.0,1.0,1.0,5.0,5.0,4.0,2.0,1.0,4.0,1.0,3.0,4.0,4.0,BARBUNYA
5.0,5.0,4.0,5.0,2.0,2.0,5.0,5.0,2.0,2.0,1.0,3.0,1.0,2.0,3.0,4.0,BARBUNYA
5.0,5.0,4.0,5.0,1.0,1.0,5.0,5.0,2.0,3.0,3.0,4.0,1.0,3.0,4.0,4.0,BARBUNYA
5.0,5.0,5.0,4.0,4.0,4.0,5.0,5.0,3.0,4.0,3.0,1.0,2.0,2.0,1.0,4.0,BARBUNYA
5.0,5.0,5.0,4.0,4.0,4.0,5.0,5.0,5.0,2.0,0.0,1.0,2.0,2.0,1.0,2.0,BARBUNYA
5.0,5.0,5.0,4.0,4.0,4.0,5.0,5.0,4.0,4.0,3.0,1.0,2.0,2.0,1.0,3.0,BARBUNYA
5.0,5.0,4.0,5.0,1.0,1.0,5.0,5.0,2.0,4.0,3.0,4.0,1.0,2.0,4.0,4.0,BARBUNYA
5.0,5.0,5.0,5.0,2.0,2.0,5.0,5.0,1.0,2.0,1.0,3.0,1.0,2.0,3.0,4.0,BARBUNYA
5.0,5.0,4.0,5.0,1.0,1.0,5.0,5.0,6.0,2.0,2.0,4.0,1.0,3.0,4.0,3.0,BARBUNYA
5.0,5.0,4.0,5.0,1.0,1.0,5.0,5.0,2.0,2.0,1.0,4.0,1.0,3.0,4.0,3.0,BARBUNYA
5.0,5.0,5.0,4.0,4.0,4.0,5.0,5.0,4.0,4.0,1.0,1.0,2.0,1.0,1.0,4.0,BARBUNYA
5.0,5.0,4.0,5.0,1.0,1.0,5.0,5.0,4.0,4.0,3.0,4.0,1.0,3.0,4.0,4.0,BARBUNYA
5.0,5.0,4.0,5.0,1.0,1.0,5.0,5.0,2.0,2.0,1.0,4.0,1.0,2.0,4.0,3.0,BARBUNYA
5.0,5.0,4.0,5.0,1.0,1.0,5.0,5.0,5.0,4.0,3.0,4.0,1.0,2.0,4.0,3.0,BARBUNYA
5.0,5.0,5.0,4.0,4.0,4.0,5.0,5.0,2.0,2.0,1.0,1.0,2.0,2.0,1.0,2.0,BARBUNYA
5.0,5.0,5.0,5.0,2.0,2.0,5.0,5.0,4.0,4.0,3.0,3.0,1.0,2.0,3.0,6.0,BARBUNYA
5.0,5.0,5.0,4.0,4.0,4.0,5.0,5.0,1.0,4.0,3.0,1.0,2.0,2.0,1.0,4.0,BARBUNYA
5.0,5.0,4.0,5.0,1.0,1.0,5.0,5.0,4.0,2.0,1.0,4.0,1.0,3.0,4.0,3.0,BARBUNYA
5.0,5.0,5.0,5.0,2.0,2.0,5.0,5.0,4.0,2.0,1.0,3.0,1.0,2.0,3.0,3.0,BARBUNYA
5.0,5.0,4.0,5.0,1.0,1.0,5.0,5.0,2.0,2.0,1.0,4.0,1.0,3.0,4.0,1.0,BARBUNYA
5.0,5.0,4.0,5.0,1.0,1.0,5.0,5.0,2.0,2.0,0.0,4.0,1.0,2.0,4.0,4.0,BARBUNYA
5.0,5.0,5.0,4.0,4.0,4.0,5.0,5.0,4.0,4.0,3.0,1.0,2.0,1.0,1.0,4.0,BARBUNYA
5.0,5.0,4.0,5.0,1.0,1.0,5.0,5.0,5.0,2.0,1.0,4.0,1.0,2.0,4.0,1.0,BARBUNYA
5.0,5.0,5.0,5.0,2.0,2.0,5.0,5.0,4.0,1.0,0.0,3.0,1.0,2.0,3.0,2.0,BARBUNYA
5.0,5.0,4.0,5.0,1.0,1.0,5.0,5.0,3.0,2.0,1.0,4.0,1.0,2.0,4.0,2.0,BARBUNYA
5.0,5.0,5.0,5.0,2.0,2.0,5.0,5.0,2.0,2.0,0.0,3.0,1.0,2.0,3.0,4.0,BARBUNYA
5.0,5.0,5.0,5.0,2.0,2.0,5.0,5.0,2.0,2.0,0.0,3.0,1.0,2.0,3.0,5.0,BARBUNYA
5.0,5.0,4.0,5.0,1.0,1.0,5.0,5.0,2.0,1.0,1.0,4.0,1.0,2.0,4.0,2.0,BARBUNYA
5.0,5.0,4.0,5.0,1.0,1.0,5.0,5.0,4.0,2.0,1.0,4.0,1.0,3.0,4.0,4.0,BARBUNYA
5.0,5.0,5.0,5.0,3.0,3.0,5.0,5.0,2.0,2.0,1.0,2.0,2.0,2.0,2.0,2.0,BARBUNYA
5.0,5.0,5.0,4.0,4.0,4.0,5.0,5.0,5.0,3.0,1.0,1.0,2.0,2.0,1.0,4.0,BARBUNYA
5.0,5.0,4.0,5.0,1.0,1.0,5.0,5.0,6.0,4.0,3.0,4.0,1.0,2.0,4.0,3.0,BARBUNYA
5.0,5.0,4.0,5.0,1.0,1.0,5.0,5.0,5.0,2.0,2.0,4.0,1.0,3.0,4.0,4.0,BARBUNYA
5.0,5.0,5.0,5.0,2.0,2.0,5.0,5.0,4.0,2.0,1.0,3.0,1.0,2.0,3.0,4.0,BARBUNYA
5.0,5.0,4.0,5.0,1.0,1.0,5.0,5.0,4.0,2.0,1.0,4.0,1.0,3.0,4.0,4.0,BARBUNYA
5.0,5.0,5.0,5.0,2.0,2.0,5.0,5.0,4.0,2.0,1.0,3.0,1.0,2.0,3.0,1.0,BARBUNYA
5.0,5.0,4.0,5.0,1.0,1.0,5.0,5.0,6.0,4.0,3.0,4.0,1.0,3.0,4.0,4.0,BARBUNYA
5.0,5.0,4.0,5.0,1.0,1.0,5.0,5.0,5.0,2.0,2.0,4.0,1.0,2.0,4.0,3.0,BARBUNYA
5.0,5.0,5.0,4.0,4.0,4.0,5.0,5.0,1.0,2.0,0.0,1.0,2.0,1.0,1.0,4.0,BARBUNYA
5.0,5.0,4.0,5.0,1.0,1.0,5.0,5.0,4.0,4.0,4.0,4.0,1.0,3.0,4.0,4.0,BARBUNYA
5.0,5.0,5.0,5.0,2.0,2.0,5.0,5.0,2.0,2.0,1.0,3.0,1.0,2.0,3.0,4.0,BARBUNYA
5.0,5.0,4.0,5.0,0.0,0.0,5.0,5.0,2.0,2.0,1.0,6.0,1.0,4.0,6.0,4.0,BARBUNYA
5.0,5.0,4.0,5.0,1.0,1.0,5.0,5.0,4.0,1.0,3.0,4.0,1.0,3.0,4.0,1.0,BARBUNYA
5.0,5.0,4.0,5.0,0.0,0.0,5.0,5.0,4.0,2.0,1.0,5.0,1.0,3.0,5.0,4.0,BARBUNYA
5.0,5.0,5.0,5.0,3.0,3.0,5.0,5.0,4.0,2.0,1.0,2.0,1.0,2.0,2.0,3.0,BARBUNYA
5.0,5.0,5.0,5.0,2.0,2.0,5.0,5.0,2.0,2.0,1.0,3.0,1.0,2.0,3.0,4.0,BARBUNYA
5.0,5.0,4.0,5.0,1.0,1.0,5.0,5.0,4.0,2.0,1.0,4.0,1.0,3.0,4.0,4.0,BARBUNYA
5.0,5.0,4.0,5.0,1.0,1.0,5.0,5.0,5.0,2.0,2.0,3.0,1.0,2.0,3.0,4.0,BARBUNYA
5.0,5.0,4.0,5.0,1.0,1.0,5.0,5.0,5.0,2.0,1.0,4.0,1.0,3.0,4.0,3.0,BARBUNYA
5.0,5.0,5.0,5.0,2.0,2.0,5.0,5.0,5.0,4.0,4.0,3.0,1.0,2.0,3.0,4.0,BARBUNYA
5.0,5.0,5.0,5.0,2.0,2.0,5.0,5.0,2.0,4.0,1.0,3.0,1.0,2.0,3.0,3.0,BARBUNYA
5.0,5.0,4.0,5.0,1.0,1.0,5.0,5.0,2.0,2.0,1.0,4.0,1.0,2.0,4.0,3.0,BARBUNYA
5.0,5.0,4.0,5.0,1.0,1.0,5.0,5.0,5.0,4.0,4.0,4.0,1.0,3.0,4.0,3.0,BARBUNYA
5.0,5.0,5.0,5.0,2.0,2.0,5.0,5.0,4.0,2.0,0.0,3.0,1.0,2.0,3.0,2.0,BARBUNYA
5.0,5.0,4.0,5.0,1.0,1.0,5.0,5.0,5.0,2.0,1.0,4.0,1.0,2.0,4.0,1.0,BARBUNYA
5.0,5.0,5.0,5.0,3.0,3.0,5.0,5.0,4.0,2.0,0.0,3.0,1.0,2.0,3.0,4.0,BARBUNYA
5.0,5.0,4.0,5.0,1.0,1.0,5.0,5.0,4.0,2.0,1.0,4.0,1.0,3.0,4.0,4.0,BARBUNYA
5.0,5.0,5.0,5.0,2.0,2.0,5.0,5.0,4.0,4.0,3.0,3.0,1.0,2.0,3.0,2.0,BARBUNYA
5.0,5.0,5.0,5.0,3.0,3.0,5.0,5.0,2.0,4.0,1.0,2.0,1.0,2.0,2.0,4.0,BARBUNYA
5.0,5.0,5.0,4.0,4.0,4.0,5.0,5.0,1.0,2.0,1.0,1.0,2.0,1.0,1.0,4.0,BARBUNYA
5.0,5.0,5.0,5.0,1.0,1.0,5.0,5.0,2.0,4.0,3.0,4.0,1.0,2.0,4.0,2.0,BARBUNYA
5.0,5.0,5.0,5.0,2.0,2.0,5.0,5.0,1.0,1.0,0.0,3.0,1.0,2.0,3.0,1.0,BARBUNYA
5.0,5.0,5.0,5.0,3.0,3.0,5.0,5.0,1.0,2.0,1.0,2.0,1.0,2.0,2.0,4.0,BARBUNYA
5.0,5.0,5.0,4.0,4.0,4.0,5.0,5.0,2.0,1.0,0.0,1.0,2.0,2.0,1.0,4.0,BARBUNYA
5.0,5.0,5.0,5.0,3.0,3.0,5.0,5.0,5.0,2.0,1.0,2.0,2.0,2.0,2.0,3.0,BARBUNYA
5.0,5.0,5.0,4.0,4.0,4.0,5.0,5.0,4.0,4.0,3.0,1.0,2.0,2.0,1.0,4.0,BARBUNYA
5.0,5.0,5.0,5.0,2.0,2.0,5.0,5.0,5.0,2.0,1.0,3.0,1.0,2.0,3.0,2.0,BARBUNYA
5.0,5.0,5.0,4.0,4.0,4.0,5.0,5.0,6.0,4.0,1.0,2.0,2.0,2.0,2.0,4.0,BARBUNYA
5.0,5.0,5.0,5.0,3.0,3.0,5.0,5.0,5.0,3.0,1.0,2.0,1.0,2.0,2.0,4.0,BARBUNYA
5.0,5.0,4.0,5.0,1.0,1.0,5.0,5.0,2.0,2.0,1.0,4.0,1.0,3.0,4.0,3.0,BARBUNYA
5.0,5.0,4.0,5.0,0.0,0.0,5.0,5.0,2.0,2.0,1.0,6.0,1.0,3.0,6.0,2.0,BARBUNYA
5.0,5.0,5.0,4.0,4.0,4.0,5.0,5.0,5.0,6.0,4.0,2.0,2.0,2.0,2.0,4.0,BARBUNYA
5.0,5.0,5.0,5.0,3.0,3.0,5.0,5.0,4.0,1.0,0.0,2.0,2.0,2.0,2.0,4.0,BARBUNYA
5.0,5.0,4.0,5.0,1.0,1.0,5.0,5.0,1.0,2.0,0.0,4.0,1.0,2.0,4.0,3.0,BARBUNYA
5.0,5.0,4.0,5.0,1.0,1.0,5.0,5.0,4.0,2.0,1.0,4.0,1.0,3.0,4.0,4.0,BARBUNYA
5.0,5.0,4.0,5.0,1.0,1.0,5.0,5.0,2.0,2.0,1.0,4.0,1.0,2.0,4.0,4.0,BARBUNYA
5.0,5.0,4.0,5.0,1.0,1.0,5.0,5.0,2.0,2.0,1.0,4.0,1.0,3.0,4.0,2.0,BARBUNYA
5.0,5.0,4.0,5.0,1.0,1.0,5.0,5.0,4.0,2.0,2.0,4.0,1.0,2.0,4.0,3.0,BARBUNYA
5.0,5.0,5.0,5.0,2.0,2.0,5.0,5.0,4.0,3.0,3.0,3.0,1.0,2.0,3.0,2.0,BARBUNYA
5.0,5.0,4.0,5.0,1.0,1.0,5.0,5.0,5.0,4.0,2.0,4.0,1.0,3.0,4.0,4.0,BARBUNYA
5.0,5.0,5.0,5.0,4.0,4.0,5.0,5.0,3.0,3.0,1.0,2.0,2.0,2.0,2.0,2.0,BARBUNYA
5.0,5.0,5.0,5.0,2.0,2.0,5.0,5.0,4.0,2.0,1.0,3.0,1.0,2.0,3.0,4.0,BARBUNYA
5.0,5.0,4.0,5.0,1.0,1.0,5.0,5.0,2.0,2.0,1.0,4.0,1.0,2.0,4.0,2.0,BARBUNYA
5.0,5.0,5.0,4.0,5.0,5.0,5.0,5.0,4.0,2.0,1.0,1.0,2.0,1.0,1.0,4.0,BARBUNYA
5.0,5.0,5.0,5.0,2.0,2.0,5.0,5.0,4.0,3.0,1.0,3.0,1.0,2.0,3.0,4.0,BARBUNYA
5.0,5.0,4.0,5.0,1.0,1.0,5.0,5.0,2.0,2.0,1.0,4.0,1.0,2.0,4.0,1.0,BARBUNYA
5.0,5.0,4.0,5.0,0.0,0.0,5.0,5.0,4.0,2.0,1.0,5.0,1.0,3.0,5.0,4.0,BARBUNYA
5.0,5.0,5.0,5.0,1.0,1.0,5.0,5.0,2.0,2.0,1.0,4.0,1.0,2.0,4.0,3.0,BARBUNYA
5.0,5.0,5.0,5.0,3.0,3.0,5.0,5.0,2.0,1.0,0.0,2.0,1.0,2.0,2.0,1.0,BARBUNYA
5.0,5.0,4.0,5.0,0.0,0.0,5.0,5.0,6.0,4.0,4.0,5.0,1.0,3.0,5.0,1.0,BARBUNYA
5.0,5.0,4.0,5.0,1.0,1.0,5.0,5.0,5.0,3.0,1.0,4.0,1.0,2.0,4.0,3.0,BARBUNYA
5.0,5.0,4.0,5.0,1.0,1.0,5.0,5.0,4.0,4.0,3.0,4.0,1.0,3.0,4.0,1.0,BARBUNYA
5.0,5.0,5.0,5.0,1.0,1.0,5.0,5.0,4.0,2.0,1.0,4.0,1.0,2.0,4.0,3.0,BARBUNYA
5.0,5.0,5.0,5.0,2.0,2.0,5.0,5.0,2.0,2.0,1.0,3.0,1.0,2.0,3.0,4.0,BARBUNYA
5.0,5.0,5.0,5.0,1.0,1.0,5.0,5.0,2.0,1.0,0.0,4.0,1.0,2.0,4.0,4.0,BARBUNYA
5.0,5.0,5.0,5.0,2.0,2.0,5.0,5.0,2.0,1.0,0.0,3.0,1.0,2.0,3.0,4.0,BARBUNYA
5.0,5.0,5.0,5.0,2.0,2.0,5.0,5.0,4.0,2.0,0.0,3.0,1.0,2.0,3.0,5.0,BARBUNYA
5.0,5.0,5.0,5.0,2.0,2.0,5.0,5.0,6.0,2.0,1.0,3.0,1.0,2.0,3.0,1.0,BARBUNYA
5.0,5.0,5.0,5.0,4.0,4.0,5.0,5.0,4.0,2.0,1.0,2.0,1.0,2.0,2.0,4.0,BARBUNYA
5.0,5.0,5.0,5.0,2.0,2.0,5.0,5.0,2.0,2.0,1.0,3.0,1.0,2.0,3.0,2.0,BARBUNYA
5.0,5.0,4.0,5.0,1.0,1.0,5.0,5.0,2.0,2.0,1.0,4.0,1.0,3.0,4.0,2.0,BARBUNYA
5.0,5.0,5.0,5.0,4.0,4.0,5.0,5.0,4.0,2.0,1.0,2.0,1.0,2.0,2.0,4.0,BARBUNYA
5.0,5.0,4.0,5.0,1.0,1.0,5.0,5.0,1.0,2.0,1.0,4.0,1.0,3.0,4.0,3.0,BARBUNYA
5.0,5.0,4.0,5.0,1.0,1.0,5.0,5.0,4.0,2.0,1.0,4.0,1.0,3.0,4.0,4.0,BARBUNYA
5.0,5.0,4.0,5.0,1.0,1.0,5.0,5.0,2.0,2.0,1.0,4.0,1.0,3.0,4.0,1.0,BARBUNYA
5.0,5.0,5.0,4.0,4.0,4.0,5.0,5.0,1.0,1.0,0.0,1.0,2.0,1.0,1.0,3.0,BARBUNYA
5.0,5.0,5.0,5.0,2.0,2.0,5.0,5.0,1.0,1.0,0.0,3.0,1.0,2.0,3.0,2.0,BARBUNYA
5.0,5.0,5.0,4.0,4.0,4.0,5.0,5.0,0.0,2.0,0.0,1.0,2.0,1.0,1.0,4.0,BARBUNYA
5.0,5.0,5.0,5.0,3.0,3.0,5.0,5.0,2.0,2.0,1.0,2.0,1.0,2.0,2.0,4.0,BARBUNYA
5.0,5.0,4.0,5.0,1.0,1.0,5.0,5.0,4.0,4.0,3.0,4.0,1.0,3.0,4.0,1.0,BARBUNYA
5.0,5.0,4.0,5.0,1.0,1.0,5.0,5.0,4.0,2.0,3.0,4.0,1.0,3.0,4.0,6.0,BARBUNYA
5.0,5.0,5.0,5.0,2.0,2.0,5.0,5.0,2.0,2.0,1.0,3.0,1.0,2.0,3.0,3.0,BARBUNYA
5.0,5.0,4.0,5.0,1.0,1.0,5.0,5.0,2.0,2.0,1.0,4.0,1.0,2.0,4.0,4.0,BARBUNYA
5.0,5.0,5.0,5.0,2.0,2.0,5.0,5.0,4.0,3.0,1.0,3.0,1.0,2.0,3.0,4.0,BARBUNYA
5.0,5.0,5.0,5.0,3.0,3.0,5.0,5.0,1.0,4.0,1.0,2.0,1.0,2.0,2.0,4.0,BARBUNYA
5.0,5.0,4.0,5.0,1.0,1.0,5.0,5.0,6.0,2.0,1.0,4.0,1.0,3.0,4.0,2.0,BARBUNYA
5.0,5.0,5.0,5.0,2.0,2.0,5.0,5.0,5.0,2.0,1.0,3.0,1.0,2.0,3.0,2.0,BARBUNYA
5.0,5.0,5.0,5.0,2.0,2.0,5.0,5.0,2.0,2.0,1.0,3.0,1.0,2.0,3.0,4.0,BARBUNYA
5.0,5.0,4.0,5.0,1.0,1.0,5.0,5.0,4.0,2.0,0.0,4.0,1.0,3.0,4.0,1.0,BARBUNYA
5.0,5.0,5.0,5.0,2.0,2.0,5.0,5.0,5.0,4.0,1.0,3.0,1.0,2.0,3.0,4.0,BARBUNYA
5.0,5.0,4.0,5.0,1.0,1.0,5.0,5.0,3.0,2.0,1.0,4.0,1.0,2.0,4.0,6.0,BARBUNYA
5.0,5.0,4.0,5.0,1.0,1.0,5.0,5.0,4.0,3.0,3.0,4.0,1.0,3.0,4.0,4.0,BARBUNYA
5.0,5.0,5.0,5.0,2.0,2.0,5.0,5.0,1.0,4.0,4.0,3.0,1.0,2.0,3.0,4.0,BARBUNYA
5.0,5.0,5.0,5.0,1.0,1.0,5.0,5.0,2.0,2.0,1.0,4.0,1.0,2.0,4.0,4.0,BARBUNYA
5.0,5.0,5.0,5.0,1.0,1.0,5.0,5.0,5.0,2.0,3.0,4.0,1.0,2.0,4.0,2.0,BARBUNYA
5.0,5.0,4.0,5.0,0.0,0.0,5.0,5.0,5.0,2.0,2.0,6.0,1.0,3.0,6.0,2.0,BARBUNYA
5.0,5.0,5.0,5.0,1.0,1.0,5.0,5.0,2.0,2.0,1.0,4.0,1.0,2.0,4.0,3.0,BARBUNYA
5.0,5.0,5.0,5.0,2.0,2.0,5.0,5.0,4.0,3.0,1.0,3.0,1.0,2.0,3.0,4.0,BARBUNYA
5.0,5.0,5.0,5.0,2.0,2.0,5.0,5.0,5.0,2.0,1.0,3.0,1.0,2.0,3.0,2.0,BARBUNYA
5.0,5.0,5.0,5.0,4.0,4.0,5.0,5.0,1.0,2.0,1.0,1.0,1.0,2.0,1.0,3.0,BARBUNYA
5.0,5.0,5.0,5.0,1.0,1.0,5.0,5.0,5.0,2.0,0.0,4.0,1.0,2.0,4.0,4.0,BARBUNYA
5.0,5.0,5.0,5.0,1.0,1.0,5.0,5.0,3.0,2.0,0.0,4.0,1.0,2.0,4.0,4.0,BARBUNYA
5.0,5.0,5.0,4.0,5.0,5.0,5.0,5.0,0.0,2.0,0.0,1.0,2.0,1.0,1.0,3.0,BARBUNYA
5.0,5.0,5.0,5.0,2.0,2.0,5.0,5.0,2.0,2.0,1.0,3.0,1.0,2.0,3.0,4.0,BARBUNYA
5.0,5.0,5.0,5.0,2.0,2.0,5.0,5.0,5.0,2.0,1.0,3.0,1.0,2.0,3.0,3.0,BARBUNYA
5.0,5.0,4.0,5.0,1.0,1.0,5.0,5.0,4.0,2.0,1.0,4.0,1.0,2.0,4.0,4.0,BARBUNYA
5.0,5.0,5.0,5.0,2.0,2.0,5.0,5.0,4.0,2.0,1.0,3.0,1.0,2.0,3.0,4.0,BARBUNYA
5.0,5.0,5.0,5.0,2.0,2.0,5.0,5.0,2.0,2.0,1.0,3.0,1.0,2.0,3.0,4.0,BARBUNYA
5.0,5.0,5.0,5.0,2.0,2.0,5.0,5.0,1.0,2.0,1.0,3.0,1.0,2.0,3.0,3.0,BARBUNYA
5.0,5.0,5.0,5.0,1.0,1.0,5.0,5.0,2.0,1.0,0.0,4.0,1.0,2.0,4.0,1.0,BARBUNYA
5.0,5.0,5.0,5.0,1.0,1.0,5.0,5.0,3.0,2.0,2.0,4.0,1.0,2.0,4.0,3.0,BARBUNYA
5.0,5.0,5.0,5.0,4.0,4.0,5.0,5.0,2.0,4.0,1.0,1.0,1.0,2.0,1.0,4.0,BARBUNYA
5.0,5.0,4.0,5.0,0.0,0.0,5.0,5.0,4.0,2.0,3.0,6.0,1.0,3.0,6.0,4.0,BARBUNYA
5.0,5.0,5.0,5.0,1.0,1.0,5.0,5.0,4.0,3.0,2.0,4.0,1.0,2.0,4.0,4.0,BARBUNYA
5.0,5.0,5.0,5.0,1.0,1.0,5.0,5.0,2.0,2.0,1.0,4.0,1.0,2.0,4.0,3.0,BARBUNYA
5.0,5.0,5.0,5.0,4.0,4.0,5.0,5.0,4.0,3.0,1.0,1.0,1.0,1.0,1.0,3.0,BARBUNYA
5.0,5.0,5.0,5.0,3.0,3.0,5.0,5.0,4.0,2.0,0.0,3.0,1.0,2.0,3.0,4.0,BARBUNYA
5.0,5.0,5.0,5.0,2.0,2.0,5.0,5.0,1.0,1.0,0.0,3.0,1.0,2.0,3.0,1.0,BARBUNYA
5.0,5.0,4.0,5.0,1.0,1.0,5.0,5.0,5.0,3.0,3.0,4.0,1.0,3.0,4.0,3.0,BARBUNYA
5.0,5.0,5.0,5.0,1.0,1.0,5.0,5.0,4.0,2.0,1.0,4.0,1.0,2.0,4.0,3.0,BARBUNYA
5.0,5.0,5.0,5.0,2.0,2.0,5.0,5.0,5.0,2.0,1.0,3.0,1.0,2.0,3.0,4.0,BARBUNYA
5.0,5.0,5.0,5.0,4.0,4.0,5.0,5.0,4.0,2.0,1.0,1.0,1.0,2.0,1.0,4.0,BARBUNYA
5.0,5.0,4.0,5.0,0.0,0.0,5.0,5.0,4.0,2.0,3.0,5.0,1.0,3.0,5.0,4.0,BARBUNYA
5.0,5.0,5.0,5.0,3.0,3.0,5.0,5.0,5.0,4.0,1.0,2.0,1.0,2.0,2.0,1.0,BARBUNYA
5.0,5.0,5.0,5.0,2.0,2.0,5.0,5.0,4.0,4.0,3.0,3.0,1.0,2.0,3.0,3.0,BARBUNYA
5.0,5.0,5.0,5.0,4.0,4.0,5.0,5.0,2.0,2.0,1.0,1.0,1.0,1.0,1.0,2.0,BARBUNYA
5.0,5.0,5.0,5.0,2.0,2.0,5.0,5.0,2.0,3.0,1.0,3.0,1.0,2.0,3.0,4.0,BARBUNYA
5.0,5.0,5.0,5.0,2.0,2.0,5.0,5.0,2.0,2.0,1.0,3.0,1.0,2.0,3.0,4.0,BARBUNYA
5.0,5.0,5.0,5.0,1.0,1.0,5.0,5.0,4.0,2.0,2.0,4.0,1.0,2.0,4.0,2.0,BARBUNYA
5.0,5.0,5.0,5.0,1.0,1.0,5.0,5.0,2.0,2.0,1.0,4.0,1.0,2.0,4.0,4.0,BARBUNYA
5.0,5.0,5.0,5.0,2.0,2.0,5.0,5.0,2.0,4.0,4.0,3.0,1.0,2.0,3.0,4.0,BARBUNYA
5.0,5.0,5.0,5.0,1.0,1.0,5.0,5.0,5.0,2.0,1.0,4.0,1.0,2.0,4.0,3.0,BARBUNYA
5.0,5.0,5.0,5.0,2.0,2.0,5.0,5.0,4.0,4.0,1.0,3.0,1.0,2.0,3.0,2.0,BARBUNYA
5.0,5.0,5.0,5.0,2.0,2.0,5.0,5.0,2.0,2.0,1.0,3.0,1.0,2.0,3.0,4.0,BARBUNYA
5.0,5.0,5.0,5.0,1.0,1.0,5.0,5.0,5.0,2.0,1.0,4.0,1.0,2.0,4.0,3.0,BARBUNYA
5.0,5.0,5.0,5.0,2.0,2.0,5.0,5.0,5.0,4.0,3.0,3.0,1.0,2.0,3.0,4.0,BARBUNYA
5.0,5.0,5.0,5.0,4.0,4.0,5.0,5.0,1.0,2.0,1.0,1.0,1.0,1.0,1.0,4.0,BARBUNYA
5.0,5.0,5.0,5.0,2.0,2.0,5.0,5.0,2.0,1.0,0.0,3.0,1.0,2.0,3.0,3.0,BARBUNYA
5.0,5.0,5.0,5.0,2.0,2.0,5.0,5.0,1.0,2.0,3.0,3.0,1.0,2.0,3.0,4.0,BARBUNYA
5.0,5.0,5.0,5.0,3.0,3.0,5.0,5.0,4.0,4.0,3.0,2.0,1.0,2.0,2.0,4.0,BARBUNYA
5.0,5.0,5.0,5.0,1.0,1.0,5.0,5.0,4.0,2.0,0.0,4.0,1.0,2.0,4.0,3.0,BARBUNYA
5.0,5.0,5.0,5.0,2.0,2.0,5.0,5.0,5.0,2.0,1.0,3.0,1.0,2.0,3.0,3.0,BARBUNYA
5.0,5.0,4.0,5.0,0.0,0.0,5.0,5.0,4.0,2.0,2.0,5.0,1.0,3.0,5.0,4.0,BARBUNYA
5.0,5.0,5.0,5.0,2.0,2.0,5.0,5.0,1.0,3.0,1.0,3.0,1.0,2.0,3.0,3.0,BARBUNYA
5.0,5.0,5.0,5.0,2.0,2.0,5.0,5.0,4.0,2.0,1.0,3.0,1.0,2.0,3.0,2.0,BARBUNYA
5.0,5.0,4.0,5.0,1.0,1.0,5.0,5.0,5.0,4.0,3.0,4.0,1.0,3.0,4.0,4.0,BARBUNYA
5.0,5.0,5.0,5.0,1.0,1.0,5.0,5.0,2.0,2.0,1.0,4.0,1.0,2.0,4.0,4.0,BARBUNYA
5.0,5.0,4.0,5.0,0.0,0.0,5.0,5.0,3.0,4.0,4.0,5.0,1.0,3.0,5.0,4.0,BARBUNYA
5.0,5.0,5.0,5.0,2.0,2.0,5.0,5.0,4.0,3.0,1.0,3.0,1.0,2.0,3.0,3.0,BARBUNYA
5.0,5.0,5.0,5.0,1.0,1.0,5.0,5.0,4.0,2.0,1.0,4.0,1.0,2.0,4.0,4.0,BARBUNYA
5.0,5.0,4.0,5.0,1.0,1.0,5.0,5.0,4.0,2.0,0.0,4.0,1.0,3.0,4.0,2.0,BARBUNYA
5.0,5.0,5.0,5.0,3.0,3.0,5.0,5.0,5.0,2.0,1.0,2.0,1.0,2.0,2.0,4.0,BARBUNYA
5.0,5.0,5.0,5.0,3.0,3.0,5.0,5.0,4.0,2.0,0.0,2.0,1.0,2.0,2.0,3.0,BARBUNYA
5.0,5.0,5.0,5.0,4.0,4.0,5.0,5.0,1.0,1.0,1.0,1.0,1.0,1.0,1.0,3.0,BARBUNYA
5.0,5.0,4.0,5.0,0.0,0.0,5.0,5.0,6.0,2.0,2.0,6.0,1.0,3.0,6.0,3.0,BARBUNYA
5.0,5.0,5.0,5.0,1.0,1.0,5.0,5.0,4.0,2.0,3.0,4.0,1.0,3.0,4.0,3.0,BARBUNYA
5.0,5.0,5.0,5.0,2.0,2.0,5.0,5.0,2.0,2.0,1.0,3.0,1.0,2.0,3.0,3.0,BARBUNYA
5.0,5.0,5.0,5.0,1.0,1.0,5.0,5.0,4.0,2.0,1.0,4.0,1.0,2.0,4.0,4.0,BARBUNYA
5.0,5.0,5.0,5.0,1.0,1.0,5.0,5.0,1.0,2.0,3.0,4.0,1.0,2.0,4.0,4.0,BARBUNYA
5.0,5.0,5.0,5.0,2.0,2.0,5.0,5.0,2.0,2.0,0.0,3.0,1.0,2.0,3.0,4.0,BARBUNYA
5.0,5.0,5.0,5.0,1.0,1.0,5.0,5.0,4.0,2.0,1.0,4.0,1.0,2.0,4.0,1.0,BARBUNYA
5.0,5.0,5.0,5.0,2.0,2.0,5.0,5.0,4.0,4.0,4.0,3.0,1.0,2.0,3.0,4.0,BARBUNYA
5.0,5.0,5.0,5.0,4.0,4.0,5.0,5.0,1.0,2.0,0.0,1.0,1.0,1.0,1.0,1.0,BARBUNYA
5.0,5.0,5.0,5.0,2.0,2.0,5.0,5.0,4.0,2.0,1.0,3.0,1.0,2.0,3.0,2.0,BARBUNYA
5.0,5.0,5.0,5.0,1.0,1.0,5.0,5.0,2.0,2.0,1.0,4.0,1.0,3.0,4.0,4.0,BARBUNYA
5.0,5.0,5.0,5.0,1.0,1.0,5.0,5.0,2.0,2.0,0.0,4.0,1.0,2.0,4.0,4.0,BARBUNYA
5.0,5.0,5.0,5.0,1.0,1.0,5.0,5.0,4.0,1.0,1.0,4.0,1.0,2.0,4.0,2.0,BARBUNYA
5.0,5.0,4.0,5.0,1.0,1.0,5.0,5.0,4.0,2.0,1.0,4.0,1.0,3.0,4.0,2.0,BARBUNYA
5.0,5.0,5.0,5.0,4.0,4.0,5.0,5.0,4.0,4.0,3.0,1.0,1.0,1.0,1.0,3.0,BARBUNYA
5.0,5.0,5.0,5.0,2.0,2.0,5.0,5.0,2.0,2.0,0.0,3.0,1.0,2.0,3.0,4.0,BARBUNYA
5.0,5.0,5.0,5.0,4.0,4.0,5.0,5.0,1.0,1.0,0.0,1.0,1.0,1.0,1.0,3.0,BARBUNYA
5.0,5.0,5.0,5.0,2.0,2.0,5.0,5.0,4.0,4.0,0.0,3.0,1.0,2.0,3.0,3.0,BARBUNYA
5.0,5.0,5.0,5.0,2.0,2.0,5.0,5.0,5.0,2.0,1.0,3.0,1.0,2.0,3.0,4.0,BARBUNYA
5.0,5.0,5.0,5.0,2.0,2.0,5.0,5.0,4.0,2.0,0.0,3.0,1.0,2.0,3.0,2.0,BARBUNYA
5.0,5.0,5.0,5.0,1.0,1.0,5.0,5.0,4.0,3.0,2.0,4.0,1.0,2.0,4.0,4.0,BARBUNYA
5.0,5.0,5.0,5.0,1.0,1.0,5.0,5.0,4.0,2.0,1.0,4.0,1.0,2.0,4.0,3.0,BARBUNYA
5.0,5.0,5.0,5.0,4.0,4.0,5.0,5.0,1.0,4.0,3.0,1.0,1.0,1.0,1.0,3.0,BARBUNYA
5.0,5.0,5.0,5.0,2.0,2.0,5.0,5.0,3.0,2.0,1.0,3.0,1.0,2.0,3.0,4.0,BARBUNYA
5.0,5.0,5.0,5.0,1.0,1.0,5.0,5.0,4.0,4.0,1.0,4.0,1.0,2.0,4.0,4.0,BARBUNYA
5.0,5.0,5.0,5.0,1.0,1.0,5.0,5.0,4.0,2.0,1.0,4.0,1.0,2.0,4.0,4.0,BARBUNYA
5.0,5.0,5.0,5.0,2.0,2.0,5.0,5.0,1.0,2.0,1.0,3.0,1.0,2.0,3.0,4.0,BARBUNYA
5.0,5.0,5.0,5.0,1.0,1.0,5.0,5.0,2.0,2.0,1.0,4.0,1.0,2.0,4.0,4.0,BARBUNYA
5.0,5.0,5.0,5.0,2.0,2.0,5.0,5.0,4.0,3.0,1.0,3.0,1.0,2.0,3.0,4.0,BARBUNYA
5.0,5.0,5.0,5.0,4.0,4.0,5.0,5.0,2.0,1.0,0.0,1.0,1.0,1.0,1.0,1.0,BARBUNYA
5.0,5.0,5.0,5.0,1.0,1.0,5.0,5.0,4.0,2.0,3.0,4.0,1.0,2.0,4.0,1.0,BARBUNYA
5.0,5.0,5.0,5.0,2.0,2.0,5.0,5.0,2.0,2.0,0.0,3.0,1.0,2.0,3.0,5.0,BARBUNYA
5.0,5.0,5.0,5.0,2.0,2.0,5.0,5.0,2.0,3.0,1.0,3.0,1.0,2.0,3.0,4.0,BARBUNYA
5.0,5.0,5.0,5.0,3.0,3.0,5.0,5.0,1.0,2.0,0.0,2.0,1.0,1.0,2.0,4.0,BARBUNYA
5.0,5.0,5.0,5.0,1.0,1.0,5.0,5.0,2.0,2.0,2.0,4.0,1.0,2.0,4.0,4.0,BARBUNYA
5.0,5.0,5.0,5.0,2.0,2.0,5.0,5.0,4.0,2.0,1.0,3.0,1.0,2.0,3.0,4.0,BARBUNYA
5.0,5.0,5.0,5.0,4.0,4.0,5.0,5.0,1.0,2.0,0.0,1.0,1.0,1.0,1.0,4.0,BARBUNYA
5.0,5.0,5.0,5.0,2.0,2.0,5.0,5.0,1.0,2.0,1.0,3.0,1.0,2.0,3.0,4.0,BARBUNYA
5.0,5.0,5.0,5.0,3.0,3.0,5.0,5.0,2.0,2.0,0.0,3.0,1.0,2.0,3.0,4.0,BARBUNYA
5.0,5.0,5.0,5.0,3.0,3.0,5.0,5.0,1.0,2.0,1.0,2.0,1.0,1.0,2.0,3.0,BARBUNYA
5.0,5.0,5.0,5.0,1.0,1.0,5.0,5.0,4.0,4.0,4.0,4.0,1.0,3.0,4.0,3.0,BARBUNYA
5.0,5.0,5.0,5.0,2.0,2.0,5.0,5.0,5.0,2.0,1.0,3.0,1.0,1.0,3.0,3.0,BARBUNYA
5.0,6.0,5.0,5.0,1.0,1.0,5.0,5.0,2.0,0.0,0.0,4.0,1.0,3.0,4.0,2.0,BARBUNYA
5.0,5.0,5.0,5.0,1.0,1.0,5.0,5.0,2.0,2.0,1.0,4.0,1.0,2.0,4.0,3.0,BARBUNYA
5.0,5.0,5.0,5.0,1.0,1.0,5.0,5.0,5.0,4.0,3.0,4.0,1.0,2.0,4.0,4.0,BARBUNYA
5.0,5.0,5.0,5.0,2.0,2.0,5.0,5.0,2.0,4.0,3.0,3.0,1.0,1.0,3.0,4.0,BARBUNYA
5.0,5.0,5.0,5.0,4.0,4.0,5.0,5.0,6.0,2.0,1.0,1.0,1.0,1.0,1.0,2.0,BARBUNYA
5.0,5.0,5.0,5.0,2.0,2.0,5.0,5.0,4.0,4.0,3.0,3.0,1.0,2.0,3.0,4.0,BARBUNYA
5.0,5.0,5.0,5.0,2.0,2.0,5.0,5.0,5.0,2.0,1.0,3.0,1.0,2.0,3.0,2.0,BARBUNYA
5.0,5.0,5.0,5.0,1.0,1.0,5.0,5.0,4.0,3.0,2.0,4.0,1.0,2.0,4.0,3.0,BARBUNYA
5.0,5.0,5.0,5.0,5.0,5.0,5.0,5.0,1.0,2.0,0.0,0.0,1.0,1.0,0.0,3.0,BARBUNYA
5.0,5.0,5.0,5.0,1.0,1.0,5.0,5.0,4.0,2.0,0.0,4.0,1.0,2.0,4.0,4.0,BARBUNYA
5.0,5.0,5.0,5.0,3.0,3.0,5.0,5.0,2.0,2.0,0.0,2.0,1.0,1.0,2.0,2.0,BARBUNYA
5.0,5.0,5.0,5.0,2.0,2.0,5.0,5.0,5.0,4.0,1.0,3.0,1.0,1.0,3.0,4.0,BARBUNYA
5.0,5.0,5.0,5.0,2.0,2.0,5.0,5.0,3.0,2.0,1.0,3.0,1.0,2.0,3.0,3.0,BARBUNYA
5.0,5.0,5.0,5.0,1.0,1.0,5.0,5.0,4.0,2.0,1.0,4.0,1.0,2.0,4.0,4.0,BARBUNYA
5.0,5.0,5.0,6.0,1.0,1.0,5.0,5.0,4.0,2.0,1.0,4.0,1.0,3.0,4.0,4.0,BARBUNYA
5.0,6.0,5.0,5.0,2.0,2.0,5.0,5.0,1.0,2.0,0.0,3.0,1.0,2.0,3.0,4.0,BARBUNYA
5.0,5.0,5.0,5.0,1.0,1.0,5.0,5.0,2.0,1.0,0.0,4.0,1.0,2.0,4.0,4.0,BARBUNYA
5.0,5.0,5.0,5.0,4.0,4.0,5.0,5.0,4.0,4.0,1.0,1.0,1.0,1.0,1.0,4.0,BARBUNYA
5.0,5.0,5.0,5.0,2.0,2.0,5.0,5.0,5.0,2.0,1.0,3.0,1.0,1.0,3.0,1.0,BARBUNYA
5.0,5.0,5.0,5.0,2.0,2.0,5.0,5.0,2.0,2.0,1.0,3.0,1.0,1.0,3.0,3.0,BARBUNYA
5.0,5.0,5.0,5.0,2.0,2.0,5.0,5.0,3.0,3.0,2.0,3.0,1.0,1.0,3.0,4.0,BARBUNYA
5.0,6.0,5.0,6.0,1.0,1.0,6.0,5.0,2.0,2.0,1.0,4.0,0.0,2.0,4.0,1.0,BARBUNYA
5.0,5.0,5.0,6.0,1.0,1.0,5.0,5.0,3.0,4.0,4.0,4.0,0.0,2.0,4.0,2.0,BOMBAY
6.0,5.0,5.0,6.0,0.0,0.0,5.0,6.0,3.0,5.0,5.0,6.0,0.0,3.0,6.0,3.0,BOMBAY
6.0,6.0,5.0,6.0,1.0,1.0,6.0,6.0,4.0,4.0,5.0,4.0,0.0,2.0,4.0,4.0,BOMBAY
6.0,6.0,6.0,6.0,2.0,2.0,6.0,6.0,4.0,5.0,4.0,3.0,0.0,1.0,3.0,2.0,BOMBAY
6.0,6.0,5.0,6.0,1.0,1.0,6.0,6.0,5.0,4.0,4.0,4.0,0.0,2.0,4.0,4.0,BOMBAY
6.0,6.0,6.0,6.0,1.0,1.0,6.0,6.0,5.0,4.0,4.0,4.0,0.0,2.0,4.0,3.0,BOMBAY
6.0,6.0,6.0,6.0,1.0,1.0,6.0,6.0,4.0,3.0,4.0,4.0,0.0,2.0,4.0,1.0,BOMBAY
6.0,6.0,6.0,6.0,2.0,2.0,6.0,6.0,5.0,4.0,4.0,3.0,1.0,1.0,3.0,1.0,BOMBAY
6.0,6.0,6.0,6.0,1.0,1.0,6.0,6.0,4.0,4.0,4.0,4.0,0.0,2.0,4.0,4.0,BOMBAY
6.0,6.0,6.0,6.0,1.0,1.0,6.0,6.0,2.0,4.0,5.0,4.0,0.0,1.0,4.0,3.0,BOMBAY
6.0,6.0,6.0,6.0,1.0,1.0,6.0,6.0,4.0,6.0,5.0,4.0,0.0,2.0,4.0,6.0,BOMBAY
6.0,6.0,6.0,6.0,2.0,2.0,6.0,6.0,1.0,4.0,4.0,3.0,0.0,1.0,3.0,1.0,BOMBAY
6.0,6.0,6.0,6.0,1.0,1.0,6.0,6.0,4.0,4.0,4.0,4.0,0.0,1.0,4.0,4.0,BOMBAY
6.0,6.0,5.0,6.0,1.0,1.0,6.0,6.0,3.0,4.0,4.0,4.0,0.0,2.0,4.0,4.0,BOMBAY
6.0,6.0,6.0,6.0,2.0,2.0,6.0,6.0,4.0,4.0,4.0,3.0,0.0,1.0,3.0,1.0,BOMBAY
6.0,6.0,6.0,6.0,2.0,2.0,6.0,6.0,4.0,5.0,4.0,3.0,0.0,1.0,3.0,4.0,BOMBAY
6.0,6.0,6.0,6.0,1.0,1.0,6.0,6.0,4.0,6.0,5.0,4.0,0.0,2.0,4.0,4.0,BOMBAY
6.0,6.0,6.0,6.0,2.0,2.0,6.0,6.0,4.0,2.0,4.0,3.0,0.0,1.0,3.0,1.0,BOMBAY
6.0,6.0,6.0,6.0,1.0,1.0,6.0,6.0,4.0,4.0,4.0,4.0,0.0,1.0,4.0,3.0,BOMBAY
6.0,6.0,6.0,6.0,2.0,2.0,6.0,6.0,1.0,2.0,3.0,3.0,0.0,1.0,3.0,1.0,BOMBAY
6.0,6.0,6.0,6.0,2.0,2.0,6.0,6.0,4.0,4.0,3.0,3.0,0.0,1.0,3.0,4.0,BOMBAY
6.0,6.0,6.0,6.0,1.0,1.0,6.0,6.0,5.0,6.0,5.0,4.0,0.0,1.0,4.0,4.0,BOMBAY
6.0,6.0,6.0,6.0,1.0,1.0,6.0,6.0,4.0,4.0,3.0,3.0,0.0,1.0,3.0,1.0,BOMBAY
6.0,6.0,6.0,6.0,1.0,1.0,6.0,6.0,5.0,6.0,4.0,4.0,0.0,2.0,4.0,2.0,BOMBAY
6.0,6.0,6.0,6.0,2.0,2.0,6.0,6.0,4.0,4.0,4.0,3.0,0.0,1.0,3.0,2.0,BOMBAY
6.0,6.0,6.0,6.0,2.0,2.0,6.0,6.0,4.0,0.0,1.0,2.0,0.0,1.0,2.0,0.0,BOMBAY
6.0,6.0,5.0,6.0,1.0,1.0,6.0,6.0,5.0,4.0,5.0,4.0,0.0,2.0,4.0,4.0,BOMBAY
6.0,6.0,6.0,6.0,1.0,1.0,6.0,6.0,5.0,6.0,4.0,4.0,0.0,1.0,4.0,2.0,BOMBAY
6.0,6.0,6.0,6.0,1.0,1.0,6.0,6.0,4.0,4.0,4.0,4.0,0.0,1.0,4.0,3.0,BOMBAY
6.0,6.0,6.0,6.0,1.0,1.0,6.0,6.0,2.0,5.0,4.0,4.0,0.0,1.0,4.0,4.0,BOMBAY
6.0,6.0,6.0,6.0,1.0,1.0,6.0,6.0,6.0,4.0,4.0,4.0,0.0,2.0,4.0,2.0,BOMBAY
6.0,6.0,6.0,6.0,1.0,1.0,6.0,6.0,2.0,3.0,4.0,4.0,0.0,1.0,4.0,1.0,BOMBAY
6.0,6.0,6.0,6.0,1.0,1.0,6.0,6.0,2.0,4.0,4.0,4.0,0.0,2.0,4.0,4.0,BOMBAY
6.0,6.0,5.0,6.0,0.0,0.0,6.0,6.0,4.0,6.0,5.0,6.0,0.0,2.0,6.0,4.0,BOMBAY
6.0,6.0,6.0,6.0,1.0,1.0,6.0,6.0,4.0,4.0,4.0,4.0,0.0,1.0,4.0,4.0,BOMBAY
6.0,6.0,6.0,6.0,2.0,2.0,6.0,6.0,4.0,4.0,3.0,3.0,0.0,1.0,3.0,2.0,BOMBAY
6.0,6.0,6.0,6.0,1.0,1.0,6.0,6.0,2.0,4.0,3.0,4.0,0.0,1.0,4.0,2.0,BOMBAY
6.0,6.0,6.0,6.0,1.0,1.0,6.0,6.0,5.0,4.0,4.0,4.0,0.0,2.0,4.0,3.0,BOMBAY
6.0,6.0,6.0,6.0,2.0,2.0,6.0,6.0,5.0,5.0,4.0,3.0,0.0,1.0,3.0,3.0,BOMBAY
6.0,6.0,6.0,6.0,1.0,1.0,6.0,6.0,2.0,2.0,4.0,4.0,0.0,1.0,4.0,2.0,BOMBAY
6.0,6.0,6.0,6.0,1.0,1.0,6.0,6.0,4.0,2.0,3.0,4.0,0.0,1.0,4.0,1.0,BOMBAY
6.0,6.0,6.0,6.0,1.0,1.0,6.0,6.0,5.0,4.0,4.0,4.0,0.0,1.0,4.0,1.0,BOMBAY
6.0,6.0,6.0,6.0,1.0,1.0,6.0,6.0,2.0,4.0,5.0,4.0,0.0,1.0,4.0,3.0,BOMBAY
6.0,6.0,6.0,6.0,1.0,1.0,6.0,6.0,5.0,6.0,5.0,4.0,0.0,2.0,4.0,4.0,BOMBAY
6.0,6.0,6.0,6.0,1.0,1.0,6.0,6.0,4.0,4.0,4.0,4.0,0.0,1.0,4.0,4.0,BOMBAY
6.0,6.0,6.0,6.0,1.0,1.0,6.0,6.0,5.0,4.0,4.0,4.0,0.0,1.0,4.0,3.0,BOMBAY
6.0,6.0,6.0,6.0,1.0,1.0,6.0,6.0,5.0,4.0,5.0,4.0,0.0,1.0,4.0,2.0,BOMBAY
6.0,6.0,6.0,6.0,1.0,1.0,6.0,6.0,4.0,4.0,5.0,4.0,0.0,1.0,4.0,2.0,BOMBAY
6.0,6.0,6.0,6.0,2.0,2.0,6.0,6.0,3.0,4.0,3.0,3.0,0.0,1.0,3.0,2.0,BOMBAY
6.0,6.0,6.0,6.0,2.0,2.0,6.0,6.0,1.0,2.0,3.0,3.0,0.0,1.0,3.0,1.0,BOMBAY
6.0,6.0,6.0,6.0,1.0,1.0,6.0,6.0,5.0,6.0,5.0,4.0,0.0,2.0,4.0,3.0,BOMBAY
6.0,6.0,6.0,6.0,1.0,1.0,6.0,6.0,4.0,4.0,4.0,4.0,0.0,1.0,4.0,3.0,BOMBAY
6.0,6.0,6.0,6.0,1.0,1.0,6.0,6.0,4.0,4.0,4.0,4.0,0.0,1.0,4.0,3.0,BOMBAY
6.0,6.0,6.0,6.0,2.0,2.0,6.0,6.0,4.0,5.0,4.0,3.0,0.0,1.0,3.0,4.0,BOMBAY
6.0,6.0,6.0,6.0,2.0,2.0,6.0,6.0,2.0,4.0,4.0,3.0,0.0,1.0,3.0,3.0,BOMBAY
6.0,6.0,6.0,6.0,1.0,1.0,6.0,6.0,4.0,4.0,4.0,4.0,0.0,1.0,4.0,4.0,BOMBAY
6.0,6.0,6.0,6.0,2.0,2.0,6.0,6.0,1.0,4.0,3.0,3.0,0.0,1.0,3.0,3.0,BOMBAY
6.0,6.0,6.0,6.0,2.0,2.0,6.0,6.0,4.0,4.0,4.0,3.0,0.0,1.0,3.0,3.0,BOMBAY
6.0,6.0,6.0,6.0,1.0,1.0,6.0,6.0,4.0,4.0,3.0,4.0,0.0,1.0,4.0,1.0,BOMBAY
6.0,6.0,6.0,6.0,2.0,2.0,6.0,6.0,5.0,4.0,4.0,3.0,0.0,1.0,3.0,3.0,BOMBAY
6.0,6.0,6.0,6.0,1.0,1.0,6.0,6.0,2.0,2.0,3.0,4.0,0.0,1.0,4.0,1.0,BOMBAY
6.0,6.0,6.0,6.0,2.0,2.0,6.0,6.0,2.0,3.0,4.0,3.0,0.0,1.0,3.0,2.0,BOMBAY
6.0,6.0,6.0,6.0,2.0,2.0,6.0,6.0,4.0,2.0,3.0,3.0,0.0,1.0,3.0,1.0,BOMBAY
6.0,6.0,6.0,6.0,1.0,1.0,6.0,6.0,4.0,1.0,3.0,4.0,0.0,1.0,4.0,1.0,BOMBAY
6.0,6.0,6.0,6.0,2.0,2.0,6.0,6.0,5.0,4.0,4.0,3.0,0.0,1.0,3.0,3.0,BOMBAY
6.0,6.0,6.0,6.0,1.0,1.0,6.0,6.0,6.0,4.0,5.0,4.0,0.0,1.0,4.0,1.0,BOMBAY
6.0,6.0,6.0,6.0,2.0,2.0,6.0,6.0,5.0,4.0,4.0,3.0,0.0,1.0,3.0,4.0,BOMBAY
6.0,6.0,6.0,6.0,1.0,1.0,6.0,6.0,6.0,6.0,4.0,4.0,0.0,1.0,4.0,4.0,BOMBAY
6.0,6.0,6.0,6.0,1.0,1.0,6.0,6.0,5.0,5.0,4.0,4.0,0.0,1.0,4.0,3.0,BOMBAY
6.0,6.0,6.0,6.0,1.0,1.0,6.0,6.0,3.0,4.0,4.0,4.0,0.0,1.0,4.0,4.0,BOMBAY
6.0,6.0,6.0,6.0,3.0,3.0,6.0,6.0,4.0,4.0,3.0,2.0,0.0,1.0,2.0,1.0,BOMBAY
6.0,6.0,6.0,6.0,2.0,2.0,6.0,6.0,4.0,6.0,4.0,3.0,0.0,1.0,3.0,2.0,BOMBAY
6.0,6.0,6.0,6.0,1.0,1.0,6.0,6.0,4.0,4.0,4.0,4.0,0.0,1.0,4.0,2.0,BOMBAY
6.0,6.0,6.0,6.0,2.0,2.0,6.0,6.0,4.0,4.0,4.0,3.0,0.0,1.0,3.0,3.0,BOMBAY
6.0,6.0,6.0,6.0,1.0,1.0,6.0,6.0,3.0,1.0,2.0,4.0,0.0,1.0,4.0,0.0,BOMBAY
6.0,6.0,6.0,6.0,0.0,0.0,6.0,6.0,6.0,6.0,6.0,5.0,0.0,2.0,5.0,4.0,BOMBAY
6.0,6.0,6.0,6.0,1.0,1.0,6.0,6.0,3.0,4.0,4.0,4.0,0.0,1.0,4.0,3.0,BOMBAY
6.0,6.0,6.0,6.0,4.0,4.0,6.0,6.0,5.0,2.0,2.0,1.0,0.0,0.0,1.0,1.0,BOMBAY
6.0,6.0,6.0,6.0,3.0,3.0,6.0,6.0,5.0,2.0,2.0,2.0,0.0,0.0,2.0,1.0,BOMBAY
6.0,6.0,6.0,6.0,1.0,1.0,6.0,6.0,6.0,4.0,4.0,4.0,0.0,1.0,4.0,3.0,BOMBAY
6.0,6.0,6.0,6.0,2.0,2.0,6.0,6.0,2.0,2.0,3.0,2.0,0.0,1.0,2.0,1.0,BOMBAY
6.0,6.0,6.0,6.0,2.0,2.0,6.0,6.0,6.0,4.0,4.0,3.0,0.0,1.0,3.0,1.0,BOMBAY
6.0,6.0,6.0,6.0,2.0,2.0,6.0,6.0,4.0,4.0,3.0,3.0,0.0,1.0,3.0,1.0,BOMBAY
6.0,6.0,6.0,6.0,1.0,1.0,6.0,6.0,4.0,2.0,4.0,4.0,0.0,1.0,4.0,2.0,BOMBAY
6.0,6.0,6.0,6.0,1.0,1.0,6.0,6.0,4.0,2.0,3.0,4.0,0.0,2.0,4.0,1.0,BOMBAY
6.0,6.0,6.0,6.0,4.0,4.0,6.0,6.0,4.0,4.0,3.0,1.0,0.0,0.0,1.0,1.0,BOMBAY
6.0,6.0,6.0,6.0,1.0,1.0,6.0,6.0,2.0,4.0,4.0,4.0,0.0,1.0,4.0,3.0,BOMBAY
6.0,6.0,6.0,6.0,2.0,2.0,6.0,6.0,2.0,2.0,3.0,3.0,0.0,1.0,3.0,1.0,BOMBAY
6.0,6.0,6.0,6.0,1.0,1.0,6.0,6.0,5.0,4.0,4.0,4.0,0.0,1.0,4.0,3.0,BOMBAY
6.0,6.0,6.0,6.0,1.0,1.0,6.0,6.0,4.0,2.0,4.0,4.0,0.0,1.0,4.0,1.0,BOMBAY
6.0,6.0,6.0,6.0,3.0,3.0,6.0,6.0,4.0,3.0,3.0,2.0,0.0,0.0,2.0,2.0,BOMBAY
6.0,6.0,6.0,6.0,1.0,1.0,6.0,6.0,2.0,4.0,4.0,4.0,0.0,1.0,4.0,2.0,BOMBAY
6.0,6.0,6.0,6.0,1.0,1.0,6.0,6.0,4.0,4.0,5.0,4.0,0.0,1.0,4.0,2.0,BOMBAY
6.0,6.0,6.0,6.0,2.0,2.0,6.0,6.0,5.0,2.0,3.0,3.0,0.0,1.0,3.0,1.0,BOMBAY
6.0,6.0,6.0,6.0,2.0,2.0,6.0,6.0,4.0,2.0,3.0,3.0,0.0,1.0,3.0,4.0,BOMBAY
6.0,6.0,6.0,6.0,1.0,1.0,6.0,6.0,5.0,3.0,5.0,4.0,0.0,1.0,4.0,1.0,BOMBAY
6.0,6.0,6.0,6.0,1.0,1.0,6.0,6.0,4.0,4.0,4.0,4.0,0.0,1.0,4.0,1.0,BOMBAY
6.0,6.0,6.0,6.0,1.0,1.0,6.0,6.0,4.0,4.0,4.0,4.0,0.0,1.0,4.0,2.0,BOMBAY
6.0,6.0,6.0,6.0,1.0,1.0,6.0,6.0,4.0,2.0,4.0,4.0,0.0,1.0,4.0,1.0,BOMBAY
6.0,6.0,6.0,6.0,1.0,1.0,6.0,6.0,5.0,6.0,5.0,4.0,0.0,1.0,4.0,3.0,BOMBAY
6.0,6.0,6.0,6.0,3.0,3.0,6.0,6.0,0.0,4.0,2.0,2.0,0.0,0.0,2.0,1.0,BOMBAY
6.0,6.0,6.0,6.0,1.0,1.0,6.0,6.0,6.0,6.0,5.0,4.0,0.0,1.0,4.0,2.0,BOMBAY
6.0,6.0,6.0,6.0,1.0,1.0,6.0,6.0,4.0,4.0,4.0,4.0,0.0,1.0,4.0,1.0,BOMBAY
6.0,6.0,6.0,6.0,2.0,2.0,6.0,6.0,4.0,2.0,3.0,3.0,0.0,1.0,3.0,1.0,BOMBAY
6.0,6.0,6.0,6.0,3.0,3.0,6.0,6.0,4.0,3.0,4.0,2.0,0.0,0.0,2.0,2.0,BOMBAY
6.0,6.0,6.0,6.0,1.0,1.0,6.0,6.0,5.0,4.0,4.0,4.0,0.0,1.0,4.0,2.0,BOMBAY
6.0,6.0,6.0,6.0,2.0,2.0,6.0,6.0,4.0,2.0,2.0,3.0,0.0,1.0,3.0,1.0,BOMBAY
6.0,6.0,6.0,6.0,1.0,1.0,6.0,6.0,5.0,4.0,4.0,4.0,0.0,1.0,4.0,3.0,BOMBAY
6.0,6.0,6.0,6.0,2.0,2.0,6.0,6.0,5.0,6.0,4.0,3.0,0.0,1.0,3.0,5.0,BOMBAY
6.0,6.0,6.0,6.0,1.0,1.0,6.0,6.0,4.0,4.0,4.0,4.0,0.0,1.0,4.0,3.0,BOMBAY
6.0,6.0,6.0,6.0,1.0,1.0,6.0,6.0,4.0,5.0,5.0,4.0,0.0,1.0,4.0,3.0,BOMBAY
6.0,6.0,6.0,6.0,1.0,1.0,6.0,6.0,5.0,6.0,4.0,4.0,0.0,1.0,4.0,2.0,BOMBAY
6.0,6.0,6.0,6.0,2.0,2.0,6.0,6.0,4.0,5.0,4.0,4.0,0.0,1.0,4.0,4.0,BOMBAY
6.0,6.0,6.0,6.0,2.0,2.0,6.0,6.0,2.0,4.0,4.0,2.0,0.0,0.0,2.0,2.0,BOMBAY
6.0,6.0,6.0,6.0,4.0,4.0,6.0,6.0,5.0,2.0,2.0,1.0,0.0,0.0,1.0,1.0,BOMBAY
6.0,6.0,6.0,6.0,1.0,1.0,6.0,6.0,2.0,4.0,4.0,4.0,0.0,1.0,4.0,4.0,BOMBAY
6.0,6.0,6.0,6.0,2.0,2.0,6.0,6.0,5.0,4.0,3.0,3.0,0.0,1.0,3.0,1.0,BOMBAY
6.0,6.0,6.0,6.0,2.0,2.0,6.0,6.0,2.0,4.0,4.0,3.0,0.0,1.0,3.0,3.0,BOMBAY
6.0,6.0,6.0,6.0,2.0,2.0,6.0,6.0,0.0,2.0,3.0,3.0,0.0,1.0,3.0,1.0,BOMBAY
6.0,6.0,6.0,6.0,2.0,2.0,6.0,6.0,6.0,1.0,3.0,3.0,0.0,1.0,3.0,1.0,BOMBAY
6.0,6.0,6.0,6.0,3.0,3.0,6.0,6.0,4.0,4.0,3.0,2.0,0.0,0.0,2.0,2.0,BOMBAY
6.0,6.0,6.0,6.0,1.0,1.0,6.0,6.0,4.0,2.0,4.0,3.0,0.0,1.0,3.0,1.0,BOMBAY
6.0,6.0,6.0,6.0,1.0,1.0,6.0,6.0,5.0,4.0,4.0,4.0,0.0,1.0,4.0,2.0,BOMBAY
6.0,6.0,6.0,6.0,1.0,1.0,6.0,6.0,4.0,4.0,4.0,4.0,0.0,1.0,4.0,4.0,BOMBAY
6.0,6.0,6.0,6.0,1.0,1.0,6.0,6.0,5.0,4.0,3.0,3.0,0.0,1.0,3.0,4.0,BOMBAY
6.0,6.0,6.0,6.0,1.0,1.0,6.0,6.0,5.0,4.0,5.0,4.0,0.0,2.0,4.0,3.0,BOMBAY
6.0,6.0,6.0,6.0,2.0,2.0,6.0,6.0,4.0,4.0,4.0,3.0,0.0,1.0,3.0,2.0,BOMBAY
6.0,6.0,6.0,6.0,2.0,2.0,6.0,6.0,3.0,4.0,4.0,3.0,0.0,1.0,3.0,3.0,BOMBAY
6.0,6.0,6.0,6.0,2.0,2.0,6.0,6.0,4.0,5.0,4.0,3.0,0.0,1.0,3.0,1.0,BOMBAY
6.0,6.0,6.0,6.0,2.0,2.0,6.0,6.0,5.0,6.0,5.0,3.0,0.0,1.0,3.0,4.0,BOMBAY
6.0,6.0,6.0,6.0,2.0,2.0,6.0,6.0,4.0,4.0,4.0,3.0,0.0,1.0,3.0,2.0,BOMBAY
6.0,6.0,6.0,6.0,1.0,1.0,6.0,6.0,4.0,5.0,5.0,4.0,0.0,1.0,4.0,3.0,BOMBAY
6.0,6.0,6.0,6.0,1.0,1.0,6.0,6.0,1.0,4.0,5.0,4.0,0.0,1.0,4.0,1.0,BOMBAY
6.0,6.0,6.0,6.0,1.0,1.0,6.0,6.0,4.0,6.0,5.0,4.0,0.0,1.0,4.0,3.0,BOMBAY
6.0,6.0,6.0,6.0,4.0,4.0,6.0,6.0,5.0,4.0,3.0,1.0,0.0,0.0,1.0,1.0,BOMBAY
6.0,6.0,6.0,6.0,4.0,4.0,6.0,6.0,5.0,4.0,3.0,1.0,0.0,0.0,1.0,2.0,BOMBAY
6.0,6.0,6.0,6.0,2.0,2.0,6.0,6.0,5.0,2.0,4.0,3.0,0.0,1.0,3.0,1.0,BOMBAY
6.0,6.0,6.0,6.0,4.0,4.0,6.0,6.0,5.0,2.0,1.0,1.0,0.0,0.0,1.0,1.0,BOMBAY
6.0,6.0,6.0,6.0,2.0,2.0,6.0,6.0,2.0,3.0,4.0,3.0,0.0,1.0,3.0,1.0,BOMBAY
6.0,6.0,6.0,6.0,1.0,1.0,6.0,6.0,4.0,6.0,5.0,4.0,0.0,2.0,4.0,4.0,BOMBAY
6.0,6.0,6.0,6.0,2.0,2.0,6.0,6.0,4.0,4.0,4.0,3.0,0.0,1.0,3.0,4.0,BOMBAY
6.0,6.0,6.0,6.0,1.0,1.0,6.0,6.0,4.0,5.0,4.0,4.0,0.0,1.0,4.0,4.0,BOMBAY
6.0,6.0,6.0,6.0,3.0,3.0,6.0,6.0,4.0,4.0,4.0,2.0,0.0,0.0,2.0,1.0,BOMBAY
6.0,6.0,6.0,6.0,1.0,1.0,6.0,6.0,6.0,2.0,1.0,4.0,0.0,1.0,4.0,1.0,BOMBAY
6.0,6.0,6.0,6.0,2.0,2.0,6.0,6.0,2.0,4.0,3.0,3.0,0.0,1.0,3.0,1.0,BOMBAY
6.0,6.0,6.0,6.0,1.0,1.0,6.0,6.0,2.0,4.0,4.0,4.0,0.0,1.0,4.0,1.0,BOMBAY
6.0,6.0,6.0,6.0,2.0,2.0,6.0,6.0,5.0,4.0,4.0,3.0,0.0,1.0,3.0,1.0,BOMBAY
6.0,6.0,6.0,6.0,3.0,3.0,6.0,6.0,2.0,2.0,3.0,2.0,0.0,0.0,2.0,1.0,BOMBAY
6.0,6.0,6.0,6.0,2.0,2.0,6.0,6.0,5.0,2.0,3.0,3.0,0.0,0.0,3.0,1.0,BOMBAY
6.0,6.0,6.0,6.0,1.0,1.0,6.0,6.0,4.0,4.0,4.0,4.0,0.0,1.0,4.0,4.0,BOMBAY
6.0,6.0,6.0,6.0,2.0,2.0,6.0,6.0,5.0,4.0,4.0,3.0,0.0,1.0,3.0,1.0,BOMBAY
6.0,6.0,6.0,6.0,1.0,1.0,6.0,6.0,4.0,4.0,4.0,4.0,0.0,1.0,4.0,4.0,BOMBAY
6.0,6.0,6.0,6.0,1.0,1.0,6.0,6.0,4.0,4.0,4.0,4.0,0.0,1.0,4.0,4.0,BOMBAY
6.0,6.0,6.0,6.0,2.0,2.0,6.0,6.0,4.0,4.0,4.0,3.0,0.0,1.0,3.0,3.0,BOMBAY
6.0,6.0,6.0,6.0,2.0,2.0,6.0,6.0,4.0,3.0,3.0,3.0,0.0,1.0,3.0,1.0,BOMBAY
6.0,6.0,6.0,6.0,2.0,2.0,6.0,6.0,5.0,6.0,4.0,3.0,0.0,1.0,3.0,3.0,BOMBAY
6.0,6.0,6.0,6.0,4.0,4.0,6.0,6.0,4.0,1.0,2.0,1.0,0.0,0.0,1.0,0.0,BOMBAY
6.0,6.0,6.0,6.0,1.0,1.0,6.0,6.0,4.0,2.0,3.0,3.0,0.0,1.0,3.0,1.0,BOMBAY
6.0,6.0,6.0,6.0,1.0,1.0,6.0,6.0,6.0,4.0,4.0,4.0,0.0,1.0,4.0,4.0,BOMBAY
6.0,6.0,6.0,6.0,4.0,4.0,6.0,6.0,5.0,2.0,3.0,1.0,0.0,0.0,1.0,1.0,BOMBAY
6.0,6.0,6.0,6.0,1.0,1.0,6.0,6.0,4.0,4.0,5.0,4.0,0.0,1.0,4.0,3.0,BOMBAY
6.0,6.0,6.0,6.0,1.0,1.0,6.0,6.0,5.0,3.0,4.0,4.0,0.0,1.0,4.0,1.0,BOMBAY
6.0,6.0,6.0,6.0,1.0,1.0,6.0,6.0,4.0,6.0,4.0,4.0,0.0,1.0,4.0,4.0,BOMBAY
6.0,6.0,6.0,6.0,2.0,2.0,6.0,6.0,4.0,4.0,4.0,3.0,0.0,0.0,3.0,1.0,BOMBAY
6.0,6.0,6.0,6.0,0.0,0.0,6.0,6.0,5.0,4.0,5.0,6.0,0.0,2.0,6.0,2.0,BOMBAY
6.0,6.0,6.0,6.0,4.0,4.0,6.0,6.0,5.0,2.0,3.0,1.0,0.0,0.0,1.0,1.0,BOMBAY
6.0,6.0,6.0,6.0,2.0,2.0,6.0,6.0,4.0,4.0,4.0,3.0,0.0,1.0,3.0,3.0,BOMBAY
6.0,6.0,6.0,6.0,1.0,1.0,6.0,6.0,5.0,5.0,5.0,4.0,0.0,1.0,4.0,5.0,BOMBAY
6.0,6.0,6.0,6.0,2.0,2.0,6.0,6.0,6.0,3.0,4.0,3.0,0.0,1.0,3.0,1.0,BOMBAY
6.0,6.0,6.0,6.0,3.0,3.0,6.0,6.0,6.0,5.0,4.0,2.0,0.0,0.0,2.0,1.0,BOMBAY
6.0,6.0,6.0,6.0,4.0,4.0,6.0,6.0,2.0,4.0,1.0,1.0,0.0,0.0,1.0,1.0,BOMBAY
6.0,6.0,6.0,6.0,1.0,1.0,6.0,6.0,4.0,6.0,5.0,4.0,0.0,1.0,4.0,3.0,BOMBAY
6.0,6.0,6.0,6.0,4.0,4.0,6.0,6.0,5.0,2.0,1.0,1.0,0.0,0.0,1.0,1.0,BOMBAY
6.0,6.0,6.0,6.0,2.0,2.0,6.0,6.0,4.0,4.0,3.0,3.0,0.0,0.0,3.0,3.0,BOMBAY
6.0,6.0,6.0,6.0,1.0,1.0,6.0,6.0,2.0,6.0,4.0,4.0,0.0,1.0,4.0,4.0,BOMBAY
6.0,6.0,6.0,6.0,4.0,4.0,6.0,6.0,5.0,2.0,2.0,1.0,0.0,0.0,1.0,1.0,BOMBAY
6.0,6.0,6.0,6.0,1.0,1.0,6.0,6.0,2.0,5.0,4.0,4.0,0.0,1.0,4.0,4.0,BOMBAY
6.0,6.0,6.0,6.0,2.0,2.0,6.0,6.0,5.0,4.0,4.0,3.0,0.0,1.0,3.0,4.0,BOMBAY
6.0,6.0,6.0,6.0,1.0,1.0,6.0,6.0,2.0,4.0,4.0,4.0,0.0,1.0,4.0,4.0,BOMBAY
6.0,6.0,6.0,6.0,2.0,2.0,6.0,6.0,2.0,4.0,4.0,3.0,0.0,1.0,3.0,1.0,BOMBAY
6.0,6.0,6.0,6.0,2.0,2.0,6.0,6.0,1.0,2.0,3.0,3.0,0.0,1.0,3.0,1.0,BOMBAY
6.0,6.0,6.0,6.0,4.0,4.0,6.0,6.0,5.0,4.0,3.0,1.0,0.0,0.0,1.0,3.0,BOMBAY
6.0,6.0,6.0,6.0,2.0,2.0,6.0,6.0,5.0,6.0,4.0,3.0,0.0,1.0,3.0,3.0,BOMBAY
6.0,6.0,6.0,6.0,1.0,1.0,6.0,6.0,4.0,2.0,4.0,4.0,0.0,1.0,4.0,1.0,BOMBAY
6.0,6.0,6.0,6.0,3.0,3.0,6.0,6.0,2.0,4.0,3.0,2.0,0.0,0.0,2.0,2.0,BOMBAY
6.0,6.0,6.0,6.0,3.0,3.0,6.0,6.0,3.0,4.0,4.0,2.0,0.0,0.0,2.0,2.0,BOMBAY
6.0,6.0,6.0,6.0,2.0,2.0,6.0,6.0,5.0,4.0,3.0,3.0,0.0,1.0,3.0,3.0,BOMBAY
6.0,6.0,6.0,6.0,2.0,2.0,6.0,6.0,6.0,4.0,4.0,3.0,0.0,1.0,3.0,1.0,BOMBAY
6.0,6.0,6.0,6.0,1.0,1.0,6.0,6.0,2.0,4.0,4.0,4.0,0.0,1.0,4.0,4.0,BOMBAY
6.0,6.0,6.0,6.0,4.0,4.0,6.0,6.0,5.0,1.0,1.0,1.0,0.0,0.0,1.0,1.0,BOMBAY
6.0,6.0,6.0,6.0,2.0,2.0,6.0,6.0,4.0,3.0,3.0,3.0,0.0,0.0,3.0,1.0,BOMBAY
6.0,6.0,6.0,6.0,2.0,2.0,6.0,6.0,5.0,4.0,3.0,3.0,0.0,0.0,3.0,3.0,BOMBAY
6.0,6.0,6.0,6.0,5.0,5.0,6.0,6.0,6.0,2.0,1.0,0.0,0.0,0.0,0.0,1.0,BOMBAY
6.0,6.0,6.0,6.0,2.0,2.0,6.0,6.0,5.0,4.0,4.0,3.0,0.0,1.0,3.0,4.0,BOMBAY
6.0,6.0,6.0,6.0,2.0,2.0,6.0,6.0,6.0,4.0,4.0,3.0,0.0,1.0,3.0,1.0,BOMBAY
6.0,6.0,6.0,6.0,2.0,2.0,6.0,6.0,4.0,4.0,4.0,3.0,0.0,1.0,3.0,2.0,BOMBAY
6.0,6.0,6.0,6.0,1.0,1.0,6.0,6.0,5.0,2.0,4.0,4.0,0.0,1.0,4.0,1.0,BOMBAY
6.0,6.0,6.0,6.0,2.0,2.0,6.0,6.0,5.0,3.0,4.0,3.0,0.0,1.0,3.0,1.0,BOMBAY
6.0,6.0,6.0,6.0,4.0,4.0,6.0,6.0,2.0,1.0,2.0,1.0,0.0,0.0,1.0,1.0,BOMBAY
6.0,6.0,6.0,6.0,2.0,2.0,6.0,6.0,4.0,2.0,4.0,3.0,0.0,1.0,3.0,2.0,BOMBAY
6.0,6.0,6.0,6.0,2.0,2.0,6.0,6.0,6.0,2.0,3.0,2.0,0.0,0.0,2.0,1.0,BOMBAY
6.0,6.0,6.0,6.0,2.0,2.0,6.0,6.0,5.0,6.0,4.0,3.0,0.0,1.0,3.0,3.0,BOMBAY
6.0,6.0,6.0,6.0,4.0,4.0,6.0,6.0,2.0,2.0,3.0,1.0,0.0,0.0,1.0,1.0,BOMBAY
6.0,6.0,6.0,6.0,2.0,2.0,6.0,6.0,4.0,4.0,4.0,3.0,0.0,1.0,3.0,2.0,BOMBAY
6.0,6.0,6.0,6.0,3.0,3.0,6.0,6.0,2.0,4.0,3.0,2.0,0.0,0.0,2.0,2.0,BOMBAY
6.0,6.0,6.0,6.0,1.0,1.0,6.0,6.0,4.0,4.0,5.0,4.0,0.0,1.0,4.0,2.0,BOMBAY
6.0,6.0,6.0,6.0,1.0,1.0,6.0,6.0,4.0,6.0,4.0,4.0,0.0,1.0,4.0,2.0,BOMBAY
6.0,6.0,6.0,6.0,3.0,3.0,6.0,6.0,1.0,2.0,3.0,2.0,0.0,0.0,2.0,1.0,BOMBAY
6.0,6.0,6.0,6.0,1.0,1.0,6.0,6.0,4.0,6.0,4.0,4.0,0.0,1.0,4.0,3.0,BOMBAY
6.0,6.0,6.0,6.0,2.0,2.0,6.0,6.0,4.0,4.0,4.0,3.0,0.0,1.0,3.0,1.0,BOMBAY
6.0,6.0,6.0,6.0,2.0,2.0,6.0,6.0,4.0,1.0,3.0,3.0,0.0,0.0,3.0,1.0,BOMBAY
6.0,6.0,6.0,6.0,2.0,2.0,6.0,6.0,4.0,2.0,2.0,3.0,0.0,1.0,3.0,1.0,BOMBAY
6.0,6.0,6.0,6.0,2.0,2.0,6.0,6.0,2.0,4.0,4.0,3.0,0.0,1.0,3.0,3.0,BOMBAY
6.0,6.0,6.0,6.0,4.0,4.0,6.0,6.0,6.0,4.0,3.0,1.0,0.0,0.0,1.0,1.0,BOMBAY
6.0,6.0,6.0,6.0,2.0,2.0,6.0,6.0,3.0,2.0,3.0,3.0,0.0,0.0,3.0,1.0,BOMBAY
6.0,6.0,6.0,6.0,2.0,2.0,6.0,6.0,6.0,4.0,4.0,3.0,0.0,1.0,3.0,1.0,BOMBAY
6.0,6.0,6.0,6.0,1.0,1.0,6.0,6.0,3.0,5.0,5.0,4.0,0.0,2.0,4.0,4.0,BOMBAY
6.0,6.0,6.0,6.0,4.0,4.0,6.0,6.0,0.0,2.0,2.0,1.0,0.0,0.0,1.0,1.0,BOMBAY
6.0,6.0,6.0,6.0,2.0,2.0,6.0,6.0,4.0,2.0,3.0,3.0,0.0,0.0,3.0,1.0,BOMBAY
6.0,6.0,6.0,6.0,2.0,2.0,6.0,6.0,6.0,4.0,4.0,3.0,0.0,1.0,3.0,1.0,BOMBAY
6.0,6.0,6.0,6.0,4.0,4.0,6.0,6.0,5.0,4.0,3.0,1.0,0.0,0.0,1.0,2.0,BOMBAY
6.0,6.0,6.0,6.0,1.0,1.0,6.0,6.0,4.0,2.0,3.0,4.0,0.0,1.0,4.0,1.0,BOMBAY
6.0,6.0,6.0,6.0,0.0,0.0,6.0,6.0,5.0,5.0,5.0,5.0,0.0,2.0,5.0,4.0,BOMBAY
6.0,6.0,6.0,6.0,4.0,4.0,6.0,6.0,4.0,2.0,1.0,1.0,0.0,0.0,1.0,1.0,BOMBAY
6.0,6.0,6.0,6.0,2.0,2.0,6.0,6.0,4.0,4.0,4.0,3.0,0.0,1.0,3.0,1.0,BOMBAY
6.0,6.0,6.0,6.0,2.0,2.0,6.0,6.0,4.0,4.0,4.0,3.0,0.0,1.0,3.0,1.0,BOMBAY
6.0,6.0,6.0,6.0,1.0,1.0,6.0,6.0,6.0,4.0,4.0,4.0,0.0,1.0,4.0,1.0,BOMBAY
6.0,6.0,6.0,6.0,1.0,1.0,6.0,6.0,4.0,5.0,4.0,4.0,0.0,1.0,4.0,1.0,BOMBAY
6.0,6.0,6.0,6.0,2.0,2.0,6.0,6.0,4.0,6.0,5.0,3.0,0.0,1.0,3.0,4.0,BOMBAY
6.0,6.0,6.0,6.0,2.0,2.0,6.0,6.0,3.0,6.0,4.0,3.0,0.0,1.0,3.0,4.0,BOMBAY
6.0,6.0,6.0,6.0,4.0,4.0,6.0,6.0,2.0,5.0,3.0,2.0,0.0,0.0,2.0,4.0,BOMBAY
6.0,6.0,6.0,6.0,4.0,4.0,6.0,6.0,6.0,4.0,2.0,1.0,0.0,0.0,1.0,1.0,BOMBAY
6.0,6.0,6.0,6.0,1.0,1.0,6.0,6.0,2.0,5.0,4.0,4.0,0.0,1.0,4.0,4.0,BOMBAY
6.0,6.0,6.0,6.0,2.0,2.0,6.0,6.0,4.0,4.0,3.0,3.0,0.0,1.0,3.0,3.0,BOMBAY
6.0,6.0,6.0,6.0,1.0,1.0,6.0,6.0,4.0,4.0,5.0,4.0,0.0,1.0,4.0,4.0,BOMBAY
6.0,6.0,6.0,6.0,3.0,3.0,6.0,6.0,4.0,4.0,3.0,2.0,0.0,0.0,2.0,1.0,BOMBAY
6.0,6.0,6.0,6.0,2.0,2.0,6.0,6.0,1.0,4.0,3.0,3.0,0.0,0.0,3.0,2.0,BOMBAY
6.0,6.0,6.0,6.0,1.0,1.0,6.0,6.0,4.0,3.0,4.0,3.0,0.0,1.0,3.0,1.0,BOMBAY
6.0,6.0,6.0,6.0,2.0,2.0,6.0,6.0,5.0,4.0,2.0,3.0,0.0,1.0,3.0,2.0,BOMBAY
6.0,6.0,6.0,6.0,1.0,1.0,6.0,6.0,3.0,2.0,4.0,4.0,0.0,1.0,4.0,1.0,BOMBAY
6.0,6.0,6.0,6.0,4.0,4.0,6.0,6.0,4.0,4.0,3.0,1.0,0.0,0.0,1.0,1.0,BOMBAY
6.0,6.0,6.0,6.0,2.0,2.0,6.0,6.0,2.0,2.0,3.0,3.0,0.0,0.0,3.0,1.0,BOMBAY
6.0,6.0,6.0,6.0,3.0,3.0,6.0,6.0,3.0,4.0,3.0,2.0,0.0,0.0,2.0,1.0,BOMBAY
6.0,6.0,6.0,6.0,2.0,2.0,6.0,6.0,4.0,4.0,4.0,3.0,0.0,1.0,3.0,2.0,BOMBAY
6.0,6.0,6.0,6.0,1.0,1.0,6.0,6.0,4.0,4.0,4.0,4.0,0.0,1.0,4.0,2.0,BOMBAY
6.0,6.0,6.0,6.0,4.0,4.0,6.0,6.0,5.0,2.0,3.0,1.0,0.0,0.0,1.0,1.0,BOMBAY
6.0,6.0,6.0,6.0,1.0,1.0,6.0,6.0,4.0,1.0,2.0,3.0,0.0,1.0,3.0,0.0,BOMBAY
6.0,6.0,6.0,6.0,2.0,2.0,6.0,6.0,5.0,5.0,4.0,3.0,0.0,1.0,3.0,3.0,BOMBAY
6.0,6.0,6.0,6.0,4.0,4.0,6.0,6.0,1.0,4.0,1.0,1.0,0.0,0.0,1.0,1.0,BOMBAY
6.0,6.0,6.0,6.0,1.0,1.0,6.0,6.0,5.0,4.0,4.0,4.0,0.0,1.0,4.0,3.0,BOMBAY
6.0,6.0,6.0,6.0,2.0,2.0,6.0,6.0,4.0,4.0,4.0,3.0,0.0,0.0,3.0,2.0,BOMBAY
6.0,6.0,6.0,6.0,4.0,4.0,6.0,6.0,5.0,4.0,3.0,1.0,0.0,0.0,1.0,1.0,BOMBAY
6.0,6.0,6.0,6.0,2.0,2.0,6.0,6.0,6.0,2.0,3.0,3.0,0.0,0.0,3.0,1.0,BOMBAY
6.0,6.0,6.0,6.0,1.0,1.0,6.0,6.0,4.0,4.0,4.0,4.0,0.0,1.0,4.0,3.0,BOMBAY
6.0,6.0,6.0,6.0,4.0,4.0,6.0,6.0,4.0,1.0,1.0,1.0,0.0,0.0,1.0,1.0,BOMBAY
6.0,6.0,6.0,6.0,2.0,2.0,6.0,6.0,5.0,4.0,4.0,3.0,0.0,1.0,3.0,2.0,BOMBAY
6.0,6.0,6.0,6.0,4.0,4.0,6.0,6.0,1.0,2.0,3.0,1.0,0.0,0.0,1.0,1.0,BOMBAY
6.0,6.0,6.0,6.0,3.0,3.0,6.0,6.0,4.0,4.0,3.0,2.0,0.0,0.0,2.0,4.0,BOMBAY
6.0,6.0,6.0,6.0,1.0,1.0,6.0,6.0,4.0,4.0,4.0,4.0,0.0,1.0,4.0,3.0,BOMBAY
6.0,6.0,6.0,6.0,3.0,3.0,6.0,6.0,4.0,3.0,3.0,2.0,0.0,0.0,2.0,3.0,BOMBAY
6.0,6.0,6.0,6.0,1.0,1.0,6.0,6.0,4.0,4.0,5.0,4.0,0.0,1.0,4.0,4.0,BOMBAY
6.0,6.0,6.0,6.0,1.0,1.0,6.0,6.0,6.0,5.0,4.0,4.0,0.0,1.0,4.0,3.0,BOMBAY
6.0,6.0,6.0,6.0,1.0,1.0,6.0,6.0,4.0,2.0,3.0,4.0,0.0,1.0,4.0,1.0,BOMBAY
6.0,6.0,6.0,6.0,1.0,1.0,6.0,6.0,2.0,6.0,5.0,4.0,0.0,1.0,4.0,4.0,BOMBAY
6.0,6.0,6.0,6.0,1.0,1.0,6.0,6.0,5.0,4.0,5.0,4.0,0.0,1.0,4.0,3.0,BOMBAY
6.0,6.0,6.0,6.0,1.0,1.0,6.0,6.0,6.0,4.0,4.0,4.0,0.0,1.0,4.0,1.0,BOMBAY
6.0,6.0,6.0,6.0,2.0,2.0,6.0,6.0,5.0,2.0,3.0,3.0,0.0,0.0,3.0,1.0,BOMBAY
6.0,6.0,6.0,6.0,1.0,1.0,6.0,6.0,4.0,6.0,5.0,4.0,0.0,1.0,4.0,3.0,BOMBAY
6.0,6.0,6.0,6.0,2.0,2.0,6.0,6.0,2.0,4.0,4.0,3.0,0.0,0.0,3.0,3.0,BOMBAY
6.0,6.0,6.0,6.0,2.0,2.0,6.0,6.0,6.0,4.0,3.0,3.0,0.0,0.0,3.0,1.0,BOMBAY
6.0,6.0,6.0,6.0,1.0,1.0,6.0,6.0,4.0,5.0,5.0,4.0,0.0,1.0,4.0,3.0,BOMBAY
6.0,6.0,6.0,6.0,2.0,2.0,6.0,6.0,4.0,4.0,4.0,3.0,0.0,0.0,3.0,1.0,BOMBAY
6.0,6.0,6.0,6.0,2.0,2.0,6.0,6.0,5.0,2.0,3.0,3.0,0.0,0.0,3.0,1.0,BOMBAY
6.0,6.0,6.0,6.0,4.0,4.0,6.0,6.0,2.0,2.0,1.0,1.0,0.0,0.0,1.0,1.0,BOMBAY
6.0,6.0,6.0,6.0,2.0,2.0,6.0,6.0,3.0,2.0,3.0,2.0,0.0,0.0,2.0,1.0,BOMBAY
6.0,6.0,6.0,6.0,1.0,1.0,6.0,6.0,4.0,4.0,3.0,4.0,0.0,1.0,4.0,1.0,BOMBAY
6.0,6.0,6.0,6.0,2.0,2.0,6.0,6.0,4.0,4.0,4.0,3.0,0.0,1.0,3.0,2.0,BOMBAY
6.0,6.0,6.0,6.0,4.0,4.0,6.0,6.0,6.0,4.0,3.0,1.0,0.0,0.0,1.0,2.0,BOMBAY
6.0,6.0,6.0,6.0,2.0,2.0,6.0,6.0,5.0,3.0,4.0,3.0,0.0,1.0,3.0,2.0,BOMBAY
6.0,6.0,6.0,6.0,1.0,1.0,6.0,6.0,6.0,4.0,5.0,4.0,0.0,1.0,4.0,3.0,BOMBAY
6.0,6.0,6.0,6.0,2.0,2.0,6.0,6.0,2.0,3.0,3.0,3.0,0.0,0.0,3.0,1.0,BOMBAY
6.0,6.0,6.0,6.0,1.0,1.0,6.0,6.0,3.0,6.0,4.0,4.0,0.0,1.0,4.0,4.0,BOMBAY
6.0,6.0,6.0,6.0,4.0,4.0,6.0,6.0,5.0,2.0,3.0,1.0,0.0,0.0,1.0,1.0,BOMBAY
6.0,6.0,6.0,6.0,1.0,1.0,6.0,6.0,4.0,2.0,4.0,3.0,0.0,1.0,3.0,1.0,BOMBAY
6.0,6.0,6.0,6.0,2.0,2.0,6.0,6.0,4.0,2.0,3.0,2.0,0.0,0.0,2.0,1.0,BOMBAY
6.0,6.0,6.0,6.0,3.0,3.0,6.0,6.0,5.0,4.0,4.0,3.0,0.0,0.0,3.0,3.0,BOMBAY
6.0,6.0,6.0,6.0,2.0,2.0,6.0,6.0,4.0,3.0,4.0,3.0,0.0,1.0,3.0,1.0,BOMBAY
6.0,6.0,6.0,6.0,4.0,4.0,6.0,6.0,4.0,2.0,3.0,1.0,0.0,0.0,1.0,1.0,BOMBAY
6.0,6.0,6.0,6.0,4.0,4.0,6.0,6.0,2.0,3.0,3.0,1.0,0.0,0.0,1.0,1.0,BOMBAY
6.0,6.0,6.0,6.0,2.0,2.0,6.0,6.0,4.0,4.0,3.0,3.0,0.0,0.0,3.0,1.0,BOMBAY
6.0,6.0,6.0,6.0,2.0,2.0,6.0,6.0,6.0,4.0,4.0,3.0,0.0,0.0,3.0,2.0,BOMBAY
6.0,6.0,6.0,6.0,3.0,3.0,6.0,6.0,4.0,4.0,4.0,2.0,0.0,0.0,2.0,2.0,BOMBAY
6.0,6.0,6.0,6.0,2.0,2.0,6.0,6.0,5.0,5.0,4.0,3.0,0.0,0.0,3.0,3.0,BOMBAY
6.0,6.0,6.0,6.0,2.0,2.0,6.0,6.0,4.0,4.0,3.0,3.0,0.0,0.0,3.0,1.0,BOMBAY
6.0,6.0,6.0,6.0,4.0,4.0,6.0,6.0,2.0,4.0,3.0,1.0,0.0,0.0,1.0,1.0,BOMBAY
6.0,6.0,6.0,6.0,2.0,2.0,6.0,6.0,5.0,2.0,4.0,3.0,0.0,1.0,3.0,1.0,BOMBAY
6.0,6.0,6.0,6.0,1.0,1.0,6.0,6.0,3.0,4.0,4.0,4.0,0.0,1.0,4.0,1.0,BOMBAY
6.0,6.0,6.0,6.0,2.0,2.0,6.0,6.0,2.0,2.0,4.0,3.0,0.0,0.0,3.0,1.0,BOMBAY
6.0,6.0,6.0,6.0,2.0,2.0,6.0,6.0,5.0,6.0,5.0,3.0,0.0,1.0,3.0,4.0,BOMBAY
6.0,6.0,6.0,6.0,3.0,3.0,6.0,6.0,1.0,5.0,3.0,2.0,0.0,0.0,2.0,1.0,BOMBAY
6.0,6.0,6.0,6.0,4.0,4.0,6.0,6.0,5.0,4.0,3.0,1.0,0.0,0.0,1.0,1.0,BOMBAY
6.0,6.0,6.0,6.0,1.0,1.0,6.0,6.0,4.0,1.0,3.0,3.0,0.0,1.0,3.0,1.0,BOMBAY
6.0,6.0,6.0,6.0,2.0,2.0,6.0,6.0,6.0,6.0,4.0,3.0,0.0,1.0,3.0,2.0,BOMBAY
6.0,6.0,6.0,6.0,2.0,2.0,6.0,6.0,4.0,4.0,4.0,4.0,0.0,1.0,4.0,4.0,BOMBAY
6.0,6.0,6.0,6.0,4.0,4.0,6.0,6.0,3.0,1.0,2.0,1.0,0.0,0.0,1.0,1.0,BOMBAY
6.0,6.0,6.0,6.0,3.0,3.0,6.0,6.0,5.0,4.0,4.0,2.0,0.0,0.0,2.0,3.0,BOMBAY
6.0,6.0,6.0,6.0,4.0,4.0,6.0,6.0,2.0,4.0,3.0,1.0,0.0,0.0,1.0,1.0,BOMBAY
6.0,6.0,6.0,6.0,4.0,4.0,6.0,6.0,5.0,2.0,3.0,1.0,0.0,0.0,1.0,1.0,BOMBAY
6.0,6.0,6.0,6.0,4.0,4.0,6.0,6.0,2.0,2.0,2.0,1.0,0.0,0.0,1.0,1.0,BOMBAY
6.0,6.0,6.0,6.0,4.0,4.0,6.0,6.0,3.0,2.0,1.0,1.0,0.0,0.0,1.0,1.0,BOMBAY
6.0,6.0,6.0,6.0,2.0,2.0,6.0,6.0,3.0,4.0,4.0,3.0,0.0,0.0,3.0,1.0,BOMBAY
6.0,6.0,6.0,6.0,2.0,2.0,6.0,6.0,4.0,3.0,3.0,3.0,0.0,0.0,3.0,1.0,BOMBAY
6.0,6.0,6.0,6.0,2.0,2.0,6.0,6.0,2.0,2.0,3.0,3.0,0.0,0.0,3.0,1.0,BOMBAY
6.0,6.0,6.0,6.0,4.0,4.0,6.0,6.0,4.0,2.0,3.0,1.0,0.0,0.0,1.0,1.0,BOMBAY
6.0,6.0,6.0,6.0,4.0,4.0,6.0,6.0,5.0,2.0,3.0,1.0,0.0,0.0,1.0,1.0,BOMBAY
6.0,6.0,6.0,6.0,2.0,2.0,6.0,6.0,2.0,2.0,4.0,3.0,0.0,1.0,3.0,1.0,BOMBAY
6.0,6.0,6.0,6.0,1.0,1.0,6.0,6.0,4.0,3.0,4.0,4.0,0.0,1.0,4.0,1.0,BOMBAY
6.0,6.0,6.0,6.0,3.0,3.0,6.0,6.0,1.0,1.0,3.0,2.0,0.0,0.0,2.0,1.0,BOMBAY
6.0,6.0,6.0,6.0,2.0,2.0,6.0,6.0,5.0,5.0,4.0,3.0,0.0,0.0,3.0,4.0,BOMBAY
6.0,6.0,6.0,6.0,4.0,4.0,6.0,6.0,5.0,4.0,2.0,1.0,0.0,0.0,1.0,3.0,BOMBAY
6.0,6.0,6.0,6.0,3.0,3.0,6.0,6.0,5.0,4.0,3.0,2.0,0.0,0.0,2.0,3.0,BOMBAY
6.0,6.0,6.0,6.0,1.0,1.0,6.0,6.0,4.0,4.0,4.0,4.0,0.0,1.0,4.0,2.0,BOMBAY
6.0,6.0,6.0,6.0,3.0,3.0,6.0,6.0,5.0,3.0,3.0,2.0,0.0,0.0,2.0,1.0,BOMBAY
6.0,6.0,6.0,6.0,3.0,3.0,6.0,6.0,6.0,4.0,4.0,2.0,0.0,0.0,2.0,1.0,BOMBAY
6.0,6.0,6.0,6.0,2.0,2.0,6.0,6.0,4.0,1.0,1.0,3.0,0.0,0.0,3.0,1.0,BOMBAY
6.0,6.0,6.0,6.0,2.0,2.0,6.0,6.0,4.0,4.0,4.0,3.0,0.0,1.0,3.0,3.0,BOMBAY
6.0,6.0,6.0,6.0,1.0,1.0,6.0,6.0,5.0,4.0,4.0,4.0,0.0,1.0,4.0,3.0,BOMBAY
6.0,6.0,6.0,6.0,4.0,4.0,6.0,6.0,4.0,4.0,1.0,1.0,0.0,0.0,1.0,1.0,BOMBAY
6.0,6.0,6.0,6.0,4.0,4.0,6.0,6.0,5.0,4.0,3.0,1.0,0.0,0.0,1.0,4.0,BOMBAY
6.0,6.0,6.0,6.0,4.0,4.0,6.0,6.0,1.0,2.0,3.0,1.0,0.0,0.0,1.0,1.0,BOMBAY
6.0,6.0,6.0,6.0,2.0,2.0,6.0,6.0,2.0,4.0,4.0,3.0,0.0,0.0,3.0,4.0,BOMBAY
6.0,6.0,6.0,6.0,2.0,2.0,6.0,6.0,2.0,4.0,3.0,3.0,0.0,0.0,3.0,1.0,BOMBAY
6.0,6.0,6.0,6.0,1.0,1.0,6.0,6.0,4.0,4.0,4.0,4.0,0.0,1.0,4.0,1.0,BOMBAY
6.0,6.0,6.0,6.0,5.0,5.0,6.0,6.0,6.0,4.0,3.0,0.0,0.0,0.0,0.0,1.0,BOMBAY
6.0,6.0,6.0,6.0,4.0,4.0,6.0,6.0,2.0,2.0,3.0,1.0,0.0,0.0,1.0,1.0,BOMBAY
6.0,6.0,6.0,6.0,1.0,1.0,6.0,6.0,2.0,5.0,5.0,4.0,0.0,1.0,4.0,4.0,BOMBAY
6.0,6.0,6.0,6.0,1.0,1.0,6.0,6.0,4.0,4.0,4.0,4.0,0.0,1.0,4.0,4.0,BOMBAY
6.0,6.0,6.0,6.0,4.0,4.0,6.0,6.0,4.0,1.0,2.0,1.0,0.0,0.0,1.0,1.0,BOMBAY
6.0,6.0,6.0,6.0,4.0,4.0,6.0,6.0,4.0,1.0,1.0,1.0,0.0,0.0,1.0,1.0,BOMBAY
6.0,6.0,6.0,6.0,1.0,1.0,6.0,6.0,4.0,4.0,4.0,4.0,0.0,1.0,4.0,1.0,BOMBAY
6.0,6.0,6.0,6.0,4.0,4.0,6.0,6.0,5.0,2.0,2.0,1.0,0.0,0.0,1.0,2.0,BOMBAY
6.0,6.0,6.0,6.0,1.0,1.0,6.0,6.0,6.0,5.0,4.0,4.0,0.0,1.0,4.0,3.0,BOMBAY
6.0,6.0,6.0,6.0,1.0,1.0,6.0,6.0,4.0,5.0,4.0,4.0,0.0,1.0,4.0,2.0,BOMBAY
6.0,6.0,6.0,6.0,1.0,1.0,6.0,6.0,4.0,4.0,4.0,3.0,0.0,1.0,3.0,3.0,BOMBAY
6.0,6.0,6.0,6.0,1.0,1.0,6.0,6.0,4.0,4.0,4.0,3.0,0.0,1.0,3.0,1.0,BOMBAY
6.0,6.0,6.0,6.0,4.0,4.0,6.0,6.0,5.0,4.0,3.0,1.0,0.0,0.0,1.0,1.0,BOMBAY
6.0,6.0,6.0,6.0,2.0,2.0,6.0,6.0,4.0,4.0,4.0,3.0,0.0,0.0,3.0,1.0,BOMBAY
6.0,6.0,6.0,6.0,4.0,4.0,6.0,6.0,5.0,4.0,3.0,1.0,0.0,0.0,1.0,1.0,BOMBAY
6.0,6.0,6.0,6.0,2.0,2.0,6.0,6.0,6.0,4.0,3.0,3.0,0.0,0.0,3.0,1.0,BOMBAY
6.0,6.0,6.0,6.0,2.0,2.0,6.0,6.0,3.0,0.0,3.0,3.0,0.0,0.0,3.0,0.0,BOMBAY
6.0,6.0,6.0,6.0,2.0,2.0,6.0,6.0,6.0,4.0,4.0,3.0,0.0,0.0,3.0,2.0,BOMBAY
6.0,6.0,6.0,6.0,1.0,1.0,6.0,6.0,5.0,4.0,4.0,4.0,0.0,1.0,4.0,2.0,BOMBAY
6.0,6.0,6.0,6.0,3.0,3.0,6.0,6.0,4.0,4.0,3.0,2.0,0.0,0.0,2.0,1.0,BOMBAY
6.0,6.0,6.0,6.0,1.0,1.0,6.0,6.0,6.0,4.0,3.0,4.0,0.0,1.0,4.0,2.0,BOMBAY
6.0,6.0,6.0,6.0,2.0,2.0,6.0,6.0,4.0,5.0,4.0,3.0,0.0,0.0,3.0,1.0,BOMBAY
6.0,6.0,6.0,6.0,3.0,3.0,6.0,6.0,2.0,4.0,3.0,2.0,0.0,0.0,2.0,1.0,BOMBAY
6.0,6.0,6.0,6.0,2.0,2.0,6.0,6.0,4.0,4.0,4.0,3.0,0.0,0.0,3.0,2.0,BOMBAY
6.0,6.0,6.0,6.0,2.0,2.0,6.0,6.0,4.0,4.0,4.0,3.0,0.0,0.0,3.0,3.0,BOMBAY
6.0,6.0,6.0,6.0,2.0,2.0,6.0,6.0,4.0,2.0,3.0,3.0,0.0,0.0,3.0,1.0,BOMBAY
6.0,6.0,6.0,6.0,2.0,2.0,6.0,6.0,4.0,4.0,4.0,3.0,0.0,0.0,3.0,1.0,BOMBAY
6.0,6.0,6.0,6.0,2.0,2.0,6.0,6.0,4.0,2.0,3.0,3.0,0.0,0.0,3.0,1.0,BOMBAY
6.0,6.0,6.0,6.0,4.0,4.0,6.0,6.0,4.0,1.0,2.0,1.0,0.0,0.0,1.0,1.0,BOMBAY
6.0,6.0,6.0,6.0,1.0,1.0,6.0,6.0,5.0,6.0,4.0,4.0,0.0,1.0,4.0,4.0,BOMBAY
6.0,6.0,6.0,6.0,3.0,3.0,6.0,6.0,6.0,5.0,4.0,2.0,0.0,0.0,2.0,3.0,BOMBAY
6.0,6.0,6.0,6.0,1.0,1.0,6.0,6.0,5.0,6.0,5.0,4.0,0.0,1.0,4.0,4.0,BOMBAY
6.0,6.0,6.0,6.0,4.0,4.0,6.0,6.0,4.0,4.0,4.0,1.0,0.0,0.0,1.0,2.0,BOMBAY
6.0,6.0,6.0,6.0,3.0,3.0,6.0,6.0,6.0,4.0,3.0,2.0,0.0,0.0,2.0,1.0,BOMBAY
6.0,6.0,6.0,6.0,4.0,4.0,6.0,6.0,5.0,3.0,4.0,1.0,0.0,0.0,1.0,1.0,BOMBAY
6.0,6.0,6.0,6.0,2.0,2.0,6.0,6.0,2.0,1.0,2.0,3.0,0.0,0.0,3.0,1.0,BOMBAY
6.0,6.0,6.0,6.0,4.0,4.0,6.0,6.0,4.0,4.0,3.0,1.0,0.0,0.0,1.0,2.0,BOMBAY
6.0,6.0,6.0,6.0,3.0,3.0,6.0,6.0,5.0,4.0,3.0,2.0,0.0,0.0,2.0,1.0,BOMBAY
6.0,6.0,6.0,6.0,2.0,2.0,6.0,6.0,4.0,2.0,3.0,3.0,0.0,0.0,3.0,1.0,BOMBAY
6.0,6.0,6.0,6.0,2.0,2.0,6.0,6.0,5.0,3.0,4.0,3.0,0.0,0.0,3.0,1.0,BOMBAY
6.0,6.0,6.0,6.0,2.0,2.0,6.0,6.0,4.0,2.0,3.0,3.0,0.0,0.0,3.0,1.0,BOMBAY
6.0,6.0,6.0,6.0,4.0,4.0,6.0,6.0,5.0,4.0,3.0,1.0,0.0,0.0,1.0,1.0,BOMBAY
6.0,6.0,6.0,6.0,1.0,1.0,6.0,6.0,4.0,4.0,5.0,4.0,0.0,1.0,4.0,4.0,BOMBAY
6.0,6.0,6.0,6.0,2.0,2.0,6.0,6.0,3.0,5.0,4.0,3.0,0.0,0.0,3.0,3.0,BOMBAY
6.0,6.0,6.0,6.0,1.0,1.0,6.0,6.0,5.0,4.0,5.0,4.0,0.0,1.0,4.0,2.0,BOMBAY
6.0,6.0,6.0,6.0,4.0,4.0,6.0,6.0,6.0,6.0,3.0,1.0,0.0,0.0,1.0,1.0,BOMBAY
6.0,6.0,6.0,6.0,2.0,2.0,6.0,6.0,6.0,4.0,4.0,3.0,0.0,1.0,3.0,2.0,BOMBAY
6.0,6.0,6.0,6.0,1.0,1.0,6.0,6.0,4.0,4.0,5.0,4.0,0.0,1.0,4.0,2.0,BOMBAY
6.0,6.0,6.0,6.0,2.0,2.0,6.0,6.0,5.0,4.0,3.0,3.0,0.0,0.0,3.0,1.0,BOMBAY
6.0,6.0,6.0,6.0,2.0,2.0,6.0,6.0,5.0,3.0,4.0,3.0,0.0,0.0,3.0,1.0,BOMBAY
6.0,6.0,6.0,6.0,4.0,4.0,6.0,6.0,4.0,6.0,3.0,2.0,0.0,0.0,2.0,6.0,BOMBAY
6.0,6.0,6.0,6.0,2.0,2.0,6.0,6.0,5.0,2.0,4.0,3.0,0.0,0.0,3.0,1.0,BOMBAY
6.0,6.0,6.0,6.0,5.0,5.0,6.0,6.0,4.0,1.0,1.0,0.0,0.0,0.0,0.0,1.0,BOMBAY
6.0,6.0,6.0,6.0,4.0,4.0,6.0,6.0,5.0,2.0,3.0,1.0,0.0,0.0,1.0,1.0,BOMBAY
6.0,6.0,6.0,6.0,2.0,2.0,6.0,6.0,6.0,4.0,3.0,2.0,0.0,0.0,2.0,1.0,BOMBAY
6.0,6.0,6.0,6.0,4.0,4.0,6.0,6.0,6.0,2.0,3.0,1.0,0.0,0.0,1.0,1.0,BOMBAY
6.0,6.0,6.0,6.0,1.0,1.0,6.0,6.0,6.0,4.0,4.0,4.0,0.0,1.0,4.0,1.0,BOMBAY
6.0,6.0,6.0,6.0,2.0,2.0,6.0,6.0,4.0,4.0,3.0,3.0,0.0,0.0,3.0,1.0,BOMBAY
6.0,6.0,6.0,6.0,2.0,2.0,6.0,6.0,5.0,4.0,4.0,3.0,0.0,0.0,3.0,2.0,BOMBAY
6.0,6.0,6.0,6.0,4.0,4.0,6.0,6.0,5.0,4.0,4.0,1.0,0.0,0.0,1.0,1.0,BOMBAY
6.0,6.0,6.0,6.0,1.0,1.0,6.0,6.0,4.0,4.0,5.0,4.0,0.0,1.0,4.0,2.0,BOMBAY
6.0,6.0,6.0,6.0,1.0,1.0,6.0,6.0,2.0,4.0,4.0,4.0,0.0,1.0,4.0,1.0,BOMBAY
6.0,6.0,6.0,6.0,3.0,3.0,6.0,6.0,5.0,4.0,4.0,2.0,0.0,0.0,2.0,2.0,BOMBAY
6.0,6.0,6.0,6.0,2.0,2.0,6.0,6.0,5.0,1.0,3.0,3.0,0.0,0.0,3.0,1.0,BOMBAY
6.0,6.0,6.0,6.0,4.0,4.0,6.0,6.0,6.0,4.0,3.0,1.0,0.0,0.0,1.0,2.0,BOMBAY
6.0,6.0,6.0,6.0,4.0,4.0,6.0,6.0,2.0,1.0,2.0,1.0,0.0,0.0,1.0,1.0,BOMBAY
6.0,6.0,6.0,6.0,4.0,4.0,6.0,6.0,5.0,3.0,4.0,1.0,0.0,0.0,1.0,1.0,BOMBAY
6.0,6.0,6.0,6.0,2.0,2.0,6.0,6.0,2.0,4.0,4.0,3.0,0.0,0.0,3.0,1.0,BOMBAY
6.0,6.0,6.0,6.0,2.0,2.0,6.0,6.0,4.0,4.0,4.0,3.0,0.0,0.0,3.0,1.0,BOMBAY
6.0,6.0,6.0,6.0,4.0,4.0,6.0,6.0,0.0,2.0,2.0,1.0,0.0,0.0,1.0,1.0,BOMBAY
6.0,6.0,6.0,6.0,2.0,2.0,6.0,6.0,1.0,3.0,4.0,3.0,0.0,0.0,3.0,1.0,BOMBAY
6.0,6.0,6.0,6.0,4.0,4.0,6.0,6.0,2.0,1.0,1.0,1.0,0.0,0.0,1.0,1.0,BOMBAY
6.0,6.0,6.0,6.0,4.0,4.0,6.0,6.0,5.0,4.0,3.0,1.0,0.0,0.0,1.0,1.0,BOMBAY
6.0,6.0,6.0,6.0,2.0,2.0,6.0,6.0,4.0,5.0,4.0,3.0,0.0,0.0,3.0,4.0,BOMBAY
6.0,6.0,6.0,6.0,2.0,2.0,6.0,6.0,5.0,4.0,4.0,3.0,0.0,0.0,3.0,2.0,BOMBAY
6.0,6.0,6.0,6.0,2.0,2.0,6.0,6.0,4.0,4.0,4.0,3.0,0.0,0.0,3.0,4.0,BOMBAY
6.0,6.0,6.0,6.0,4.0,4.0,6.0,6.0,4.0,4.0,3.0,1.0,0.0,0.0,1.0,3.0,BOMBAY
6.0,6.0,6.0,6.0,2.0,2.0,6.0,6.0,4.0,4.0,4.0,3.0,0.0,0.0,3.0,1.0,BOMBAY
6.0,6.0,6.0,6.0,4.0,4.0,6.0,6.0,6.0,5.0,3.0,1.0,0.0,0.0,1.0,1.0,BOMBAY
6.0,6.0,6.0,6.0,1.0,1.0,6.0,6.0,4.0,5.0,5.0,4.0,0.0,1.0,4.0,3.0,BOMBAY
6.0,6.0,6.0,6.0,2.0,2.0,6.0,6.0,4.0,4.0,3.0,3.0,0.0,0.0,3.0,1.0,BOMBAY
6.0,6.0,6.0,6.0,2.0,2.0,6.0,6.0,4.0,2.0,3.0,2.0,0.0,0.0,2.0,1.0,BOMBAY
6.0,6.0,6.0,6.0,3.0,3.0,6.0,6.0,4.0,4.0,3.0,2.0,0.0,0.0,2.0,1.0,BOMBAY
6.0,6.0,6.0,6.0,4.0,4.0,6.0,6.0,6.0,2.0,3.0,1.0,0.0,0.0,1.0,1.0,BOMBAY
6.0,6.0,6.0,6.0,2.0,2.0,6.0,6.0,2.0,4.0,3.0,3.0,0.0,0.0,3.0,3.0,BOMBAY
6.0,6.0,6.0,6.0,1.0,1.0,6.0,6.0,4.0,4.0,5.0,4.0,0.0,1.0,4.0,4.0,BOMBAY
6.0,6.0,6.0,6.0,4.0,4.0,6.0,6.0,0.0,4.0,3.0,1.0,0.0,0.0,1.0,1.0,BOMBAY
6.0,6.0,6.0,6.0,3.0,3.0,6.0,6.0,6.0,6.0,4.0,2.0,0.0,0.0,2.0,3.0,BOMBAY
6.0,6.0,6.0,6.0,1.0,1.0,6.0,6.0,5.0,3.0,3.0,4.0,0.0,1.0,4.0,1.0,BOMBAY
6.0,6.0,6.0,6.0,5.0,5.0,6.0,6.0,6.0,4.0,1.0,1.0,0.0,0.0,1.0,1.0,BOMBAY
6.0,6.0,6.0,6.0,4.0,4.0,6.0,6.0,5.0,4.0,3.0,1.0,0.0,0.0,1.0,1.0,BOMBAY
6.0,6.0,6.0,6.0,2.0,2.0,6.0,6.0,4.0,4.0,3.0,2.0,0.0,0.0,2.0,2.0,BOMBAY
6.0,6.0,6.0,6.0,2.0,2.0,6.0,6.0,5.0,2.0,3.0,3.0,0.0,0.0,3.0,1.0,BOMBAY
6.0,6.0,6.0,6.0,1.0,1.0,6.0,6.0,5.0,4.0,5.0,4.0,0.0,1.0,4.0,1.0,BOMBAY
6.0,6.0,6.0,6.0,2.0,2.0,6.0,6.0,6.0,2.0,3.0,3.0,0.0,0.0,3.0,1.0,BOMBAY
6.0,6.0,6.0,6.0,2.0,2.0,6.0,6.0,2.0,5.0,4.0,3.0,0.0,0.0,3.0,3.0,BOMBAY
6.0,6.0,6.0,6.0,2.0,2.0,6.0,6.0,5.0,5.0,4.0,3.0,0.0,0.0,3.0,2.0,BOMBAY
6.0,6.0,6.0,6.0,2.0,2.0,6.0,6.0,4.0,4.0,5.0,3.0,0.0,0.0,3.0,1.0,BOMBAY
6.0,6.0,6.0,6.0,2.0,2.0,6.0,6.0,4.0,2.0,3.0,3.0,0.0,0.0,3.0,1.0,BOMBAY
6.0,6.0,6.0,6.0,2.0,2.0,6.0,6.0,4.0,3.0,3.0,3.0,0.0,0.0,3.0,1.0,BOMBAY
6.0,6.0,6.0,6.0,2.0,2.0,6.0,6.0,5.0,2.0,3.0,3.0,0.0,0.0,3.0,1.0,BOMBAY
6.0,6.0,6.0,6.0,2.0,2.0,6.0,6.0,5.0,4.0,4.0,3.0,0.0,0.0,3.0,2.0,BOMBAY
6.0,6.0,6.0,6.0,4.0,4.0,6.0,6.0,6.0,2.0,1.0,1.0,0.0,0.0,1.0,1.0,BOMBAY
6.0,6.0,6.0,6.0,2.0,2.0,6.0,6.0,6.0,5.0,4.0,3.0,0.0,0.0,3.0,1.0,BOMBAY
6.0,6.0,6.0,6.0,4.0,4.0,6.0,6.0,4.0,6.0,4.0,1.0,0.0,0.0,1.0,2.0,BOMBAY
6.0,6.0,6.0,6.0,2.0,2.0,6.0,6.0,5.0,2.0,3.0,3.0,0.0,0.0,3.0,1.0,BOMBAY
6.0,6.0,6.0,6.0,2.0,2.0,6.0,6.0,6.0,4.0,4.0,3.0,0.0,0.0,3.0,1.0,BOMBAY
6.0,6.0,6.0,6.0,1.0,1.0,6.0,6.0,4.0,4.0,4.0,4.0,0.0,1.0,4.0,1.0,BOMBAY
6.0,6.0,6.0,6.0,3.0,3.0,6.0,6.0,2.0,2.0,3.0,2.0,0.0,0.0,2.0,1.0,BOMBAY
6.0,6.0,6.0,6.0,2.0,2.0,6.0,6.0,2.0,3.0,4.0,3.0,0.0,0.0,3.0,1.0,BOMBAY
6.0,6.0,6.0,6.0,1.0,1.0,6.0,6.0,4.0,4.0,4.0,4.0,0.0,0.0,4.0,1.0,BOMBAY
6.0,6.0,6.0,6.0,4.0,4.0,6.0,6.0,6.0,2.0,2.0,1.0,0.0,0.0,1.0,1.0,BOMBAY
6.0,6.0,6.0,6.0,3.0,3.0,6.0,6.0,4.0,4.0,3.0,2.0,0.0,0.0,2.0,1.0,BOMBAY
6.0,6.0,6.0,6.0,6.0,6.0,6.0,6.0,4.0,2.0,1.0,0.0,0.0,0.0,0.0,1.0,BOMBAY
6.0,6.0,6.0,6.0,2.0,2.0,6.0,6.0,5.0,4.0,3.0,3.0,0.0,0.0,3.0,1.0,BOMBAY
6.0,6.0,6.0,6.0,1.0,1.0,6.0,6.0,4.0,2.0,4.0,3.0,0.0,0.0,3.0,1.0,BOMBAY
6.0,6.0,6.0,6.0,4.0,4.0,6.0,6.0,4.0,3.0,1.0,1.0,0.0,0.0,1.0,1.0,BOMBAY
6.0,6.0,6.0,6.0,2.0,2.0,6.0,6.0,4.0,4.0,1.0,3.0,0.0,0.0,3.0,3.0,BOMBAY
6.0,6.0,6.0,6.0,3.0,3.0,6.0,6.0,4.0,5.0,3.0,2.0,0.0,0.0,2.0,1.0,BOMBAY
6.0,6.0,6.0,6.0,2.0,2.0,6.0,6.0,4.0,4.0,4.0,3.0,0.0,0.0,3.0,3.0,BOMBAY
6.0,6.0,6.0,6.0,1.0,1.0,6.0,6.0,2.0,2.0,4.0,4.0,0.0,1.0,4.0,1.0,BOMBAY
6.0,6.0,6.0,6.0,3.0,3.0,6.0,6.0,1.0,0.0,1.0,1.0,0.0,0.0,1.0,0.0,BOMBAY
6.0,6.0,6.0,6.0,1.0,1.0,6.0,6.0,5.0,4.0,5.0,4.0,0.0,1.0,4.0,3.0,BOMBAY
6.0,6.0,6.0,6.0,4.0,4.0,6.0,6.0,6.0,6.0,4.0,1.0,0.0,0.0,1.0,3.0,BOMBAY
6.0,6.0,6.0,6.0,2.0,2.0,6.0,6.0,5.0,6.0,4.0,3.0,0.0,0.0,3.0,2.0,BOMBAY
6.0,6.0,6.0,6.0,2.0,2.0,6.0,6.0,4.0,4.0,4.0,3.0,0.0,0.0,3.0,3.0,BOMBAY
6.0,6.0,6.0,6.0,1.0,1.0,6.0,6.0,1.0,5.0,4.0,4.0,0.0,0.0,4.0,1.0,BOMBAY
6.0,6.0,6.0,6.0,2.0,2.0,6.0,6.0,3.0,1.0,4.0,3.0,0.0,0.0,3.0,1.0,BOMBAY
6.0,6.0,6.0,6.0,2.0,2.0,6.0,6.0,2.0,3.0,3.0,3.0,0.0,0.0,3.0,1.0,BOMBAY
6.0,6.0,6.0,6.0,4.0,4.0,6.0,6.0,5.0,3.0,3.0,1.0,0.0,0.0,1.0,1.0,BOMBAY
6.0,6.0,6.0,6.0,1.0,1.0,6.0,6.0,4.0,4.0,4.0,4.0,0.0,0.0,4.0,1.0,BOMBAY
6.0,6.0,6.0,6.0,2.0,2.0,6.0,6.0,4.0,4.0,3.0,3.0,0.0,0.0,3.0,3.0,BOMBAY
6.0,6.0,6.0,6.0,2.0,2.0,6.0,6.0,4.0,4.0,4.0,3.0,0.0,0.0,3.0,1.0,BOMBAY
6.0,6.0,6.0,6.0,1.0,1.0,6.0,6.0,5.0,3.0,5.0,4.0,0.0,1.0,4.0,1.0,BOMBAY
6.0,6.0,6.0,6.0,4.0,4.0,6.0,6.0,5.0,5.0,3.0,2.0,0.0,0.0,2.0,3.0,BOMBAY
6.0,6.0,6.0,6.0,3.0,3.0,6.0,6.0,4.0,4.0,4.0,2.0,0.0,0.0,2.0,2.0,BOMBAY
6.0,6.0,6.0,6.0,4.0,4.0,6.0,6.0,4.0,2.0,3.0,1.0,0.0,0.0,1.0,1.0,BOMBAY
6.0,6.0,6.0,6.0,3.0,3.0,6.0,6.0,5.0,2.0,2.0,1.0,0.0,0.0,1.0,1.0,BOMBAY
6.0,6.0,6.0,6.0,1.0,1.0,6.0,6.0,5.0,3.0,4.0,4.0,0.0,1.0,4.0,1.0,BOMBAY
6.0,6.0,6.0,6.0,5.0,5.0,6.0,6.0,5.0,2.0,1.0,0.0,0.0,0.0,0.0,1.0,BOMBAY
6.0,6.0,6.0,6.0,2.0,2.0,6.0,6.0,5.0,5.0,4.0,3.0,0.0,0.0,3.0,2.0,BOMBAY
6.0,6.0,6.0,6.0,3.0,3.0,6.0,6.0,5.0,2.0,3.0,2.0,0.0,0.0,2.0,1.0,BOMBAY
6.0,6.0,6.0,6.0,2.0,2.0,6.0,6.0,5.0,4.0,3.0,3.0,0.0,0.0,3.0,1.0,BOMBAY
6.0,6.0,6.0,6.0,4.0,4.0,6.0,6.0,4.0,4.0,3.0,1.0,0.0,0.0,1.0,4.0,BOMBAY
6.0,6.0,6.0,6.0,4.0,4.0,6.0,6.0,4.0,4.0,1.0,1.0,0.0,0.0,1.0,1.0,BOMBAY
6.0,6.0,6.0,6.0,4.0,4.0,6.0,6.0,6.0,6.0,4.0,2.0,0.0,0.0,2.0,3.0,BOMBAY
6.0,6.0,6.0,6.0,3.0,3.0,6.0,6.0,2.0,4.0,4.0,2.0,0.0,0.0,2.0,1.0,BOMBAY
6.0,6.0,6.0,6.0,5.0,5.0,6.0,6.0,0.0,1.0,1.0,0.0,0.0,0.0,0.0,0.0,BOMBAY
6.0,6.0,6.0,6.0,3.0,3.0,6.0,6.0,6.0,4.0,3.0,2.0,0.0,0.0,2.0,1.0,BOMBAY
6.0,6.0,6.0,6.0,3.0,3.0,6.0,6.0,2.0,3.0,3.0,2.0,0.0,0.0,2.0,1.0,BOMBAY
6.0,6.0,6.0,6.0,2.0,2.0,6.0,6.0,2.0,3.0,3.0,3.0,0.0,0.0,3.0,1.0,BOMBAY
6.0,6.0,6.0,6.0,2.0,2.0,6.0,6.0,5.0,4.0,4.0,3.0,0.0,0.0,3.0,1.0,BOMBAY
6.0,6.0,6.0,6.0,4.0,4.0,6.0,6.0,1.0,2.0,3.0,1.0,0.0,0.0,1.0,1.0,BOMBAY
6.0,6.0,6.0,6.0,2.0,2.0,6.0,6.0,4.0,3.0,3.0,3.0,0.0,0.0,3.0,1.0,BOMBAY
6.0,6.0,6.0,6.0,2.0,2.0,6.0,6.0,6.0,2.0,4.0,3.0,0.0,0.0,3.0,1.0,BOMBAY
6.0,6.0,6.0,6.0,4.0,4.0,6.0,6.0,5.0,4.0,4.0,1.0,0.0,0.0,1.0,1.0,BOMBAY
6.0,6.0,6.0,6.0,4.0,4.0,6.0,6.0,5.0,4.0,3.0,1.0,0.0,0.0,1.0,1.0,BOMBAY
6.0,6.0,6.0,6.0,2.0,2.0,6.0,6.0,6.0,2.0,3.0,2.0,0.0,0.0,2.0,1.0,BOMBAY
6.0,6.0,6.0,6.0,1.0,1.0,6.0,6.0,2.0,4.0,4.0,4.0,0.0,0.0,4.0,3.0,BOMBAY
6.0,6.0,6.0,6.0,5.0,5.0,6.0,6.0,2.0,1.0,1.0,0.0,0.0,0.0,0.0,1.0,BOMBAY
6.0,6.0,6.0,6.0,2.0,2.0,6.0,6.0,5.0,1.0,3.0,3.0,0.0,0.0,3.0,1.0,BOMBAY
6.0,6.0,6.0,6.0,2.0,2.0,6.0,6.0,5.0,3.0,4.0,3.0,0.0,0.0,3.0,1.0,BOMBAY
6.0,6.0,6.0,6.0,2.0,2.0,6.0,6.0,2.0,2.0,4.0,3.0,0.0,0.0,3.0,1.0,BOMBAY
6.0,6.0,6.0,6.0,4.0,4.0,6.0,6.0,5.0,2.0,1.0,1.0,0.0,0.0,1.0,1.0,BOMBAY
6.0,6.0,6.0,6.0,3.0,3.0,6.0,6.0,6.0,4.0,3.0,2.0,0.0,0.0,2.0,1.0,BOMBAY
6.0,6.0,6.0,6.0,4.0,4.0,6.0,6.0,5.0,6.0,4.0,1.0,0.0,0.0,1.0,3.0,BOMBAY
6.0,6.0,6.0,6.0,4.0,4.0,6.0,6.0,1.0,3.0,2.0,1.0,0.0,0.0,1.0,1.0,BOMBAY
6.0,6.0,6.0,6.0,4.0,4.0,6.0,6.0,5.0,4.0,3.0,1.0,0.0,0.0,1.0,1.0,BOMBAY
6.0,6.0,6.0,6.0,3.0,3.0,6.0,6.0,2.0,2.0,3.0,2.0,0.0,0.0,2.0,1.0,BOMBAY
6.0,6.0,6.0,6.0,4.0,4.0,6.0,6.0,3.0,3.0,1.0,1.0,0.0,0.0,1.0,1.0,BOMBAY
6.0,6.0,6.0,6.0,3.0,3.0,6.0,6.0,2.0,3.0,4.0,2.0,0.0,0.0,2.0,1.0,BOMBAY
6.0,6.0,6.0,6.0,2.0,2.0,6.0,6.0,5.0,2.0,3.0,3.0,0.0,0.0,3.0,2.0,BOMBAY
6.0,6.0,6.0,6.0,4.0,4.0,6.0,6.0,6.0,4.0,1.0,1.0,0.0,0.0,1.0,1.0,BOMBAY
6.0,6.0,6.0,6.0,2.0,2.0,6.0,6.0,4.0,4.0,3.0,3.0,0.0,0.0,3.0,2.0,BOMBAY
6.0,6.0,6.0,6.0,2.0,2.0,6.0,6.0,4.0,4.0,3.0,3.0,0.0,0.0,3.0,1.0,BOMBAY
6.0,6.0,6.0,6.0,1.0,1.0,6.0,6.0,4.0,5.0,5.0,4.0,0.0,1.0,4.0,1.0,BOMBAY
6.0,6.0,6.0,6.0,2.0,2.0,6.0,6.0,4.0,3.0,4.0,3.0,0.0,0.0,3.0,1.0,BOMBAY
6.0,6.0,6.0,6.0,1.0,1.0,6.0,6.0,4.0,3.0,4.0,4.0,0.0,0.0,4.0,1.0,BOMBAY
6.0,6.0,6.0,6.0,4.0,4.0,6.0,6.0,4.0,2.0,3.0,1.0,0.0,0.0,1.0,1.0,BOMBAY
6.0,6.0,6.0,6.0,2.0,2.0,6.0,6.0,4.0,3.0,4.0,3.0,0.0,0.0,3.0,1.0,BOMBAY
6.0,6.0,6.0,6.0,1.0,1.0,6.0,6.0,2.0,4.0,4.0,4.0,0.0,0.0,4.0,2.0,BOMBAY
6.0,6.0,6.0,6.0,1.0,1.0,6.0,6.0,2.0,6.0,5.0,4.0,0.0,1.0,4.0,3.0,BOMBAY
6.0,6.0,6.0,6.0,3.0,3.0,6.0,6.0,6.0,2.0,3.0,2.0,0.0,0.0,2.0,2.0,BOMBAY
6.0,6.0,6.0,6.0,2.0,2.0,6.0,6.0,5.0,3.0,3.0,3.0,0.0,0.0,3.0,3.0,BOMBAY
6.0,6.0,6.0,6.0,4.0,4.0,6.0,6.0,4.0,3.0,1.0,1.0,0.0,0.0,1.0,1.0,BOMBAY
6.0,6.0,6.0,6.0,4.0,4.0,6.0,6.0,6.0,4.0,3.0,1.0,0.0,0.0,1.0,1.0,BOMBAY
6.0,6.0,6.0,6.0,2.0,2.0,6.0,6.0,5.0,4.0,4.0,3.0,0.0,0.0,3.0,1.0,BOMBAY
6.0,6.0,6.0,6.0,2.0,2.0,6.0,6.0,4.0,1.0,3.0,3.0,0.0,0.0,3.0,1.0,BOMBAY
6.0,6.0,6.0,6.0,3.0,3.0,6.0,6.0,4.0,1.0,1.0,2.0,0.0,0.0,2.0,1.0,BOMBAY
2.0,2.0,3.0,1.0,1.0,1.0,2.0,2.0,2.0,4.0,5.0,4.0,5.0,4.0,4.0,6.0,CALI
2.0,2.0,1.0,3.0,0.0,0.0,2.0,2.0,3.0,5.0,5.0,5.0,3.0,5.0,5.0,4.0,CALI
2.0,2.0,3.0,1.0,2.0,2.0,2.0,2.0,5.0,4.0,4.0,3.0,5.0,3.0,3.0,1.0,CALI
2.0,2.0,3.0,2.0,1.0,1.0,2.0,2.0,4.0,4.0,5.0,4.0,4.0,4.0,4.0,5.0,CALI
2.0,4.0,4.0,0.0,6.0,6.0,2.0,2.0,2.0,1.0,1.0,0.0,6.0,2.0,0.0,1.0,CALI
3.0,3.0,3.0,1.0,3.0,3.0,2.0,3.0,2.0,3.0,3.0,2.0,5.0,3.0,2.0,1.0,CALI
3.0,2.0,3.0,3.0,1.0,1.0,3.0,3.0,4.0,4.0,4.0,4.0,3.0,4.0,4.0,6.0,CALI
3.0,3.0,4.0,1.0,4.0,4.0,3.0,3.0,4.0,4.0,3.0,1.0,5.0,3.0,1.0,3.0,CALI
3.0,4.0,4.0,1.0,4.0,4.0,3.0,3.0,5.0,5.0,3.0,1.0,5.0,2.0,1.0,3.0,CALI
3.0,4.0,4.0,2.0,4.0,4.0,3.0,3.0,4.0,2.0,3.0,1.0,4.0,2.0,1.0,1.0,CALI
3.0,4.0,4.0,1.0,4.0,4.0,3.0,3.0,4.0,4.0,2.0,1.0,5.0,2.0,1.0,1.0,CALI
3.0,3.0,3.0,4.0,1.0,1.0,3.0,3.0,2.0,4.0,5.0,4.0,2.0,5.0,4.0,5.0,CALI
3.0,4.0,4.0,1.0,4.0,4.0,3.0,3.0,4.0,4.0,3.0,1.0,5.0,2.0,1.0,1.0,CALI
3.0,4.0,4.0,2.0,3.0,3.0,3.0,3.0,4.0,2.0,4.0,2.0,4.0,2.0,2.0,1.0,CALI
3.0,4.0,4.0,1.0,4.0,4.0,3.0,3.0,4.0,4.0,1.0,1.0,5.0,2.0,1.0,4.0,CALI
3.0,4.0,4.0,2.0,4.0,4.0,3.0,3.0,5.0,2.0,3.0,1.0,4.0,2.0,1.0,1.0,CALI
3.0,4.0,4.0,2.0,4.0,4.0,3.0,3.0,4.0,4.0,2.0,1.0,4.0,2.0,1.0,1.0,CALI
3.0,4.0,3.0,4.0,1.0,1.0,3.0,3.0,4.0,2.0,4.0,4.0,2.0,3.0,4.0,1.0,CALI
3.0,4.0,4.0,2.0,4.0,4.0,3.0,3.0,2.0,4.0,3.0,2.0,4.0,2.0,2.0,4.0,CALI
3.0,4.0,4.0,2.0,2.0,2.0,3.0,3.0,5.0,4.0,4.0,3.0,4.0,3.0,3.0,4.0,CALI
3.0,4.0,4.0,1.0,5.0,5.0,4.0,3.0,4.0,2.0,3.0,0.0,5.0,1.0,0.0,1.0,CALI
4.0,4.0,4.0,2.0,4.0,4.0,4.0,4.0,1.0,4.0,3.0,1.0,4.0,2.0,1.0,4.0,CALI
4.0,4.0,4.0,2.0,4.0,4.0,4.0,4.0,4.0,4.0,3.0,1.0,4.0,2.0,1.0,4.0,CALI
4.0,4.0,4.0,2.0,2.0,2.0,4.0,4.0,4.0,5.0,4.0,3.0,4.0,3.0,3.0,3.0,CALI
4.0,4.0,4.0,2.0,4.0,4.0,4.0,4.0,5.0,3.0,3.0,1.0,4.0,2.0,1.0,1.0,CALI
4.0,4.0,4.0,3.0,2.0,2.0,4.0,4.0,5.0,4.0,4.0,3.0,3.0,3.0,3.0,4.0,CALI
4.0,4.0,4.0,3.0,3.0,3.0,4.0,4.0,4.0,2.0,4.0,2.0,4.0,2.0,2.0,1.0,CALI
4.0,4.0,4.0,2.0,4.0,4.0,4.0,4.0,1.0,4.0,4.0,1.0,4.0,2.0,1.0,2.0,CALI
4.0,4.0,4.0,2.0,4.0,4.0,4.0,4.0,3.0,1.0,3.0,1.0,4.0,2.0,1.0,1.0,CALI
4.0,4.0,4.0,2.0,4.0,4.0,4.0,4.0,4.0,2.0,3.0,1.0,4.0,2.0,1.0,1.0,CALI
4.0,4.0,4.0,3.0,2.0,2.0,4.0,4.0,6.0,5.0,4.0,3.0,3.0,3.0,3.0,4.0,CALI
4.0,4.0,3.0,4.0,1.0,1.0,4.0,4.0,4.0,1.0,4.0,4.0,2.0,3.0,4.0,1.0,CALI
4.0,4.0,4.0,2.0,4.0,4.0,4.0,4.0,5.0,2.0,3.0,1.0,4.0,2.0,1.0,1.0,CALI
4.0,4.0,4.0,2.0,4.0,4.0,4.0,4.0,2.0,1.0,1.0,1.0,5.0,2.0,1.0,1.0,CALI
4.0,4.0,4.0,2.0,4.0,4.0,4.0,4.0,5.0,2.0,4.0,1.0,4.0,2.0,1.0,1.0,CALI
4.0,4.0,4.0,3.0,2.0,2.0,4.0,4.0,4.0,4.0,3.0,2.0,3.0,2.0,2.0,1.0,CALI
4.0,4.0,4.0,4.0,1.0,1.0,4.0,4.0,5.0,2.0,4.0,4.0,2.0,3.0,4.0,1.0,CALI
4.0,4.0,4.0,2.0,4.0,4.0,4.0,4.0,2.0,1.0,1.0,1.0,4.0,2.0,1.0,1.0,CALI
4.0,4.0,4.0,3.0,2.0,2.0,4.0,4.0,3.0,2.0,3.0,2.0,3.0,2.0,2.0,1.0,CALI
4.0,4.0,4.0,2.0,4.0,4.0,4.0,4.0,4.0,2.0,2.0,1.0,4.0,2.0,1.0,1.0,CALI
4.0,4.0,4.0,2.0,4.0,4.0,4.0,4.0,4.0,1.0,2.0,1.0,4.0,2.0,1.0,1.0,CALI
4.0,4.0,4.0,2.0,5.0,5.0,4.0,4.0,2.0,1.0,1.0,0.0,5.0,2.0,0.0,1.0,CALI
4.0,4.0,4.0,2.0,4.0,4.0,4.0,4.0,5.0,4.0,3.0,1.0,4.0,2.0,1.0,1.0,CALI
4.0,4.0,4.0,3.0,2.0,2.0,4.0,4.0,4.0,1.0,3.0,3.0,3.0,3.0,3.0,1.0,CALI
4.0,4.0,4.0,3.0,4.0,4.0,4.0,4.0,3.0,2.0,3.0,1.0,4.0,2.0,1.0,1.0,CALI
4.0,4.0,4.0,3.0,2.0,2.0,4.0,4.0,4.0,4.0,3.0,2.0,3.0,2.0,2.0,1.0,CALI
4.0,4.0,4.0,2.0,4.0,4.0,4.0,4.0,2.0,3.0,1.0,1.0,4.0,2.0,1.0,3.0,CALI
4.0,4.0,4.0,3.0,2.0,2.0,4.0,4.0,4.0,4.0,3.0,3.0,3.0,2.0,3.0,2.0,CALI
4.0,4.0,4.0,3.0,3.0,3.0,4.0,4.0,2.0,1.0,3.0,2.0,3.0,2.0,2.0,1.0,CALI
4.0,4.0,4.0,3.0,4.0,4.0,4.0,4.0,6.0,5.0,4.0,1.0,4.0,2.0,1.0,2.0,CALI
4.0,4.0,4.0,1.0,6.0,6.0,4.0,4.0,1.0,4.0,1.0,0.0,5.0,1.0,0.0,5.0,CALI
4.0,4.0,4.0,3.0,2.0,2.0,4.0,4.0,2.0,4.0,4.0,3.0,3.0,3.0,3.0,3.0,CALI
4.0,4.0,4.0,3.0,4.0,4.0,4.0,4.0,4.0,2.0,2.0,1.0,4.0,2.0,1.0,1.0,CALI
4.0,4.0,4.0,2.0,4.0,4.0,4.0,4.0,3.0,4.0,3.0,1.0,4.0,2.0,1.0,3.0,CALI
4.0,4.0,4.0,3.0,2.0,2.0,4.0,4.0,4.0,2.0,3.0,3.0,3.0,2.0,3.0,1.0,CALI
4.0,4.0,4.0,4.0,1.0,1.0,4.0,4.0,4.0,2.0,4.0,4.0,2.0,3.0,4.0,2.0,CALI
4.0,4.0,4.0,2.0,4.0,4.0,4.0,4.0,4.0,1.0,1.0,0.0,4.0,2.0,0.0,1.0,CALI
4.0,4.0,4.0,3.0,2.0,2.0,4.0,4.0,4.0,2.0,2.0,3.0,3.0,3.0,3.0,1.0,CALI
4.0,4.0,4.0,4.0,2.0,2.0,4.0,4.0,4.0,2.0,3.0,3.0,2.0,3.0,3.0,1.0,CALI
4.0,4.0,4.0,1.0,6.0,6.0,4.0,4.0,4.0,4.0,1.0,0.0,5.0,1.0,0.0,2.0,CALI
4.0,4.0,4.0,4.0,1.0,1.0,4.0,4.0,2.0,4.0,4.0,4.0,2.0,3.0,4.0,3.0,CALI
4.0,4.0,4.0,3.0,2.0,2.0,4.0,4.0,1.0,2.0,3.0,3.0,3.0,2.0,3.0,1.0,CALI
4.0,4.0,4.0,3.0,2.0,2.0,4.0,4.0,1.0,4.0,3.0,2.0,3.0,2.0,2.0,2.0,CALI
4.0,4.0,4.0,3.0,2.0,2.0,4.0,4.0,5.0,6.0,4.0,3.0,3.0,3.0,3.0,4.0,CALI
4.0,4.0,4.0,3.0,4.0,4.0,4.0,4.0,2.0,1.0,1.0,1.0,4.0,2.0,1.0,1.0,CALI
4.0,4.0,4.0,2.0,6.0,6.0,4.0,4.0,4.0,2.0,1.0,0.0,5.0,1.0,0.0,1.0,CALI
4.0,4.0,4.0,4.0,2.0,2.0,4.0,4.0,4.0,4.0,4.0,3.0,2.0,3.0,3.0,3.0,CALI
4.0,4.0,4.0,3.0,2.0,2.0,4.0,4.0,5.0,6.0,5.0,3.0,3.0,2.0,3.0,4.0,CALI
4.0,4.0,4.0,3.0,4.0,4.0,4.0,4.0,2.0,2.0,2.0,1.0,3.0,2.0,1.0,3.0,CALI
4.0,4.0,4.0,4.0,2.0,2.0,4.0,4.0,5.0,5.0,5.0,3.0,2.0,3.0,3.0,3.0,CALI
4.0,4.0,4.0,3.0,4.0,4.0,4.0,4.0,3.0,4.0,3.0,1.0,3.0,2.0,1.0,4.0,CALI
4.0,4.0,4.0,4.0,1.0,1.0,4.0,4.0,2.0,2.0,4.0,4.0,2.0,3.0,4.0,1.0,CALI
4.0,4.0,4.0,2.0,4.0,4.0,4.0,4.0,2.0,2.0,1.0,1.0,4.0,2.0,1.0,1.0,CALI
4.0,4.0,4.0,3.0,4.0,4.0,4.0,4.0,1.0,4.0,2.0,1.0,3.0,2.0,1.0,2.0,CALI
4.0,4.0,4.0,3.0,4.0,4.0,4.0,4.0,4.0,4.0,2.0,1.0,3.0,2.0,1.0,6.0,CALI
4.0,4.0,4.0,2.0,4.0,4.0,4.0,4.0,4.0,5.0,3.0,1.0,4.0,2.0,1.0,2.0,CALI
4.0,4.0,4.0,2.0,5.0,5.0,4.0,4.0,4.0,4.0,1.0,0.0,4.0,1.0,0.0,2.0,CALI
4.0,4.0,4.0,3.0,4.0,4.0,4.0,4.0,1.0,2.0,1.0,1.0,3.0,2.0,1.0,1.0,CALI
4.0,4.0,4.0,3.0,4.0,4.0,4.0,4.0,2.0,3.0,1.0,2.0,3.0,2.0,2.0,2.0,CALI
4.0,4.0,4.0,3.0,4.0,4.0,4.0,4.0,5.0,4.0,2.0,1.0,3.0,2.0,1.0,2.0,CALI
4.0,4.0,4.0,3.0,3.0,3.0,4.0,4.0,4.0,4.0,3.0,2.0,3.0,2.0,2.0,3.0,CALI
4.0,4.0,4.0,2.0,4.0,4.0,4.0,4.0,5.0,4.0,2.0,1.0,4.0,2.0,1.0,4.0,CALI
4.0,4.0,4.0,3.0,4.0,4.0,4.0,4.0,4.0,4.0,3.0,1.0,3.0,2.0,1.0,3.0,CALI
4.0,4.0,4.0,3.0,4.0,4.0,4.0,4.0,2.0,1.0,3.0,1.0,3.0,2.0,1.0,1.0,CALI
4.0,4.0,4.0,3.0,4.0,4.0,4.0,4.0,4.0,4.0,3.0,1.0,3.0,2.0,1.0,1.0,CALI
4.0,4.0,4.0,4.0,1.0,1.0,4.0,4.0,2.0,6.0,4.0,4.0,2.0,3.0,4.0,6.0,CALI
4.0,4.0,4.0,3.0,4.0,4.0,4.0,4.0,2.0,4.0,3.0,1.0,3.0,2.0,1.0,1.0,CALI
4.0,4.0,4.0,3.0,4.0,4.0,4.0,4.0,4.0,4.0,3.0,1.0,3.0,2.0,1.0,4.0,CALI
4.0,4.0,4.0,2.0,4.0,4.0,4.0,4.0,3.0,4.0,1.0,1.0,4.0,2.0,1.0,1.0,CALI
4.0,4.0,4.0,4.0,2.0,2.0,4.0,4.0,3.0,2.0,3.0,3.0,3.0,2.0,3.0,1.0,CALI
4.0,4.0,4.0,2.0,4.0,4.0,4.0,4.0,5.0,6.0,3.0,1.0,4.0,2.0,1.0,4.0,CALI
4.0,4.0,4.0,4.0,2.0,2.0,4.0,4.0,4.0,4.0,3.0,3.0,2.0,3.0,3.0,4.0,CALI
4.0,4.0,4.0,3.0,2.0,2.0,4.0,4.0,2.0,3.0,3.0,2.0,3.0,2.0,2.0,1.0,CALI
4.0,4.0,4.0,4.0,2.0,2.0,4.0,4.0,2.0,4.0,3.0,3.0,2.0,3.0,3.0,2.0,CALI
4.0,4.0,4.0,3.0,2.0,2.0,4.0,4.0,4.0,4.0,3.0,3.0,2.0,2.0,3.0,4.0,CALI
4.0,4.0,4.0,4.0,2.0,2.0,4.0,4.0,2.0,4.0,4.0,3.0,2.0,3.0,3.0,2.0,CALI
4.0,4.0,4.0,3.0,4.0,4.0,4.0,4.0,4.0,4.0,3.0,1.0,3.0,2.0,1.0,4.0,CALI
4.0,4.0,4.0,4.0,2.0,2.0,4.0,4.0,4.0,4.0,3.0,3.0,2.0,2.0,3.0,2.0,CALI
4.0,4.0,4.0,3.0,4.0,4.0,4.0,4.0,2.0,1.0,1.0,1.0,4.0,2.0,1.0,1.0,CALI
4.0,4.0,4.0,3.0,4.0,4.0,4.0,4.0,2.0,5.0,4.0,1.0,3.0,2.0,1.0,4.0,CALI
4.0,4.0,4.0,3.0,4.0,4.0,4.0,4.0,5.0,4.0,2.0,1.0,3.0,2.0,1.0,3.0,CALI
4.0,4.0,4.0,3.0,4.0,4.0,4.0,4.0,5.0,4.0,2.0,1.0,3.0,2.0,1.0,3.0,CALI
4.0,4.0,4.0,4.0,2.0,2.0,4.0,4.0,5.0,2.0,4.0,3.0,2.0,2.0,3.0,3.0,CALI
4.0,4.0,4.0,4.0,2.0,2.0,4.0,4.0,5.0,5.0,4.0,3.0,2.0,3.0,3.0,1.0,CALI
4.0,4.0,4.0,4.0,2.0,2.0,4.0,4.0,4.0,6.0,5.0,3.0,2.0,2.0,3.0,4.0,CALI
4.0,5.0,5.0,2.0,6.0,6.0,4.0,4.0,4.0,2.0,1.0,0.0,4.0,1.0,0.0,1.0,CALI
4.0,4.0,4.0,3.0,4.0,4.0,4.0,4.0,5.0,4.0,4.0,1.0,3.0,2.0,1.0,1.0,CALI
4.0,4.0,4.0,4.0,2.0,2.0,4.0,4.0,4.0,2.0,4.0,2.0,2.0,2.0,2.0,1.0,CALI
4.0,4.0,4.0,4.0,3.0,3.0,4.0,4.0,5.0,4.0,4.0,2.0,2.0,2.0,2.0,1.0,CALI
4.0,4.0,4.0,3.0,4.0,4.0,4.0,4.0,4.0,2.0,4.0,1.0,3.0,2.0,1.0,1.0,CALI
4.0,4.0,4.0,3.0,4.0,4.0,4.0,4.0,4.0,1.0,3.0,1.0,3.0,2.0,1.0,1.0,CALI
4.0,4.0,4.0,4.0,2.0,2.0,4.0,4.0,2.0,1.0,3.0,3.0,2.0,3.0,3.0,1.0,CALI
4.0,4.0,4.0,4.0,2.0,2.0,4.0,4.0,4.0,4.0,5.0,3.0,2.0,3.0,3.0,3.0,CALI
4.0,4.0,4.0,4.0,2.0,2.0,4.0,4.0,5.0,4.0,3.0,3.0,2.0,2.0,3.0,1.0,CALI
4.0,4.0,4.0,3.0,4.0,4.0,4.0,4.0,4.0,2.0,1.0,1.0,3.0,2.0,1.0,1.0,CALI
4.0,4.0,4.0,4.0,3.0,3.0,4.0,4.0,4.0,3.0,3.0,2.0,2.0,2.0,2.0,1.0,CALI
4.0,4.0,4.0,3.0,4.0,4.0,4.0,4.0,4.0,6.0,4.0,1.0,3.0,2.0,1.0,3.0,CALI
4.0,4.0,4.0,4.0,2.0,2.0,4.0,4.0,4.0,2.0,4.0,3.0,2.0,2.0,3.0,2.0,CALI
4.0,4.0,4.0,3.0,4.0,4.0,4.0,4.0,4.0,4.0,3.0,1.0,3.0,2.0,1.0,1.0,CALI
4.0,4.0,4.0,4.0,2.0,2.0,4.0,4.0,5.0,4.0,3.0,3.0,2.0,2.0,3.0,4.0,CALI
4.0,4.0,4.0,4.0,2.0,2.0,4.0,4.0,2.0,2.0,3.0,3.0,2.0,2.0,3.0,1.0,CALI
4.0,5.0,4.0,2.0,4.0,4.0,4.0,4.0,2.0,4.0,1.0,1.0,4.0,2.0,1.0,1.0,CALI
4.0,4.0,4.0,3.0,4.0,4.0,4.0,4.0,2.0,2.0,3.0,1.0,3.0,2.0,1.0,1.0,CALI
4.0,4.0,4.0,4.0,2.0,2.0,4.0,4.0,2.0,4.0,3.0,2.0,2.0,2.0,2.0,1.0,CALI
4.0,4.0,4.0,4.0,2.0,2.0,4.0,4.0,5.0,2.0,3.0,3.0,2.0,2.0,3.0,1.0,CALI
4.0,4.0,4.0,4.0,3.0,3.0,4.0,4.0,4.0,2.0,2.0,2.0,2.0,2.0,2.0,1.0,CALI
4.0,4.0,4.0,4.0,2.0,2.0,4.0,4.0,4.0,5.0,5.0,3.0,2.0,3.0,3.0,3.0,CALI
4.0,4.0,4.0,3.0,4.0,4.0,4.0,4.0,4.0,2.0,3.0,1.0,3.0,2.0,1.0,1.0,CALI
4.0,5.0,4.0,3.0,4.0,4.0,4.0,4.0,2.0,3.0,1.0,1.0,3.0,2.0,1.0,4.0,CALI
4.0,5.0,4.0,3.0,4.0,4.0,4.0,4.0,4.0,2.0,1.0,1.0,3.0,2.0,1.0,1.0,CALI
4.0,4.0,4.0,4.0,2.0,2.0,4.0,4.0,2.0,2.0,3.0,3.0,2.0,2.0,3.0,1.0,CALI
4.0,4.0,4.0,4.0,2.0,2.0,4.0,4.0,4.0,4.0,3.0,3.0,2.0,2.0,3.0,1.0,CALI
4.0,5.0,4.0,3.0,4.0,4.0,4.0,4.0,4.0,2.0,1.0,1.0,3.0,2.0,1.0,2.0,CALI
4.0,4.0,4.0,4.0,2.0,2.0,4.0,4.0,2.0,4.0,4.0,3.0,2.0,2.0,3.0,2.0,CALI
4.0,4.0,4.0,4.0,3.0,3.0,5.0,4.0,4.0,1.0,3.0,2.0,2.0,2.0,2.0,1.0,CALI
4.0,4.0,4.0,4.0,2.0,2.0,4.0,4.0,1.0,3.0,3.0,3.0,2.0,2.0,3.0,1.0,CALI
4.0,4.0,4.0,3.0,4.0,4.0,4.0,4.0,4.0,2.0,3.0,1.0,3.0,2.0,1.0,2.0,CALI
4.0,4.0,4.0,4.0,2.0,2.0,4.0,4.0,4.0,3.0,4.0,3.0,2.0,2.0,3.0,2.0,CALI
4.0,4.0,4.0,3.0,4.0,4.0,4.0,4.0,4.0,4.0,3.0,1.0,3.0,2.0,1.0,2.0,CALI
4.0,4.0,4.0,4.0,2.0,2.0,4.0,4.0,4.0,5.0,5.0,3.0,2.0,3.0,3.0,4.0,CALI
4.0,4.0,4.0,4.0,2.0,2.0,4.0,4.0,2.0,4.0,3.0,3.0,2.0,2.0,3.0,1.0,CALI
4.0,4.0,4.0,4.0,4.0,4.0,5.0,4.0,2.0,2.0,3.0,1.0,2.0,2.0,1.0,1.0,CALI
5.0,4.0,4.0,3.0,4.0,4.0,4.0,5.0,6.0,4.0,3.0,1.0,3.0,2.0,1.0,2.0,CALI
5.0,4.0,4.0,4.0,2.0,2.0,5.0,5.0,4.0,2.0,3.0,3.0,2.0,2.0,3.0,1.0,CALI
5.0,4.0,4.0,3.0,4.0,4.0,5.0,5.0,4.0,2.0,2.0,1.0,3.0,2.0,1.0,1.0,CALI
5.0,4.0,4.0,4.0,4.0,4.0,5.0,5.0,4.0,2.0,3.0,1.0,2.0,2.0,1.0,1.0,CALI
5.0,4.0,4.0,3.0,4.0,4.0,4.0,5.0,4.0,4.0,3.0,1.0,3.0,2.0,1.0,2.0,CALI
5.0,5.0,4.0,3.0,4.0,4.0,5.0,5.0,1.0,2.0,2.0,1.0,3.0,2.0,1.0,1.0,CALI
5.0,5.0,4.0,2.0,4.0,4.0,4.0,5.0,5.0,4.0,2.0,1.0,4.0,2.0,1.0,3.0,CALI
5.0,4.0,4.0,4.0,1.0,1.0,5.0,5.0,4.0,2.0,4.0,3.0,2.0,3.0,3.0,1.0,CALI
5.0,4.0,4.0,3.0,4.0,4.0,5.0,5.0,1.0,3.0,3.0,1.0,2.0,2.0,1.0,1.0,CALI
5.0,4.0,4.0,3.0,4.0,4.0,5.0,5.0,2.0,2.0,3.0,1.0,3.0,2.0,1.0,1.0,CALI
5.0,5.0,4.0,3.0,4.0,4.0,5.0,5.0,5.0,0.0,1.0,0.0,4.0,1.0,0.0,0.0,CALI
5.0,4.0,4.0,4.0,1.0,1.0,4.0,5.0,4.0,4.0,5.0,4.0,2.0,3.0,4.0,4.0,CALI
5.0,4.0,4.0,4.0,2.0,2.0,5.0,5.0,5.0,4.0,4.0,3.0,2.0,2.0,3.0,3.0,CALI
5.0,4.0,4.0,3.0,4.0,4.0,5.0,5.0,3.0,2.0,4.0,1.0,3.0,2.0,1.0,1.0,CALI
5.0,4.0,4.0,4.0,2.0,2.0,5.0,5.0,4.0,3.0,4.0,3.0,2.0,3.0,3.0,1.0,CALI
5.0,4.0,4.0,4.0,1.0,1.0,5.0,5.0,2.0,4.0,4.0,4.0,2.0,3.0,4.0,4.0,CALI
5.0,4.0,4.0,4.0,3.0,3.0,5.0,5.0,3.0,4.0,4.0,2.0,2.0,2.0,2.0,1.0,CALI
5.0,4.0,4.0,4.0,4.0,4.0,5.0,5.0,4.0,2.0,4.0,1.0,3.0,2.0,1.0,1.0,CALI
5.0,4.0,4.0,4.0,4.0,4.0,5.0,5.0,4.0,3.0,3.0,1.0,2.0,2.0,1.0,1.0,CALI
5.0,4.0,4.0,4.0,2.0,2.0,5.0,5.0,2.0,4.0,4.0,3.0,2.0,3.0,3.0,3.0,CALI
5.0,4.0,4.0,4.0,3.0,3.0,5.0,5.0,4.0,4.0,3.0,2.0,2.0,2.0,2.0,1.0,CALI
5.0,4.0,4.0,4.0,2.0,2.0,5.0,5.0,3.0,4.0,4.0,3.0,2.0,3.0,3.0,3.0,CALI
5.0,4.0,4.0,3.0,4.0,4.0,5.0,5.0,4.0,4.0,3.0,1.0,3.0,2.0,1.0,1.0,CALI
5.0,4.0,4.0,3.0,4.0,4.0,5.0,5.0,4.0,3.0,3.0,1.0,3.0,2.0,1.0,1.0,CALI
5.0,5.0,4.0,3.0,4.0,4.0,5.0,5.0,1.0,3.0,1.0,1.0,3.0,2.0,1.0,1.0,CALI
5.0,4.0,4.0,4.0,2.0,2.0,5.0,5.0,5.0,4.0,3.0,3.0,2.0,2.0,3.0,1.0,CALI
5.0,4.0,4.0,3.0,4.0,4.0,5.0,5.0,5.0,2.0,3.0,1.0,3.0,2.0,1.0,1.0,CALI
5.0,5.0,4.0,3.0,4.0,4.0,5.0,5.0,4.0,1.0,1.0,1.0,3.0,2.0,1.0,1.0,CALI
5.0,4.0,4.0,3.0,4.0,4.0,5.0,5.0,4.0,4.0,3.0,1.0,2.0,2.0,1.0,4.0,CALI
5.0,4.0,4.0,4.0,2.0,2.0,5.0,5.0,2.0,4.0,4.0,3.0,2.0,3.0,3.0,2.0,CALI
5.0,4.0,4.0,4.0,1.0,1.0,5.0,5.0,5.0,4.0,4.0,4.0,2.0,3.0,4.0,1.0,CALI
5.0,4.0,4.0,4.0,4.0,4.0,5.0,5.0,5.0,4.0,3.0,1.0,2.0,2.0,1.0,2.0,CALI
5.0,4.0,4.0,4.0,2.0,2.0,5.0,5.0,2.0,2.0,3.0,2.0,2.0,2.0,2.0,0.0,CALI
5.0,4.0,4.0,4.0,3.0,3.0,5.0,5.0,2.0,5.0,4.0,2.0,2.0,2.0,2.0,3.0,CALI
5.0,5.0,4.0,3.0,4.0,4.0,5.0,5.0,4.0,4.0,2.0,1.0,3.0,2.0,1.0,3.0,CALI
5.0,5.0,4.0,3.0,4.0,4.0,5.0,5.0,4.0,4.0,2.0,1.0,3.0,2.0,1.0,1.0,CALI
5.0,5.0,4.0,4.0,4.0,4.0,5.0,5.0,3.0,2.0,2.0,1.0,2.0,2.0,1.0,2.0,CALI
5.0,5.0,4.0,3.0,5.0,5.0,5.0,5.0,3.0,2.0,1.0,1.0,3.0,1.0,1.0,2.0,CALI
5.0,4.0,4.0,3.0,4.0,4.0,5.0,5.0,4.0,2.0,3.0,1.0,3.0,2.0,1.0,1.0,CALI
5.0,4.0,4.0,4.0,3.0,3.0,5.0,5.0,5.0,4.0,4.0,2.0,2.0,2.0,2.0,3.0,CALI
5.0,4.0,4.0,4.0,2.0,2.0,5.0,5.0,4.0,4.0,4.0,3.0,2.0,2.0,3.0,1.0,CALI
5.0,4.0,4.0,4.0,3.0,3.0,5.0,5.0,4.0,4.0,3.0,2.0,2.0,2.0,2.0,3.0,CALI
5.0,4.0,4.0,4.0,2.0,2.0,5.0,5.0,1.0,4.0,3.0,3.0,2.0,2.0,3.0,3.0,CALI
5.0,5.0,4.0,3.0,4.0,4.0,5.0,5.0,5.0,5.0,3.0,1.0,3.0,2.0,1.0,4.0,CALI
5.0,4.0,4.0,4.0,2.0,2.0,5.0,5.0,5.0,1.0,3.0,3.0,2.0,2.0,3.0,1.0,CALI
5.0,4.0,4.0,4.0,3.0,3.0,5.0,5.0,2.0,5.0,4.0,2.0,2.0,2.0,2.0,3.0,CALI
5.0,5.0,4.0,3.0,5.0,5.0,5.0,5.0,2.0,3.0,1.0,1.0,4.0,1.0,1.0,1.0,CALI
5.0,4.0,4.0,4.0,2.0,2.0,5.0,5.0,2.0,3.0,4.0,3.0,2.0,3.0,3.0,1.0,CALI
5.0,4.0,4.0,4.0,2.0,2.0,5.0,5.0,4.0,2.0,4.0,3.0,2.0,2.0,3.0,1.0,CALI
5.0,5.0,4.0,4.0,3.0,3.0,5.0,5.0,4.0,2.0,3.0,2.0,2.0,2.0,2.0,1.0,CALI
5.0,4.0,4.0,4.0,1.0,1.0,5.0,5.0,2.0,5.0,5.0,4.0,2.0,3.0,4.0,5.0,CALI
5.0,5.0,4.0,3.0,4.0,4.0,5.0,5.0,2.0,1.0,1.0,1.0,3.0,2.0,1.0,1.0,CALI
5.0,5.0,4.0,4.0,3.0,3.0,5.0,5.0,2.0,4.0,2.0,2.0,2.0,2.0,2.0,2.0,CALI
5.0,4.0,4.0,3.0,4.0,4.0,5.0,5.0,4.0,2.0,3.0,1.0,3.0,2.0,1.0,1.0,CALI
5.0,5.0,4.0,4.0,4.0,4.0,5.0,5.0,2.0,4.0,2.0,1.0,2.0,2.0,1.0,3.0,CALI
5.0,5.0,4.0,3.0,4.0,4.0,5.0,5.0,2.0,2.0,3.0,1.0,3.0,2.0,1.0,1.0,CALI
5.0,5.0,4.0,3.0,4.0,4.0,5.0,5.0,4.0,4.0,1.0,1.0,3.0,2.0,1.0,2.0,CALI
5.0,4.0,4.0,4.0,2.0,2.0,5.0,5.0,3.0,3.0,4.0,3.0,2.0,3.0,3.0,2.0,CALI
5.0,4.0,4.0,4.0,3.0,3.0,5.0,5.0,5.0,4.0,3.0,3.0,2.0,2.0,3.0,4.0,CALI
5.0,5.0,4.0,4.0,4.0,4.0,5.0,5.0,2.0,1.0,3.0,1.0,3.0,2.0,1.0,1.0,CALI
5.0,5.0,5.0,3.0,5.0,5.0,5.0,5.0,2.0,4.0,1.0,0.0,4.0,1.0,0.0,1.0,CALI
5.0,5.0,4.0,3.0,4.0,4.0,5.0,5.0,5.0,4.0,2.0,1.0,3.0,2.0,1.0,3.0,CALI
5.0,5.0,4.0,3.0,4.0,4.0,5.0,5.0,3.0,4.0,2.0,1.0,2.0,2.0,1.0,3.0,CALI
5.0,4.0,4.0,4.0,3.0,3.0,5.0,5.0,6.0,4.0,3.0,2.0,2.0,2.0,2.0,1.0,CALI
5.0,5.0,4.0,3.0,4.0,4.0,5.0,5.0,5.0,4.0,1.0,1.0,3.0,2.0,1.0,2.0,CALI
5.0,5.0,5.0,2.0,6.0,6.0,5.0,5.0,0.0,2.0,1.0,0.0,4.0,1.0,0.0,1.0,CALI
5.0,5.0,4.0,4.0,2.0,2.0,5.0,5.0,4.0,1.0,3.0,3.0,2.0,2.0,3.0,1.0,CALI
5.0,5.0,5.0,3.0,5.0,5.0,5.0,5.0,4.0,5.0,1.0,1.0,3.0,1.0,1.0,1.0,CALI
5.0,5.0,4.0,4.0,4.0,4.0,5.0,5.0,2.0,2.0,3.0,1.0,2.0,2.0,1.0,1.0,CALI
5.0,5.0,4.0,4.0,4.0,4.0,5.0,5.0,4.0,4.0,3.0,1.0,2.0,2.0,1.0,1.0,CALI
5.0,4.0,4.0,3.0,4.0,4.0,5.0,5.0,4.0,5.0,3.0,1.0,3.0,2.0,1.0,2.0,CALI
5.0,5.0,4.0,3.0,4.0,4.0,5.0,5.0,4.0,5.0,3.0,1.0,3.0,2.0,1.0,3.0,CALI
5.0,4.0,4.0,4.0,1.0,1.0,5.0,5.0,4.0,4.0,4.0,4.0,2.0,3.0,4.0,1.0,CALI
5.0,4.0,4.0,4.0,4.0,4.0,5.0,5.0,5.0,4.0,4.0,2.0,2.0,2.0,2.0,2.0,CALI
5.0,5.0,4.0,4.0,2.0,2.0,5.0,5.0,2.0,2.0,3.0,2.0,2.0,2.0,2.0,1.0,CALI
5.0,4.0,4.0,4.0,2.0,2.0,5.0,5.0,5.0,4.0,4.0,3.0,2.0,2.0,3.0,3.0,CALI
5.0,5.0,4.0,3.0,4.0,4.0,5.0,5.0,2.0,1.0,1.0,1.0,3.0,2.0,1.0,1.0,CALI
5.0,5.0,5.0,3.0,5.0,5.0,5.0,5.0,4.0,3.0,1.0,1.0,3.0,1.0,1.0,1.0,CALI
5.0,4.0,4.0,3.0,4.0,4.0,5.0,5.0,4.0,4.0,4.0,1.0,3.0,2.0,1.0,1.0,CALI
5.0,4.0,4.0,4.0,3.0,3.0,5.0,5.0,5.0,3.0,3.0,2.0,2.0,2.0,2.0,1.0,CALI
5.0,4.0,4.0,4.0,2.0,2.0,5.0,5.0,4.0,4.0,3.0,2.0,2.0,2.0,2.0,1.0,CALI
5.0,4.0,4.0,4.0,3.0,3.0,5.0,5.0,4.0,1.0,4.0,1.0,2.0,2.0,1.0,1.0,CALI
5.0,4.0,4.0,4.0,2.0,2.0,5.0,5.0,2.0,4.0,4.0,3.0,2.0,2.0,3.0,3.0,CALI
5.0,5.0,4.0,4.0,4.0,4.0,5.0,5.0,2.0,2.0,1.0,1.0,3.0,2.0,1.0,1.0,CALI
5.0,5.0,4.0,4.0,4.0,4.0,5.0,5.0,1.0,1.0,1.0,1.0,3.0,2.0,1.0,1.0,CALI
5.0,4.0,4.0,4.0,3.0,3.0,5.0,5.0,1.0,2.0,4.0,2.0,2.0,2.0,2.0,1.0,CALI
5.0,5.0,4.0,4.0,2.0,2.0,5.0,5.0,4.0,2.0,3.0,3.0,2.0,2.0,3.0,1.0,CALI
5.0,5.0,4.0,3.0,4.0,4.0,5.0,5.0,3.0,2.0,1.0,1.0,3.0,2.0,1.0,1.0,CALI
5.0,4.0,4.0,4.0,2.0,2.0,5.0,5.0,5.0,5.0,4.0,3.0,2.0,2.0,3.0,3.0,CALI
5.0,4.0,4.0,4.0,3.0,3.0,5.0,5.0,5.0,3.0,4.0,2.0,2.0,2.0,2.0,1.0,CALI
5.0,4.0,4.0,4.0,4.0,4.0,5.0,5.0,1.0,2.0,4.0,1.0,2.0,2.0,1.0,1.0,CALI
5.0,4.0,4.0,4.0,2.0,2.0,5.0,5.0,4.0,4.0,4.0,3.0,2.0,3.0,3.0,2.0,CALI
5.0,4.0,4.0,4.0,4.0,4.0,5.0,5.0,4.0,3.0,4.0,1.0,2.0,2.0,1.0,1.0,CALI
5.0,4.0,4.0,4.0,4.0,4.0,5.0,5.0,3.0,3.0,4.0,1.0,2.0,2.0,1.0,1.0,CALI
5.0,5.0,5.0,3.0,4.0,4.0,5.0,5.0,4.0,4.0,2.0,1.0,3.0,1.0,1.0,3.0,CALI
5.0,4.0,4.0,4.0,2.0,2.0,5.0,5.0,4.0,4.0,4.0,3.0,2.0,2.0,3.0,2.0,CALI
5.0,5.0,4.0,4.0,4.0,4.0,5.0,5.0,4.0,2.0,1.0,1.0,2.0,2.0,1.0,1.0,CALI
5.0,4.0,4.0,4.0,4.0,4.0,5.0,5.0,1.0,2.0,4.0,1.0,2.0,2.0,1.0,1.0,CALI
5.0,5.0,4.0,3.0,4.0,4.0,5.0,5.0,4.0,4.0,1.0,1.0,3.0,2.0,1.0,2.0,CALI
5.0,5.0,4.0,4.0,4.0,4.0,5.0,5.0,5.0,4.0,3.0,1.0,2.0,2.0,1.0,3.0,CALI
5.0,4.0,4.0,4.0,2.0,2.0,5.0,5.0,4.0,2.0,4.0,3.0,2.0,2.0,3.0,1.0,CALI
5.0,5.0,5.0,2.0,6.0,6.0,5.0,5.0,5.0,4.0,1.0,0.0,4.0,1.0,0.0,3.0,CALI
5.0,5.0,4.0,4.0,2.0,2.0,5.0,5.0,4.0,2.0,3.0,3.0,2.0,2.0,3.0,1.0,CALI
5.0,5.0,4.0,4.0,4.0,4.0,5.0,5.0,4.0,2.0,3.0,1.0,2.0,2.0,1.0,1.0,CALI
5.0,5.0,4.0,4.0,4.0,4.0,5.0,5.0,2.0,1.0,3.0,1.0,3.0,2.0,1.0,1.0,CALI
5.0,5.0,4.0,4.0,3.0,3.0,5.0,5.0,1.0,2.0,3.0,2.0,2.0,2.0,2.0,1.0,CALI
5.0,4.0,4.0,4.0,2.0,2.0,5.0,5.0,5.0,4.0,4.0,3.0,2.0,2.0,3.0,4.0,CALI
5.0,5.0,4.0,4.0,4.0,4.0,5.0,5.0,5.0,2.0,3.0,1.0,2.0,2.0,1.0,1.0,CALI
5.0,5.0,4.0,4.0,2.0,2.0,5.0,5.0,5.0,2.0,3.0,3.0,2.0,2.0,3.0,1.0,CALI
5.0,5.0,4.0,3.0,4.0,4.0,5.0,5.0,5.0,4.0,2.0,1.0,3.0,2.0,1.0,2.0,CALI
5.0,4.0,4.0,4.0,2.0,2.0,5.0,5.0,1.0,2.0,4.0,3.0,2.0,2.0,3.0,1.0,CALI
5.0,4.0,4.0,4.0,3.0,3.0,5.0,5.0,4.0,5.0,4.0,3.0,2.0,2.0,3.0,4.0,CALI
5.0,4.0,4.0,4.0,2.0,2.0,5.0,5.0,2.0,3.0,5.0,3.0,2.0,2.0,3.0,3.0,CALI
5.0,4.0,4.0,4.0,4.0,4.0,5.0,5.0,5.0,4.0,3.0,1.0,2.0,2.0,1.0,3.0,CALI
5.0,4.0,4.0,4.0,2.0,2.0,5.0,5.0,5.0,4.0,4.0,3.0,2.0,2.0,3.0,3.0,CALI
5.0,5.0,4.0,4.0,3.0,3.0,5.0,5.0,4.0,2.0,3.0,1.0,2.0,2.0,1.0,1.0,CALI
5.0,5.0,5.0,3.0,4.0,4.0,5.0,5.0,4.0,3.0,1.0,1.0,3.0,1.0,1.0,1.0,CALI
5.0,5.0,5.0,3.0,5.0,5.0,5.0,5.0,4.0,3.0,1.0,1.0,3.0,1.0,1.0,1.0,CALI
5.0,5.0,4.0,4.0,4.0,4.0,5.0,5.0,4.0,1.0,3.0,1.0,2.0,2.0,1.0,1.0,CALI
5.0,5.0,5.0,2.0,6.0,6.0,5.0,5.0,5.0,3.0,1.0,0.0,4.0,1.0,0.0,3.0,CALI
5.0,5.0,4.0,3.0,4.0,4.0,5.0,5.0,5.0,4.0,3.0,1.0,3.0,2.0,1.0,1.0,CALI
5.0,5.0,4.0,3.0,4.0,4.0,5.0,5.0,2.0,4.0,1.0,1.0,3.0,2.0,1.0,1.0,CALI
5.0,5.0,4.0,4.0,3.0,3.0,5.0,5.0,1.0,2.0,3.0,2.0,2.0,2.0,2.0,1.0,CALI
5.0,5.0,4.0,4.0,4.0,4.0,5.0,5.0,2.0,2.0,3.0,1.0,2.0,2.0,1.0,1.0,CALI
5.0,4.0,4.0,4.0,2.0,2.0,5.0,5.0,2.0,3.0,4.0,3.0,2.0,2.0,3.0,4.0,CALI
5.0,5.0,5.0,3.0,4.0,4.0,5.0,5.0,5.0,2.0,1.0,1.0,3.0,1.0,1.0,1.0,CALI
5.0,5.0,4.0,4.0,2.0,2.0,5.0,5.0,2.0,2.0,3.0,3.0,2.0,2.0,3.0,3.0,CALI
5.0,5.0,4.0,4.0,2.0,2.0,5.0,5.0,4.0,2.0,3.0,3.0,2.0,2.0,3.0,1.0,CALI
5.0,4.0,4.0,4.0,4.0,4.0,5.0,5.0,4.0,2.0,4.0,1.0,2.0,2.0,1.0,1.0,CALI
5.0,4.0,4.0,4.0,1.0,1.0,5.0,5.0,4.0,4.0,4.0,4.0,2.0,3.0,4.0,2.0,CALI
5.0,4.0,4.0,4.0,2.0,2.0,5.0,5.0,2.0,4.0,4.0,3.0,2.0,2.0,3.0,1.0,CALI
5.0,4.0,4.0,4.0,3.0,3.0,5.0,5.0,5.0,4.0,4.0,2.0,2.0,2.0,2.0,1.0,CALI
5.0,5.0,5.0,3.0,4.0,4.0,5.0,5.0,5.0,2.0,2.0,1.0,3.0,1.0,1.0,1.0,CALI
5.0,5.0,4.0,4.0,4.0,4.0,5.0,5.0,2.0,3.0,2.0,1.0,2.0,2.0,1.0,1.0,CALI
5.0,5.0,4.0,4.0,4.0,4.0,5.0,5.0,5.0,4.0,1.0,1.0,2.0,2.0,1.0,4.0,CALI
5.0,5.0,5.0,3.0,4.0,4.0,5.0,5.0,0.0,2.0,1.0,1.0,3.0,1.0,1.0,1.0,CALI
5.0,5.0,4.0,4.0,2.0,2.0,5.0,5.0,4.0,3.0,4.0,3.0,2.0,2.0,3.0,1.0,CALI
5.0,5.0,4.0,3.0,4.0,4.0,5.0,5.0,0.0,4.0,3.0,1.0,3.0,2.0,1.0,1.0,CALI
5.0,5.0,5.0,3.0,4.0,4.0,5.0,5.0,2.0,4.0,1.0,1.0,3.0,1.0,1.0,3.0,CALI
5.0,5.0,5.0,3.0,4.0,4.0,5.0,5.0,1.0,1.0,1.0,1.0,3.0,1.0,1.0,1.0,CALI
5.0,5.0,4.0,4.0,4.0,4.0,5.0,5.0,5.0,4.0,3.0,1.0,2.0,2.0,1.0,2.0,CALI
5.0,5.0,4.0,4.0,4.0,4.0,5.0,5.0,2.0,4.0,3.0,1.0,2.0,2.0,1.0,2.0,CALI
5.0,5.0,4.0,4.0,3.0,3.0,5.0,5.0,4.0,2.0,3.0,2.0,2.0,2.0,2.0,1.0,CALI
5.0,5.0,4.0,4.0,4.0,4.0,5.0,5.0,4.0,2.0,3.0,1.0,2.0,2.0,1.0,1.0,CALI
5.0,5.0,4.0,4.0,4.0,4.0,5.0,5.0,2.0,4.0,4.0,1.0,2.0,2.0,1.0,1.0,CALI
5.0,5.0,4.0,4.0,4.0,4.0,5.0,5.0,4.0,2.0,4.0,1.0,2.0,2.0,1.0,1.0,CALI
5.0,5.0,5.0,3.0,4.0,4.0,5.0,5.0,5.0,5.0,3.0,1.0,3.0,1.0,1.0,4.0,CALI
5.0,5.0,4.0,4.0,4.0,4.0,5.0,5.0,5.0,4.0,2.0,1.0,2.0,2.0,1.0,2.0,CALI
5.0,5.0,4.0,4.0,4.0,4.0,5.0,5.0,4.0,3.0,3.0,1.0,2.0,2.0,1.0,1.0,CALI
5.0,5.0,4.0,3.0,4.0,4.0,5.0,5.0,2.0,4.0,2.0,1.0,3.0,2.0,1.0,1.0,CALI
5.0,5.0,4.0,4.0,4.0,4.0,5.0,5.0,4.0,1.0,1.0,1.0,2.0,2.0,1.0,1.0,CALI
5.0,5.0,4.0,4.0,2.0,2.0,5.0,5.0,2.0,1.0,3.0,3.0,2.0,2.0,3.0,1.0,CALI
5.0,5.0,4.0,4.0,4.0,4.0,5.0,5.0,4.0,1.0,1.0,1.0,2.0,2.0,1.0,1.0,CALI
5.0,5.0,5.0,3.0,4.0,4.0,5.0,5.0,1.0,2.0,1.0,1.0,3.0,1.0,1.0,1.0,CALI
5.0,5.0,4.0,4.0,4.0,4.0,5.0,5.0,4.0,5.0,4.0,1.0,2.0,2.0,1.0,4.0,CALI
5.0,5.0,4.0,4.0,4.0,4.0,5.0,5.0,2.0,2.0,3.0,1.0,2.0,2.0,1.0,1.0,CALI
5.0,5.0,5.0,4.0,4.0,4.0,5.0,5.0,4.0,1.0,1.0,1.0,3.0,2.0,1.0,1.0,CALI
5.0,5.0,4.0,4.0,3.0,3.0,5.0,5.0,2.0,1.0,2.0,2.0,2.0,2.0,2.0,1.0,CALI
5.0,5.0,4.0,4.0,3.0,3.0,5.0,5.0,2.0,4.0,3.0,2.0,2.0,2.0,2.0,1.0,CALI
5.0,5.0,4.0,4.0,4.0,4.0,5.0,5.0,2.0,2.0,4.0,1.0,2.0,2.0,1.0,1.0,CALI
5.0,5.0,4.0,4.0,4.0,4.0,5.0,5.0,4.0,4.0,4.0,1.0,2.0,2.0,1.0,2.0,CALI
5.0,4.0,4.0,4.0,3.0,3.0,5.0,5.0,4.0,4.0,4.0,2.0,2.0,2.0,2.0,1.0,CALI
5.0,5.0,4.0,4.0,4.0,4.0,5.0,5.0,4.0,4.0,3.0,1.0,2.0,2.0,1.0,3.0,CALI
5.0,5.0,4.0,4.0,4.0,4.0,5.0,5.0,1.0,2.0,3.0,1.0,2.0,2.0,1.0,1.0,CALI
5.0,5.0,5.0,3.0,5.0,5.0,5.0,5.0,4.0,2.0,1.0,0.0,3.0,1.0,0.0,1.0,CALI
5.0,5.0,4.0,4.0,4.0,4.0,5.0,5.0,5.0,2.0,1.0,1.0,2.0,2.0,1.0,1.0,CALI
5.0,5.0,4.0,4.0,4.0,4.0,5.0,5.0,1.0,1.0,2.0,1.0,2.0,2.0,1.0,1.0,CALI
5.0,5.0,4.0,4.0,4.0,4.0,5.0,5.0,2.0,4.0,4.0,1.0,2.0,2.0,1.0,2.0,CALI
5.0,5.0,4.0,4.0,3.0,3.0,5.0,5.0,2.0,4.0,4.0,2.0,2.0,2.0,2.0,3.0,CALI
5.0,5.0,4.0,4.0,3.0,3.0,5.0,5.0,4.0,2.0,3.0,2.0,2.0,2.0,2.0,1.0,CALI
5.0,5.0,4.0,3.0,4.0,4.0,5.0,5.0,6.0,4.0,3.0,1.0,3.0,2.0,1.0,1.0,CALI
5.0,5.0,4.0,4.0,4.0,4.0,5.0,5.0,2.0,1.0,3.0,1.0,2.0,2.0,1.0,1.0,CALI
5.0,5.0,4.0,4.0,1.0,1.0,5.0,5.0,4.0,4.0,4.0,4.0,2.0,3.0,4.0,2.0,CALI
5.0,5.0,4.0,4.0,4.0,4.0,5.0,5.0,1.0,4.0,3.0,1.0,2.0,2.0,1.0,1.0,CALI
5.0,5.0,4.0,4.0,2.0,2.0,5.0,5.0,5.0,4.0,4.0,3.0,2.0,2.0,3.0,1.0,CALI
5.0,5.0,4.0,4.0,4.0,4.0,5.0,5.0,1.0,4.0,2.0,1.0,2.0,2.0,1.0,1.0,CALI
5.0,5.0,4.0,4.0,4.0,4.0,5.0,5.0,2.0,2.0,4.0,1.0,2.0,2.0,1.0,2.0,CALI
5.0,5.0,4.0,4.0,3.0,3.0,5.0,5.0,2.0,2.0,4.0,2.0,2.0,2.0,2.0,1.0,CALI
5.0,5.0,5.0,3.0,4.0,4.0,5.0,5.0,5.0,4.0,2.0,1.0,3.0,2.0,1.0,1.0,CALI
5.0,5.0,4.0,4.0,2.0,2.0,5.0,5.0,2.0,2.0,3.0,3.0,2.0,2.0,3.0,2.0,CALI
5.0,5.0,5.0,4.0,4.0,4.0,5.0,5.0,4.0,2.0,3.0,1.0,3.0,2.0,1.0,1.0,CALI
5.0,5.0,4.0,4.0,4.0,4.0,5.0,5.0,1.0,4.0,3.0,1.0,2.0,2.0,1.0,2.0,CALI
5.0,5.0,4.0,4.0,4.0,4.0,5.0,5.0,1.0,3.0,3.0,1.0,2.0,2.0,1.0,1.0,CALI
5.0,5.0,5.0,3.0,4.0,4.0,5.0,5.0,1.0,3.0,1.0,1.0,3.0,1.0,1.0,2.0,CALI
5.0,5.0,4.0,4.0,4.0,4.0,5.0,5.0,5.0,4.0,4.0,1.0,2.0,2.0,1.0,1.0,CALI
5.0,5.0,4.0,4.0,4.0,4.0,5.0,5.0,2.0,3.0,2.0,1.0,2.0,2.0,1.0,2.0,CALI
5.0,5.0,4.0,4.0,2.0,2.0,5.0,5.0,2.0,2.0,3.0,3.0,2.0,2.0,3.0,1.0,CALI
5.0,5.0,4.0,4.0,4.0,4.0,5.0,5.0,4.0,2.0,3.0,1.0,2.0,2.0,1.0,1.0,CALI
5.0,5.0,4.0,4.0,4.0,4.0,5.0,5.0,4.0,2.0,4.0,1.0,2.0,2.0,1.0,1.0,CALI
5.0,5.0,4.0,4.0,4.0,4.0,5.0,5.0,5.0,2.0,2.0,1.0,2.0,2.0,1.0,1.0,CALI
5.0,5.0,5.0,3.0,5.0,5.0,5.0,5.0,2.0,2.0,1.0,0.0,3.0,1.0,0.0,1.0,CALI
5.0,5.0,5.0,3.0,4.0,4.0,5.0,5.0,1.0,5.0,2.0,1.0,3.0,1.0,1.0,2.0,CALI
5.0,5.0,5.0,3.0,4.0,4.0,5.0,5.0,0.0,5.0,3.0,1.0,3.0,2.0,1.0,1.0,CALI
5.0,5.0,5.0,4.0,4.0,4.0,5.0,5.0,2.0,1.0,3.0,1.0,2.0,2.0,1.0,0.0,CALI
5.0,5.0,5.0,3.0,4.0,4.0,5.0,5.0,5.0,2.0,1.0,1.0,3.0,1.0,1.0,1.0,CALI
5.0,5.0,5.0,3.0,4.0,4.0,5.0,5.0,5.0,1.0,1.0,1.0,3.0,1.0,1.0,1.0,CALI
5.0,5.0,4.0,4.0,4.0,4.0,5.0,5.0,5.0,2.0,3.0,1.0,2.0,2.0,1.0,1.0,CALI
5.0,5.0,5.0,3.0,4.0,4.0,5.0,5.0,2.0,3.0,1.0,1.0,3.0,2.0,1.0,2.0,CALI
5.0,5.0,4.0,4.0,4.0,4.0,5.0,5.0,6.0,3.0,3.0,2.0,2.0,2.0,2.0,1.0,CALI
5.0,5.0,5.0,3.0,4.0,4.0,5.0,5.0,4.0,2.0,1.0,1.0,3.0,1.0,1.0,1.0,CALI
5.0,5.0,5.0,3.0,4.0,4.0,5.0,5.0,4.0,4.0,3.0,1.0,3.0,1.0,1.0,1.0,CALI
5.0,5.0,4.0,4.0,4.0,4.0,5.0,5.0,5.0,1.0,2.0,1.0,2.0,2.0,1.0,1.0,CALI
5.0,5.0,4.0,4.0,4.0,4.0,5.0,5.0,4.0,5.0,3.0,1.0,2.0,2.0,1.0,4.0,CALI
5.0,5.0,4.0,4.0,4.0,4.0,5.0,5.0,2.0,4.0,3.0,1.0,2.0,2.0,1.0,3.0,CALI
5.0,5.0,4.0,4.0,2.0,2.0,5.0,5.0,2.0,4.0,4.0,3.0,2.0,2.0,3.0,1.0,CALI
5.0,5.0,4.0,4.0,3.0,3.0,5.0,5.0,2.0,2.0,3.0,2.0,2.0,2.0,2.0,1.0,CALI
5.0,5.0,4.0,4.0,2.0,2.0,5.0,5.0,5.0,2.0,3.0,2.0,2.0,2.0,2.0,1.0,CALI
5.0,5.0,5.0,3.0,5.0,5.0,5.0,5.0,4.0,4.0,1.0,1.0,3.0,1.0,1.0,4.0,CALI
5.0,5.0,4.0,4.0,3.0,3.0,5.0,5.0,4.0,4.0,4.0,2.0,2.0,2.0,2.0,1.0,CALI
5.0,5.0,4.0,4.0,3.0,3.0,5.0,5.0,4.0,2.0,3.0,2.0,2.0,2.0,2.0,1.0,CALI
5.0,5.0,5.0,4.0,4.0,4.0,5.0,5.0,2.0,2.0,1.0,1.0,2.0,2.0,1.0,1.0,CALI
5.0,5.0,5.0,4.0,4.0,4.0,5.0,5.0,4.0,1.0,2.0,1.0,2.0,2.0,1.0,0.0,CALI
5.0,5.0,4.0,4.0,4.0,4.0,5.0,5.0,5.0,2.0,3.0,1.0,2.0,2.0,1.0,1.0,CALI
5.0,5.0,4.0,4.0,4.0,4.0,5.0,5.0,6.0,4.0,2.0,1.0,2.0,2.0,1.0,1.0,CALI
5.0,5.0,4.0,4.0,3.0,3.0,5.0,5.0,4.0,5.0,4.0,2.0,2.0,2.0,2.0,4.0,CALI
5.0,5.0,4.0,4.0,4.0,4.0,5.0,5.0,4.0,4.0,4.0,1.0,2.0,2.0,1.0,2.0,CALI
5.0,5.0,4.0,4.0,4.0,4.0,5.0,5.0,3.0,5.0,4.0,1.0,2.0,2.0,1.0,2.0,CALI
5.0,5.0,4.0,4.0,4.0,4.0,5.0,5.0,5.0,4.0,3.0,1.0,2.0,2.0,1.0,1.0,CALI
5.0,5.0,4.0,4.0,4.0,4.0,5.0,5.0,4.0,4.0,3.0,1.0,2.0,2.0,1.0,2.0,CALI
5.0,5.0,4.0,4.0,3.0,3.0,5.0,5.0,2.0,3.0,4.0,2.0,2.0,2.0,2.0,1.0,CALI
5.0,5.0,4.0,4.0,4.0,4.0,5.0,5.0,4.0,2.0,3.0,1.0,2.0,2.0,1.0,1.0,CALI
5.0,4.0,4.0,4.0,3.0,3.0,5.0,5.0,4.0,2.0,4.0,1.0,2.0,2.0,1.0,1.0,CALI
5.0,5.0,4.0,4.0,4.0,4.0,5.0,5.0,2.0,6.0,3.0,1.0,2.0,2.0,1.0,2.0,CALI
5.0,5.0,4.0,4.0,2.0,2.0,5.0,5.0,3.0,2.0,3.0,3.0,2.0,2.0,3.0,1.0,CALI
5.0,5.0,4.0,4.0,4.0,4.0,5.0,5.0,3.0,3.0,3.0,1.0,2.0,2.0,1.0,1.0,CALI
5.0,5.0,4.0,4.0,4.0,4.0,5.0,5.0,1.0,3.0,1.0,1.0,2.0,2.0,1.0,2.0,CALI
5.0,5.0,4.0,4.0,2.0,2.0,5.0,5.0,1.0,4.0,4.0,3.0,2.0,2.0,3.0,2.0,CALI
5.0,5.0,4.0,4.0,2.0,2.0,5.0,5.0,4.0,2.0,4.0,3.0,2.0,2.0,3.0,1.0,CALI
5.0,5.0,4.0,4.0,4.0,4.0,5.0,5.0,1.0,2.0,3.0,1.0,2.0,2.0,1.0,1.0,CALI
5.0,5.0,4.0,4.0,4.0,4.0,5.0,5.0,2.0,2.0,3.0,1.0,2.0,2.0,1.0,1.0,CALI
5.0,5.0,4.0,4.0,4.0,4.0,5.0,5.0,2.0,4.0,3.0,1.0,2.0,2.0,1.0,1.0,CALI
5.0,5.0,4.0,4.0,4.0,4.0,5.0,5.0,5.0,6.0,4.0,2.0,2.0,2.0,2.0,4.0,CALI
5.0,5.0,5.0,3.0,6.0,6.0,5.0,5.0,2.0,3.0,1.0,0.0,3.0,1.0,0.0,3.0,CALI
5.0,5.0,5.0,4.0,4.0,4.0,5.0,5.0,4.0,2.0,1.0,1.0,2.0,2.0,1.0,1.0,CALI
5.0,5.0,4.0,4.0,4.0,4.0,5.0,5.0,5.0,2.0,3.0,1.0,2.0,2.0,1.0,1.0,CALI
5.0,5.0,4.0,4.0,4.0,4.0,5.0,5.0,4.0,4.0,4.0,1.0,2.0,2.0,1.0,3.0,CALI
5.0,5.0,5.0,3.0,5.0,5.0,5.0,5.0,3.0,4.0,1.0,0.0,3.0,1.0,0.0,1.0,CALI
5.0,5.0,4.0,4.0,4.0,4.0,5.0,5.0,4.0,2.0,2.0,1.0,2.0,2.0,1.0,1.0,CALI
5.0,5.0,5.0,3.0,4.0,4.0,5.0,5.0,5.0,4.0,1.0,1.0,3.0,1.0,1.0,1.0,CALI
5.0,5.0,4.0,4.0,3.0,3.0,5.0,5.0,2.0,1.0,1.0,2.0,2.0,2.0,2.0,1.0,CALI
5.0,5.0,5.0,4.0,4.0,4.0,5.0,5.0,0.0,0.0,1.0,1.0,2.0,2.0,1.0,0.0,CALI
5.0,5.0,4.0,4.0,2.0,2.0,5.0,5.0,5.0,6.0,4.0,3.0,2.0,2.0,3.0,4.0,CALI
5.0,5.0,4.0,4.0,4.0,4.0,5.0,5.0,5.0,3.0,3.0,1.0,2.0,2.0,1.0,1.0,CALI
5.0,5.0,4.0,4.0,4.0,4.0,5.0,5.0,5.0,2.0,1.0,1.0,2.0,2.0,1.0,1.0,CALI
5.0,5.0,5.0,3.0,5.0,5.0,5.0,5.0,2.0,2.0,3.0,0.0,3.0,1.0,0.0,1.0,CALI
5.0,5.0,5.0,4.0,4.0,4.0,5.0,5.0,2.0,4.0,1.0,1.0,2.0,1.0,1.0,1.0,CALI
5.0,5.0,5.0,4.0,4.0,4.0,5.0,5.0,4.0,2.0,3.0,1.0,2.0,1.0,1.0,1.0,CALI
5.0,5.0,5.0,4.0,4.0,4.0,5.0,5.0,6.0,2.0,3.0,1.0,2.0,1.0,1.0,1.0,CALI
5.0,5.0,4.0,4.0,3.0,3.0,5.0,5.0,4.0,4.0,3.0,2.0,2.0,2.0,2.0,3.0,CALI
5.0,5.0,4.0,4.0,3.0,3.0,5.0,5.0,4.0,2.0,3.0,2.0,2.0,2.0,2.0,1.0,CALI
5.0,5.0,5.0,4.0,4.0,4.0,5.0,5.0,4.0,4.0,2.0,1.0,2.0,2.0,1.0,2.0,CALI
5.0,5.0,5.0,3.0,4.0,4.0,5.0,5.0,3.0,4.0,3.0,1.0,2.0,1.0,1.0,1.0,CALI
5.0,5.0,5.0,3.0,4.0,4.0,5.0,5.0,5.0,4.0,1.0,1.0,3.0,1.0,1.0,2.0,CALI
5.0,5.0,4.0,4.0,4.0,4.0,5.0,5.0,2.0,4.0,3.0,1.0,2.0,2.0,1.0,2.0,CALI
5.0,5.0,4.0,4.0,4.0,4.0,5.0,5.0,4.0,4.0,4.0,2.0,2.0,2.0,2.0,2.0,CALI
5.0,5.0,5.0,4.0,4.0,4.0,5.0,5.0,4.0,2.0,3.0,1.0,2.0,2.0,1.0,1.0,CALI
5.0,5.0,4.0,4.0,2.0,2.0,5.0,5.0,4.0,2.0,3.0,3.0,2.0,2.0,3.0,3.0,CALI
5.0,4.0,4.0,4.0,1.0,1.0,5.0,5.0,4.0,4.0,4.0,4.0,2.0,3.0,4.0,3.0,CALI
5.0,5.0,4.0,4.0,3.0,3.0,5.0,5.0,5.0,4.0,3.0,2.0,2.0,2.0,2.0,3.0,CALI
5.0,5.0,4.0,4.0,3.0,3.0,5.0,5.0,3.0,2.0,4.0,2.0,2.0,2.0,2.0,1.0,CALI
5.0,5.0,4.0,4.0,4.0,4.0,5.0,5.0,6.0,5.0,3.0,1.0,2.0,2.0,1.0,3.0,CALI
5.0,5.0,4.0,4.0,4.0,4.0,5.0,5.0,4.0,2.0,3.0,1.0,2.0,2.0,1.0,1.0,CALI
5.0,5.0,5.0,3.0,6.0,6.0,5.0,5.0,5.0,3.0,1.0,0.0,4.0,1.0,0.0,1.0,CALI
5.0,5.0,4.0,4.0,4.0,4.0,5.0,5.0,4.0,4.0,3.0,1.0,2.0,2.0,1.0,2.0,CALI
5.0,5.0,5.0,3.0,5.0,5.0,5.0,5.0,2.0,5.0,3.0,1.0,3.0,1.0,1.0,3.0,CALI
5.0,5.0,5.0,4.0,4.0,4.0,5.0,5.0,4.0,4.0,1.0,1.0,3.0,1.0,1.0,1.0,CALI
5.0,5.0,4.0,4.0,4.0,4.0,5.0,5.0,2.0,2.0,2.0,1.0,2.0,2.0,1.0,1.0,CALI
5.0,5.0,4.0,4.0,2.0,2.0,5.0,5.0,5.0,2.0,4.0,3.0,2.0,2.0,3.0,1.0,CALI
5.0,5.0,4.0,4.0,4.0,4.0,5.0,5.0,5.0,5.0,3.0,1.0,2.0,2.0,1.0,3.0,CALI
5.0,5.0,4.0,4.0,2.0,2.0,5.0,5.0,4.0,5.0,4.0,3.0,2.0,2.0,3.0,4.0,CALI
5.0,5.0,5.0,4.0,4.0,4.0,5.0,5.0,3.0,4.0,3.0,1.0,2.0,2.0,1.0,1.0,CALI
5.0,5.0,4.0,4.0,2.0,2.0,5.0,5.0,3.0,2.0,4.0,3.0,2.0,2.0,3.0,1.0,CALI
5.0,5.0,5.0,4.0,4.0,4.0,5.0,5.0,2.0,1.0,1.0,1.0,2.0,2.0,1.0,1.0,CALI
5.0,5.0,4.0,4.0,2.0,2.0,5.0,5.0,5.0,4.0,4.0,3.0,2.0,2.0,3.0,1.0,CALI
5.0,5.0,4.0,4.0,3.0,3.0,5.0,5.0,1.0,4.0,3.0,2.0,2.0,2.0,2.0,1.0,CALI
5.0,5.0,5.0,4.0,4.0,4.0,5.0,5.0,2.0,2.0,3.0,1.0,2.0,2.0,1.0,1.0,CALI
5.0,5.0,4.0,4.0,2.0,2.0,5.0,5.0,4.0,4.0,4.0,3.0,2.0,2.0,3.0,3.0,CALI
5.0,5.0,4.0,4.0,4.0,4.0,5.0,5.0,4.0,4.0,3.0,1.0,2.0,2.0,1.0,3.0,CALI
5.0,5.0,4.0,4.0,4.0,4.0,5.0,5.0,3.0,1.0,3.0,1.0,2.0,2.0,1.0,1.0,CALI
5.0,5.0,4.0,4.0,4.0,4.0,5.0,5.0,3.0,2.0,3.0,1.0,2.0,2.0,1.0,1.0,CALI
5.0,5.0,4.0,4.0,4.0,4.0,5.0,5.0,2.0,4.0,3.0,1.0,2.0,2.0,1.0,2.0,CALI
5.0,5.0,4.0,4.0,2.0,2.0,5.0,5.0,6.0,5.0,4.0,3.0,2.0,2.0,3.0,2.0,CALI
5.0,5.0,5.0,4.0,4.0,4.0,5.0,5.0,4.0,1.0,3.0,1.0,2.0,2.0,1.0,1.0,CALI
5.0,5.0,5.0,4.0,4.0,4.0,5.0,5.0,4.0,1.0,2.0,1.0,2.0,2.0,1.0,1.0,CALI
5.0,5.0,4.0,4.0,2.0,2.0,5.0,5.0,4.0,4.0,4.0,3.0,2.0,2.0,3.0,1.0,CALI
5.0,5.0,5.0,4.0,4.0,4.0,5.0,5.0,2.0,2.0,3.0,1.0,2.0,2.0,1.0,1.0,CALI
5.0,5.0,4.0,4.0,4.0,4.0,5.0,5.0,5.0,6.0,4.0,1.0,2.0,2.0,1.0,4.0,CALI
5.0,5.0,4.0,4.0,2.0,2.0,5.0,5.0,2.0,4.0,3.0,3.0,2.0,2.0,3.0,4.0,CALI
5.0,5.0,5.0,3.0,5.0,5.0,5.0,5.0,4.0,2.0,1.0,0.0,3.0,1.0,0.0,1.0,CALI
5.0,5.0,4.0,4.0,4.0,4.0,5.0,5.0,2.0,2.0,3.0,1.0,2.0,2.0,1.0,1.0,CALI
5.0,5.0,5.0,4.0,4.0,4.0,5.0,5.0,4.0,2.0,1.0,1.0,2.0,2.0,1.0,1.0,CALI
5.0,5.0,4.0,4.0,4.0,4.0,5.0,5.0,4.0,5.0,3.0,1.0,2.0,2.0,1.0,3.0,CALI
5.0,5.0,5.0,4.0,4.0,4.0,5.0,5.0,4.0,2.0,1.0,1.0,2.0,1.0,1.0,1.0,CALI
5.0,5.0,5.0,4.0,4.0,4.0,5.0,5.0,5.0,3.0,3.0,1.0,2.0,2.0,1.0,1.0,CALI
5.0,5.0,5.0,4.0,4.0,4.0,5.0,5.0,5.0,2.0,2.0,1.0,2.0,1.0,1.0,1.0,CALI
5.0,5.0,4.0,4.0,3.0,3.0,5.0,5.0,2.0,2.0,3.0,2.0,2.0,2.0,2.0,1.0,CALI
5.0,5.0,5.0,4.0,4.0,4.0,5.0,5.0,4.0,2.0,3.0,1.0,2.0,1.0,1.0,1.0,CALI
5.0,5.0,5.0,4.0,4.0,4.0,5.0,5.0,4.0,2.0,3.0,1.0,2.0,2.0,1.0,1.0,CALI
5.0,5.0,4.0,4.0,2.0,2.0,5.0,5.0,4.0,2.0,4.0,3.0,2.0,2.0,3.0,1.0,CALI
5.0,5.0,4.0,4.0,4.0,4.0,5.0,5.0,4.0,2.0,3.0,1.0,2.0,2.0,1.0,1.0,CALI
5.0,5.0,4.0,4.0,4.0,4.0,5.0,5.0,5.0,2.0,3.0,1.0,2.0,2.0,1.0,1.0,CALI
5.0,5.0,4.0,4.0,4.0,4.0,5.0,5.0,5.0,4.0,4.0,1.0,2.0,2.0,1.0,1.0,CALI
5.0,5.0,4.0,4.0,3.0,3.0,5.0,5.0,4.0,2.0,4.0,2.0,2.0,2.0,2.0,1.0,CALI
5.0,5.0,5.0,3.0,5.0,5.0,5.0,5.0,4.0,1.0,1.0,0.0,3.0,1.0,0.0,1.0,CALI
5.0,5.0,4.0,4.0,4.0,4.0,5.0,5.0,4.0,4.0,4.0,1.0,2.0,2.0,1.0,2.0,CALI
5.0,5.0,5.0,4.0,4.0,4.0,5.0,5.0,1.0,5.0,3.0,1.0,2.0,2.0,1.0,2.0,CALI
5.0,5.0,5.0,4.0,4.0,4.0,5.0,5.0,1.0,4.0,3.0,1.0,2.0,2.0,1.0,1.0,CALI
5.0,5.0,4.0,4.0,2.0,2.0,5.0,5.0,4.0,4.0,3.0,3.0,2.0,2.0,3.0,6.0,CALI
5.0,5.0,4.0,4.0,2.0,2.0,5.0,5.0,4.0,1.0,4.0,3.0,2.0,2.0,3.0,1.0,CALI
5.0,5.0,4.0,4.0,3.0,3.0,5.0,5.0,4.0,2.0,3.0,2.0,2.0,2.0,2.0,1.0,CALI
5.0,5.0,4.0,4.0,4.0,4.0,5.0,5.0,2.0,3.0,3.0,1.0,2.0,2.0,1.0,1.0,CALI
5.0,5.0,4.0,4.0,4.0,4.0,5.0,5.0,2.0,4.0,3.0,1.0,2.0,2.0,1.0,1.0,CALI
5.0,5.0,5.0,4.0,4.0,4.0,5.0,5.0,1.0,1.0,3.0,1.0,2.0,2.0,1.0,1.0,CALI
5.0,5.0,5.0,4.0,4.0,4.0,5.0,5.0,5.0,4.0,2.0,1.0,2.0,2.0,1.0,4.0,CALI
5.0,5.0,4.0,4.0,4.0,4.0,5.0,5.0,4.0,4.0,3.0,2.0,2.0,2.0,2.0,3.0,CALI
5.0,5.0,4.0,4.0,3.0,3.0,5.0,5.0,4.0,1.0,4.0,2.0,2.0,2.0,2.0,1.0,CALI
5.0,5.0,4.0,4.0,2.0,2.0,5.0,5.0,3.0,1.0,3.0,3.0,2.0,2.0,3.0,1.0,CALI
5.0,5.0,5.0,4.0,4.0,4.0,5.0,5.0,5.0,2.0,2.0,1.0,2.0,2.0,1.0,1.0,CALI
5.0,5.0,4.0,4.0,4.0,4.0,5.0,5.0,2.0,2.0,1.0,1.0,2.0,2.0,1.0,1.0,CALI
5.0,5.0,4.0,4.0,2.0,2.0,5.0,5.0,2.0,2.0,3.0,3.0,2.0,2.0,3.0,1.0,CALI
5.0,5.0,4.0,4.0,2.0,2.0,5.0,5.0,4.0,4.0,4.0,2.0,2.0,2.0,2.0,1.0,CALI
5.0,5.0,4.0,4.0,3.0,3.0,5.0,5.0,5.0,4.0,4.0,2.0,2.0,2.0,2.0,2.0,CALI
5.0,5.0,5.0,4.0,4.0,4.0,5.0,5.0,4.0,4.0,3.0,1.0,2.0,2.0,1.0,1.0,CALI
5.0,5.0,5.0,4.0,4.0,4.0,5.0,5.0,2.0,4.0,3.0,1.0,2.0,2.0,1.0,2.0,CALI
5.0,5.0,5.0,4.0,4.0,4.0,5.0,5.0,5.0,5.0,3.0,1.0,2.0,2.0,1.0,4.0,CALI
5.0,5.0,4.0,4.0,4.0,4.0,5.0,5.0,1.0,4.0,3.0,1.0,2.0,2.0,1.0,1.0,CALI
5.0,5.0,4.0,4.0,2.0,2.0,5.0,5.0,5.0,3.0,4.0,3.0,2.0,2.0,3.0,1.0,CALI
5.0,5.0,4.0,4.0,4.0,4.0,5.0,5.0,2.0,4.0,3.0,1.0,2.0,2.0,1.0,4.0,CALI
5.0,5.0,5.0,4.0,4.0,4.0,5.0,5.0,2.0,2.0,3.0,1.0,2.0,2.0,1.0,1.0,CALI
5.0,5.0,4.0,4.0,3.0,3.0,5.0,5.0,4.0,2.0,3.0,2.0,2.0,2.0,2.0,1.0,CALI
5.0,5.0,5.0,4.0,4.0,4.0,5.0,5.0,4.0,4.0,2.0,1.0,2.0,2.0,1.0,3.0,CALI
5.0,5.0,4.0,4.0,4.0,4.0,5.0,5.0,4.0,4.0,4.0,1.0,2.0,2.0,1.0,2.0,CALI
5.0,5.0,4.0,4.0,4.0,4.0,5.0,5.0,2.0,2.0,3.0,1.0,2.0,2.0,1.0,1.0,CALI
5.0,5.0,5.0,4.0,4.0,4.0,5.0,5.0,5.0,2.0,1.0,1.0,2.0,1.0,1.0,1.0,CALI
5.0,5.0,4.0,4.0,4.0,4.0,5.0,5.0,1.0,2.0,2.0,1.0,2.0,2.0,1.0,1.0,CALI
5.0,5.0,5.0,3.0,5.0,5.0,5.0,5.0,4.0,2.0,1.0,0.0,3.0,1.0,0.0,1.0,CALI
5.0,5.0,4.0,4.0,2.0,2.0,5.0,5.0,4.0,5.0,4.0,3.0,2.0,2.0,3.0,3.0,CALI
5.0,5.0,5.0,4.0,4.0,4.0,5.0,5.0,5.0,2.0,3.0,1.0,2.0,1.0,1.0,1.0,CALI
5.0,5.0,4.0,4.0,4.0,4.0,5.0,5.0,3.0,2.0,3.0,1.0,2.0,2.0,1.0,1.0,CALI
5.0,5.0,4.0,4.0,2.0,2.0,5.0,5.0,5.0,2.0,4.0,3.0,2.0,2.0,3.0,1.0,CALI
5.0,5.0,4.0,4.0,3.0,3.0,5.0,5.0,4.0,2.0,3.0,2.0,2.0,2.0,2.0,1.0,CALI
5.0,5.0,4.0,4.0,4.0,4.0,5.0,5.0,5.0,5.0,3.0,1.0,2.0,2.0,1.0,3.0,CALI
5.0,5.0,5.0,4.0,4.0,4.0,5.0,5.0,5.0,4.0,3.0,1.0,2.0,2.0,1.0,1.0,CALI
5.0,5.0,5.0,4.0,4.0,4.0,5.0,5.0,4.0,2.0,1.0,1.0,2.0,1.0,1.0,1.0,CALI
5.0,5.0,4.0,4.0,2.0,2.0,5.0,5.0,2.0,4.0,4.0,3.0,2.0,2.0,3.0,4.0,CALI
5.0,5.0,4.0,4.0,4.0,4.0,5.0,5.0,4.0,1.0,2.0,1.0,2.0,2.0,1.0,1.0,CALI
5.0,5.0,4.0,4.0,2.0,2.0,5.0,5.0,2.0,2.0,4.0,3.0,2.0,2.0,3.0,1.0,CALI
5.0,5.0,4.0,4.0,4.0,4.0,5.0,5.0,6.0,6.0,4.0,1.0,2.0,2.0,1.0,2.0,CALI
5.0,5.0,5.0,4.0,4.0,4.0,5.0,5.0,6.0,4.0,3.0,1.0,2.0,2.0,1.0,1.0,CALI
5.0,5.0,5.0,4.0,4.0,4.0,5.0,5.0,2.0,4.0,4.0,1.0,2.0,2.0,1.0,1.0,CALI
5.0,5.0,5.0,4.0,4.0,4.0,5.0,5.0,1.0,2.0,1.0,1.0,2.0,2.0,1.0,1.0,CALI
5.0,5.0,5.0,3.0,5.0,5.0,5.0,5.0,1.0,4.0,1.0,1.0,2.0,1.0,1.0,2.0,CALI
5.0,5.0,4.0,4.0,2.0,2.0,5.0,5.0,4.0,3.0,4.0,3.0,2.0,2.0,3.0,1.0,CALI
5.0,5.0,5.0,4.0,4.0,4.0,5.0,5.0,5.0,3.0,3.0,1.0,2.0,2.0,1.0,1.0,CALI
5.0,5.0,5.0,4.0,4.0,4.0,5.0,5.0,4.0,4.0,3.0,1.0,2.0,2.0,1.0,2.0,CALI
5.0,5.0,4.0,4.0,4.0,4.0,5.0,5.0,4.0,4.0,4.0,1.0,2.0,2.0,1.0,1.0,CALI
5.0,5.0,5.0,4.0,4.0,4.0,5.0,5.0,5.0,2.0,3.0,1.0,2.0,2.0,1.0,1.0,CALI
5.0,5.0,4.0,4.0,4.0,4.0,5.0,5.0,3.0,2.0,3.0,1.0,2.0,2.0,1.0,1.0,CALI
5.0,5.0,5.0,4.0,4.0,4.0,5.0,5.0,4.0,1.0,3.0,1.0,2.0,2.0,1.0,1.0,CALI
5.0,5.0,4.0,4.0,3.0,3.0,5.0,5.0,4.0,4.0,4.0,2.0,2.0,2.0,2.0,2.0,CALI
5.0,5.0,4.0,4.0,4.0,4.0,5.0,5.0,2.0,4.0,4.0,1.0,2.0,2.0,1.0,3.0,CALI
5.0,5.0,5.0,4.0,4.0,4.0,5.0,5.0,4.0,4.0,2.0,1.0,2.0,2.0,1.0,2.0,CALI
5.0,5.0,4.0,4.0,2.0,2.0,5.0,5.0,2.0,3.0,4.0,3.0,2.0,2.0,3.0,3.0,CALI
5.0,5.0,5.0,4.0,4.0,4.0,5.0,5.0,4.0,2.0,3.0,1.0,2.0,2.0,1.0,1.0,CALI
5.0,5.0,4.0,4.0,2.0,2.0,5.0,5.0,2.0,4.0,4.0,3.0,2.0,2.0,3.0,3.0,CALI
5.0,5.0,4.0,4.0,3.0,3.0,5.0,5.0,2.0,1.0,2.0,2.0,2.0,2.0,2.0,0.0,CALI
5.0,5.0,4.0,4.0,4.0,4.0,5.0,5.0,4.0,5.0,4.0,1.0,2.0,2.0,1.0,4.0,CALI
5.0,5.0,4.0,4.0,3.0,3.0,5.0,5.0,4.0,4.0,3.0,2.0,2.0,2.0,2.0,3.0,CALI
5.0,5.0,5.0,4.0,4.0,4.0,5.0,5.0,2.0,1.0,1.0,1.0,2.0,2.0,1.0,1.0,CALI
5.0,5.0,5.0,4.0,4.0,4.0,5.0,5.0,1.0,4.0,3.0,1.0,2.0,2.0,1.0,2.0,CALI
5.0,5.0,4.0,4.0,4.0,4.0,5.0,5.0,2.0,4.0,3.0,1.0,2.0,2.0,1.0,2.0,CALI
5.0,5.0,5.0,4.0,4.0,4.0,5.0,5.0,4.0,4.0,3.0,1.0,2.0,2.0,1.0,2.0,CALI
5.0,5.0,4.0,4.0,2.0,2.0,5.0,5.0,6.0,2.0,3.0,3.0,2.0,2.0,3.0,1.0,CALI
5.0,5.0,5.0,4.0,4.0,4.0,5.0,5.0,5.0,4.0,3.0,1.0,2.0,1.0,1.0,2.0,CALI
5.0,5.0,5.0,4.0,4.0,4.0,5.0,5.0,4.0,1.0,1.0,1.0,2.0,1.0,1.0,1.0,CALI
5.0,5.0,5.0,4.0,4.0,4.0,5.0,5.0,3.0,1.0,1.0,1.0,2.0,1.0,1.0,1.0,CALI
5.0,5.0,4.0,4.0,2.0,2.0,5.0,5.0,2.0,2.0,3.0,2.0,2.0,2.0,2.0,1.0,CALI
5.0,5.0,5.0,4.0,4.0,4.0,5.0,5.0,1.0,4.0,3.0,1.0,2.0,1.0,1.0,1.0,CALI
5.0,5.0,5.0,4.0,4.0,4.0,5.0,5.0,2.0,1.0,1.0,1.0,2.0,1.0,1.0,1.0,CALI
5.0,5.0,4.0,4.0,2.0,2.0,5.0,5.0,2.0,2.0,4.0,3.0,2.0,2.0,3.0,1.0,CALI
5.0,5.0,5.0,4.0,4.0,4.0,5.0,5.0,5.0,4.0,3.0,1.0,2.0,2.0,1.0,1.0,CALI
5.0,5.0,4.0,4.0,1.0,1.0,5.0,5.0,4.0,3.0,4.0,4.0,2.0,3.0,4.0,1.0,CALI
5.0,5.0,5.0,4.0,4.0,4.0,5.0,5.0,4.0,2.0,3.0,1.0,2.0,2.0,1.0,1.0,CALI
5.0,5.0,5.0,4.0,4.0,4.0,5.0,5.0,4.0,4.0,3.0,1.0,2.0,1.0,1.0,1.0,CALI
5.0,5.0,5.0,4.0,4.0,4.0,5.0,5.0,4.0,2.0,2.0,1.0,2.0,2.0,1.0,1.0,CALI
5.0,5.0,4.0,4.0,3.0,3.0,5.0,5.0,6.0,6.0,4.0,2.0,2.0,2.0,2.0,3.0,CALI
5.0,5.0,4.0,4.0,2.0,2.0,5.0,5.0,2.0,2.0,4.0,3.0,2.0,2.0,3.0,1.0,CALI
5.0,5.0,5.0,4.0,4.0,4.0,5.0,5.0,5.0,4.0,1.0,1.0,2.0,1.0,1.0,1.0,CALI
5.0,5.0,5.0,4.0,4.0,4.0,5.0,5.0,2.0,2.0,1.0,1.0,2.0,1.0,1.0,1.0,CALI
5.0,5.0,4.0,4.0,2.0,2.0,5.0,5.0,1.0,2.0,3.0,3.0,2.0,2.0,3.0,1.0,CALI
5.0,5.0,4.0,4.0,4.0,4.0,5.0,5.0,4.0,4.0,3.0,1.0,2.0,2.0,1.0,3.0,CALI
5.0,5.0,5.0,4.0,4.0,4.0,5.0,5.0,3.0,1.0,3.0,1.0,2.0,2.0,1.0,1.0,CALI
5.0,5.0,5.0,4.0,4.0,4.0,5.0,5.0,1.0,6.0,4.0,1.0,2.0,2.0,1.0,1.0,CALI
5.0,5.0,4.0,4.0,3.0,3.0,5.0,5.0,4.0,3.0,3.0,2.0,2.0,2.0,2.0,1.0,CALI
5.0,5.0,4.0,4.0,2.0,2.0,5.0,5.0,4.0,4.0,4.0,3.0,2.0,2.0,3.0,1.0,CALI
5.0,5.0,5.0,4.0,4.0,4.0,5.0,5.0,5.0,1.0,2.0,1.0,2.0,2.0,1.0,1.0,CALI
5.0,5.0,5.0,4.0,4.0,4.0,5.0,5.0,5.0,4.0,3.0,1.0,2.0,1.0,1.0,1.0,CALI
5.0,5.0,5.0,4.0,4.0,4.0,5.0,5.0,4.0,1.0,2.0,1.0,2.0,2.0,1.0,1.0,CALI
5.0,5.0,5.0,4.0,4.0,4.0,5.0,5.0,2.0,2.0,3.0,1.0,2.0,2.0,1.0,1.0,CALI
5.0,5.0,5.0,4.0,4.0,4.0,5.0,5.0,2.0,4.0,2.0,1.0,2.0,2.0,1.0,3.0,CALI
5.0,5.0,5.0,4.0,4.0,4.0,5.0,5.0,2.0,1.0,2.0,1.0,2.0,2.0,1.0,1.0,CALI
5.0,5.0,4.0,4.0,3.0,3.0,5.0,5.0,4.0,5.0,3.0,2.0,2.0,2.0,2.0,3.0,CALI
5.0,5.0,5.0,4.0,4.0,4.0,5.0,5.0,4.0,3.0,2.0,1.0,2.0,1.0,1.0,2.0,CALI
5.0,5.0,5.0,4.0,4.0,4.0,5.0,5.0,1.0,4.0,2.0,1.0,2.0,1.0,1.0,2.0,CALI
5.0,5.0,4.0,4.0,2.0,2.0,5.0,5.0,6.0,4.0,4.0,3.0,2.0,2.0,3.0,1.0,CALI
5.0,5.0,5.0,3.0,5.0,5.0,5.0,5.0,5.0,4.0,1.0,0.0,3.0,1.0,0.0,1.0,CALI
5.0,5.0,5.0,4.0,4.0,4.0,5.0,5.0,5.0,2.0,1.0,1.0,2.0,2.0,1.0,1.0,CALI
5.0,5.0,5.0,4.0,4.0,4.0,5.0,5.0,2.0,4.0,2.0,1.0,2.0,1.0,1.0,1.0,CALI
5.0,5.0,5.0,4.0,4.0,4.0,5.0,5.0,3.0,3.0,3.0,1.0,2.0,2.0,1.0,1.0,CALI
5.0,5.0,4.0,4.0,4.0,4.0,5.0,5.0,4.0,3.0,3.0,1.0,2.0,2.0,1.0,3.0,CALI
5.0,5.0,5.0,4.0,4.0,4.0,5.0,5.0,5.0,4.0,2.0,1.0,2.0,2.0,1.0,2.0,CALI
5.0,5.0,4.0,4.0,2.0,2.0,5.0,5.0,4.0,4.0,4.0,3.0,2.0,2.0,3.0,3.0,CALI
5.0,5.0,4.0,4.0,2.0,2.0,5.0,5.0,2.0,6.0,4.0,3.0,2.0,2.0,3.0,6.0,CALI
5.0,5.0,5.0,4.0,4.0,4.0,5.0,5.0,4.0,5.0,4.0,1.0,2.0,2.0,1.0,4.0,CALI
5.0,5.0,4.0,4.0,2.0,2.0,5.0,5.0,5.0,2.0,4.0,3.0,2.0,2.0,3.0,1.0,CALI
5.0,5.0,4.0,4.0,2.0,2.0,5.0,5.0,2.0,5.0,4.0,3.0,2.0,2.0,3.0,1.0,CALI
5.0,5.0,5.0,4.0,4.0,4.0,5.0,5.0,4.0,4.0,3.0,1.0,2.0,2.0,1.0,1.0,CALI
5.0,5.0,5.0,4.0,4.0,4.0,5.0,5.0,4.0,4.0,3.0,1.0,2.0,2.0,1.0,1.0,CALI
5.0,5.0,5.0,3.0,5.0,5.0,5.0,5.0,4.0,4.0,1.0,0.0,3.0,1.0,0.0,1.0,CALI
5.0,5.0,5.0,4.0,4.0,4.0,5.0,5.0,6.0,6.0,3.0,1.0,2.0,2.0,1.0,1.0,CALI
5.0,5.0,5.0,4.0,4.0,4.0,5.0,5.0,4.0,4.0,1.0,1.0,2.0,1.0,1.0,2.0,CALI
5.0,5.0,5.0,4.0,4.0,4.0,5.0,5.0,4.0,2.0,4.0,1.0,2.0,2.0,1.0,1.0,CALI
5.0,5.0,4.0,4.0,2.0,2.0,5.0,5.0,3.0,2.0,4.0,3.0,2.0,2.0,3.0,1.0,CALI
5.0,5.0,4.0,4.0,3.0,3.0,5.0,5.0,4.0,2.0,4.0,1.0,2.0,2.0,1.0,1.0,CALI
5.0,5.0,4.0,4.0,4.0,4.0,5.0,5.0,4.0,4.0,4.0,1.0,2.0,2.0,1.0,2.0,CALI
5.0,5.0,5.0,4.0,5.0,5.0,5.0,5.0,1.0,4.0,3.0,1.0,2.0,1.0,1.0,1.0,CALI
5.0,5.0,5.0,4.0,4.0,4.0,5.0,5.0,2.0,4.0,4.0,1.0,2.0,2.0,1.0,1.0,CALI
5.0,5.0,5.0,4.0,4.0,4.0,5.0,5.0,4.0,1.0,1.0,1.0,2.0,2.0,1.0,1.0,CALI
5.0,5.0,5.0,4.0,4.0,4.0,5.0,5.0,4.0,4.0,3.0,1.0,2.0,1.0,1.0,1.0,CALI
5.0,5.0,5.0,4.0,4.0,4.0,5.0,5.0,2.0,1.0,1.0,1.0,2.0,2.0,1.0,1.0,CALI
5.0,5.0,4.0,4.0,4.0,4.0,5.0,5.0,4.0,5.0,4.0,1.0,2.0,2.0,1.0,2.0,CALI
5.0,5.0,5.0,4.0,4.0,4.0,5.0,5.0,4.0,1.0,1.0,1.0,2.0,1.0,1.0,1.0,CALI
5.0,5.0,5.0,4.0,4.0,4.0,5.0,5.0,6.0,2.0,3.0,1.0,2.0,2.0,1.0,1.0,CALI
5.0,5.0,5.0,4.0,4.0,4.0,5.0,5.0,5.0,2.0,3.0,1.0,2.0,2.0,1.0,1.0,CALI
5.0,5.0,5.0,4.0,4.0,4.0,5.0,5.0,4.0,2.0,3.0,1.0,2.0,1.0,1.0,1.0,CALI
5.0,5.0,4.0,4.0,3.0,3.0,5.0,5.0,4.0,2.0,3.0,2.0,2.0,2.0,2.0,1.0,CALI
5.0,5.0,4.0,4.0,2.0,2.0,5.0,5.0,4.0,2.0,4.0,3.0,2.0,2.0,3.0,1.0,CALI
5.0,5.0,5.0,4.0,4.0,4.0,5.0,5.0,2.0,2.0,3.0,1.0,2.0,2.0,1.0,1.0,CALI
5.0,5.0,5.0,4.0,5.0,5.0,5.0,5.0,2.0,3.0,1.0,0.0,2.0,1.0,0.0,1.0,CALI
5.0,5.0,5.0,3.0,6.0,6.0,5.0,5.0,0.0,2.0,1.0,0.0,3.0,1.0,0.0,1.0,CALI
5.0,5.0,4.0,4.0,4.0,4.0,5.0,5.0,4.0,5.0,3.0,2.0,2.0,2.0,2.0,4.0,CALI
5.0,5.0,4.0,4.0,3.0,3.0,5.0,5.0,5.0,4.0,3.0,2.0,2.0,2.0,2.0,3.0,CALI
5.0,5.0,5.0,4.0,4.0,4.0,5.0,5.0,5.0,1.0,1.0,1.0,2.0,1.0,1.0,1.0,CALI
5.0,5.0,5.0,4.0,4.0,4.0,5.0,5.0,4.0,2.0,3.0,1.0,2.0,1.0,1.0,0.0,CALI
5.0,5.0,5.0,4.0,4.0,4.0,5.0,5.0,2.0,4.0,4.0,1.0,2.0,2.0,1.0,2.0,CALI
5.0,5.0,5.0,4.0,4.0,4.0,5.0,5.0,4.0,2.0,3.0,1.0,2.0,2.0,1.0,1.0,CALI
5.0,5.0,5.0,4.0,4.0,4.0,5.0,5.0,3.0,2.0,3.0,1.0,2.0,2.0,1.0,1.0,CALI
5.0,5.0,5.0,4.0,4.0,4.0,5.0,5.0,4.0,2.0,3.0,1.0,2.0,2.0,1.0,1.0,CALI
5.0,5.0,5.0,3.0,6.0,6.0,5.0,5.0,2.0,4.0,1.0,0.0,3.0,1.0,0.0,3.0,CALI
5.0,5.0,4.0,4.0,2.0,2.0,5.0,5.0,2.0,0.0,1.0,3.0,2.0,2.0,3.0,0.0,CALI
5.0,5.0,5.0,4.0,4.0,4.0,5.0,5.0,2.0,4.0,3.0,1.0,2.0,2.0,1.0,2.0,CALI
5.0,5.0,5.0,4.0,4.0,4.0,5.0,5.0,5.0,4.0,3.0,1.0,2.0,2.0,1.0,1.0,CALI
5.0,5.0,4.0,4.0,4.0,4.0,5.0,5.0,4.0,2.0,3.0,1.0,2.0,2.0,1.0,1.0,CALI
5.0,5.0,5.0,4.0,4.0,4.0,5.0,5.0,4.0,2.0,2.0,1.0,2.0,2.0,1.0,1.0,CALI
5.0,5.0,5.0,4.0,4.0,4.0,5.0,5.0,4.0,2.0,3.0,1.0,2.0,1.0,1.0,1.0,CALI
5.0,5.0,5.0,4.0,4.0,4.0,5.0,5.0,4.0,3.0,4.0,1.0,2.0,2.0,1.0,1.0,CALI
5.0,5.0,5.0,4.0,4.0,4.0,5.0,5.0,2.0,2.0,3.0,1.0,2.0,1.0,1.0,1.0,CALI
5.0,5.0,5.0,3.0,5.0,5.0,5.0,5.0,5.0,4.0,1.0,0.0,3.0,1.0,0.0,3.0,CALI
5.0,5.0,4.0,4.0,3.0,3.0,5.0,5.0,1.0,3.0,3.0,2.0,2.0,2.0,2.0,2.0,CALI
5.0,5.0,5.0,4.0,4.0,4.0,5.0,5.0,2.0,4.0,3.0,1.0,2.0,2.0,1.0,2.0,CALI
5.0,5.0,4.0,4.0,3.0,3.0,5.0,5.0,1.0,2.0,3.0,2.0,2.0,2.0,2.0,1.0,CALI
5.0,5.0,5.0,4.0,4.0,4.0,5.0,5.0,2.0,3.0,3.0,1.0,2.0,1.0,1.0,1.0,CALI
5.0,5.0,5.0,4.0,4.0,4.0,5.0,5.0,5.0,4.0,2.0,1.0,2.0,1.0,1.0,1.0,CALI
5.0,5.0,4.0,4.0,2.0,2.0,5.0,5.0,6.0,5.0,4.0,3.0,2.0,2.0,3.0,2.0,CALI
5.0,5.0,4.0,4.0,3.0,3.0,5.0,5.0,4.0,2.0,3.0,2.0,2.0,2.0,2.0,2.0,CALI
5.0,5.0,5.0,4.0,4.0,4.0,5.0,5.0,4.0,4.0,3.0,1.0,2.0,2.0,1.0,2.0,CALI
5.0,5.0,5.0,4.0,4.0,4.0,5.0,5.0,1.0,1.0,3.0,1.0,2.0,2.0,1.0,1.0,CALI
5.0,5.0,5.0,4.0,4.0,4.0,5.0,5.0,2.0,2.0,2.0,1.0,2.0,2.0,1.0,1.0,CALI
5.0,5.0,4.0,4.0,2.0,2.0,5.0,5.0,3.0,1.0,4.0,3.0,2.0,2.0,3.0,1.0,CALI
5.0,5.0,5.0,4.0,4.0,4.0,5.0,5.0,1.0,3.0,1.0,1.0,2.0,1.0,1.0,1.0,CALI
5.0,5.0,5.0,4.0,5.0,5.0,5.0,5.0,4.0,4.0,1.0,0.0,2.0,1.0,0.0,3.0,CALI
5.0,5.0,5.0,4.0,4.0,4.0,5.0,5.0,4.0,1.0,3.0,1.0,2.0,2.0,1.0,1.0,CALI
5.0,5.0,5.0,4.0,4.0,4.0,5.0,5.0,1.0,6.0,4.0,1.0,2.0,2.0,1.0,3.0,CALI
5.0,5.0,5.0,4.0,4.0,4.0,5.0,5.0,2.0,4.0,4.0,1.0,2.0,2.0,1.0,3.0,CALI
5.0,5.0,5.0,4.0,4.0,4.0,5.0,5.0,4.0,1.0,1.0,1.0,2.0,1.0,1.0,1.0,CALI
5.0,5.0,4.0,4.0,3.0,3.0,5.0,5.0,5.0,4.0,4.0,2.0,2.0,2.0,2.0,2.0,CALI
5.0,5.0,5.0,4.0,4.0,4.0,5.0,5.0,4.0,2.0,4.0,1.0,2.0,2.0,1.0,1.0,CALI
5.0,5.0,4.0,4.0,2.0,2.0,5.0,5.0,4.0,1.0,3.0,3.0,2.0,2.0,3.0,1.0,CALI
5.0,5.0,5.0,4.0,4.0,4.0,5.0,5.0,5.0,3.0,1.0,1.0,2.0,1.0,1.0,1.0,CALI
5.0,5.0,5.0,4.0,4.0,4.0,5.0,5.0,2.0,2.0,3.0,1.0,2.0,2.0,1.0,1.0,CALI
5.0,5.0,5.0,4.0,5.0,5.0,5.0,5.0,5.0,2.0,2.0,0.0,2.0,1.0,0.0,1.0,CALI
5.0,5.0,5.0,4.0,4.0,4.0,5.0,5.0,5.0,4.0,2.0,1.0,2.0,1.0,1.0,1.0,CALI
5.0,5.0,4.0,4.0,4.0,4.0,5.0,5.0,5.0,5.0,4.0,2.0,2.0,2.0,2.0,4.0,CALI
5.0,5.0,5.0,4.0,4.0,4.0,5.0,5.0,2.0,4.0,1.0,1.0,2.0,1.0,1.0,1.0,CALI
5.0,5.0,5.0,3.0,6.0,6.0,5.0,5.0,5.0,2.0,1.0,0.0,3.0,1.0,0.0,1.0,CALI
5.0,5.0,4.0,4.0,3.0,3.0,5.0,5.0,4.0,4.0,4.0,2.0,2.0,2.0,2.0,3.0,CALI
5.0,5.0,4.0,4.0,2.0,2.0,5.0,5.0,4.0,4.0,4.0,3.0,2.0,2.0,3.0,2.0,CALI
5.0,5.0,5.0,4.0,4.0,4.0,5.0,5.0,4.0,4.0,3.0,1.0,2.0,2.0,1.0,1.0,CALI
5.0,5.0,5.0,4.0,4.0,4.0,5.0,5.0,3.0,2.0,3.0,1.0,2.0,2.0,1.0,1.0,CALI
5.0,5.0,5.0,4.0,4.0,4.0,5.0,5.0,4.0,4.0,1.0,1.0,2.0,1.0,1.0,1.0,CALI
5.0,5.0,4.0,4.0,3.0,3.0,5.0,5.0,5.0,4.0,4.0,2.0,2.0,2.0,2.0,1.0,CALI
5.0,5.0,5.0,4.0,5.0,5.0,5.0,5.0,4.0,1.0,1.0,0.0,3.0,1.0,0.0,1.0,CALI
5.0,5.0,4.0,4.0,2.0,2.0,5.0,5.0,4.0,3.0,4.0,3.0,2.0,2.0,3.0,3.0,CALI
5.0,5.0,4.0,4.0,2.0,2.0,5.0,5.0,5.0,2.0,4.0,3.0,2.0,2.0,3.0,1.0,CALI
5.0,5.0,5.0,4.0,4.0,4.0,5.0,5.0,5.0,3.0,4.0,1.0,2.0,2.0,1.0,2.0,CALI
5.0,5.0,4.0,4.0,2.0,2.0,5.0,5.0,5.0,3.0,3.0,3.0,2.0,2.0,3.0,1.0,CALI
5.0,5.0,5.0,4.0,4.0,4.0,5.0,5.0,5.0,4.0,4.0,1.0,2.0,2.0,1.0,1.0,CALI
5.0,5.0,5.0,4.0,4.0,4.0,5.0,5.0,4.0,1.0,1.0,1.0,2.0,1.0,1.0,1.0,CALI
5.0,5.0,5.0,4.0,4.0,4.0,5.0,5.0,3.0,1.0,1.0,1.0,2.0,1.0,1.0,1.0,CALI
5.0,5.0,5.0,4.0,4.0,4.0,5.0,5.0,2.0,1.0,2.0,1.0,2.0,1.0,1.0,1.0,CALI
5.0,5.0,4.0,4.0,2.0,2.0,5.0,5.0,4.0,2.0,4.0,3.0,2.0,2.0,3.0,1.0,CALI
5.0,5.0,5.0,4.0,4.0,4.0,5.0,5.0,4.0,0.0,3.0,1.0,2.0,2.0,1.0,0.0,CALI
5.0,5.0,5.0,4.0,4.0,4.0,5.0,5.0,4.0,2.0,2.0,1.0,2.0,2.0,1.0,1.0,CALI
5.0,5.0,4.0,4.0,2.0,2.0,5.0,5.0,4.0,2.0,4.0,3.0,2.0,2.0,3.0,1.0,CALI
5.0,5.0,4.0,4.0,2.0,2.0,5.0,5.0,4.0,2.0,3.0,3.0,2.0,2.0,3.0,1.0,CALI
5.0,5.0,5.0,3.0,6.0,6.0,5.0,5.0,5.0,5.0,1.0,0.0,3.0,1.0,0.0,2.0,CALI
5.0,5.0,5.0,4.0,4.0,4.0,5.0,5.0,4.0,2.0,3.0,1.0,2.0,2.0,1.0,1.0,CALI
5.0,5.0,5.0,4.0,4.0,4.0,5.0,5.0,4.0,3.0,3.0,1.0,2.0,1.0,1.0,1.0,CALI
5.0,5.0,5.0,4.0,4.0,4.0,5.0,5.0,2.0,1.0,1.0,1.0,2.0,2.0,1.0,1.0,CALI
5.0,5.0,5.0,4.0,4.0,4.0,5.0,5.0,1.0,2.0,2.0,1.0,2.0,1.0,1.0,1.0,CALI
5.0,5.0,5.0,4.0,5.0,5.0,5.0,5.0,1.0,2.0,1.0,0.0,2.0,1.0,0.0,1.0,CALI
5.0,5.0,5.0,3.0,6.0,6.0,5.0,5.0,4.0,3.0,1.0,0.0,3.0,1.0,0.0,2.0,CALI
5.0,5.0,4.0,4.0,3.0,3.0,5.0,5.0,2.0,2.0,4.0,2.0,2.0,2.0,2.0,1.0,CALI
5.0,5.0,4.0,4.0,2.0,2.0,5.0,5.0,4.0,2.0,4.0,3.0,2.0,2.0,3.0,1.0,CALI
5.0,5.0,4.0,4.0,2.0,2.0,5.0,5.0,2.0,4.0,4.0,3.0,2.0,2.0,3.0,2.0,CALI
5.0,5.0,5.0,4.0,5.0,5.0,5.0,5.0,4.0,4.0,1.0,0.0,2.0,1.0,0.0,3.0,CALI
5.0,5.0,5.0,4.0,4.0,4.0,5.0,5.0,4.0,4.0,3.0,1.0,2.0,2.0,1.0,1.0,CALI
5.0,5.0,5.0,4.0,4.0,4.0,5.0,5.0,5.0,2.0,3.0,1.0,2.0,1.0,1.0,1.0,CALI
5.0,5.0,5.0,4.0,4.0,4.0,5.0,5.0,3.0,6.0,4.0,1.0,2.0,2.0,1.0,3.0,CALI
5.0,5.0,4.0,4.0,2.0,2.0,5.0,5.0,2.0,2.0,3.0,2.0,2.0,2.0,2.0,1.0,CALI
5.0,5.0,5.0,4.0,4.0,4.0,5.0,5.0,4.0,4.0,2.0,1.0,2.0,1.0,1.0,5.0,CALI
5.0,5.0,5.0,4.0,4.0,4.0,5.0,5.0,0.0,2.0,1.0,1.0,2.0,2.0,1.0,1.0,CALI
5.0,5.0,5.0,4.0,4.0,4.0,5.0,5.0,4.0,4.0,4.0,1.0,2.0,1.0,1.0,1.0,CALI
5.0,5.0,5.0,4.0,4.0,4.0,5.0,5.0,2.0,2.0,3.0,1.0,2.0,2.0,1.0,1.0,CALI
5.0,5.0,5.0,4.0,4.0,4.0,5.0,5.0,4.0,3.0,3.0,1.0,2.0,2.0,1.0,2.0,CALI
5.0,5.0,5.0,4.0,4.0,4.0,5.0,5.0,1.0,2.0,3.0,1.0,2.0,2.0,1.0,1.0,CALI
5.0,5.0,4.0,4.0,2.0,2.0,5.0,5.0,3.0,2.0,4.0,3.0,2.0,2.0,3.0,1.0,CALI
5.0,5.0,5.0,4.0,4.0,4.0,5.0,5.0,4.0,2.0,3.0,1.0,2.0,2.0,1.0,1.0,CALI
5.0,5.0,5.0,4.0,3.0,3.0,5.0,5.0,4.0,2.0,3.0,2.0,2.0,2.0,2.0,1.0,CALI
5.0,5.0,5.0,4.0,4.0,4.0,5.0,5.0,1.0,4.0,3.0,1.0,2.0,2.0,1.0,1.0,CALI
5.0,5.0,5.0,4.0,4.0,4.0,5.0,5.0,4.0,2.0,3.0,1.0,2.0,2.0,1.0,1.0,CALI
5.0,5.0,5.0,4.0,4.0,4.0,5.0,5.0,0.0,2.0,2.0,1.0,2.0,1.0,1.0,1.0,CALI
5.0,5.0,5.0,4.0,4.0,4.0,5.0,5.0,4.0,3.0,4.0,1.0,2.0,2.0,1.0,1.0,CALI
5.0,5.0,4.0,4.0,3.0,3.0,5.0,5.0,4.0,2.0,3.0,2.0,2.0,2.0,2.0,1.0,CALI
5.0,5.0,4.0,4.0,3.0,3.0,5.0,5.0,4.0,4.0,4.0,2.0,2.0,2.0,2.0,1.0,CALI
5.0,5.0,5.0,4.0,4.0,4.0,5.0,5.0,4.0,4.0,3.0,1.0,2.0,2.0,1.0,1.0,CALI
5.0,5.0,5.0,4.0,4.0,4.0,5.0,5.0,4.0,1.0,1.0,1.0,2.0,1.0,1.0,1.0,CALI
5.0,5.0,5.0,4.0,4.0,4.0,5.0,5.0,2.0,2.0,4.0,1.0,2.0,2.0,1.0,1.0,CALI
5.0,5.0,5.0,4.0,5.0,5.0,5.0,5.0,0.0,4.0,1.0,0.0,2.0,1.0,0.0,4.0,CALI
5.0,5.0,5.0,4.0,4.0,4.0,5.0,5.0,3.0,1.0,2.0,1.0,2.0,2.0,1.0,1.0,CALI
5.0,5.0,5.0,4.0,4.0,4.0,5.0,5.0,2.0,2.0,3.0,1.0,2.0,2.0,1.0,1.0,CALI
5.0,5.0,5.0,4.0,4.0,4.0,5.0,5.0,4.0,2.0,2.0,1.0,2.0,2.0,1.0,1.0,CALI
5.0,5.0,5.0,4.0,4.0,4.0,5.0,5.0,1.0,4.0,3.0,1.0,2.0,2.0,1.0,1.0,CALI
5.0,5.0,5.0,4.0,4.0,4.0,5.0,5.0,1.0,4.0,3.0,1.0,2.0,2.0,1.0,1.0,CALI
5.0,5.0,4.0,4.0,3.0,3.0,5.0,5.0,1.0,6.0,4.0,2.0,2.0,2.0,2.0,4.0,CALI
5.0,5.0,5.0,4.0,4.0,4.0,5.0,5.0,1.0,2.0,3.0,1.0,2.0,2.0,1.0,1.0,CALI
5.0,5.0,5.0,4.0,4.0,4.0,5.0,5.0,4.0,2.0,3.0,1.0,2.0,2.0,1.0,1.0,CALI
5.0,5.0,5.0,4.0,4.0,4.0,5.0,5.0,4.0,2.0,2.0,1.0,2.0,2.0,1.0,1.0,CALI
5.0,5.0,5.0,4.0,4.0,4.0,5.0,5.0,4.0,3.0,3.0,1.0,2.0,1.0,1.0,1.0,CALI
5.0,5.0,5.0,4.0,5.0,5.0,5.0,5.0,4.0,5.0,1.0,0.0,2.0,1.0,0.0,3.0,CALI
5.0,5.0,5.0,4.0,4.0,4.0,5.0,5.0,2.0,4.0,3.0,1.0,2.0,2.0,1.0,1.0,CALI
5.0,5.0,5.0,4.0,4.0,4.0,5.0,5.0,3.0,2.0,3.0,1.0,2.0,1.0,1.0,1.0,CALI
5.0,5.0,5.0,4.0,4.0,4.0,5.0,5.0,2.0,2.0,1.0,1.0,2.0,1.0,1.0,1.0,CALI
5.0,5.0,5.0,4.0,4.0,4.0,5.0,5.0,2.0,4.0,3.0,1.0,2.0,2.0,1.0,1.0,CALI
5.0,5.0,5.0,4.0,4.0,4.0,5.0,5.0,3.0,1.0,1.0,1.0,2.0,2.0,1.0,1.0,CALI
5.0,5.0,5.0,4.0,4.0,4.0,5.0,5.0,4.0,2.0,2.0,1.0,2.0,1.0,1.0,1.0,CALI
5.0,5.0,5.0,4.0,4.0,4.0,5.0,5.0,2.0,3.0,2.0,1.0,2.0,2.0,1.0,1.0,CALI
5.0,5.0,4.0,4.0,3.0,3.0,5.0,5.0,5.0,4.0,4.0,2.0,2.0,2.0,2.0,1.0,CALI
5.0,5.0,5.0,4.0,4.0,4.0,5.0,5.0,2.0,4.0,3.0,1.0,2.0,1.0,1.0,3.0,CALI
5.0,5.0,4.0,4.0,2.0,2.0,5.0,5.0,6.0,4.0,4.0,3.0,2.0,2.0,3.0,2.0,CALI
5.0,5.0,5.0,4.0,4.0,4.0,5.0,5.0,5.0,4.0,2.0,1.0,2.0,2.0,1.0,1.0,CALI
5.0,5.0,5.0,4.0,4.0,4.0,5.0,5.0,5.0,5.0,3.0,1.0,2.0,2.0,1.0,3.0,CALI
5.0,5.0,4.0,5.0,1.0,1.0,5.0,5.0,2.0,1.0,3.0,4.0,2.0,2.0,4.0,1.0,CALI
5.0,5.0,5.0,4.0,4.0,4.0,5.0,5.0,2.0,2.0,3.0,1.0,2.0,2.0,1.0,1.0,CALI
5.0,5.0,4.0,4.0,3.0,3.0,5.0,5.0,4.0,2.0,4.0,2.0,2.0,2.0,2.0,1.0,CALI
5.0,5.0,5.0,4.0,4.0,4.0,5.0,5.0,5.0,4.0,3.0,1.0,2.0,1.0,1.0,2.0,CALI
5.0,5.0,5.0,4.0,4.0,4.0,5.0,5.0,4.0,2.0,1.0,1.0,2.0,1.0,1.0,1.0,CALI
5.0,5.0,5.0,4.0,4.0,4.0,5.0,5.0,5.0,4.0,4.0,1.0,2.0,2.0,1.0,4.0,CALI
5.0,5.0,5.0,4.0,4.0,4.0,5.0,5.0,2.0,2.0,2.0,1.0,2.0,1.0,1.0,2.0,CALI
5.0,5.0,5.0,4.0,4.0,4.0,5.0,5.0,3.0,4.0,4.0,1.0,2.0,2.0,1.0,3.0,CALI
5.0,5.0,4.0,4.0,2.0,2.0,5.0,5.0,2.0,2.0,3.0,3.0,2.0,2.0,3.0,2.0,CALI
5.0,5.0,5.0,4.0,4.0,4.0,5.0,5.0,3.0,5.0,3.0,1.0,2.0,1.0,1.0,2.0,CALI
5.0,5.0,5.0,4.0,4.0,4.0,5.0,5.0,4.0,1.0,1.0,1.0,2.0,1.0,1.0,1.0,CALI
5.0,5.0,4.0,4.0,2.0,2.0,5.0,5.0,5.0,2.0,4.0,2.0,2.0,2.0,2.0,1.0,CALI
5.0,5.0,5.0,4.0,3.0,3.0,5.0,5.0,4.0,2.0,3.0,2.0,2.0,2.0,2.0,1.0,CALI
5.0,5.0,4.0,4.0,2.0,2.0,5.0,5.0,4.0,3.0,4.0,3.0,2.0,2.0,3.0,1.0,CALI
5.0,5.0,4.0,4.0,2.0,2.0,5.0,5.0,2.0,4.0,4.0,3.0,2.0,2.0,3.0,2.0,CALI
5.0,5.0,5.0,4.0,5.0,5.0,5.0,5.0,5.0,4.0,1.0,0.0,2.0,1.0,0.0,5.0,CALI
5.0,5.0,5.0,4.0,3.0,3.0,5.0,5.0,4.0,3.0,4.0,2.0,2.0,2.0,2.0,1.0,CALI
5.0,5.0,5.0,4.0,3.0,3.0,5.0,5.0,5.0,4.0,4.0,2.0,2.0,2.0,2.0,1.0,CALI
5.0,5.0,5.0,4.0,4.0,4.0,5.0,5.0,3.0,6.0,3.0,1.0,2.0,2.0,1.0,4.0,CALI
5.0,5.0,5.0,4.0,4.0,4.0,5.0,5.0,2.0,4.0,3.0,1.0,2.0,1.0,1.0,2.0,CALI
5.0,5.0,5.0,4.0,4.0,4.0,5.0,5.0,4.0,5.0,4.0,1.0,2.0,2.0,1.0,1.0,CALI
5.0,5.0,5.0,4.0,4.0,4.0,5.0,5.0,2.0,4.0,3.0,1.0,2.0,2.0,1.0,2.0,CALI
5.0,5.0,5.0,4.0,4.0,4.0,5.0,5.0,1.0,2.0,2.0,1.0,2.0,2.0,1.0,1.0,CALI
5.0,5.0,5.0,4.0,4.0,4.0,5.0,5.0,4.0,2.0,3.0,1.0,2.0,1.0,1.0,1.0,CALI
5.0,5.0,5.0,4.0,4.0,4.0,5.0,5.0,6.0,4.0,3.0,1.0,2.0,1.0,1.0,4.0,CALI
5.0,5.0,5.0,4.0,4.0,4.0,5.0,5.0,1.0,2.0,3.0,1.0,2.0,2.0,1.0,1.0,CALI
5.0,5.0,5.0,4.0,4.0,4.0,5.0,5.0,2.0,2.0,2.0,1.0,2.0,1.0,1.0,1.0,CALI
5.0,5.0,5.0,4.0,4.0,4.0,5.0,5.0,4.0,2.0,3.0,1.0,2.0,1.0,1.0,1.0,CALI
5.0,5.0,5.0,4.0,3.0,3.0,5.0,5.0,4.0,2.0,3.0,2.0,2.0,2.0,2.0,2.0,CALI
5.0,5.0,5.0,4.0,4.0,4.0,5.0,5.0,5.0,4.0,3.0,1.0,2.0,2.0,1.0,2.0,CALI
5.0,5.0,4.0,4.0,2.0,2.0,5.0,5.0,2.0,3.0,4.0,3.0,2.0,2.0,3.0,1.0,CALI
5.0,5.0,5.0,4.0,4.0,4.0,5.0,5.0,5.0,4.0,3.0,1.0,2.0,2.0,1.0,1.0,CALI
5.0,5.0,5.0,4.0,4.0,4.0,5.0,5.0,5.0,4.0,4.0,1.0,2.0,2.0,1.0,2.0,CALI
5.0,5.0,4.0,5.0,1.0,1.0,5.0,5.0,5.0,4.0,4.0,4.0,1.0,2.0,4.0,2.0,CALI
5.0,5.0,5.0,4.0,4.0,4.0,5.0,5.0,5.0,4.0,3.0,1.0,2.0,2.0,1.0,1.0,CALI
5.0,5.0,5.0,4.0,4.0,4.0,5.0,5.0,4.0,2.0,3.0,1.0,2.0,2.0,1.0,1.0,CALI
5.0,5.0,5.0,4.0,4.0,4.0,5.0,5.0,4.0,4.0,4.0,1.0,2.0,2.0,1.0,2.0,CALI
5.0,5.0,5.0,4.0,3.0,3.0,5.0,5.0,4.0,1.0,3.0,2.0,2.0,2.0,2.0,1.0,CALI
5.0,5.0,5.0,3.0,6.0,6.0,5.0,5.0,0.0,1.0,1.0,0.0,3.0,1.0,0.0,1.0,CALI
5.0,5.0,5.0,4.0,3.0,3.0,5.0,5.0,5.0,2.0,4.0,2.0,2.0,2.0,2.0,1.0,CALI
5.0,5.0,5.0,4.0,3.0,3.0,5.0,5.0,3.0,2.0,3.0,2.0,2.0,2.0,2.0,1.0,CALI
5.0,5.0,5.0,4.0,4.0,4.0,5.0,5.0,5.0,5.0,3.0,1.0,2.0,1.0,1.0,1.0,CALI
5.0,5.0,5.0,4.0,4.0,4.0,5.0,5.0,2.0,4.0,3.0,1.0,2.0,2.0,1.0,1.0,CALI
5.0,5.0,5.0,4.0,4.0,4.0,5.0,5.0,2.0,1.0,1.0,1.0,2.0,1.0,1.0,1.0,CALI
5.0,5.0,5.0,4.0,4.0,4.0,5.0,5.0,4.0,2.0,3.0,1.0,2.0,2.0,1.0,1.0,CALI
5.0,5.0,4.0,4.0,2.0,2.0,5.0,5.0,3.0,4.0,3.0,3.0,2.0,2.0,3.0,2.0,CALI
5.0,5.0,5.0,4.0,4.0,4.0,5.0,5.0,2.0,1.0,1.0,1.0,2.0,1.0,1.0,1.0,CALI
5.0,5.0,5.0,4.0,3.0,3.0,5.0,5.0,5.0,4.0,3.0,2.0,2.0,2.0,2.0,1.0,CALI
5.0,5.0,5.0,4.0,4.0,4.0,5.0,5.0,4.0,4.0,3.0,1.0,2.0,1.0,1.0,1.0,CALI
5.0,5.0,5.0,4.0,5.0,5.0,5.0,5.0,4.0,2.0,3.0,0.0,2.0,1.0,0.0,1.0,CALI
5.0,5.0,5.0,4.0,5.0,5.0,5.0,5.0,5.0,4.0,1.0,0.0,2.0,1.0,0.0,3.0,CALI
5.0,5.0,5.0,4.0,4.0,4.0,5.0,5.0,4.0,4.0,3.0,1.0,2.0,1.0,1.0,1.0,CALI
5.0,5.0,5.0,4.0,4.0,4.0,5.0,5.0,4.0,2.0,3.0,1.0,2.0,2.0,1.0,1.0,CALI
5.0,5.0,5.0,4.0,3.0,3.0,5.0,5.0,4.0,4.0,4.0,2.0,2.0,2.0,2.0,1.0,CALI
5.0,5.0,5.0,4.0,4.0,4.0,5.0,5.0,4.0,1.0,1.0,1.0,2.0,1.0,1.0,1.0,CALI
5.0,5.0,5.0,4.0,4.0,4.0,5.0,5.0,5.0,2.0,3.0,1.0,2.0,2.0,1.0,1.0,CALI
5.0,5.0,5.0,4.0,4.0,4.0,5.0,5.0,4.0,5.0,3.0,1.0,2.0,1.0,1.0,2.0,CALI
5.0,5.0,5.0,4.0,4.0,4.0,5.0,5.0,1.0,2.0,2.0,1.0,2.0,2.0,1.0,1.0,CALI
5.0,5.0,5.0,3.0,6.0,6.0,5.0,5.0,4.0,4.0,1.0,0.0,2.0,1.0,0.0,2.0,CALI
5.0,5.0,5.0,4.0,4.0,4.0,5.0,5.0,4.0,1.0,3.0,1.0,2.0,2.0,1.0,1.0,CALI
5.0,5.0,5.0,4.0,4.0,4.0,5.0,5.0,2.0,4.0,3.0,1.0,2.0,2.0,1.0,2.0,CALI
5.0,5.0,5.0,4.0,4.0,4.0,5.0,5.0,5.0,2.0,3.0,1.0,2.0,1.0,1.0,1.0,CALI
5.0,5.0,5.0,4.0,5.0,5.0,5.0,5.0,4.0,4.0,2.0,0.0,2.0,1.0,0.0,1.0,CALI
5.0,5.0,5.0,4.0,4.0,4.0,5.0,5.0,4.0,2.0,3.0,1.0,2.0,2.0,1.0,1.0,CALI
5.0,5.0,4.0,4.0,2.0,2.0,5.0,5.0,5.0,4.0,4.0,3.0,2.0,2.0,3.0,2.0,CALI
5.0,5.0,5.0,4.0,3.0,3.0,5.0,5.0,1.0,3.0,3.0,2.0,2.0,2.0,2.0,1.0,CALI
5.0,5.0,5.0,4.0,4.0,4.0,5.0,5.0,4.0,2.0,4.0,1.0,2.0,2.0,1.0,1.0,CALI
5.0,5.0,5.0,4.0,4.0,4.0,5.0,5.0,2.0,4.0,2.0,1.0,2.0,1.0,1.0,3.0,CALI
5.0,5.0,5.0,4.0,4.0,4.0,5.0,5.0,2.0,2.0,3.0,1.0,2.0,2.0,1.0,1.0,CALI
5.0,5.0,5.0,4.0,4.0,4.0,5.0,5.0,3.0,4.0,3.0,1.0,2.0,1.0,1.0,1.0,CALI
5.0,5.0,5.0,4.0,4.0,4.0,5.0,5.0,4.0,6.0,4.0,2.0,2.0,2.0,2.0,4.0,CALI
5.0,5.0,5.0,4.0,4.0,4.0,5.0,5.0,5.0,4.0,2.0,1.0,2.0,2.0,1.0,2.0,CALI
5.0,5.0,5.0,4.0,4.0,4.0,5.0,5.0,2.0,4.0,3.0,1.0,2.0,1.0,1.0,1.0,CALI
5.0,5.0,5.0,4.0,4.0,4.0,5.0,5.0,4.0,2.0,3.0,1.0,2.0,1.0,1.0,1.0,CALI
5.0,5.0,5.0,4.0,4.0,4.0,5.0,5.0,4.0,4.0,1.0,1.0,2.0,1.0,1.0,2.0,CALI
5.0,5.0,5.0,4.0,4.0,4.0,5.0,5.0,2.0,1.0,1.0,1.0,2.0,1.0,1.0,1.0,CALI
5.0,5.0,5.0,4.0,4.0,4.0,5.0,5.0,1.0,3.0,1.0,1.0,2.0,1.0,1.0,1.0,CALI
5.0,5.0,5.0,4.0,4.0,4.0,5.0,5.0,4.0,1.0,1.0,1.0,2.0,2.0,1.0,1.0,CALI
5.0,5.0,4.0,4.0,2.0,2.0,5.0,5.0,1.0,4.0,2.0,3.0,2.0,2.0,3.0,4.0,CALI
5.0,5.0,5.0,4.0,3.0,3.0,5.0,5.0,6.0,4.0,4.0,2.0,2.0,2.0,2.0,1.0,CALI
5.0,5.0,5.0,4.0,4.0,4.0,5.0,5.0,4.0,2.0,3.0,1.0,2.0,2.0,1.0,1.0,CALI
5.0,5.0,5.0,4.0,4.0,4.0,5.0,5.0,5.0,4.0,3.0,1.0,2.0,2.0,1.0,1.0,CALI
5.0,5.0,5.0,4.0,3.0,3.0,5.0,5.0,4.0,3.0,4.0,2.0,2.0,2.0,2.0,1.0,CALI
5.0,5.0,4.0,5.0,1.0,1.0,5.0,5.0,4.0,2.0,4.0,4.0,1.0,3.0,4.0,1.0,CALI
5.0,5.0,5.0,4.0,4.0,4.0,5.0,5.0,4.0,1.0,1.0,1.0,2.0,1.0,1.0,1.0,CALI
5.0,5.0,5.0,4.0,4.0,4.0,5.0,5.0,4.0,4.0,4.0,1.0,2.0,2.0,1.0,1.0,CALI
5.0,5.0,5.0,4.0,4.0,4.0,5.0,5.0,4.0,2.0,3.0,1.0,2.0,1.0,1.0,1.0,CALI
5.0,5.0,5.0,4.0,4.0,4.0,5.0,5.0,2.0,2.0,2.0,1.0,2.0,2.0,1.0,2.0,CALI
5.0,5.0,4.0,4.0,2.0,2.0,5.0,5.0,5.0,6.0,4.0,3.0,2.0,2.0,3.0,2.0,CALI
5.0,5.0,5.0,4.0,4.0,4.0,5.0,5.0,2.0,2.0,1.0,1.0,2.0,1.0,1.0,1.0,CALI
5.0,5.0,5.0,4.0,4.0,4.0,5.0,5.0,5.0,3.0,3.0,1.0,2.0,2.0,1.0,1.0,CALI
5.0,5.0,5.0,4.0,4.0,4.0,5.0,5.0,4.0,4.0,3.0,1.0,2.0,1.0,1.0,1.0,CALI
5.0,5.0,5.0,4.0,4.0,4.0,5.0,5.0,4.0,2.0,1.0,1.0,2.0,2.0,1.0,1.0,CALI
5.0,5.0,5.0,4.0,4.0,4.0,5.0,5.0,0.0,1.0,1.0,1.0,2.0,1.0,1.0,1.0,CALI
5.0,5.0,5.0,4.0,4.0,4.0,5.0,5.0,4.0,4.0,3.0,1.0,2.0,2.0,1.0,1.0,CALI
5.0,5.0,5.0,4.0,4.0,4.0,5.0,5.0,4.0,6.0,4.0,1.0,2.0,2.0,1.0,4.0,CALI
5.0,5.0,5.0,4.0,4.0,4.0,5.0,5.0,5.0,4.0,3.0,1.0,2.0,2.0,1.0,1.0,CALI
5.0,5.0,5.0,4.0,4.0,4.0,5.0,5.0,5.0,2.0,4.0,1.0,2.0,2.0,1.0,1.0,CALI
5.0,5.0,5.0,4.0,4.0,4.0,5.0,5.0,2.0,0.0,1.0,1.0,2.0,1.0,1.0,0.0,CALI
5.0,5.0,5.0,4.0,4.0,4.0,5.0,5.0,1.0,2.0,3.0,1.0,2.0,2.0,1.0,1.0,CALI
5.0,5.0,5.0,4.0,5.0,5.0,5.0,5.0,5.0,4.0,1.0,0.0,2.0,1.0,0.0,3.0,CALI
5.0,5.0,5.0,4.0,3.0,3.0,5.0,5.0,5.0,3.0,3.0,2.0,2.0,2.0,2.0,1.0,CALI
5.0,5.0,5.0,4.0,4.0,4.0,5.0,5.0,4.0,1.0,1.0,1.0,2.0,1.0,1.0,1.0,CALI
5.0,5.0,5.0,4.0,4.0,4.0,5.0,5.0,2.0,4.0,2.0,1.0,2.0,2.0,1.0,2.0,CALI
5.0,5.0,5.0,4.0,4.0,4.0,5.0,5.0,4.0,2.0,2.0,1.0,2.0,2.0,1.0,1.0,CALI
5.0,5.0,5.0,4.0,4.0,4.0,5.0,5.0,5.0,1.0,3.0,1.0,2.0,2.0,1.0,1.0,CALI
5.0,5.0,5.0,4.0,4.0,4.0,5.0,5.0,4.0,3.0,2.0,1.0,2.0,2.0,1.0,1.0,CALI
5.0,5.0,5.0,4.0,4.0,4.0,5.0,5.0,4.0,4.0,3.0,1.0,2.0,2.0,1.0,1.0,CALI
5.0,5.0,5.0,4.0,4.0,4.0,5.0,5.0,4.0,1.0,3.0,1.0,2.0,2.0,1.0,1.0,CALI
5.0,5.0,4.0,4.0,2.0,2.0,5.0,5.0,4.0,1.0,3.0,3.0,2.0,2.0,3.0,1.0,CALI
5.0,5.0,5.0,4.0,4.0,4.0,5.0,5.0,2.0,4.0,3.0,1.0,2.0,1.0,1.0,2.0,CALI
5.0,5.0,4.0,4.0,2.0,2.0,5.0,5.0,5.0,5.0,4.0,3.0,2.0,2.0,3.0,3.0,CALI
5.0,5.0,5.0,4.0,4.0,4.0,5.0,5.0,4.0,4.0,4.0,1.0,2.0,2.0,1.0,1.0,CALI
5.0,5.0,5.0,4.0,3.0,3.0,5.0,5.0,5.0,4.0,4.0,2.0,2.0,2.0,2.0,3.0,CALI
5.0,5.0,5.0,4.0,4.0,4.0,5.0,5.0,4.0,3.0,3.0,1.0,2.0,1.0,1.0,1.0,CALI
5.0,5.0,4.0,4.0,2.0,2.0,5.0,5.0,5.0,5.0,4.0,3.0,2.0,2.0,3.0,4.0,CALI
5.0,5.0,5.0,4.0,4.0,4.0,5.0,5.0,1.0,2.0,1.0,1.0,2.0,1.0,1.0,1.0,CALI
5.0,5.0,5.0,4.0,4.0,4.0,5.0,5.0,2.0,4.0,3.0,1.0,2.0,2.0,1.0,2.0,CALI
5.0,5.0,5.0,4.0,5.0,5.0,5.0,5.0,5.0,4.0,1.0,0.0,2.0,1.0,0.0,1.0,CALI
5.0,5.0,5.0,4.0,5.0,5.0,5.0,5.0,4.0,4.0,1.0,0.0,2.0,1.0,0.0,1.0,CALI
5.0,5.0,5.0,4.0,3.0,3.0,5.0,5.0,2.0,4.0,3.0,2.0,2.0,2.0,2.0,2.0,CALI
5.0,5.0,5.0,4.0,5.0,5.0,5.0,5.0,1.0,4.0,3.0,1.0,2.0,1.0,1.0,1.0,CALI
5.0,5.0,5.0,4.0,4.0,4.0,5.0,5.0,5.0,1.0,1.0,1.0,2.0,1.0,1.0,1.0,CALI
5.0,5.0,5.0,4.0,4.0,4.0,5.0,5.0,4.0,2.0,3.0,1.0,2.0,1.0,1.0,1.0,CALI
5.0,5.0,5.0,4.0,4.0,4.0,5.0,5.0,4.0,3.0,2.0,1.0,2.0,1.0,1.0,1.0,CALI
5.0,5.0,5.0,4.0,4.0,4.0,5.0,5.0,2.0,1.0,1.0,1.0,2.0,1.0,1.0,1.0,CALI
5.0,5.0,5.0,4.0,4.0,4.0,5.0,5.0,0.0,4.0,3.0,1.0,2.0,1.0,1.0,1.0,CALI
5.0,5.0,5.0,4.0,4.0,4.0,5.0,5.0,4.0,1.0,1.0,1.0,2.0,1.0,1.0,1.0,CALI
5.0,5.0,5.0,4.0,3.0,3.0,5.0,5.0,4.0,4.0,4.0,2.0,2.0,2.0,2.0,1.0,CALI
5.0,5.0,5.0,4.0,4.0,4.0,5.0,5.0,4.0,3.0,3.0,1.0,2.0,1.0,1.0,1.0,CALI
5.0,5.0,5.0,4.0,4.0,4.0,5.0,5.0,5.0,2.0,4.0,1.0,2.0,2.0,1.0,1.0,CALI
5.0,5.0,5.0,4.0,4.0,4.0,5.0,5.0,4.0,4.0,4.0,1.0,2.0,2.0,1.0,2.0,CALI
5.0,5.0,5.0,4.0,4.0,4.0,5.0,5.0,2.0,2.0,1.0,1.0,2.0,2.0,1.0,1.0,CALI
5.0,5.0,5.0,4.0,4.0,4.0,5.0,5.0,4.0,4.0,3.0,1.0,2.0,1.0,1.0,3.0,CALI
5.0,5.0,5.0,4.0,4.0,4.0,5.0,5.0,4.0,4.0,3.0,1.0,2.0,1.0,1.0,1.0,CALI
5.0,5.0,5.0,4.0,3.0,3.0,5.0,5.0,4.0,4.0,4.0,2.0,2.0,2.0,2.0,2.0,CALI
5.0,5.0,5.0,4.0,2.0,2.0,5.0,5.0,4.0,3.0,4.0,3.0,2.0,2.0,3.0,1.0,CALI
5.0,5.0,5.0,4.0,4.0,4.0,5.0,5.0,5.0,2.0,2.0,1.0,2.0,1.0,1.0,1.0,CALI
5.0,5.0,5.0,4.0,4.0,4.0,5.0,5.0,3.0,4.0,4.0,1.0,2.0,2.0,1.0,2.0,CALI
5.0,5.0,5.0,4.0,5.0,5.0,5.0,5.0,4.0,1.0,1.0,1.0,2.0,1.0,1.0,1.0,CALI
5.0,5.0,5.0,4.0,4.0,4.0,5.0,5.0,5.0,1.0,1.0,1.0,2.0,1.0,1.0,0.0,CALI
5.0,5.0,4.0,4.0,2.0,2.0,5.0,5.0,4.0,4.0,4.0,3.0,2.0,2.0,3.0,2.0,CALI
5.0,5.0,5.0,4.0,4.0,4.0,5.0,5.0,5.0,2.0,3.0,1.0,2.0,2.0,1.0,1.0,CALI
5.0,5.0,5.0,4.0,4.0,4.0,5.0,5.0,3.0,3.0,2.0,1.0,2.0,1.0,1.0,1.0,CALI
5.0,5.0,5.0,4.0,4.0,4.0,5.0,5.0,4.0,4.0,3.0,1.0,2.0,1.0,1.0,1.0,CALI
5.0,5.0,5.0,4.0,4.0,4.0,5.0,5.0,4.0,1.0,2.0,1.0,2.0,1.0,1.0,1.0,CALI
5.0,5.0,5.0,4.0,3.0,3.0,5.0,5.0,4.0,4.0,4.0,2.0,2.0,2.0,2.0,1.0,CALI
5.0,5.0,5.0,4.0,2.0,2.0,5.0,5.0,5.0,4.0,4.0,3.0,2.0,2.0,3.0,3.0,CALI
5.0,5.0,5.0,4.0,4.0,4.0,5.0,5.0,4.0,6.0,3.0,1.0,2.0,1.0,1.0,3.0,CALI
5.0,5.0,5.0,4.0,4.0,4.0,5.0,5.0,4.0,1.0,4.0,1.0,2.0,2.0,1.0,1.0,CALI
5.0,5.0,5.0,4.0,3.0,3.0,5.0,5.0,4.0,4.0,3.0,2.0,2.0,2.0,2.0,1.0,CALI
5.0,5.0,5.0,4.0,4.0,4.0,5.0,5.0,5.0,4.0,2.0,1.0,2.0,1.0,1.0,1.0,CALI
5.0,5.0,5.0,4.0,4.0,4.0,5.0,5.0,5.0,3.0,4.0,1.0,2.0,2.0,1.0,1.0,CALI
5.0,5.0,5.0,4.0,3.0,3.0,5.0,5.0,3.0,2.0,3.0,2.0,2.0,2.0,2.0,1.0,CALI
5.0,5.0,5.0,4.0,4.0,4.0,5.0,5.0,5.0,2.0,1.0,1.0,2.0,1.0,1.0,1.0,CALI
5.0,5.0,5.0,4.0,3.0,3.0,5.0,5.0,2.0,4.0,4.0,2.0,2.0,2.0,2.0,2.0,CALI
5.0,5.0,5.0,4.0,4.0,4.0,5.0,5.0,4.0,1.0,3.0,1.0,2.0,2.0,1.0,1.0,CALI
5.0,5.0,5.0,4.0,3.0,3.0,5.0,5.0,4.0,2.0,3.0,2.0,2.0,2.0,2.0,1.0,CALI
5.0,5.0,5.0,4.0,4.0,4.0,5.0,5.0,5.0,4.0,4.0,1.0,2.0,2.0,1.0,1.0,CALI
5.0,5.0,5.0,4.0,4.0,4.0,5.0,5.0,4.0,1.0,2.0,1.0,2.0,1.0,1.0,1.0,CALI
5.0,5.0,4.0,4.0,2.0,2.0,5.0,5.0,2.0,3.0,4.0,3.0,2.0,2.0,3.0,1.0,CALI
5.0,5.0,5.0,4.0,4.0,4.0,5.0,5.0,4.0,4.0,2.0,1.0,2.0,1.0,1.0,1.0,CALI
5.0,5.0,5.0,4.0,4.0,4.0,5.0,5.0,4.0,2.0,3.0,1.0,2.0,2.0,1.0,1.0,CALI
5.0,5.0,5.0,4.0,4.0,4.0,5.0,5.0,4.0,1.0,1.0,1.0,2.0,1.0,1.0,1.0,CALI
5.0,5.0,5.0,4.0,4.0,4.0,5.0,5.0,4.0,4.0,4.0,1.0,2.0,2.0,1.0,1.0,CALI
5.0,5.0,5.0,4.0,4.0,4.0,5.0,5.0,4.0,3.0,3.0,1.0,2.0,1.0,1.0,1.0,CALI
5.0,5.0,5.0,4.0,4.0,4.0,5.0,5.0,2.0,4.0,3.0,1.0,2.0,2.0,1.0,1.0,CALI
5.0,5.0,5.0,4.0,4.0,4.0,5.0,5.0,2.0,2.0,3.0,1.0,2.0,1.0,1.0,1.0,CALI
5.0,5.0,5.0,4.0,4.0,4.0,5.0,5.0,2.0,5.0,2.0,1.0,2.0,1.0,1.0,3.0,CALI
5.0,5.0,5.0,4.0,4.0,4.0,5.0,5.0,2.0,4.0,4.0,1.0,2.0,2.0,1.0,2.0,CALI
5.0,5.0,5.0,4.0,3.0,3.0,5.0,5.0,5.0,2.0,3.0,2.0,2.0,2.0,2.0,1.0,CALI
5.0,5.0,5.0,4.0,4.0,4.0,5.0,5.0,4.0,2.0,1.0,1.0,2.0,1.0,1.0,1.0,CALI
5.0,5.0,5.0,4.0,4.0,4.0,5.0,5.0,5.0,4.0,3.0,1.0,2.0,2.0,1.0,4.0,CALI
5.0,5.0,5.0,4.0,4.0,4.0,5.0,5.0,3.0,2.0,3.0,1.0,2.0,1.0,1.0,1.0,CALI
5.0,5.0,5.0,4.0,5.0,5.0,5.0,5.0,2.0,4.0,1.0,0.0,2.0,1.0,0.0,4.0,CALI
5.0,5.0,5.0,4.0,4.0,4.0,5.0,5.0,2.0,6.0,3.0,1.0,2.0,1.0,1.0,4.0,CALI
5.0,5.0,5.0,4.0,4.0,4.0,5.0,5.0,4.0,4.0,2.0,1.0,2.0,1.0,1.0,1.0,CALI
5.0,5.0,5.0,4.0,4.0,4.0,5.0,5.0,4.0,2.0,4.0,1.0,2.0,2.0,1.0,1.0,CALI
5.0,5.0,5.0,4.0,4.0,4.0,5.0,5.0,5.0,2.0,3.0,1.0,2.0,1.0,1.0,1.0,CALI
5.0,5.0,5.0,4.0,4.0,4.0,5.0,5.0,4.0,2.0,3.0,1.0,2.0,1.0,1.0,1.0,CALI
5.0,5.0,5.0,4.0,4.0,4.0,5.0,5.0,4.0,6.0,3.0,1.0,2.0,1.0,1.0,2.0,CALI
5.0,5.0,5.0,4.0,4.0,4.0,5.0,5.0,5.0,4.0,3.0,1.0,2.0,2.0,1.0,1.0,CALI
5.0,5.0,5.0,4.0,4.0,4.0,5.0,5.0,4.0,4.0,4.0,1.0,2.0,2.0,1.0,2.0,CALI
5.0,5.0,5.0,4.0,4.0,4.0,5.0,5.0,2.0,6.0,4.0,1.0,2.0,2.0,1.0,2.0,CALI
5.0,5.0,5.0,4.0,4.0,4.0,5.0,5.0,4.0,6.0,4.0,1.0,2.0,2.0,1.0,3.0,CALI
5.0,5.0,5.0,4.0,4.0,4.0,5.0,5.0,5.0,4.0,3.0,1.0,2.0,2.0,1.0,1.0,CALI
5.0,5.0,5.0,4.0,4.0,4.0,5.0,5.0,2.0,3.0,2.0,1.0,2.0,1.0,1.0,2.0,CALI
5.0,5.0,5.0,4.0,4.0,4.0,5.0,5.0,5.0,2.0,3.0,1.0,2.0,1.0,1.0,1.0,CALI
5.0,5.0,5.0,4.0,4.0,4.0,5.0,5.0,2.0,4.0,4.0,2.0,2.0,2.0,2.0,1.0,CALI
5.0,5.0,4.0,4.0,2.0,2.0,5.0,5.0,5.0,4.0,4.0,3.0,2.0,2.0,3.0,2.0,CALI
5.0,5.0,5.0,4.0,4.0,4.0,5.0,5.0,4.0,1.0,3.0,1.0,2.0,1.0,1.0,1.0,CALI
5.0,5.0,5.0,4.0,4.0,4.0,5.0,5.0,2.0,4.0,4.0,2.0,2.0,2.0,2.0,2.0,CALI
5.0,5.0,5.0,4.0,5.0,5.0,5.0,5.0,2.0,2.0,2.0,0.0,2.0,1.0,0.0,1.0,CALI
5.0,5.0,5.0,4.0,4.0,4.0,5.0,5.0,4.0,4.0,3.0,1.0,2.0,1.0,1.0,2.0,CALI
5.0,5.0,5.0,4.0,4.0,4.0,5.0,5.0,3.0,2.0,2.0,1.0,2.0,1.0,1.0,1.0,CALI
5.0,5.0,5.0,4.0,4.0,4.0,5.0,5.0,5.0,6.0,4.0,1.0,2.0,1.0,1.0,3.0,CALI
5.0,5.0,5.0,4.0,4.0,4.0,5.0,5.0,4.0,2.0,3.0,1.0,2.0,2.0,1.0,1.0,CALI
5.0,5.0,5.0,4.0,4.0,4.0,5.0,5.0,4.0,2.0,1.0,1.0,2.0,1.0,1.0,1.0,CALI
5.0,5.0,5.0,4.0,4.0,4.0,5.0,5.0,5.0,4.0,3.0,1.0,2.0,2.0,1.0,1.0,CALI
5.0,5.0,5.0,4.0,4.0,4.0,5.0,5.0,1.0,4.0,4.0,1.0,2.0,2.0,1.0,2.0,CALI
5.0,5.0,5.0,4.0,4.0,4.0,5.0,5.0,5.0,5.0,4.0,1.0,2.0,1.0,1.0,2.0,CALI
5.0,5.0,5.0,4.0,4.0,4.0,5.0,5.0,4.0,2.0,3.0,1.0,2.0,2.0,1.0,1.0,CALI
5.0,5.0,5.0,4.0,4.0,4.0,5.0,5.0,2.0,2.0,3.0,1.0,2.0,1.0,1.0,2.0,CALI
5.0,5.0,5.0,4.0,4.0,4.0,5.0,5.0,3.0,4.0,3.0,1.0,2.0,1.0,1.0,2.0,CALI
5.0,5.0,5.0,4.0,4.0,4.0,5.0,5.0,2.0,4.0,3.0,1.0,2.0,2.0,1.0,1.0,CALI
5.0,5.0,5.0,4.0,3.0,3.0,5.0,5.0,4.0,4.0,4.0,2.0,2.0,2.0,2.0,2.0,CALI
5.0,5.0,5.0,4.0,4.0,4.0,5.0,5.0,4.0,4.0,3.0,1.0,2.0,2.0,1.0,3.0,CALI
5.0,5.0,5.0,4.0,4.0,4.0,5.0,5.0,5.0,5.0,3.0,1.0,2.0,2.0,1.0,3.0,CALI
5.0,5.0,5.0,4.0,4.0,4.0,5.0,5.0,4.0,6.0,3.0,1.0,2.0,1.0,1.0,3.0,CALI
5.0,5.0,5.0,4.0,4.0,4.0,5.0,5.0,5.0,2.0,3.0,1.0,2.0,1.0,1.0,1.0,CALI
5.0,5.0,5.0,4.0,3.0,3.0,5.0,5.0,4.0,2.0,4.0,2.0,2.0,2.0,2.0,1.0,CALI
5.0,5.0,5.0,4.0,4.0,4.0,5.0,5.0,1.0,0.0,1.0,1.0,2.0,1.0,1.0,0.0,CALI
5.0,5.0,5.0,4.0,4.0,4.0,5.0,5.0,1.0,4.0,3.0,1.0,2.0,1.0,1.0,2.0,CALI
5.0,5.0,5.0,4.0,4.0,4.0,5.0,5.0,4.0,4.0,4.0,1.0,2.0,2.0,1.0,1.0,CALI
5.0,5.0,5.0,4.0,3.0,3.0,5.0,5.0,5.0,5.0,3.0,2.0,2.0,2.0,2.0,4.0,CALI
5.0,5.0,5.0,4.0,4.0,4.0,5.0,5.0,2.0,4.0,4.0,2.0,2.0,2.0,2.0,2.0,CALI
5.0,5.0,5.0,4.0,4.0,4.0,5.0,5.0,5.0,6.0,3.0,1.0,2.0,1.0,1.0,2.0,CALI
5.0,5.0,5.0,4.0,4.0,4.0,5.0,5.0,5.0,5.0,3.0,1.0,2.0,2.0,1.0,3.0,CALI
5.0,5.0,5.0,4.0,4.0,4.0,5.0,5.0,5.0,6.0,4.0,1.0,2.0,2.0,1.0,4.0,CALI
5.0,5.0,5.0,4.0,5.0,5.0,5.0,5.0,5.0,2.0,1.0,0.0,2.0,1.0,0.0,1.0,CALI
5.0,5.0,5.0,4.0,2.0,2.0,5.0,5.0,2.0,3.0,4.0,3.0,2.0,2.0,3.0,1.0,CALI
5.0,5.0,5.0,4.0,4.0,4.0,5.0,5.0,4.0,2.0,3.0,1.0,2.0,1.0,1.0,1.0,CALI
5.0,5.0,5.0,4.0,4.0,4.0,5.0,5.0,5.0,4.0,2.0,1.0,2.0,1.0,1.0,2.0,CALI
5.0,5.0,5.0,4.0,5.0,5.0,5.0,5.0,6.0,4.0,1.0,0.0,2.0,1.0,0.0,1.0,CALI
5.0,5.0,5.0,4.0,4.0,4.0,5.0,5.0,4.0,0.0,1.0,1.0,2.0,1.0,1.0,0.0,CALI
5.0,5.0,5.0,4.0,5.0,5.0,5.0,5.0,6.0,4.0,1.0,0.0,2.0,1.0,0.0,2.0,CALI
5.0,5.0,5.0,4.0,4.0,4.0,5.0,5.0,6.0,1.0,1.0,1.0,2.0,1.0,1.0,1.0,CALI
5.0,5.0,5.0,4.0,4.0,4.0,5.0,5.0,5.0,6.0,3.0,1.0,2.0,1.0,1.0,3.0,CALI
5.0,5.0,5.0,4.0,3.0,3.0,5.0,5.0,4.0,2.0,4.0,2.0,2.0,2.0,2.0,1.0,CALI
5.0,5.0,5.0,4.0,4.0,4.0,5.0,5.0,0.0,4.0,1.0,1.0,2.0,1.0,1.0,1.0,CALI
5.0,5.0,5.0,4.0,4.0,4.0,5.0,5.0,5.0,4.0,3.0,1.0,2.0,1.0,1.0,3.0,CALI
5.0,5.0,5.0,4.0,4.0,4.0,5.0,5.0,5.0,2.0,3.0,1.0,2.0,1.0,1.0,1.0,CALI
5.0,5.0,5.0,4.0,5.0,5.0,5.0,5.0,4.0,4.0,1.0,0.0,2.0,1.0,0.0,2.0,CALI
5.0,5.0,5.0,4.0,4.0,4.0,5.0,5.0,2.0,4.0,3.0,1.0,2.0,2.0,1.0,1.0,CALI
5.0,5.0,5.0,4.0,4.0,4.0,5.0,5.0,4.0,2.0,2.0,1.0,2.0,1.0,1.0,1.0,CALI
5.0,5.0,4.0,5.0,2.0,2.0,5.0,5.0,4.0,4.0,4.0,3.0,1.0,2.0,3.0,2.0,CALI
5.0,5.0,5.0,4.0,4.0,4.0,5.0,5.0,4.0,4.0,3.0,1.0,2.0,1.0,1.0,3.0,CALI
5.0,5.0,5.0,4.0,4.0,4.0,5.0,5.0,4.0,2.0,2.0,1.0,2.0,1.0,1.0,1.0,CALI
5.0,5.0,5.0,4.0,5.0,5.0,5.0,5.0,2.0,4.0,1.0,1.0,2.0,1.0,1.0,4.0,CALI
5.0,5.0,5.0,4.0,4.0,4.0,5.0,5.0,5.0,2.0,3.0,1.0,2.0,2.0,1.0,1.0,CALI
5.0,5.0,5.0,4.0,4.0,4.0,5.0,5.0,2.0,6.0,4.0,2.0,2.0,2.0,2.0,2.0,CALI
5.0,5.0,5.0,4.0,4.0,4.0,5.0,5.0,4.0,2.0,3.0,1.0,2.0,2.0,1.0,1.0,CALI
5.0,5.0,5.0,4.0,4.0,4.0,5.0,5.0,4.0,2.0,1.0,1.0,2.0,1.0,1.0,1.0,CALI
5.0,5.0,5.0,4.0,4.0,4.0,5.0,5.0,5.0,5.0,3.0,1.0,2.0,1.0,1.0,2.0,CALI
5.0,5.0,5.0,4.0,4.0,4.0,5.0,5.0,0.0,1.0,1.0,0.0,2.0,1.0,0.0,1.0,CALI
5.0,5.0,5.0,4.0,4.0,4.0,5.0,5.0,2.0,2.0,3.0,1.0,2.0,1.0,1.0,1.0,CALI
5.0,5.0,5.0,4.0,4.0,4.0,5.0,5.0,1.0,2.0,2.0,1.0,2.0,1.0,1.0,1.0,CALI
5.0,5.0,5.0,4.0,4.0,4.0,5.0,5.0,4.0,3.0,3.0,1.0,2.0,1.0,1.0,1.0,CALI
5.0,5.0,5.0,4.0,4.0,4.0,5.0,5.0,5.0,5.0,3.0,1.0,2.0,1.0,1.0,3.0,CALI
5.0,5.0,5.0,4.0,4.0,4.0,5.0,5.0,5.0,2.0,3.0,1.0,2.0,1.0,1.0,1.0,CALI
5.0,5.0,5.0,4.0,3.0,3.0,5.0,5.0,4.0,2.0,4.0,2.0,2.0,2.0,2.0,1.0,CALI
5.0,5.0,5.0,4.0,4.0,4.0,5.0,5.0,1.0,1.0,2.0,1.0,2.0,1.0,1.0,1.0,CALI
5.0,5.0,5.0,4.0,5.0,5.0,5.0,5.0,1.0,3.0,1.0,0.0,2.0,1.0,0.0,2.0,CALI
5.0,5.0,5.0,4.0,4.0,4.0,5.0,5.0,4.0,6.0,3.0,1.0,2.0,1.0,1.0,2.0,CALI
5.0,5.0,5.0,4.0,4.0,4.0,5.0,5.0,5.0,2.0,2.0,1.0,2.0,1.0,1.0,1.0,CALI
5.0,5.0,5.0,4.0,4.0,4.0,5.0,5.0,4.0,4.0,1.0,1.0,2.0,2.0,1.0,4.0,CALI
5.0,5.0,5.0,4.0,4.0,4.0,5.0,5.0,2.0,1.0,2.0,1.0,2.0,1.0,1.0,0.0,CALI
5.0,5.0,5.0,4.0,2.0,2.0,5.0,5.0,2.0,5.0,4.0,3.0,2.0,2.0,3.0,2.0,CALI
5.0,5.0,5.0,4.0,4.0,4.0,5.0,5.0,4.0,4.0,3.0,1.0,2.0,1.0,1.0,3.0,CALI
5.0,5.0,5.0,4.0,4.0,4.0,5.0,5.0,4.0,4.0,3.0,1.0,2.0,1.0,1.0,1.0,CALI
5.0,5.0,5.0,4.0,4.0,4.0,5.0,5.0,5.0,2.0,1.0,1.0,2.0,1.0,1.0,1.0,CALI
5.0,5.0,5.0,4.0,4.0,4.0,5.0,5.0,4.0,3.0,3.0,1.0,2.0,2.0,1.0,1.0,CALI
5.0,5.0,5.0,4.0,4.0,4.0,5.0,5.0,1.0,2.0,3.0,1.0,2.0,2.0,1.0,1.0,CALI
5.0,5.0,4.0,5.0,2.0,2.0,5.0,5.0,4.0,4.0,4.0,3.0,1.0,2.0,3.0,2.0,CALI
5.0,5.0,5.0,4.0,3.0,3.0,5.0,5.0,6.0,3.0,3.0,2.0,2.0,2.0,2.0,1.0,CALI
5.0,5.0,4.0,5.0,2.0,2.0,5.0,5.0,2.0,2.0,4.0,3.0,2.0,2.0,3.0,2.0,CALI
5.0,5.0,5.0,4.0,4.0,4.0,5.0,5.0,4.0,6.0,4.0,1.0,2.0,2.0,1.0,1.0,CALI
5.0,5.0,5.0,4.0,2.0,2.0,5.0,5.0,2.0,4.0,4.0,3.0,2.0,2.0,3.0,4.0,CALI
5.0,5.0,5.0,4.0,4.0,4.0,5.0,5.0,1.0,4.0,3.0,1.0,2.0,1.0,1.0,4.0,CALI
5.0,5.0,5.0,4.0,5.0,5.0,5.0,5.0,3.0,2.0,1.0,0.0,2.0,1.0,0.0,1.0,CALI
5.0,5.0,5.0,4.0,4.0,4.0,5.0,5.0,4.0,1.0,1.0,1.0,2.0,1.0,1.0,1.0,CALI
5.0,5.0,5.0,4.0,4.0,4.0,5.0,5.0,4.0,5.0,3.0,1.0,2.0,2.0,1.0,4.0,CALI
5.0,5.0,5.0,4.0,4.0,4.0,5.0,5.0,5.0,4.0,3.0,1.0,2.0,1.0,1.0,1.0,CALI
5.0,5.0,5.0,4.0,5.0,5.0,5.0,5.0,4.0,3.0,3.0,1.0,2.0,1.0,1.0,1.0,CALI
5.0,5.0,5.0,4.0,4.0,4.0,5.0,5.0,4.0,2.0,3.0,1.0,2.0,1.0,1.0,1.0,CALI
5.0,5.0,5.0,4.0,4.0,4.0,5.0,5.0,4.0,2.0,4.0,1.0,2.0,2.0,1.0,1.0,CALI
5.0,5.0,5.0,4.0,2.0,2.0,5.0,5.0,4.0,4.0,4.0,3.0,2.0,2.0,3.0,1.0,CALI
5.0,5.0,5.0,4.0,4.0,4.0,5.0,5.0,2.0,5.0,3.0,1.0,2.0,2.0,1.0,3.0,CALI
5.0,5.0,5.0,4.0,4.0,4.0,5.0,5.0,4.0,1.0,3.0,1.0,2.0,2.0,1.0,1.0,CALI
5.0,5.0,5.0,4.0,4.0,4.0,5.0,5.0,5.0,6.0,4.0,1.0,2.0,2.0,1.0,3.0,CALI
5.0,5.0,5.0,4.0,5.0,5.0,5.0,5.0,3.0,2.0,2.0,1.0,2.0,1.0,1.0,1.0,CALI
5.0,5.0,5.0,4.0,4.0,4.0,5.0,5.0,4.0,2.0,3.0,1.0,2.0,2.0,1.0,1.0,CALI
5.0,5.0,5.0,4.0,4.0,4.0,5.0,5.0,2.0,4.0,3.0,1.0,2.0,2.0,1.0,4.0,CALI
5.0,5.0,5.0,4.0,4.0,4.0,5.0,5.0,2.0,2.0,2.0,1.0,2.0,1.0,1.0,1.0,CALI
5.0,5.0,5.0,4.0,4.0,4.0,5.0,5.0,0.0,3.0,3.0,1.0,2.0,2.0,1.0,1.0,CALI
5.0,5.0,5.0,4.0,2.0,2.0,5.0,5.0,5.0,4.0,4.0,3.0,2.0,2.0,3.0,3.0,CALI
5.0,5.0,5.0,4.0,4.0,4.0,5.0,5.0,4.0,1.0,2.0,1.0,2.0,2.0,1.0,1.0,CALI
5.0,5.0,5.0,4.0,4.0,4.0,5.0,5.0,2.0,4.0,3.0,2.0,2.0,2.0,2.0,2.0,CALI
5.0,5.0,5.0,4.0,4.0,4.0,5.0,5.0,4.0,4.0,3.0,1.0,2.0,1.0,1.0,2.0,CALI
5.0,5.0,5.0,4.0,2.0,2.0,5.0,5.0,4.0,4.0,4.0,3.0,2.0,2.0,3.0,1.0,CALI
5.0,5.0,5.0,4.0,2.0,2.0,5.0,5.0,1.0,4.0,3.0,3.0,2.0,2.0,3.0,1.0,CALI
5.0,5.0,5.0,4.0,4.0,4.0,5.0,5.0,5.0,2.0,3.0,1.0,2.0,1.0,1.0,1.0,CALI
5.0,5.0,5.0,4.0,4.0,4.0,5.0,5.0,2.0,2.0,2.0,1.0,2.0,1.0,1.0,1.0,CALI
5.0,5.0,5.0,4.0,4.0,4.0,5.0,5.0,5.0,4.0,3.0,1.0,2.0,1.0,1.0,3.0,CALI
5.0,5.0,5.0,4.0,3.0,3.0,5.0,5.0,4.0,2.0,4.0,2.0,2.0,2.0,2.0,1.0,CALI
5.0,5.0,5.0,4.0,4.0,4.0,5.0,5.0,4.0,2.0,3.0,1.0,2.0,1.0,1.0,1.0,CALI
5.0,5.0,5.0,5.0,2.0,2.0,5.0,5.0,2.0,2.0,4.0,3.0,2.0,2.0,3.0,1.0,CALI
5.0,5.0,5.0,4.0,4.0,4.0,5.0,5.0,5.0,4.0,3.0,1.0,2.0,1.0,1.0,1.0,CALI
5.0,5.0,5.0,4.0,2.0,2.0,5.0,5.0,5.0,4.0,4.0,3.0,2.0,2.0,3.0,2.0,CALI
5.0,5.0,5.0,4.0,5.0,5.0,5.0,5.0,2.0,3.0,1.0,0.0,2.0,1.0,0.0,1.0,CALI
5.0,5.0,5.0,4.0,4.0,4.0,5.0,5.0,1.0,5.0,3.0,1.0,2.0,2.0,1.0,2.0,CALI
5.0,5.0,5.0,4.0,4.0,4.0,5.0,5.0,4.0,4.0,3.0,1.0,2.0,1.0,1.0,1.0,CALI
5.0,5.0,5.0,4.0,4.0,4.0,5.0,5.0,2.0,1.0,1.0,1.0,2.0,1.0,1.0,1.0,CALI
5.0,5.0,5.0,4.0,4.0,4.0,5.0,5.0,4.0,3.0,3.0,1.0,2.0,1.0,1.0,1.0,CALI
5.0,5.0,5.0,4.0,4.0,4.0,5.0,5.0,4.0,4.0,2.0,1.0,2.0,1.0,1.0,2.0,CALI
5.0,5.0,5.0,4.0,3.0,3.0,5.0,5.0,4.0,2.0,3.0,2.0,2.0,2.0,2.0,1.0,CALI
5.0,5.0,5.0,4.0,4.0,4.0,5.0,5.0,6.0,4.0,4.0,1.0,2.0,1.0,1.0,2.0,CALI
5.0,5.0,5.0,4.0,2.0,2.0,5.0,5.0,2.0,2.0,3.0,3.0,2.0,2.0,3.0,2.0,CALI
5.0,5.0,5.0,4.0,3.0,3.0,5.0,5.0,4.0,4.0,4.0,2.0,2.0,2.0,2.0,1.0,CALI
5.0,5.0,5.0,4.0,4.0,4.0,5.0,5.0,5.0,6.0,4.0,2.0,2.0,2.0,2.0,3.0,CALI
5.0,5.0,5.0,4.0,2.0,2.0,5.0,5.0,1.0,3.0,3.0,2.0,2.0,2.0,2.0,1.0,CALI
5.0,5.0,5.0,4.0,4.0,4.0,5.0,5.0,2.0,5.0,3.0,1.0,2.0,1.0,1.0,3.0,CALI
5.0,5.0,5.0,4.0,4.0,4.0,5.0,5.0,5.0,6.0,4.0,1.0,2.0,2.0,1.0,2.0,CALI
5.0,5.0,5.0,4.0,4.0,4.0,5.0,5.0,5.0,6.0,3.0,1.0,2.0,1.0,1.0,2.0,CALI
5.0,5.0,4.0,5.0,1.0,1.0,5.0,5.0,5.0,2.0,4.0,4.0,1.0,2.0,4.0,1.0,CALI
5.0,5.0,5.0,4.0,4.0,4.0,5.0,5.0,5.0,4.0,3.0,1.0,2.0,1.0,1.0,1.0,CALI
5.0,5.0,5.0,4.0,4.0,4.0,5.0,5.0,4.0,1.0,3.0,1.0,2.0,2.0,1.0,1.0,CALI
5.0,5.0,5.0,4.0,2.0,2.0,5.0,5.0,4.0,4.0,4.0,3.0,2.0,2.0,3.0,3.0,CALI
5.0,5.0,5.0,4.0,4.0,4.0,5.0,5.0,5.0,2.0,4.0,1.0,2.0,2.0,1.0,1.0,CALI
5.0,5.0,5.0,4.0,4.0,4.0,5.0,5.0,4.0,4.0,3.0,1.0,2.0,1.0,1.0,1.0,CALI
5.0,5.0,5.0,4.0,3.0,3.0,5.0,5.0,5.0,2.0,3.0,2.0,2.0,2.0,2.0,1.0,CALI
5.0,5.0,5.0,4.0,2.0,2.0,5.0,5.0,1.0,3.0,4.0,2.0,2.0,2.0,2.0,1.0,CALI
5.0,5.0,5.0,4.0,3.0,3.0,5.0,5.0,5.0,4.0,3.0,2.0,2.0,2.0,2.0,1.0,CALI
5.0,5.0,5.0,4.0,4.0,4.0,5.0,5.0,3.0,1.0,3.0,1.0,2.0,1.0,1.0,1.0,CALI
5.0,5.0,5.0,4.0,4.0,4.0,5.0,5.0,5.0,4.0,1.0,1.0,2.0,2.0,1.0,1.0,CALI
5.0,5.0,5.0,4.0,2.0,2.0,5.0,5.0,1.0,4.0,4.0,3.0,2.0,2.0,3.0,1.0,CALI
5.0,5.0,5.0,4.0,3.0,3.0,5.0,5.0,5.0,6.0,4.0,2.0,2.0,2.0,2.0,3.0,CALI
5.0,5.0,5.0,4.0,4.0,4.0,5.0,5.0,5.0,4.0,4.0,1.0,2.0,2.0,1.0,1.0,CALI
5.0,5.0,5.0,4.0,4.0,4.0,5.0,5.0,1.0,6.0,4.0,1.0,2.0,1.0,1.0,4.0,CALI
5.0,5.0,5.0,4.0,4.0,4.0,5.0,5.0,5.0,4.0,3.0,1.0,2.0,1.0,1.0,3.0,CALI
5.0,5.0,5.0,5.0,2.0,2.0,5.0,5.0,4.0,2.0,3.0,3.0,1.0,2.0,3.0,1.0,CALI
5.0,5.0,5.0,4.0,4.0,4.0,5.0,5.0,5.0,1.0,2.0,1.0,2.0,2.0,1.0,1.0,CALI
5.0,5.0,5.0,4.0,3.0,3.0,5.0,5.0,2.0,1.0,3.0,1.0,2.0,2.0,1.0,1.0,CALI
5.0,5.0,5.0,4.0,4.0,4.0,5.0,5.0,4.0,4.0,3.0,1.0,2.0,2.0,1.0,1.0,CALI
5.0,5.0,5.0,4.0,5.0,5.0,5.0,5.0,6.0,6.0,3.0,0.0,2.0,1.0,0.0,1.0,CALI
5.0,5.0,5.0,4.0,4.0,4.0,5.0,5.0,2.0,1.0,3.0,1.0,2.0,2.0,1.0,1.0,CALI
5.0,5.0,5.0,4.0,4.0,4.0,5.0,5.0,1.0,2.0,3.0,1.0,2.0,1.0,1.0,1.0,CALI
5.0,5.0,5.0,4.0,4.0,4.0,5.0,5.0,4.0,2.0,2.0,0.0,2.0,1.0,0.0,1.0,CALI
5.0,5.0,5.0,4.0,4.0,4.0,5.0,5.0,5.0,4.0,1.0,1.0,2.0,1.0,1.0,2.0,CALI
5.0,5.0,5.0,4.0,4.0,4.0,5.0,5.0,5.0,4.0,3.0,1.0,2.0,2.0,1.0,1.0,CALI
5.0,5.0,5.0,4.0,4.0,4.0,5.0,5.0,0.0,4.0,3.0,1.0,2.0,1.0,1.0,1.0,CALI
5.0,5.0,5.0,4.0,5.0,5.0,5.0,5.0,1.0,2.0,3.0,0.0,2.0,1.0,0.0,1.0,CALI
5.0,5.0,4.0,5.0,1.0,1.0,5.0,5.0,2.0,5.0,4.0,4.0,1.0,2.0,4.0,3.0,CALI
5.0,5.0,5.0,4.0,4.0,4.0,5.0,5.0,4.0,2.0,3.0,1.0,2.0,2.0,1.0,1.0,CALI
5.0,5.0,5.0,4.0,2.0,2.0,5.0,5.0,2.0,4.0,4.0,3.0,2.0,2.0,3.0,3.0,CALI
5.0,5.0,5.0,4.0,3.0,3.0,5.0,5.0,4.0,4.0,3.0,2.0,2.0,2.0,2.0,4.0,CALI
5.0,5.0,5.0,4.0,5.0,5.0,5.0,5.0,3.0,5.0,3.0,0.0,2.0,1.0,0.0,3.0,CALI
5.0,5.0,5.0,4.0,4.0,4.0,5.0,5.0,4.0,2.0,4.0,1.0,2.0,2.0,1.0,1.0,CALI
5.0,5.0,5.0,4.0,4.0,4.0,5.0,5.0,4.0,2.0,3.0,1.0,2.0,2.0,1.0,1.0,CALI
5.0,5.0,5.0,4.0,4.0,4.0,5.0,5.0,4.0,6.0,3.0,1.0,2.0,1.0,1.0,2.0,CALI
5.0,5.0,5.0,4.0,4.0,4.0,5.0,5.0,2.0,2.0,3.0,1.0,2.0,1.0,1.0,1.0,CALI
5.0,5.0,5.0,4.0,4.0,4.0,5.0,5.0,4.0,4.0,2.0,1.0,2.0,1.0,1.0,1.0,CALI
5.0,5.0,5.0,4.0,4.0,4.0,5.0,5.0,5.0,4.0,3.0,1.0,2.0,1.0,1.0,1.0,CALI
5.0,5.0,5.0,4.0,4.0,4.0,5.0,5.0,4.0,0.0,1.0,1.0,2.0,1.0,1.0,0.0,CALI
5.0,5.0,5.0,4.0,3.0,3.0,5.0,5.0,4.0,2.0,3.0,2.0,2.0,2.0,2.0,1.0,CALI
5.0,5.0,5.0,4.0,4.0,4.0,5.0,5.0,5.0,4.0,3.0,1.0,2.0,2.0,1.0,2.0,CALI
5.0,5.0,5.0,4.0,4.0,4.0,5.0,5.0,2.0,4.0,3.0,1.0,2.0,2.0,1.0,3.0,CALI
5.0,5.0,5.0,4.0,4.0,4.0,5.0,5.0,3.0,2.0,0.0,1.0,2.0,1.0,1.0,2.0,CALI
5.0,5.0,5.0,4.0,4.0,4.0,5.0,5.0,2.0,2.0,3.0,1.0,2.0,2.0,1.0,1.0,CALI
5.0,5.0,5.0,4.0,3.0,3.0,5.0,5.0,3.0,4.0,4.0,2.0,2.0,2.0,2.0,1.0,CALI
5.0,5.0,5.0,4.0,4.0,4.0,5.0,5.0,2.0,2.0,3.0,1.0,2.0,1.0,1.0,1.0,CALI
5.0,5.0,5.0,5.0,2.0,2.0,5.0,5.0,5.0,4.0,4.0,3.0,1.0,2.0,3.0,3.0,CALI
5.0,5.0,5.0,4.0,4.0,4.0,5.0,5.0,2.0,2.0,2.0,1.0,2.0,1.0,1.0,1.0,CALI
5.0,5.0,5.0,4.0,4.0,4.0,5.0,5.0,4.0,5.0,3.0,1.0,2.0,1.0,1.0,3.0,CALI
5.0,5.0,5.0,4.0,4.0,4.0,5.0,5.0,4.0,2.0,2.0,1.0,2.0,1.0,1.0,1.0,CALI
5.0,5.0,5.0,4.0,4.0,4.0,5.0,5.0,4.0,2.0,3.0,1.0,2.0,1.0,1.0,1.0,CALI
5.0,5.0,5.0,4.0,4.0,4.0,5.0,5.0,4.0,4.0,3.0,1.0,2.0,1.0,1.0,1.0,CALI
5.0,5.0,5.0,4.0,4.0,4.0,5.0,5.0,1.0,4.0,3.0,1.0,2.0,2.0,1.0,1.0,CALI
5.0,5.0,5.0,4.0,4.0,4.0,5.0,5.0,2.0,2.0,3.0,1.0,2.0,1.0,1.0,1.0,CALI
5.0,5.0,5.0,4.0,4.0,4.0,5.0,5.0,4.0,4.0,4.0,1.0,2.0,1.0,1.0,1.0,CALI
5.0,5.0,5.0,4.0,4.0,4.0,5.0,5.0,4.0,2.0,3.0,1.0,2.0,1.0,1.0,1.0,CALI
5.0,5.0,5.0,4.0,4.0,4.0,5.0,5.0,5.0,6.0,3.0,1.0,2.0,1.0,1.0,3.0,CALI
5.0,5.0,5.0,4.0,4.0,4.0,5.0,5.0,4.0,1.0,1.0,1.0,2.0,1.0,1.0,1.0,CALI
5.0,5.0,5.0,4.0,4.0,4.0,5.0,5.0,5.0,4.0,3.0,1.0,2.0,2.0,1.0,3.0,CALI
5.0,5.0,5.0,4.0,4.0,4.0,5.0,5.0,4.0,2.0,3.0,1.0,2.0,1.0,1.0,1.0,CALI
5.0,5.0,5.0,5.0,2.0,2.0,5.0,5.0,3.0,1.0,4.0,2.0,2.0,2.0,2.0,1.0,CALI
5.0,5.0,5.0,4.0,4.0,4.0,5.0,5.0,1.0,4.0,3.0,2.0,2.0,2.0,2.0,2.0,CALI
5.0,5.0,5.0,4.0,4.0,4.0,5.0,5.0,2.0,4.0,3.0,1.0,2.0,2.0,1.0,1.0,CALI
5.0,5.0,5.0,4.0,5.0,5.0,5.0,5.0,0.0,2.0,1.0,0.0,2.0,1.0,0.0,1.0,CALI
5.0,5.0,5.0,4.0,4.0,4.0,5.0,5.0,4.0,2.0,3.0,1.0,2.0,2.0,1.0,1.0,CALI
5.0,5.0,5.0,4.0,4.0,4.0,5.0,5.0,1.0,2.0,2.0,1.0,2.0,1.0,1.0,1.0,CALI
5.0,5.0,5.0,4.0,4.0,4.0,5.0,5.0,4.0,2.0,3.0,1.0,2.0,1.0,1.0,1.0,CALI
5.0,5.0,5.0,4.0,4.0,4.0,5.0,5.0,2.0,2.0,3.0,1.0,2.0,1.0,1.0,1.0,CALI
5.0,5.0,5.0,4.0,4.0,4.0,5.0,5.0,4.0,4.0,3.0,1.0,2.0,1.0,1.0,2.0,CALI
5.0,5.0,5.0,4.0,4.0,4.0,5.0,5.0,1.0,1.0,2.0,1.0,2.0,1.0,1.0,1.0,CALI
5.0,5.0,5.0,4.0,5.0,5.0,5.0,5.0,4.0,4.0,1.0,0.0,2.0,1.0,0.0,1.0,CALI
5.0,5.0,5.0,4.0,4.0,4.0,5.0,5.0,4.0,1.0,2.0,1.0,2.0,1.0,1.0,1.0,CALI
5.0,5.0,5.0,4.0,3.0,3.0,5.0,5.0,1.0,2.0,3.0,2.0,2.0,2.0,2.0,1.0,CALI
5.0,5.0,5.0,4.0,4.0,4.0,5.0,5.0,2.0,5.0,3.0,1.0,2.0,2.0,1.0,1.0,CALI
5.0,5.0,5.0,4.0,4.0,4.0,5.0,5.0,2.0,4.0,2.0,1.0,2.0,2.0,1.0,3.0,CALI
5.0,5.0,5.0,4.0,4.0,4.0,5.0,5.0,4.0,4.0,3.0,1.0,2.0,2.0,1.0,2.0,CALI
5.0,5.0,5.0,4.0,4.0,4.0,5.0,5.0,4.0,1.0,1.0,1.0,2.0,1.0,1.0,1.0,CALI
5.0,5.0,5.0,4.0,4.0,4.0,5.0,5.0,2.0,4.0,3.0,1.0,2.0,1.0,1.0,1.0,CALI
5.0,5.0,5.0,4.0,4.0,4.0,5.0,5.0,2.0,2.0,1.0,1.0,2.0,1.0,1.0,1.0,CALI
5.0,5.0,5.0,4.0,4.0,4.0,5.0,5.0,4.0,2.0,2.0,1.0,2.0,1.0,1.0,1.0,CALI
5.0,5.0,5.0,4.0,5.0,5.0,5.0,5.0,0.0,4.0,1.0,0.0,2.0,1.0,0.0,1.0,CALI
5.0,5.0,5.0,4.0,6.0,6.0,5.0,5.0,5.0,4.0,2.0,0.0,2.0,1.0,0.0,1.0,CALI
5.0,5.0,5.0,5.0,2.0,2.0,5.0,5.0,5.0,6.0,4.0,3.0,2.0,2.0,3.0,3.0,CALI
5.0,5.0,5.0,4.0,4.0,4.0,5.0,5.0,6.0,4.0,2.0,1.0,2.0,1.0,1.0,2.0,CALI
5.0,5.0,5.0,4.0,5.0,5.0,5.0,5.0,2.0,1.0,3.0,0.0,2.0,1.0,0.0,1.0,CALI
5.0,5.0,5.0,4.0,4.0,4.0,5.0,5.0,5.0,4.0,4.0,1.0,2.0,2.0,1.0,1.0,CALI
5.0,5.0,5.0,4.0,3.0,3.0,5.0,5.0,5.0,2.0,4.0,2.0,2.0,2.0,2.0,1.0,CALI
5.0,5.0,5.0,4.0,4.0,4.0,5.0,5.0,5.0,1.0,1.0,1.0,2.0,1.0,1.0,1.0,CALI
5.0,5.0,5.0,4.0,4.0,4.0,5.0,5.0,1.0,2.0,3.0,1.0,2.0,2.0,1.0,1.0,CALI
5.0,5.0,5.0,4.0,4.0,4.0,5.0,5.0,5.0,2.0,3.0,1.0,2.0,1.0,1.0,1.0,CALI
5.0,5.0,5.0,4.0,4.0,4.0,5.0,5.0,6.0,4.0,4.0,1.0,2.0,1.0,1.0,1.0,CALI
5.0,5.0,5.0,5.0,2.0,2.0,5.0,5.0,4.0,2.0,4.0,3.0,1.0,2.0,3.0,1.0,CALI
5.0,5.0,5.0,5.0,2.0,2.0,5.0,5.0,2.0,1.0,4.0,3.0,2.0,2.0,3.0,1.0,CALI
5.0,5.0,5.0,4.0,4.0,4.0,5.0,5.0,4.0,3.0,4.0,1.0,2.0,1.0,1.0,1.0,CALI
5.0,5.0,5.0,4.0,4.0,4.0,5.0,5.0,5.0,6.0,4.0,1.0,2.0,2.0,1.0,2.0,CALI
5.0,5.0,5.0,4.0,4.0,4.0,5.0,5.0,4.0,4.0,4.0,1.0,2.0,2.0,1.0,4.0,CALI
5.0,5.0,5.0,4.0,4.0,4.0,5.0,5.0,4.0,2.0,3.0,1.0,2.0,2.0,1.0,1.0,CALI
5.0,5.0,5.0,4.0,4.0,4.0,5.0,5.0,1.0,4.0,3.0,1.0,2.0,1.0,1.0,4.0,CALI
5.0,5.0,5.0,4.0,4.0,4.0,5.0,5.0,6.0,2.0,3.0,1.0,2.0,1.0,1.0,1.0,CALI
5.0,5.0,5.0,4.0,4.0,4.0,5.0,5.0,2.0,2.0,2.0,1.0,2.0,1.0,1.0,1.0,CALI
5.0,5.0,5.0,5.0,2.0,2.0,5.0,5.0,5.0,4.0,4.0,3.0,1.0,2.0,3.0,1.0,CALI
5.0,5.0,5.0,4.0,4.0,4.0,5.0,5.0,1.0,2.0,3.0,1.0,2.0,1.0,1.0,1.0,CALI
5.0,5.0,5.0,4.0,3.0,3.0,5.0,5.0,5.0,4.0,4.0,2.0,2.0,2.0,2.0,2.0,CALI
5.0,5.0,5.0,4.0,4.0,4.0,5.0,5.0,2.0,4.0,3.0,1.0,2.0,1.0,1.0,2.0,CALI
5.0,5.0,5.0,4.0,4.0,4.0,5.0,5.0,1.0,3.0,2.0,1.0,2.0,1.0,1.0,1.0,CALI
5.0,5.0,5.0,4.0,4.0,4.0,5.0,5.0,6.0,4.0,3.0,1.0,2.0,1.0,1.0,1.0,CALI
5.0,5.0,5.0,4.0,3.0,3.0,5.0,5.0,4.0,4.0,3.0,2.0,2.0,2.0,2.0,3.0,CALI
5.0,5.0,5.0,4.0,4.0,4.0,5.0,5.0,5.0,2.0,3.0,1.0,2.0,2.0,1.0,1.0,CALI
5.0,5.0,5.0,4.0,3.0,3.0,5.0,5.0,5.0,3.0,4.0,2.0,2.0,2.0,2.0,1.0,CALI
5.0,5.0,5.0,4.0,4.0,4.0,5.0,5.0,4.0,4.0,3.0,1.0,2.0,1.0,1.0,1.0,CALI
5.0,5.0,5.0,4.0,4.0,4.0,5.0,5.0,2.0,2.0,3.0,1.0,2.0,2.0,1.0,2.0,CALI
5.0,5.0,5.0,4.0,4.0,4.0,5.0,5.0,4.0,2.0,3.0,1.0,2.0,1.0,1.0,1.0,CALI
5.0,5.0,5.0,4.0,4.0,4.0,5.0,5.0,2.0,1.0,1.0,1.0,2.0,2.0,1.0,1.0,CALI
5.0,5.0,5.0,4.0,4.0,4.0,5.0,5.0,2.0,4.0,4.0,1.0,2.0,1.0,1.0,1.0,CALI
5.0,5.0,5.0,4.0,4.0,4.0,5.0,5.0,4.0,4.0,2.0,1.0,2.0,1.0,1.0,1.0,CALI
5.0,5.0,5.0,4.0,3.0,3.0,5.0,5.0,2.0,2.0,4.0,2.0,2.0,2.0,2.0,1.0,CALI
5.0,5.0,5.0,4.0,3.0,3.0,5.0,5.0,2.0,3.0,4.0,2.0,2.0,2.0,2.0,1.0,CALI
5.0,5.0,5.0,4.0,3.0,3.0,5.0,5.0,5.0,4.0,3.0,2.0,2.0,2.0,2.0,2.0,CALI
5.0,5.0,5.0,4.0,4.0,4.0,5.0,5.0,4.0,4.0,4.0,1.0,2.0,2.0,1.0,1.0,CALI
5.0,5.0,5.0,4.0,5.0,5.0,5.0,5.0,2.0,2.0,3.0,0.0,2.0,1.0,0.0,1.0,CALI
5.0,5.0,5.0,4.0,4.0,4.0,5.0,5.0,4.0,5.0,2.0,1.0,2.0,1.0,1.0,3.0,CALI
5.0,5.0,5.0,4.0,4.0,4.0,5.0,5.0,4.0,5.0,4.0,1.0,2.0,2.0,1.0,2.0,CALI
5.0,5.0,5.0,4.0,4.0,4.0,5.0,5.0,4.0,1.0,1.0,1.0,2.0,1.0,1.0,0.0,CALI
5.0,5.0,5.0,5.0,2.0,2.0,5.0,5.0,5.0,3.0,4.0,2.0,2.0,2.0,2.0,1.0,CALI
5.0,5.0,5.0,4.0,4.0,4.0,5.0,5.0,5.0,5.0,3.0,2.0,2.0,2.0,2.0,2.0,CALI
5.0,5.0,5.0,4.0,4.0,4.0,5.0,5.0,1.0,1.0,3.0,1.0,2.0,1.0,1.0,1.0,CALI
5.0,5.0,5.0,4.0,4.0,4.0,5.0,5.0,5.0,4.0,3.0,1.0,2.0,1.0,1.0,1.0,CALI
5.0,5.0,5.0,4.0,4.0,4.0,5.0,5.0,1.0,2.0,2.0,1.0,2.0,1.0,1.0,1.0,CALI
5.0,5.0,5.0,4.0,4.0,4.0,5.0,5.0,1.0,2.0,1.0,1.0,2.0,1.0,1.0,1.0,CALI
5.0,5.0,5.0,4.0,4.0,4.0,5.0,5.0,5.0,2.0,3.0,1.0,2.0,1.0,1.0,1.0,CALI
5.0,5.0,5.0,4.0,5.0,5.0,5.0,5.0,3.0,1.0,1.0,0.0,2.0,1.0,0.0,1.0,CALI
5.0,5.0,5.0,4.0,4.0,4.0,5.0,5.0,4.0,2.0,1.0,1.0,2.0,1.0,1.0,1.0,CALI
5.0,5.0,5.0,5.0,2.0,2.0,5.0,5.0,4.0,6.0,5.0,3.0,1.0,2.0,3.0,4.0,CALI
5.0,5.0,5.0,4.0,4.0,4.0,5.0,5.0,4.0,0.0,1.0,0.0,2.0,1.0,0.0,0.0,CALI
5.0,5.0,5.0,4.0,4.0,4.0,5.0,5.0,6.0,3.0,4.0,1.0,2.0,1.0,1.0,1.0,CALI
5.0,5.0,5.0,5.0,3.0,3.0,5.0,5.0,4.0,5.0,3.0,2.0,2.0,2.0,2.0,1.0,CALI
5.0,5.0,5.0,4.0,4.0,4.0,5.0,5.0,5.0,4.0,4.0,1.0,2.0,2.0,1.0,1.0,CALI
5.0,5.0,5.0,4.0,4.0,4.0,5.0,5.0,0.0,4.0,1.0,1.0,2.0,1.0,1.0,1.0,CALI
5.0,5.0,5.0,4.0,4.0,4.0,5.0,5.0,5.0,5.0,4.0,1.0,2.0,1.0,1.0,3.0,CALI
5.0,5.0,5.0,4.0,4.0,4.0,5.0,5.0,5.0,4.0,3.0,1.0,2.0,1.0,1.0,2.0,CALI
5.0,5.0,5.0,4.0,4.0,4.0,5.0,5.0,5.0,3.0,3.0,1.0,2.0,2.0,1.0,1.0,CALI
5.0,5.0,5.0,4.0,4.0,4.0,5.0,5.0,2.0,1.0,1.0,1.0,2.0,1.0,1.0,1.0,CALI
5.0,5.0,5.0,4.0,5.0,5.0,5.0,5.0,4.0,4.0,1.0,0.0,2.0,1.0,0.0,2.0,CALI
5.0,5.0,5.0,4.0,3.0,3.0,5.0,5.0,4.0,3.0,4.0,2.0,2.0,2.0,2.0,1.0,CALI
5.0,5.0,5.0,5.0,2.0,2.0,5.0,5.0,6.0,6.0,4.0,3.0,1.0,2.0,3.0,3.0,CALI
5.0,5.0,5.0,4.0,4.0,4.0,5.0,5.0,5.0,6.0,4.0,1.0,2.0,1.0,1.0,1.0,CALI
5.0,5.0,5.0,4.0,4.0,4.0,5.0,5.0,1.0,4.0,3.0,1.0,2.0,1.0,1.0,1.0,CALI
5.0,5.0,5.0,4.0,4.0,4.0,5.0,5.0,0.0,4.0,2.0,1.0,2.0,1.0,1.0,1.0,CALI
5.0,5.0,5.0,4.0,4.0,4.0,5.0,5.0,5.0,3.0,3.0,1.0,2.0,1.0,1.0,1.0,CALI
5.0,5.0,5.0,4.0,4.0,4.0,5.0,5.0,5.0,5.0,3.0,1.0,2.0,1.0,1.0,3.0,CALI
5.0,5.0,5.0,4.0,4.0,4.0,5.0,5.0,4.0,2.0,3.0,1.0,2.0,1.0,1.0,1.0,CALI
5.0,5.0,5.0,4.0,4.0,4.0,5.0,5.0,0.0,4.0,1.0,1.0,2.0,2.0,1.0,1.0,CALI
5.0,5.0,5.0,4.0,4.0,4.0,5.0,5.0,4.0,4.0,3.0,1.0,2.0,1.0,1.0,1.0,CALI
5.0,5.0,5.0,4.0,4.0,4.0,5.0,5.0,0.0,4.0,1.0,1.0,2.0,1.0,1.0,3.0,CALI
5.0,5.0,5.0,4.0,4.0,4.0,5.0,5.0,3.0,4.0,2.0,1.0,2.0,1.0,1.0,2.0,CALI
5.0,5.0,5.0,4.0,4.0,4.0,5.0,5.0,2.0,4.0,3.0,1.0,2.0,1.0,1.0,1.0,CALI
5.0,5.0,5.0,4.0,4.0,4.0,5.0,5.0,4.0,2.0,3.0,1.0,2.0,1.0,1.0,1.0,CALI
5.0,5.0,5.0,4.0,4.0,4.0,5.0,5.0,4.0,3.0,3.0,1.0,2.0,1.0,1.0,1.0,CALI
5.0,5.0,5.0,5.0,2.0,2.0,5.0,5.0,4.0,6.0,4.0,3.0,1.0,2.0,3.0,6.0,CALI
5.0,5.0,5.0,4.0,4.0,4.0,5.0,5.0,4.0,4.0,3.0,1.0,2.0,1.0,1.0,1.0,CALI
5.0,5.0,5.0,5.0,3.0,3.0,5.0,5.0,4.0,6.0,4.0,2.0,1.0,2.0,2.0,2.0,CALI
5.0,5.0,5.0,4.0,4.0,4.0,5.0,5.0,2.0,1.0,1.0,1.0,2.0,1.0,1.0,1.0,CALI
5.0,5.0,5.0,4.0,4.0,4.0,5.0,5.0,4.0,6.0,4.0,1.0,2.0,1.0,1.0,3.0,CALI
5.0,5.0,5.0,4.0,4.0,4.0,5.0,5.0,5.0,4.0,3.0,1.0,2.0,1.0,1.0,2.0,CALI
5.0,5.0,5.0,4.0,5.0,5.0,5.0,5.0,1.0,2.0,1.0,0.0,2.0,1.0,0.0,1.0,CALI
5.0,5.0,5.0,4.0,4.0,4.0,5.0,5.0,5.0,4.0,4.0,1.0,2.0,1.0,1.0,1.0,CALI
5.0,5.0,5.0,4.0,5.0,5.0,5.0,5.0,2.0,2.0,1.0,0.0,2.0,1.0,0.0,1.0,CALI
5.0,5.0,5.0,4.0,4.0,4.0,5.0,5.0,1.0,2.0,2.0,1.0,2.0,1.0,1.0,1.0,CALI
5.0,5.0,5.0,5.0,3.0,3.0,5.0,5.0,4.0,2.0,2.0,2.0,1.0,2.0,2.0,1.0,CALI
5.0,5.0,5.0,4.0,4.0,4.0,5.0,5.0,5.0,6.0,4.0,1.0,2.0,1.0,1.0,3.0,CALI
5.0,5.0,5.0,4.0,4.0,4.0,5.0,5.0,4.0,3.0,2.0,1.0,2.0,1.0,1.0,1.0,CALI
5.0,5.0,5.0,5.0,3.0,3.0,5.0,5.0,3.0,1.0,3.0,1.0,2.0,2.0,1.0,1.0,CALI
5.0,5.0,5.0,5.0,4.0,4.0,5.0,5.0,4.0,2.0,4.0,1.0,2.0,2.0,1.0,1.0,CALI
5.0,5.0,5.0,4.0,4.0,4.0,5.0,5.0,4.0,1.0,3.0,1.0,2.0,1.0,1.0,1.0,CALI
5.0,5.0,5.0,4.0,4.0,4.0,5.0,5.0,2.0,4.0,2.0,1.0,2.0,1.0,1.0,1.0,CALI
5.0,5.0,5.0,4.0,4.0,4.0,5.0,5.0,4.0,1.0,3.0,1.0,2.0,1.0,1.0,1.0,CALI
5.0,5.0,5.0,4.0,4.0,4.0,5.0,5.0,4.0,3.0,1.0,1.0,2.0,1.0,1.0,2.0,CALI
5.0,5.0,5.0,4.0,4.0,4.0,5.0,5.0,2.0,6.0,3.0,1.0,2.0,1.0,1.0,3.0,CALI
5.0,5.0,5.0,4.0,4.0,4.0,5.0,5.0,4.0,1.0,1.0,1.0,2.0,1.0,1.0,1.0,CALI
5.0,5.0,5.0,4.0,4.0,4.0,5.0,5.0,4.0,4.0,3.0,1.0,2.0,2.0,1.0,1.0,CALI
5.0,5.0,5.0,4.0,4.0,4.0,5.0,5.0,1.0,4.0,3.0,1.0,2.0,1.0,1.0,2.0,CALI
5.0,5.0,5.0,4.0,4.0,4.0,5.0,5.0,5.0,4.0,3.0,1.0,2.0,1.0,1.0,1.0,CALI
5.0,5.0,5.0,4.0,4.0,4.0,5.0,5.0,3.0,2.0,2.0,1.0,2.0,1.0,1.0,1.0,CALI
5.0,5.0,5.0,4.0,4.0,4.0,5.0,5.0,5.0,4.0,2.0,1.0,2.0,1.0,1.0,2.0,CALI
5.0,5.0,5.0,5.0,2.0,2.0,5.0,5.0,4.0,1.0,4.0,2.0,1.0,2.0,2.0,1.0,CALI
5.0,5.0,5.0,4.0,4.0,4.0,5.0,5.0,4.0,4.0,3.0,1.0,2.0,1.0,1.0,1.0,CALI
5.0,5.0,5.0,5.0,3.0,3.0,5.0,5.0,4.0,3.0,4.0,2.0,1.0,2.0,2.0,1.0,CALI
5.0,5.0,5.0,4.0,4.0,4.0,5.0,5.0,4.0,4.0,3.0,1.0,2.0,1.0,1.0,2.0,CALI
5.0,5.0,5.0,4.0,4.0,4.0,5.0,5.0,4.0,2.0,3.0,1.0,2.0,1.0,1.0,1.0,CALI
5.0,5.0,5.0,4.0,5.0,5.0,5.0,5.0,4.0,6.0,3.0,0.0,2.0,1.0,0.0,4.0,CALI
5.0,5.0,5.0,4.0,4.0,4.0,5.0,5.0,5.0,4.0,3.0,1.0,2.0,1.0,1.0,3.0,CALI
5.0,5.0,5.0,5.0,2.0,2.0,5.0,5.0,4.0,1.0,3.0,2.0,1.0,2.0,2.0,1.0,CALI
5.0,5.0,5.0,5.0,2.0,2.0,5.0,5.0,4.0,4.0,5.0,3.0,1.0,2.0,3.0,2.0,CALI
5.0,5.0,5.0,4.0,4.0,4.0,5.0,5.0,4.0,5.0,3.0,1.0,2.0,1.0,1.0,3.0,CALI
5.0,5.0,5.0,4.0,4.0,4.0,5.0,5.0,5.0,5.0,3.0,1.0,2.0,1.0,1.0,3.0,CALI
5.0,5.0,5.0,4.0,4.0,4.0,5.0,5.0,4.0,2.0,3.0,1.0,2.0,1.0,1.0,1.0,CALI
5.0,5.0,5.0,5.0,4.0,4.0,5.0,5.0,3.0,3.0,4.0,1.0,2.0,2.0,1.0,1.0,CALI
5.0,5.0,5.0,4.0,4.0,4.0,5.0,5.0,6.0,2.0,3.0,1.0,2.0,1.0,1.0,1.0,CALI
5.0,5.0,5.0,4.0,4.0,4.0,5.0,5.0,4.0,4.0,4.0,1.0,2.0,2.0,1.0,2.0,CALI
5.0,5.0,5.0,5.0,3.0,3.0,5.0,5.0,5.0,4.0,4.0,2.0,1.0,2.0,2.0,2.0,CALI
5.0,5.0,5.0,4.0,4.0,4.0,5.0,5.0,5.0,2.0,3.0,1.0,2.0,2.0,1.0,1.0,CALI
5.0,5.0,5.0,5.0,2.0,2.0,5.0,5.0,4.0,6.0,4.0,3.0,1.0,2.0,3.0,2.0,CALI
5.0,5.0,5.0,5.0,2.0,2.0,5.0,5.0,5.0,4.0,4.0,3.0,1.0,2.0,3.0,1.0,CALI
5.0,5.0,5.0,5.0,2.0,2.0,5.0,5.0,3.0,4.0,3.0,3.0,1.0,2.0,3.0,1.0,CALI
5.0,5.0,5.0,5.0,4.0,4.0,5.0,5.0,4.0,2.0,3.0,1.0,2.0,2.0,1.0,1.0,CALI
5.0,5.0,5.0,4.0,4.0,4.0,5.0,5.0,5.0,4.0,3.0,1.0,2.0,1.0,1.0,1.0,CALI
5.0,5.0,5.0,4.0,4.0,4.0,5.0,5.0,5.0,6.0,3.0,1.0,2.0,1.0,1.0,2.0,CALI
5.0,5.0,5.0,4.0,4.0,4.0,5.0,5.0,4.0,4.0,4.0,1.0,2.0,1.0,1.0,3.0,CALI
5.0,5.0,5.0,4.0,5.0,5.0,5.0,5.0,1.0,2.0,1.0,0.0,2.0,1.0,0.0,1.0,CALI
5.0,5.0,5.0,5.0,3.0,3.0,5.0,5.0,5.0,2.0,3.0,2.0,2.0,2.0,2.0,1.0,CALI
5.0,5.0,5.0,4.0,4.0,4.0,5.0,5.0,5.0,4.0,4.0,1.0,2.0,1.0,1.0,3.0,CALI
5.0,5.0,5.0,4.0,4.0,4.0,5.0,5.0,3.0,4.0,3.0,1.0,2.0,1.0,1.0,4.0,CALI
5.0,5.0,5.0,4.0,5.0,5.0,5.0,5.0,4.0,5.0,1.0,1.0,2.0,1.0,1.0,4.0,CALI
5.0,5.0,5.0,4.0,4.0,4.0,5.0,5.0,4.0,1.0,3.0,1.0,2.0,1.0,1.0,1.0,CALI
5.0,5.0,5.0,4.0,4.0,4.0,5.0,5.0,4.0,4.0,2.0,1.0,2.0,1.0,1.0,2.0,CALI
5.0,5.0,5.0,4.0,4.0,4.0,5.0,5.0,4.0,4.0,3.0,1.0,2.0,1.0,1.0,3.0,CALI
5.0,5.0,5.0,4.0,4.0,4.0,5.0,5.0,2.0,2.0,2.0,1.0,2.0,1.0,1.0,1.0,CALI
5.0,5.0,5.0,4.0,4.0,4.0,5.0,5.0,4.0,5.0,2.0,1.0,2.0,1.0,1.0,4.0,CALI
5.0,5.0,5.0,5.0,2.0,2.0,5.0,5.0,3.0,1.0,3.0,3.0,1.0,2.0,3.0,1.0,CALI
5.0,5.0,5.0,4.0,5.0,5.0,5.0,5.0,4.0,3.0,2.0,0.0,2.0,1.0,0.0,1.0,CALI
5.0,5.0,5.0,4.0,4.0,4.0,5.0,5.0,2.0,2.0,3.0,1.0,2.0,1.0,1.0,1.0,CALI
5.0,5.0,5.0,4.0,4.0,4.0,5.0,5.0,5.0,3.0,3.0,1.0,2.0,1.0,1.0,1.0,CALI
5.0,5.0,5.0,4.0,4.0,4.0,5.0,5.0,4.0,4.0,3.0,1.0,2.0,1.0,1.0,3.0,CALI
5.0,5.0,5.0,4.0,4.0,4.0,5.0,5.0,1.0,2.0,1.0,1.0,2.0,1.0,1.0,1.0,CALI
5.0,5.0,5.0,5.0,2.0,2.0,5.0,5.0,4.0,1.0,3.0,3.0,1.0,2.0,3.0,1.0,CALI
5.0,5.0,5.0,4.0,4.0,4.0,5.0,5.0,4.0,2.0,3.0,1.0,2.0,1.0,1.0,1.0,CALI
5.0,5.0,5.0,4.0,4.0,4.0,5.0,5.0,4.0,2.0,3.0,1.0,2.0,1.0,1.0,1.0,CALI
5.0,5.0,5.0,4.0,4.0,4.0,5.0,5.0,2.0,2.0,2.0,1.0,2.0,1.0,1.0,1.0,CALI
5.0,5.0,5.0,4.0,4.0,4.0,5.0,5.0,4.0,4.0,4.0,1.0,2.0,2.0,1.0,1.0,CALI
5.0,5.0,5.0,5.0,2.0,2.0,5.0,5.0,2.0,4.0,3.0,3.0,1.0,2.0,3.0,3.0,CALI
5.0,5.0,5.0,5.0,2.0,2.0,5.0,5.0,4.0,2.0,5.0,3.0,1.0,2.0,3.0,1.0,CALI
5.0,5.0,5.0,5.0,2.0,2.0,5.0,5.0,2.0,2.0,4.0,3.0,1.0,2.0,3.0,1.0,CALI
5.0,5.0,5.0,4.0,4.0,4.0,5.0,5.0,1.0,5.0,3.0,1.0,2.0,1.0,1.0,4.0,CALI
5.0,5.0,5.0,5.0,2.0,2.0,5.0,5.0,6.0,4.0,4.0,3.0,1.0,2.0,3.0,2.0,CALI
5.0,5.0,5.0,5.0,4.0,4.0,5.0,5.0,4.0,5.0,3.0,1.0,2.0,2.0,1.0,1.0,CALI
5.0,5.0,5.0,4.0,4.0,4.0,5.0,5.0,5.0,6.0,3.0,1.0,2.0,1.0,1.0,3.0,CALI
5.0,5.0,5.0,4.0,4.0,4.0,5.0,5.0,1.0,4.0,3.0,1.0,2.0,1.0,1.0,1.0,CALI
5.0,5.0,5.0,5.0,2.0,2.0,5.0,5.0,2.0,4.0,4.0,3.0,1.0,2.0,3.0,4.0,CALI
5.0,5.0,5.0,5.0,2.0,2.0,5.0,5.0,4.0,2.0,4.0,3.0,1.0,2.0,3.0,1.0,CALI
5.0,5.0,5.0,4.0,4.0,4.0,5.0,5.0,4.0,5.0,3.0,1.0,2.0,1.0,1.0,2.0,CALI
5.0,5.0,5.0,4.0,4.0,4.0,5.0,5.0,0.0,2.0,3.0,1.0,2.0,1.0,1.0,1.0,CALI
5.0,5.0,5.0,4.0,4.0,4.0,5.0,5.0,4.0,2.0,3.0,1.0,2.0,1.0,1.0,1.0,CALI
5.0,5.0,5.0,5.0,3.0,3.0,5.0,5.0,4.0,2.0,3.0,2.0,1.0,2.0,2.0,1.0,CALI
5.0,5.0,5.0,4.0,4.0,4.0,5.0,5.0,1.0,3.0,2.0,1.0,2.0,1.0,1.0,1.0,CALI
5.0,5.0,5.0,4.0,4.0,4.0,5.0,5.0,2.0,2.0,3.0,1.0,2.0,1.0,1.0,1.0,CALI
5.0,5.0,5.0,4.0,4.0,4.0,5.0,5.0,5.0,3.0,3.0,1.0,2.0,1.0,1.0,1.0,CALI
5.0,5.0,5.0,5.0,4.0,4.0,5.0,5.0,2.0,2.0,3.0,1.0,1.0,2.0,1.0,1.0,CALI
5.0,5.0,5.0,5.0,4.0,4.0,5.0,5.0,2.0,2.0,3.0,1.0,2.0,1.0,1.0,1.0,CALI
5.0,5.0,5.0,4.0,5.0,5.0,5.0,5.0,2.0,4.0,1.0,0.0,2.0,1.0,0.0,2.0,CALI
5.0,5.0,5.0,5.0,4.0,4.0,5.0,5.0,4.0,2.0,3.0,1.0,2.0,1.0,1.0,1.0,CALI
5.0,5.0,5.0,4.0,5.0,5.0,5.0,5.0,6.0,6.0,3.0,0.0,2.0,1.0,0.0,1.0,CALI
5.0,5.0,5.0,4.0,4.0,4.0,5.0,5.0,1.0,5.0,2.0,1.0,2.0,1.0,1.0,3.0,CALI
5.0,5.0,5.0,4.0,5.0,5.0,5.0,5.0,5.0,6.0,3.0,0.0,2.0,1.0,0.0,2.0,CALI
5.0,5.0,5.0,4.0,4.0,4.0,5.0,5.0,2.0,4.0,3.0,1.0,2.0,1.0,1.0,1.0,CALI
5.0,5.0,5.0,4.0,4.0,4.0,5.0,5.0,4.0,2.0,3.0,1.0,2.0,1.0,1.0,1.0,CALI
5.0,5.0,5.0,4.0,4.0,4.0,5.0,5.0,5.0,2.0,3.0,1.0,2.0,1.0,1.0,1.0,CALI
5.0,5.0,5.0,4.0,4.0,4.0,5.0,5.0,5.0,2.0,3.0,1.0,2.0,1.0,1.0,1.0,CALI
5.0,5.0,5.0,5.0,3.0,3.0,5.0,5.0,4.0,4.0,4.0,2.0,1.0,2.0,2.0,2.0,CALI
5.0,5.0,5.0,4.0,4.0,4.0,5.0,5.0,4.0,4.0,1.0,1.0,2.0,1.0,1.0,4.0,CALI
5.0,5.0,5.0,5.0,2.0,2.0,5.0,5.0,5.0,6.0,4.0,3.0,1.0,2.0,3.0,3.0,CALI
5.0,5.0,5.0,5.0,4.0,4.0,5.0,5.0,4.0,2.0,4.0,1.0,2.0,1.0,1.0,1.0,CALI
5.0,5.0,5.0,5.0,1.0,1.0,5.0,5.0,4.0,4.0,4.0,4.0,1.0,2.0,4.0,2.0,CALI
5.0,5.0,5.0,5.0,4.0,4.0,5.0,5.0,4.0,1.0,2.0,1.0,2.0,1.0,1.0,1.0,CALI
5.0,5.0,5.0,5.0,3.0,3.0,5.0,5.0,2.0,1.0,3.0,2.0,1.0,2.0,2.0,1.0,CALI
5.0,5.0,5.0,4.0,4.0,4.0,5.0,5.0,4.0,5.0,3.0,1.0,2.0,1.0,1.0,2.0,CALI
5.0,5.0,5.0,4.0,4.0,4.0,5.0,5.0,2.0,1.0,1.0,1.0,2.0,1.0,1.0,1.0,CALI
5.0,5.0,5.0,4.0,6.0,6.0,5.0,5.0,5.0,3.0,1.0,0.0,2.0,1.0,0.0,1.0,CALI
5.0,5.0,5.0,4.0,4.0,4.0,5.0,5.0,5.0,4.0,3.0,1.0,2.0,1.0,1.0,3.0,CALI
5.0,5.0,5.0,5.0,3.0,3.0,5.0,5.0,5.0,2.0,2.0,2.0,1.0,2.0,2.0,1.0,CALI
5.0,5.0,5.0,4.0,4.0,4.0,5.0,5.0,2.0,2.0,2.0,1.0,2.0,1.0,1.0,1.0,CALI
5.0,5.0,5.0,4.0,4.0,4.0,5.0,5.0,5.0,4.0,3.0,1.0,2.0,1.0,1.0,1.0,CALI
5.0,5.0,5.0,4.0,5.0,5.0,5.0,5.0,5.0,4.0,2.0,0.0,2.0,1.0,0.0,1.0,CALI
5.0,5.0,5.0,4.0,5.0,5.0,5.0,5.0,4.0,2.0,1.0,0.0,2.0,1.0,0.0,1.0,CALI
5.0,5.0,5.0,4.0,4.0,4.0,5.0,5.0,2.0,3.0,3.0,1.0,2.0,1.0,1.0,1.0,CALI
5.0,5.0,5.0,4.0,4.0,4.0,5.0,5.0,2.0,4.0,3.0,1.0,2.0,1.0,1.0,2.0,CALI
5.0,5.0,5.0,4.0,4.0,4.0,5.0,5.0,1.0,2.0,1.0,1.0,2.0,1.0,1.0,1.0,CALI
5.0,5.0,5.0,4.0,4.0,4.0,5.0,5.0,5.0,1.0,2.0,1.0,2.0,1.0,1.0,1.0,CALI
5.0,5.0,5.0,4.0,4.0,4.0,5.0,5.0,4.0,4.0,3.0,1.0,2.0,1.0,1.0,1.0,CALI
5.0,5.0,5.0,5.0,3.0,3.0,5.0,5.0,2.0,3.0,3.0,2.0,1.0,2.0,2.0,1.0,CALI
5.0,5.0,5.0,5.0,4.0,4.0,5.0,5.0,5.0,6.0,4.0,1.0,2.0,1.0,1.0,2.0,CALI
5.0,5.0,5.0,5.0,3.0,3.0,5.0,5.0,4.0,3.0,4.0,2.0,1.0,2.0,2.0,1.0,CALI
5.0,5.0,5.0,5.0,3.0,3.0,5.0,5.0,3.0,4.0,3.0,2.0,1.0,2.0,2.0,3.0,CALI
5.0,5.0,5.0,4.0,4.0,4.0,5.0,5.0,2.0,2.0,2.0,1.0,2.0,1.0,1.0,1.0,CALI
5.0,5.0,5.0,4.0,4.0,4.0,5.0,5.0,4.0,3.0,3.0,1.0,2.0,1.0,1.0,1.0,CALI
5.0,5.0,5.0,5.0,4.0,4.0,5.0,5.0,4.0,2.0,2.0,1.0,2.0,1.0,1.0,1.0,CALI
5.0,5.0,5.0,5.0,4.0,4.0,5.0,5.0,4.0,3.0,3.0,1.0,1.0,1.0,1.0,2.0,CALI
5.0,5.0,5.0,5.0,2.0,2.0,5.0,5.0,1.0,1.0,4.0,3.0,1.0,2.0,3.0,1.0,CALI
5.0,5.0,5.0,5.0,4.0,4.0,5.0,5.0,4.0,4.0,3.0,1.0,1.0,2.0,1.0,4.0,CALI
5.0,5.0,5.0,4.0,4.0,4.0,5.0,5.0,4.0,3.0,3.0,1.0,2.0,1.0,1.0,1.0,CALI
5.0,5.0,5.0,5.0,4.0,4.0,5.0,5.0,4.0,2.0,3.0,1.0,1.0,1.0,1.0,1.0,CALI
5.0,5.0,5.0,4.0,4.0,4.0,5.0,5.0,4.0,4.0,3.0,1.0,2.0,1.0,1.0,2.0,CALI
5.0,5.0,5.0,4.0,4.0,4.0,5.0,5.0,2.0,3.0,2.0,1.0,2.0,1.0,1.0,1.0,CALI
5.0,5.0,5.0,4.0,4.0,4.0,5.0,5.0,2.0,2.0,3.0,1.0,2.0,1.0,1.0,1.0,CALI
5.0,5.0,5.0,4.0,4.0,4.0,5.0,5.0,2.0,1.0,3.0,1.0,2.0,1.0,1.0,1.0,CALI
5.0,5.0,5.0,4.0,4.0,4.0,5.0,5.0,2.0,2.0,3.0,1.0,2.0,1.0,1.0,1.0,CALI
5.0,5.0,5.0,5.0,3.0,3.0,5.0,5.0,1.0,4.0,3.0,2.0,1.0,2.0,2.0,2.0,CALI
5.0,5.0,5.0,4.0,4.0,4.0,5.0,5.0,5.0,3.0,3.0,1.0,2.0,1.0,1.0,1.0,CALI
5.0,5.0,5.0,4.0,4.0,4.0,5.0,5.0,3.0,2.0,2.0,1.0,2.0,1.0,1.0,1.0,CALI
5.0,5.0,5.0,4.0,5.0,5.0,5.0,5.0,4.0,6.0,1.0,0.0,2.0,1.0,0.0,1.0,CALI
5.0,5.0,5.0,4.0,6.0,6.0,5.0,5.0,0.0,1.0,1.0,0.0,2.0,1.0,0.0,1.0,CALI
5.0,5.0,5.0,5.0,4.0,4.0,5.0,5.0,1.0,2.0,3.0,1.0,1.0,1.0,1.0,1.0,CALI
5.0,5.0,5.0,4.0,5.0,5.0,5.0,5.0,5.0,4.0,3.0,0.0,2.0,1.0,0.0,2.0,CALI
5.0,5.0,5.0,4.0,4.0,4.0,5.0,5.0,4.0,6.0,3.0,1.0,2.0,1.0,1.0,3.0,CALI
5.0,5.0,5.0,4.0,5.0,5.0,5.0,5.0,2.0,4.0,1.0,1.0,2.0,1.0,1.0,2.0,CALI
5.0,5.0,5.0,5.0,2.0,2.0,5.0,5.0,5.0,4.0,3.0,3.0,1.0,2.0,3.0,1.0,CALI
5.0,5.0,5.0,5.0,4.0,4.0,5.0,5.0,2.0,4.0,4.0,1.0,1.0,2.0,1.0,2.0,CALI
5.0,5.0,5.0,4.0,5.0,5.0,5.0,5.0,1.0,2.0,2.0,1.0,2.0,1.0,1.0,1.0,CALI
5.0,5.0,5.0,5.0,3.0,3.0,5.0,5.0,4.0,3.0,3.0,2.0,1.0,2.0,2.0,1.0,CALI
5.0,5.0,5.0,4.0,5.0,5.0,5.0,5.0,4.0,1.0,1.0,0.0,2.0,1.0,0.0,1.0,CALI
5.0,5.0,5.0,4.0,4.0,4.0,5.0,5.0,4.0,2.0,3.0,1.0,2.0,1.0,1.0,1.0,CALI
5.0,5.0,5.0,5.0,2.0,2.0,5.0,5.0,2.0,2.0,3.0,2.0,1.0,2.0,2.0,1.0,CALI
5.0,5.0,5.0,4.0,6.0,6.0,5.0,5.0,2.0,6.0,1.0,0.0,2.0,1.0,0.0,4.0,CALI
5.0,5.0,5.0,4.0,4.0,4.0,5.0,5.0,4.0,4.0,3.0,1.0,2.0,1.0,1.0,1.0,CALI
5.0,5.0,5.0,5.0,4.0,4.0,5.0,5.0,5.0,1.0,3.0,1.0,1.0,1.0,1.0,1.0,CALI
5.0,5.0,5.0,5.0,4.0,4.0,5.0,5.0,2.0,2.0,3.0,1.0,2.0,1.0,1.0,1.0,CALI
5.0,5.0,5.0,5.0,2.0,2.0,5.0,5.0,4.0,1.0,3.0,3.0,1.0,2.0,3.0,1.0,CALI
5.0,5.0,5.0,5.0,4.0,4.0,5.0,5.0,5.0,4.0,4.0,1.0,1.0,1.0,1.0,1.0,CALI
5.0,5.0,5.0,5.0,2.0,2.0,5.0,5.0,2.0,2.0,4.0,3.0,1.0,2.0,3.0,2.0,CALI
5.0,5.0,5.0,5.0,4.0,4.0,5.0,5.0,4.0,5.0,3.0,1.0,2.0,1.0,1.0,1.0,CALI
5.0,5.0,5.0,5.0,3.0,3.0,5.0,5.0,2.0,4.0,3.0,2.0,1.0,2.0,2.0,1.0,CALI
5.0,5.0,5.0,5.0,4.0,4.0,5.0,5.0,5.0,2.0,3.0,1.0,1.0,1.0,1.0,1.0,CALI
5.0,5.0,5.0,4.0,5.0,5.0,5.0,5.0,2.0,4.0,2.0,1.0,2.0,1.0,1.0,2.0,CALI
5.0,5.0,5.0,5.0,3.0,3.0,5.0,5.0,4.0,3.0,4.0,2.0,1.0,2.0,2.0,1.0,CALI
5.0,5.0,5.0,4.0,4.0,4.0,5.0,5.0,2.0,4.0,3.0,1.0,2.0,1.0,1.0,1.0,CALI
5.0,5.0,5.0,4.0,4.0,4.0,5.0,5.0,5.0,5.0,3.0,1.0,2.0,1.0,1.0,2.0,CALI
5.0,5.0,5.0,4.0,4.0,4.0,5.0,5.0,4.0,1.0,1.0,1.0,2.0,1.0,1.0,1.0,CALI
5.0,5.0,5.0,4.0,4.0,4.0,5.0,5.0,2.0,3.0,3.0,1.0,2.0,1.0,1.0,1.0,CALI
5.0,5.0,5.0,4.0,4.0,4.0,5.0,5.0,5.0,4.0,3.0,1.0,2.0,1.0,1.0,1.0,CALI
5.0,5.0,5.0,5.0,4.0,4.0,5.0,5.0,5.0,5.0,3.0,1.0,1.0,1.0,1.0,3.0,CALI
5.0,5.0,5.0,5.0,4.0,4.0,5.0,5.0,2.0,1.0,2.0,1.0,2.0,1.0,1.0,1.0,CALI
5.0,5.0,5.0,4.0,4.0,4.0,5.0,5.0,4.0,6.0,4.0,1.0,2.0,1.0,1.0,4.0,CALI
5.0,5.0,5.0,4.0,4.0,4.0,5.0,5.0,4.0,2.0,3.0,1.0,2.0,1.0,1.0,1.0,CALI
5.0,5.0,5.0,5.0,4.0,4.0,5.0,5.0,4.0,4.0,4.0,1.0,1.0,1.0,1.0,3.0,CALI
5.0,5.0,5.0,4.0,5.0,5.0,5.0,5.0,4.0,4.0,1.0,0.0,2.0,1.0,0.0,1.0,CALI
5.0,5.0,5.0,4.0,4.0,4.0,5.0,5.0,5.0,3.0,3.0,1.0,2.0,1.0,1.0,2.0,CALI
5.0,5.0,5.0,4.0,4.0,4.0,5.0,5.0,2.0,2.0,3.0,1.0,2.0,1.0,1.0,1.0,CALI
5.0,5.0,5.0,4.0,4.0,4.0,5.0,5.0,5.0,6.0,3.0,1.0,2.0,1.0,1.0,4.0,CALI
5.0,5.0,5.0,5.0,3.0,3.0,5.0,5.0,4.0,2.0,4.0,2.0,1.0,2.0,2.0,1.0,CALI
5.0,5.0,5.0,4.0,4.0,4.0,5.0,5.0,4.0,4.0,3.0,1.0,2.0,1.0,1.0,1.0,CALI
5.0,5.0,5.0,5.0,4.0,4.0,5.0,5.0,4.0,4.0,3.0,2.0,1.0,2.0,2.0,1.0,CALI
5.0,5.0,5.0,4.0,4.0,4.0,5.0,5.0,1.0,2.0,3.0,1.0,2.0,1.0,1.0,1.0,CALI
5.0,5.0,5.0,5.0,4.0,4.0,5.0,5.0,3.0,4.0,3.0,1.0,1.0,1.0,1.0,1.0,CALI
5.0,5.0,5.0,4.0,4.0,4.0,5.0,5.0,6.0,6.0,3.0,1.0,2.0,1.0,1.0,4.0,CALI
5.0,5.0,5.0,5.0,4.0,4.0,5.0,5.0,4.0,2.0,3.0,1.0,2.0,1.0,1.0,1.0,CALI
5.0,5.0,5.0,5.0,2.0,2.0,5.0,5.0,4.0,2.0,3.0,3.0,1.0,2.0,3.0,1.0,CALI
5.0,5.0,5.0,4.0,4.0,4.0,5.0,5.0,5.0,6.0,4.0,1.0,2.0,1.0,1.0,3.0,CALI
5.0,5.0,5.0,5.0,2.0,2.0,5.0,5.0,4.0,2.0,4.0,2.0,1.0,2.0,2.0,1.0,CALI
5.0,5.0,5.0,4.0,4.0,4.0,5.0,5.0,2.0,2.0,3.0,1.0,2.0,1.0,1.0,1.0,CALI
5.0,5.0,5.0,5.0,4.0,4.0,5.0,5.0,4.0,3.0,3.0,1.0,2.0,1.0,1.0,1.0,CALI
5.0,5.0,5.0,5.0,4.0,4.0,5.0,5.0,1.0,4.0,1.0,1.0,2.0,1.0,1.0,1.0,CALI
5.0,5.0,5.0,4.0,4.0,4.0,5.0,5.0,5.0,4.0,3.0,1.0,2.0,1.0,1.0,2.0,CALI
5.0,5.0,5.0,5.0,2.0,2.0,5.0,5.0,6.0,6.0,4.0,3.0,1.0,2.0,3.0,4.0,CALI
5.0,5.0,5.0,5.0,4.0,4.0,5.0,5.0,4.0,4.0,3.0,1.0,2.0,1.0,1.0,1.0,CALI
5.0,5.0,5.0,4.0,4.0,4.0,5.0,5.0,5.0,4.0,2.0,1.0,2.0,1.0,1.0,2.0,CALI
5.0,5.0,5.0,5.0,3.0,3.0,5.0,5.0,4.0,4.0,3.0,2.0,1.0,2.0,2.0,2.0,CALI
5.0,5.0,5.0,4.0,4.0,4.0,5.0,5.0,4.0,3.0,0.0,1.0,2.0,1.0,1.0,3.0,CALI
5.0,5.0,5.0,5.0,4.0,4.0,5.0,5.0,5.0,4.0,3.0,1.0,1.0,1.0,1.0,2.0,CALI
5.0,5.0,5.0,4.0,4.0,4.0,5.0,5.0,4.0,2.0,3.0,1.0,2.0,1.0,1.0,1.0,CALI
5.0,5.0,5.0,5.0,4.0,4.0,5.0,5.0,1.0,6.0,3.0,1.0,1.0,1.0,1.0,2.0,CALI
5.0,5.0,5.0,5.0,4.0,4.0,5.0,5.0,4.0,1.0,2.0,1.0,2.0,1.0,1.0,1.0,CALI
5.0,5.0,5.0,5.0,4.0,4.0,5.0,5.0,4.0,6.0,4.0,2.0,1.0,2.0,2.0,4.0,CALI
5.0,5.0,5.0,5.0,2.0,2.0,5.0,5.0,2.0,2.0,4.0,3.0,1.0,2.0,3.0,1.0,CALI
5.0,5.0,5.0,5.0,4.0,4.0,5.0,5.0,4.0,6.0,4.0,1.0,1.0,1.0,1.0,3.0,CALI
5.0,5.0,5.0,4.0,5.0,5.0,5.0,5.0,2.0,4.0,2.0,0.0,2.0,1.0,0.0,2.0,CALI
5.0,5.0,5.0,4.0,4.0,4.0,5.0,5.0,1.0,4.0,4.0,1.0,2.0,1.0,1.0,1.0,CALI
5.0,5.0,5.0,4.0,4.0,4.0,5.0,5.0,4.0,1.0,1.0,1.0,2.0,1.0,1.0,1.0,CALI
5.0,5.0,5.0,4.0,5.0,5.0,5.0,5.0,2.0,2.0,1.0,0.0,2.0,1.0,0.0,1.0,CALI
5.0,5.0,5.0,4.0,4.0,4.0,5.0,5.0,1.0,5.0,3.0,1.0,2.0,1.0,1.0,3.0,CALI
5.0,5.0,5.0,5.0,4.0,4.0,5.0,5.0,5.0,4.0,4.0,1.0,1.0,2.0,1.0,1.0,CALI
5.0,5.0,5.0,5.0,3.0,3.0,5.0,5.0,5.0,2.0,4.0,2.0,1.0,2.0,2.0,1.0,CALI
5.0,5.0,5.0,5.0,4.0,4.0,5.0,5.0,5.0,2.0,4.0,1.0,1.0,1.0,1.0,1.0,CALI
5.0,5.0,5.0,4.0,6.0,6.0,5.0,5.0,4.0,2.0,1.0,0.0,2.0,1.0,0.0,2.0,CALI
5.0,5.0,5.0,5.0,2.0,2.0,5.0,5.0,4.0,4.0,3.0,3.0,1.0,2.0,3.0,3.0,CALI
5.0,5.0,5.0,4.0,4.0,4.0,5.0,5.0,4.0,2.0,1.0,1.0,2.0,1.0,1.0,1.0,CALI
5.0,5.0,5.0,4.0,4.0,4.0,5.0,5.0,2.0,2.0,3.0,1.0,2.0,1.0,1.0,1.0,CALI
5.0,5.0,5.0,5.0,4.0,4.0,5.0,5.0,1.0,1.0,3.0,1.0,2.0,1.0,1.0,1.0,CALI
5.0,5.0,5.0,5.0,4.0,4.0,5.0,5.0,4.0,2.0,3.0,1.0,1.0,1.0,1.0,1.0,CALI
5.0,5.0,5.0,5.0,3.0,3.0,5.0,5.0,6.0,3.0,4.0,2.0,1.0,2.0,2.0,1.0,CALI
5.0,5.0,5.0,5.0,2.0,2.0,5.0,5.0,6.0,5.0,4.0,3.0,1.0,2.0,3.0,3.0,CALI
5.0,5.0,5.0,5.0,4.0,4.0,5.0,5.0,5.0,6.0,3.0,1.0,1.0,1.0,1.0,3.0,CALI
5.0,5.0,5.0,5.0,1.0,1.0,5.0,5.0,2.0,5.0,4.0,4.0,1.0,2.0,4.0,3.0,CALI
5.0,5.0,5.0,5.0,3.0,3.0,5.0,5.0,5.0,2.0,3.0,2.0,1.0,2.0,2.0,1.0,CALI
5.0,5.0,5.0,5.0,4.0,4.0,5.0,5.0,1.0,2.0,3.0,1.0,1.0,1.0,1.0,1.0,CALI
5.0,5.0,5.0,4.0,4.0,4.0,5.0,5.0,4.0,2.0,3.0,1.0,2.0,1.0,1.0,1.0,CALI
5.0,5.0,5.0,5.0,4.0,4.0,5.0,5.0,6.0,2.0,4.0,1.0,1.0,1.0,1.0,1.0,CALI
5.0,5.0,5.0,5.0,4.0,4.0,5.0,5.0,6.0,4.0,4.0,1.0,1.0,1.0,1.0,1.0,CALI
5.0,5.0,5.0,4.0,4.0,4.0,5.0,5.0,4.0,3.0,3.0,1.0,2.0,1.0,1.0,1.0,CALI
5.0,5.0,5.0,5.0,4.0,4.0,5.0,5.0,4.0,4.0,4.0,2.0,1.0,2.0,2.0,2.0,CALI
5.0,5.0,5.0,4.0,4.0,4.0,5.0,5.0,5.0,3.0,2.0,1.0,2.0,1.0,1.0,1.0,CALI
5.0,5.0,5.0,5.0,2.0,2.0,5.0,5.0,3.0,2.0,4.0,3.0,1.0,2.0,3.0,1.0,CALI
5.0,5.0,5.0,5.0,4.0,4.0,5.0,5.0,4.0,2.0,3.0,1.0,2.0,1.0,1.0,1.0,CALI
5.0,5.0,5.0,5.0,4.0,4.0,5.0,5.0,4.0,6.0,3.0,1.0,1.0,1.0,1.0,3.0,CALI
5.0,5.0,5.0,4.0,5.0,5.0,5.0,5.0,2.0,2.0,3.0,0.0,2.0,1.0,0.0,1.0,CALI
5.0,5.0,5.0,5.0,4.0,4.0,5.0,5.0,4.0,4.0,3.0,1.0,1.0,1.0,1.0,2.0,CALI
5.0,5.0,5.0,5.0,3.0,3.0,5.0,5.0,5.0,4.0,4.0,2.0,1.0,2.0,2.0,1.0,CALI
5.0,5.0,5.0,5.0,4.0,4.0,5.0,5.0,5.0,6.0,3.0,1.0,1.0,1.0,1.0,3.0,CALI
5.0,5.0,5.0,4.0,4.0,4.0,5.0,5.0,2.0,2.0,3.0,1.0,2.0,1.0,1.0,1.0,CALI
5.0,5.0,5.0,5.0,4.0,4.0,5.0,5.0,2.0,1.0,1.0,1.0,2.0,1.0,1.0,1.0,CALI
5.0,5.0,5.0,5.0,4.0,4.0,5.0,5.0,4.0,2.0,3.0,1.0,2.0,1.0,1.0,1.0,CALI
5.0,5.0,5.0,5.0,4.0,4.0,5.0,5.0,2.0,2.0,3.0,1.0,1.0,1.0,1.0,1.0,CALI
5.0,5.0,5.0,4.0,5.0,5.0,5.0,5.0,0.0,4.0,3.0,1.0,2.0,1.0,1.0,1.0,CALI
5.0,5.0,5.0,5.0,4.0,4.0,5.0,5.0,3.0,1.0,1.0,1.0,1.0,1.0,1.0,1.0,CALI
5.0,5.0,5.0,5.0,4.0,4.0,5.0,5.0,5.0,6.0,3.0,1.0,2.0,1.0,1.0,1.0,CALI
5.0,5.0,5.0,5.0,4.0,4.0,5.0,5.0,4.0,4.0,4.0,1.0,1.0,1.0,1.0,2.0,CALI
5.0,5.0,5.0,5.0,4.0,4.0,5.0,5.0,4.0,4.0,3.0,1.0,1.0,1.0,1.0,1.0,CALI
5.0,5.0,5.0,5.0,4.0,4.0,5.0,5.0,5.0,4.0,2.0,1.0,1.0,1.0,1.0,2.0,CALI
5.0,5.0,5.0,4.0,4.0,4.0,5.0,5.0,2.0,2.0,3.0,1.0,2.0,1.0,1.0,1.0,CALI
5.0,5.0,5.0,5.0,4.0,4.0,5.0,5.0,4.0,6.0,4.0,1.0,1.0,1.0,1.0,2.0,CALI
5.0,5.0,5.0,5.0,4.0,4.0,5.0,5.0,1.0,2.0,1.0,1.0,2.0,1.0,1.0,1.0,CALI
5.0,5.0,5.0,4.0,4.0,4.0,5.0,5.0,2.0,4.0,2.0,1.0,2.0,1.0,1.0,2.0,CALI
5.0,5.0,5.0,5.0,4.0,4.0,5.0,5.0,4.0,4.0,3.0,1.0,1.0,1.0,1.0,1.0,CALI
5.0,5.0,5.0,5.0,4.0,4.0,5.0,5.0,4.0,3.0,3.0,1.0,1.0,1.0,1.0,1.0,CALI
5.0,5.0,5.0,5.0,4.0,4.0,5.0,5.0,2.0,5.0,3.0,1.0,2.0,1.0,1.0,1.0,CALI
5.0,5.0,5.0,4.0,4.0,4.0,5.0,5.0,0.0,4.0,3.0,1.0,2.0,1.0,1.0,1.0,CALI
5.0,5.0,5.0,5.0,4.0,4.0,5.0,5.0,1.0,1.0,1.0,1.0,1.0,1.0,1.0,1.0,CALI
5.0,5.0,5.0,5.0,4.0,4.0,5.0,5.0,2.0,1.0,2.0,1.0,2.0,1.0,1.0,1.0,CALI
5.0,5.0,5.0,5.0,4.0,4.0,5.0,5.0,6.0,4.0,3.0,1.0,1.0,1.0,1.0,1.0,CALI
5.0,5.0,5.0,5.0,4.0,4.0,5.0,5.0,2.0,2.0,3.0,1.0,1.0,1.0,1.0,1.0,CALI
5.0,5.0,5.0,5.0,4.0,4.0,5.0,5.0,2.0,4.0,4.0,1.0,1.0,1.0,1.0,3.0,CALI
5.0,5.0,5.0,5.0,4.0,4.0,5.0,5.0,1.0,3.0,3.0,1.0,1.0,1.0,1.0,1.0,CALI
5.0,5.0,5.0,5.0,4.0,4.0,5.0,5.0,5.0,4.0,4.0,1.0,1.0,1.0,1.0,1.0,CALI
5.0,5.0,5.0,5.0,4.0,4.0,5.0,5.0,4.0,4.0,3.0,1.0,1.0,1.0,1.0,1.0,CALI
5.0,5.0,5.0,5.0,3.0,3.0,5.0,5.0,1.0,2.0,3.0,2.0,1.0,2.0,2.0,1.0,CALI
5.0,5.0,5.0,5.0,4.0,4.0,5.0,5.0,3.0,4.0,3.0,1.0,2.0,1.0,1.0,1.0,CALI
5.0,5.0,5.0,4.0,5.0,5.0,5.0,5.0,4.0,1.0,1.0,0.0,2.0,1.0,0.0,1.0,CALI
5.0,5.0,5.0,5.0,2.0,2.0,5.0,5.0,6.0,6.0,4.0,3.0,1.0,2.0,3.0,2.0,CALI
5.0,5.0,5.0,4.0,4.0,4.0,5.0,5.0,2.0,4.0,1.0,1.0,2.0,1.0,1.0,2.0,CALI
5.0,5.0,5.0,5.0,4.0,4.0,5.0,5.0,1.0,2.0,4.0,1.0,1.0,1.0,1.0,1.0,CALI
5.0,5.0,5.0,5.0,4.0,4.0,5.0,5.0,4.0,4.0,1.0,1.0,1.0,1.0,1.0,1.0,CALI
5.0,5.0,5.0,4.0,4.0,4.0,5.0,5.0,4.0,4.0,3.0,1.0,2.0,1.0,1.0,1.0,CALI
5.0,5.0,5.0,5.0,4.0,4.0,5.0,5.0,2.0,2.0,3.0,1.0,2.0,1.0,1.0,1.0,CALI
5.0,5.0,5.0,5.0,4.0,4.0,5.0,5.0,2.0,5.0,3.0,1.0,1.0,1.0,1.0,3.0,CALI
5.0,5.0,5.0,5.0,3.0,3.0,5.0,5.0,4.0,3.0,3.0,2.0,1.0,2.0,2.0,1.0,CALI
5.0,5.0,5.0,4.0,5.0,5.0,5.0,5.0,2.0,4.0,3.0,0.0,2.0,1.0,0.0,2.0,CALI
5.0,5.0,5.0,4.0,5.0,5.0,5.0,5.0,4.0,2.0,1.0,0.0,2.0,1.0,0.0,1.0,CALI
5.0,5.0,5.0,5.0,2.0,2.0,5.0,5.0,5.0,4.0,4.0,3.0,1.0,2.0,3.0,2.0,CALI
5.0,5.0,5.0,5.0,4.0,4.0,5.0,5.0,2.0,2.0,2.0,1.0,2.0,1.0,1.0,1.0,CALI
5.0,5.0,5.0,5.0,4.0,4.0,5.0,5.0,1.0,2.0,3.0,1.0,2.0,1.0,1.0,1.0,CALI
5.0,5.0,5.0,5.0,4.0,4.0,5.0,5.0,4.0,1.0,2.0,1.0,2.0,1.0,1.0,1.0,CALI
5.0,5.0,5.0,5.0,4.0,4.0,5.0,5.0,4.0,4.0,3.0,1.0,1.0,1.0,1.0,2.0,CALI
5.0,5.0,5.0,5.0,4.0,4.0,5.0,5.0,2.0,2.0,3.0,1.0,1.0,1.0,1.0,1.0,CALI
5.0,5.0,5.0,4.0,4.0,4.0,5.0,5.0,4.0,4.0,3.0,1.0,2.0,1.0,1.0,1.0,CALI
5.0,5.0,5.0,5.0,2.0,2.0,5.0,5.0,2.0,4.0,4.0,3.0,1.0,2.0,3.0,1.0,CALI
5.0,5.0,5.0,5.0,4.0,4.0,5.0,5.0,3.0,1.0,3.0,1.0,1.0,1.0,1.0,1.0,CALI
5.0,5.0,5.0,5.0,2.0,2.0,5.0,5.0,2.0,4.0,4.0,3.0,1.0,2.0,3.0,1.0,CALI
5.0,5.0,5.0,5.0,3.0,3.0,5.0,5.0,4.0,1.0,3.0,1.0,1.0,1.0,1.0,1.0,CALI
5.0,5.0,5.0,4.0,6.0,6.0,5.0,5.0,2.0,1.0,1.0,0.0,2.0,0.0,0.0,1.0,CALI
5.0,5.0,5.0,5.0,4.0,4.0,5.0,5.0,4.0,5.0,3.0,1.0,1.0,1.0,1.0,1.0,CALI
5.0,5.0,5.0,4.0,5.0,5.0,5.0,5.0,2.0,4.0,1.0,0.0,2.0,1.0,0.0,1.0,CALI
5.0,5.0,5.0,5.0,4.0,4.0,5.0,5.0,2.0,2.0,3.0,1.0,1.0,1.0,1.0,1.0,CALI
5.0,5.0,5.0,4.0,5.0,5.0,5.0,5.0,2.0,4.0,1.0,0.0,2.0,1.0,0.0,1.0,CALI
5.0,5.0,5.0,5.0,4.0,4.0,5.0,5.0,4.0,6.0,3.0,1.0,1.0,1.0,1.0,1.0,CALI
5.0,5.0,5.0,5.0,4.0,4.0,5.0,5.0,4.0,4.0,3.0,1.0,1.0,1.0,1.0,2.0,CALI
5.0,5.0,5.0,5.0,4.0,4.0,5.0,5.0,1.0,2.0,3.0,1.0,1.0,1.0,1.0,1.0,CALI
5.0,5.0,5.0,4.0,5.0,5.0,5.0,5.0,4.0,6.0,3.0,1.0,2.0,1.0,1.0,4.0,CALI
5.0,5.0,5.0,5.0,4.0,4.0,5.0,5.0,4.0,1.0,2.0,1.0,1.0,1.0,1.0,1.0,CALI
5.0,5.0,5.0,5.0,3.0,3.0,5.0,5.0,5.0,5.0,4.0,2.0,1.0,1.0,2.0,2.0,CALI
5.0,5.0,5.0,5.0,4.0,4.0,5.0,5.0,1.0,2.0,3.0,1.0,1.0,1.0,1.0,1.0,CALI
5.0,5.0,5.0,5.0,4.0,4.0,5.0,5.0,4.0,2.0,3.0,1.0,1.0,1.0,1.0,1.0,CALI
5.0,5.0,5.0,4.0,4.0,4.0,5.0,5.0,5.0,4.0,2.0,1.0,2.0,1.0,1.0,1.0,CALI
5.0,5.0,5.0,5.0,2.0,2.0,5.0,5.0,4.0,1.0,3.0,3.0,1.0,2.0,3.0,1.0,CALI
5.0,5.0,5.0,5.0,4.0,4.0,5.0,5.0,3.0,4.0,3.0,1.0,1.0,1.0,1.0,1.0,CALI
5.0,5.0,5.0,5.0,4.0,4.0,5.0,5.0,4.0,5.0,3.0,1.0,1.0,1.0,1.0,4.0,CALI
5.0,5.0,5.0,5.0,4.0,4.0,5.0,5.0,4.0,4.0,4.0,1.0,1.0,1.0,1.0,1.0,CALI
5.0,5.0,5.0,5.0,4.0,4.0,5.0,5.0,6.0,6.0,3.0,1.0,1.0,1.0,1.0,2.0,CALI
5.0,5.0,5.0,4.0,5.0,5.0,5.0,5.0,4.0,2.0,1.0,1.0,2.0,1.0,1.0,1.0,CALI
5.0,5.0,5.0,5.0,2.0,2.0,5.0,5.0,4.0,4.0,4.0,3.0,1.0,2.0,3.0,1.0,CALI
5.0,5.0,5.0,5.0,4.0,4.0,5.0,5.0,1.0,2.0,3.0,1.0,1.0,1.0,1.0,1.0,CALI
5.0,5.0,5.0,4.0,5.0,5.0,5.0,5.0,2.0,1.0,1.0,0.0,2.0,1.0,0.0,1.0,CALI
5.0,5.0,5.0,5.0,4.0,4.0,5.0,5.0,2.0,2.0,3.0,1.0,2.0,1.0,1.0,1.0,CALI
5.0,5.0,5.0,5.0,4.0,4.0,5.0,5.0,2.0,1.0,3.0,1.0,1.0,1.0,1.0,1.0,CALI
5.0,5.0,5.0,5.0,3.0,3.0,5.0,5.0,6.0,4.0,4.0,2.0,1.0,1.0,2.0,1.0,CALI
5.0,5.0,5.0,5.0,4.0,4.0,5.0,5.0,0.0,2.0,1.0,1.0,2.0,1.0,1.0,1.0,CALI
5.0,5.0,5.0,5.0,4.0,4.0,5.0,5.0,5.0,5.0,3.0,1.0,1.0,1.0,1.0,2.0,CALI
5.0,5.0,5.0,5.0,4.0,4.0,5.0,5.0,4.0,4.0,3.0,1.0,1.0,1.0,1.0,1.0,CALI
5.0,5.0,5.0,5.0,4.0,4.0,5.0,5.0,5.0,4.0,3.0,1.0,1.0,1.0,1.0,1.0,CALI
5.0,5.0,5.0,5.0,2.0,2.0,5.0,5.0,4.0,2.0,3.0,2.0,1.0,2.0,2.0,1.0,CALI
5.0,5.0,5.0,5.0,4.0,4.0,5.0,5.0,2.0,4.0,2.0,1.0,1.0,1.0,1.0,1.0,CALI
5.0,5.0,5.0,5.0,2.0,2.0,5.0,5.0,5.0,6.0,4.0,3.0,1.0,2.0,3.0,4.0,CALI
5.0,5.0,5.0,5.0,3.0,3.0,5.0,5.0,5.0,2.0,4.0,2.0,1.0,1.0,2.0,1.0,CALI
5.0,5.0,5.0,5.0,2.0,2.0,5.0,5.0,2.0,3.0,4.0,3.0,1.0,2.0,3.0,1.0,CALI
5.0,5.0,5.0,5.0,3.0,3.0,5.0,5.0,5.0,5.0,4.0,2.0,1.0,1.0,2.0,2.0,CALI
5.0,5.0,5.0,4.0,4.0,4.0,5.0,5.0,2.0,6.0,3.0,1.0,2.0,1.0,1.0,6.0,CALI
5.0,5.0,5.0,5.0,2.0,2.0,5.0,5.0,4.0,4.0,4.0,3.0,1.0,2.0,3.0,3.0,CALI
5.0,5.0,5.0,5.0,2.0,2.0,5.0,5.0,4.0,4.0,4.0,2.0,1.0,2.0,2.0,1.0,CALI
5.0,5.0,5.0,4.0,5.0,5.0,5.0,5.0,1.0,4.0,2.0,0.0,2.0,1.0,0.0,1.0,CALI
5.0,5.0,5.0,5.0,4.0,4.0,5.0,5.0,5.0,4.0,3.0,1.0,1.0,1.0,1.0,2.0,CALI
5.0,5.0,5.0,5.0,4.0,4.0,5.0,5.0,3.0,3.0,3.0,1.0,1.0,1.0,1.0,2.0,CALI
5.0,5.0,5.0,5.0,4.0,4.0,5.0,5.0,6.0,3.0,3.0,1.0,1.0,1.0,1.0,1.0,CALI
5.0,5.0,5.0,5.0,4.0,4.0,5.0,5.0,1.0,4.0,1.0,1.0,1.0,1.0,1.0,2.0,CALI
5.0,5.0,5.0,4.0,6.0,6.0,5.0,5.0,1.0,2.0,1.0,0.0,2.0,0.0,0.0,1.0,CALI
5.0,5.0,5.0,5.0,4.0,4.0,5.0,5.0,2.0,2.0,3.0,1.0,1.0,1.0,1.0,1.0,CALI
5.0,5.0,5.0,5.0,4.0,4.0,5.0,5.0,5.0,4.0,3.0,1.0,1.0,1.0,1.0,1.0,CALI
5.0,5.0,5.0,5.0,3.0,3.0,5.0,5.0,5.0,4.0,4.0,2.0,1.0,1.0,2.0,4.0,CALI
5.0,5.0,5.0,5.0,4.0,4.0,5.0,5.0,3.0,3.0,3.0,1.0,1.0,1.0,1.0,1.0,CALI
5.0,5.0,5.0,5.0,4.0,4.0,5.0,5.0,6.0,4.0,3.0,1.0,1.0,1.0,1.0,1.0,CALI
5.0,5.0,5.0,5.0,4.0,4.0,5.0,5.0,4.0,2.0,1.0,1.0,1.0,1.0,1.0,1.0,CALI
5.0,5.0,5.0,5.0,4.0,4.0,5.0,5.0,4.0,5.0,2.0,1.0,1.0,1.0,1.0,1.0,CALI
5.0,5.0,5.0,5.0,4.0,4.0,5.0,5.0,2.0,2.0,1.0,1.0,1.0,1.0,1.0,1.0,CALI
5.0,5.0,5.0,5.0,4.0,4.0,5.0,5.0,5.0,4.0,3.0,1.0,1.0,1.0,1.0,1.0,CALI
5.0,5.0,5.0,5.0,4.0,4.0,5.0,5.0,4.0,5.0,3.0,1.0,1.0,1.0,1.0,2.0,CALI
5.0,5.0,5.0,5.0,4.0,4.0,5.0,5.0,5.0,2.0,4.0,1.0,1.0,1.0,1.0,1.0,CALI
5.0,5.0,5.0,5.0,4.0,4.0,5.0,5.0,4.0,3.0,3.0,1.0,1.0,1.0,1.0,1.0,CALI
5.0,5.0,5.0,5.0,4.0,4.0,5.0,5.0,4.0,2.0,1.0,1.0,1.0,1.0,1.0,1.0,CALI
5.0,5.0,5.0,4.0,5.0,5.0,5.0,5.0,4.0,2.0,2.0,0.0,2.0,1.0,0.0,1.0,CALI
5.0,5.0,5.0,5.0,4.0,4.0,5.0,5.0,4.0,2.0,3.0,1.0,1.0,1.0,1.0,1.0,CALI
5.0,5.0,5.0,5.0,4.0,4.0,5.0,5.0,2.0,1.0,3.0,1.0,1.0,1.0,1.0,1.0,CALI
5.0,5.0,5.0,5.0,4.0,4.0,5.0,5.0,2.0,4.0,2.0,1.0,1.0,1.0,1.0,1.0,CALI
5.0,5.0,5.0,5.0,4.0,4.0,5.0,5.0,4.0,4.0,3.0,1.0,1.0,1.0,1.0,2.0,CALI
5.0,5.0,5.0,5.0,4.0,4.0,5.0,5.0,5.0,6.0,4.0,1.0,1.0,1.0,1.0,3.0,CALI
5.0,5.0,5.0,4.0,6.0,6.0,5.0,5.0,4.0,2.0,1.0,0.0,2.0,0.0,0.0,1.0,CALI
5.0,5.0,5.0,5.0,4.0,4.0,5.0,5.0,4.0,6.0,3.0,1.0,1.0,1.0,1.0,2.0,CALI
5.0,5.0,5.0,5.0,4.0,4.0,5.0,5.0,4.0,1.0,2.0,1.0,1.0,1.0,1.0,1.0,CALI
5.0,5.0,5.0,5.0,4.0,4.0,5.0,5.0,5.0,2.0,3.0,1.0,1.0,1.0,1.0,1.0,CALI
5.0,5.0,5.0,5.0,4.0,4.0,5.0,5.0,5.0,2.0,3.0,1.0,1.0,1.0,1.0,1.0,CALI
5.0,5.0,5.0,5.0,4.0,4.0,5.0,5.0,5.0,6.0,3.0,1.0,1.0,1.0,1.0,1.0,CALI
5.0,5.0,5.0,5.0,4.0,4.0,5.0,5.0,4.0,4.0,4.0,1.0,1.0,1.0,1.0,1.0,CALI
5.0,5.0,5.0,5.0,5.0,5.0,5.0,5.0,2.0,2.0,1.0,1.0,1.0,1.0,1.0,1.0,CALI
5.0,5.0,5.0,5.0,4.0,4.0,5.0,5.0,2.0,2.0,3.0,1.0,1.0,1.0,1.0,1.0,CALI
5.0,5.0,5.0,5.0,4.0,4.0,5.0,5.0,5.0,5.0,4.0,1.0,1.0,1.0,1.0,3.0,CALI
5.0,5.0,5.0,5.0,4.0,4.0,5.0,5.0,2.0,2.0,3.0,1.0,1.0,1.0,1.0,1.0,CALI
5.0,5.0,5.0,5.0,3.0,3.0,5.0,5.0,5.0,4.0,4.0,2.0,1.0,1.0,2.0,3.0,CALI
5.0,5.0,5.0,5.0,4.0,4.0,5.0,5.0,1.0,4.0,4.0,1.0,1.0,1.0,1.0,1.0,CALI
5.0,5.0,5.0,5.0,2.0,2.0,5.0,5.0,5.0,2.0,4.0,3.0,1.0,2.0,3.0,1.0,CALI
5.0,5.0,5.0,5.0,2.0,2.0,5.0,5.0,4.0,1.0,3.0,3.0,1.0,2.0,3.0,1.0,CALI
5.0,5.0,5.0,5.0,4.0,4.0,5.0,5.0,1.0,3.0,3.0,1.0,1.0,1.0,1.0,1.0,CALI
5.0,5.0,5.0,5.0,2.0,2.0,5.0,5.0,5.0,2.0,4.0,3.0,1.0,2.0,3.0,1.0,CALI
5.0,5.0,5.0,5.0,4.0,4.0,5.0,5.0,0.0,4.0,1.0,1.0,1.0,1.0,1.0,1.0,CALI
5.0,5.0,5.0,5.0,4.0,4.0,5.0,5.0,5.0,4.0,4.0,1.0,1.0,1.0,1.0,3.0,CALI
5.0,5.0,5.0,5.0,4.0,4.0,5.0,5.0,2.0,1.0,2.0,1.0,1.0,1.0,1.0,1.0,CALI
5.0,5.0,5.0,5.0,4.0,4.0,5.0,5.0,2.0,2.0,3.0,1.0,1.0,1.0,1.0,1.0,CALI
5.0,5.0,5.0,5.0,4.0,4.0,5.0,5.0,4.0,2.0,3.0,1.0,1.0,1.0,1.0,1.0,CALI
5.0,5.0,5.0,5.0,2.0,2.0,5.0,5.0,2.0,0.0,1.0,3.0,1.0,2.0,3.0,0.0,CALI
5.0,5.0,5.0,5.0,4.0,4.0,5.0,5.0,1.0,3.0,1.0,1.0,1.0,1.0,1.0,1.0,CALI
5.0,5.0,5.0,5.0,4.0,4.0,5.0,5.0,4.0,2.0,3.0,1.0,1.0,1.0,1.0,1.0,CALI
5.0,5.0,5.0,5.0,2.0,2.0,5.0,5.0,5.0,2.0,4.0,3.0,1.0,2.0,3.0,1.0,CALI
5.0,5.0,5.0,5.0,4.0,4.0,5.0,5.0,6.0,4.0,3.0,1.0,1.0,1.0,1.0,2.0,CALI
5.0,5.0,5.0,5.0,4.0,4.0,5.0,5.0,4.0,2.0,2.0,1.0,1.0,1.0,1.0,2.0,CALI
5.0,5.0,5.0,5.0,4.0,4.0,5.0,5.0,2.0,4.0,3.0,1.0,1.0,1.0,1.0,1.0,CALI
5.0,5.0,5.0,5.0,2.0,2.0,5.0,5.0,4.0,4.0,4.0,3.0,1.0,2.0,3.0,3.0,CALI
5.0,5.0,5.0,5.0,3.0,3.0,5.0,5.0,4.0,2.0,4.0,2.0,1.0,1.0,2.0,1.0,CALI
5.0,5.0,5.0,5.0,6.0,6.0,5.0,5.0,5.0,4.0,3.0,0.0,2.0,1.0,0.0,1.0,CALI
5.0,5.0,5.0,5.0,4.0,4.0,5.0,5.0,4.0,1.0,2.0,1.0,1.0,1.0,1.0,1.0,CALI
5.0,5.0,5.0,5.0,4.0,4.0,5.0,5.0,2.0,2.0,3.0,1.0,1.0,1.0,1.0,1.0,CALI
5.0,5.0,5.0,5.0,4.0,4.0,5.0,5.0,5.0,6.0,4.0,1.0,1.0,1.0,1.0,3.0,CALI
5.0,5.0,5.0,5.0,4.0,4.0,5.0,5.0,4.0,4.0,3.0,1.0,1.0,1.0,1.0,1.0,CALI
5.0,5.0,5.0,5.0,4.0,4.0,5.0,5.0,2.0,2.0,1.0,1.0,1.0,1.0,1.0,1.0,CALI
5.0,5.0,5.0,5.0,3.0,3.0,5.0,5.0,2.0,4.0,4.0,2.0,1.0,1.0,2.0,2.0,CALI
5.0,5.0,5.0,5.0,4.0,4.0,5.0,5.0,4.0,2.0,3.0,1.0,1.0,1.0,1.0,1.0,CALI
5.0,5.0,5.0,5.0,4.0,4.0,5.0,5.0,4.0,4.0,4.0,1.0,1.0,1.0,1.0,2.0,CALI
5.0,5.0,5.0,5.0,2.0,2.0,5.0,5.0,3.0,4.0,4.0,3.0,1.0,2.0,3.0,4.0,CALI
5.0,5.0,5.0,5.0,4.0,4.0,5.0,5.0,5.0,4.0,3.0,1.0,1.0,1.0,1.0,2.0,CALI
5.0,5.0,5.0,5.0,4.0,4.0,5.0,5.0,4.0,4.0,2.0,1.0,1.0,1.0,1.0,2.0,CALI
5.0,5.0,5.0,5.0,2.0,2.0,5.0,5.0,5.0,4.0,4.0,3.0,1.0,1.0,3.0,2.0,CALI
5.0,5.0,5.0,5.0,4.0,4.0,5.0,5.0,4.0,1.0,3.0,1.0,1.0,1.0,1.0,1.0,CALI
5.0,5.0,5.0,5.0,4.0,4.0,5.0,5.0,4.0,1.0,3.0,1.0,1.0,1.0,1.0,1.0,CALI
5.0,5.0,5.0,5.0,2.0,2.0,5.0,5.0,6.0,5.0,4.0,3.0,1.0,1.0,3.0,1.0,CALI
5.0,5.0,5.0,5.0,4.0,4.0,5.0,5.0,4.0,4.0,3.0,1.0,1.0,1.0,1.0,1.0,CALI
5.0,5.0,5.0,5.0,4.0,4.0,5.0,5.0,2.0,4.0,3.0,1.0,1.0,1.0,1.0,1.0,CALI
5.0,5.0,5.0,5.0,5.0,5.0,5.0,5.0,2.0,2.0,1.0,0.0,1.0,1.0,0.0,1.0,CALI
5.0,5.0,5.0,5.0,4.0,4.0,5.0,5.0,2.0,3.0,3.0,1.0,1.0,1.0,1.0,1.0,CALI
5.0,5.0,5.0,5.0,4.0,4.0,5.0,5.0,1.0,4.0,3.0,1.0,1.0,1.0,1.0,2.0,CALI
5.0,5.0,5.0,5.0,2.0,2.0,5.0,5.0,5.0,5.0,3.0,3.0,1.0,2.0,3.0,3.0,CALI
5.0,5.0,5.0,5.0,4.0,4.0,5.0,5.0,1.0,4.0,3.0,1.0,1.0,1.0,1.0,1.0,CALI
5.0,5.0,5.0,5.0,4.0,4.0,5.0,5.0,4.0,2.0,3.0,1.0,1.0,1.0,1.0,1.0,CALI
5.0,5.0,5.0,5.0,4.0,4.0,5.0,5.0,2.0,1.0,1.0,1.0,1.0,1.0,1.0,1.0,CALI
5.0,5.0,5.0,5.0,4.0,4.0,5.0,5.0,5.0,1.0,1.0,1.0,1.0,1.0,1.0,1.0,CALI
5.0,5.0,5.0,5.0,4.0,4.0,5.0,5.0,2.0,1.0,3.0,1.0,1.0,1.0,1.0,1.0,CALI
5.0,5.0,5.0,5.0,3.0,3.0,5.0,5.0,3.0,2.0,3.0,2.0,1.0,1.0,2.0,1.0,CALI
5.0,5.0,5.0,5.0,4.0,4.0,5.0,5.0,6.0,6.0,3.0,1.0,1.0,1.0,1.0,3.0,CALI
5.0,5.0,5.0,5.0,4.0,4.0,5.0,5.0,3.0,4.0,3.0,1.0,1.0,1.0,1.0,1.0,CALI
5.0,5.0,5.0,5.0,4.0,4.0,5.0,5.0,2.0,2.0,3.0,1.0,1.0,1.0,1.0,1.0,CALI
5.0,5.0,5.0,5.0,4.0,4.0,5.0,5.0,4.0,4.0,4.0,1.0,1.0,1.0,1.0,1.0,CALI
5.0,5.0,5.0,5.0,4.0,4.0,5.0,5.0,2.0,2.0,2.0,1.0,1.0,1.0,1.0,1.0,CALI
5.0,5.0,5.0,5.0,4.0,4.0,5.0,5.0,4.0,4.0,3.0,1.0,1.0,1.0,1.0,3.0,CALI
5.0,5.0,5.0,5.0,4.0,4.0,5.0,5.0,4.0,3.0,3.0,1.0,1.0,1.0,1.0,1.0,CALI
5.0,5.0,5.0,5.0,4.0,4.0,5.0,5.0,2.0,1.0,4.0,1.0,1.0,1.0,1.0,1.0,CALI
5.0,5.0,5.0,5.0,4.0,4.0,5.0,5.0,3.0,5.0,3.0,1.0,1.0,1.0,1.0,1.0,CALI
5.0,5.0,5.0,5.0,4.0,4.0,5.0,5.0,2.0,6.0,3.0,1.0,1.0,1.0,1.0,1.0,CALI
5.0,5.0,5.0,5.0,4.0,4.0,5.0,5.0,2.0,4.0,3.0,1.0,1.0,1.0,1.0,1.0,CALI
5.0,5.0,5.0,5.0,2.0,2.0,5.0,5.0,4.0,4.0,4.0,3.0,1.0,1.0,3.0,1.0,CALI
5.0,5.0,5.0,5.0,4.0,4.0,5.0,5.0,2.0,4.0,4.0,1.0,1.0,1.0,1.0,2.0,CALI
5.0,5.0,6.0,5.0,6.0,6.0,5.0,5.0,5.0,2.0,1.0,0.0,1.0,0.0,0.0,1.0,CALI
5.0,5.0,5.0,5.0,4.0,4.0,5.0,5.0,2.0,2.0,3.0,1.0,1.0,1.0,1.0,1.0,CALI
5.0,5.0,5.0,5.0,4.0,4.0,5.0,5.0,4.0,3.0,3.0,1.0,1.0,1.0,1.0,1.0,CALI
5.0,5.0,5.0,5.0,4.0,4.0,5.0,5.0,2.0,2.0,4.0,1.0,1.0,1.0,1.0,1.0,CALI
5.0,5.0,5.0,5.0,4.0,4.0,5.0,5.0,2.0,2.0,3.0,1.0,1.0,1.0,1.0,1.0,CALI
5.0,5.0,5.0,5.0,4.0,4.0,5.0,5.0,4.0,4.0,3.0,1.0,1.0,1.0,1.0,1.0,CALI
5.0,5.0,5.0,5.0,4.0,4.0,5.0,5.0,5.0,4.0,3.0,1.0,1.0,1.0,1.0,1.0,CALI
5.0,5.0,5.0,5.0,4.0,4.0,5.0,5.0,4.0,4.0,4.0,2.0,1.0,1.0,2.0,2.0,CALI
5.0,5.0,5.0,5.0,4.0,4.0,5.0,5.0,4.0,1.0,3.0,1.0,1.0,1.0,1.0,1.0,CALI
5.0,5.0,5.0,5.0,4.0,4.0,5.0,5.0,3.0,4.0,3.0,1.0,1.0,1.0,1.0,2.0,CALI
5.0,5.0,5.0,5.0,4.0,4.0,5.0,5.0,4.0,6.0,3.0,1.0,1.0,1.0,1.0,4.0,CALI
5.0,5.0,5.0,5.0,4.0,4.0,5.0,5.0,1.0,4.0,2.0,1.0,1.0,1.0,1.0,1.0,CALI
5.0,5.0,6.0,5.0,5.0,5.0,5.0,5.0,4.0,0.0,1.0,0.0,1.0,0.0,0.0,0.0,CALI
5.0,5.0,5.0,5.0,4.0,4.0,5.0,5.0,1.0,4.0,2.0,1.0,1.0,1.0,1.0,3.0,CALI
5.0,5.0,5.0,5.0,4.0,4.0,5.0,5.0,5.0,2.0,3.0,1.0,1.0,1.0,1.0,1.0,CALI
5.0,5.0,5.0,5.0,4.0,4.0,5.0,5.0,4.0,2.0,3.0,1.0,1.0,1.0,1.0,1.0,CALI
5.0,5.0,6.0,5.0,4.0,4.0,5.0,5.0,4.0,6.0,3.0,1.0,1.0,1.0,1.0,1.0,CALI
5.0,5.0,5.0,5.0,4.0,4.0,5.0,5.0,5.0,6.0,3.0,1.0,1.0,1.0,1.0,2.0,CALI
5.0,5.0,6.0,5.0,4.0,4.0,5.0,5.0,4.0,4.0,1.0,1.0,1.0,1.0,1.0,1.0,CALI
5.0,5.0,5.0,5.0,3.0,3.0,5.0,5.0,4.0,4.0,3.0,2.0,1.0,1.0,2.0,2.0,CALI
5.0,5.0,6.0,5.0,4.0,4.0,5.0,5.0,6.0,4.0,3.0,1.0,1.0,1.0,1.0,1.0,CALI
5.0,5.0,5.0,5.0,4.0,4.0,5.0,5.0,4.0,1.0,3.0,1.0,1.0,1.0,1.0,1.0,CALI
5.0,5.0,5.0,5.0,4.0,4.0,5.0,5.0,5.0,5.0,4.0,1.0,1.0,1.0,1.0,2.0,CALI
5.0,5.0,5.0,5.0,2.0,2.0,5.0,5.0,1.0,3.0,3.0,3.0,1.0,1.0,3.0,1.0,CALI
5.0,5.0,6.0,5.0,4.0,4.0,5.0,5.0,2.0,4.0,3.0,1.0,1.0,1.0,1.0,3.0,CALI
5.0,5.0,6.0,5.0,4.0,4.0,5.0,5.0,2.0,2.0,1.0,1.0,1.0,1.0,1.0,1.0,CALI
5.0,5.0,6.0,5.0,4.0,4.0,5.0,5.0,1.0,5.0,3.0,1.0,1.0,1.0,1.0,1.0,CALI
5.0,5.0,6.0,5.0,4.0,4.0,5.0,5.0,4.0,3.0,4.0,1.0,1.0,1.0,1.0,1.0,CALI
6.0,5.0,6.0,5.0,5.0,5.0,5.0,6.0,4.0,2.0,2.0,0.0,1.0,0.0,0.0,1.0,CALI
0.0,1.0,2.0,0.0,5.0,5.0,0.0,0.0,0.0,4.0,1.0,0.0,6.0,3.0,0.0,1.0,HOROZ
0.0,1.0,1.0,0.0,4.0,4.0,0.0,0.0,1.0,1.0,1.0,1.0,6.0,3.0,1.0,1.0,HOROZ
0.0,1.0,2.0,0.0,4.0,4.0,0.0,0.0,5.0,2.0,3.0,1.0,6.0,3.0,1.0,1.0,HOROZ
0.0,1.0,2.0,0.0,4.0,4.0,0.0,0.0,5.0,3.0,3.0,1.0,6.0,3.0,1.0,4.0,HOROZ
0.0,1.0,2.0,0.0,4.0,4.0,0.0,0.0,5.0,3.0,3.0,1.0,6.0,3.0,1.0,4.0,HOROZ
0.0,1.0,1.0,0.0,2.0,2.0,0.0,0.0,4.0,4.0,4.0,3.0,6.0,4.0,3.0,5.0,HOROZ
0.0,1.0,3.0,0.0,5.0,5.0,0.0,0.0,4.0,4.0,3.0,0.0,6.0,3.0,0.0,1.0,HOROZ
0.0,1.0,2.0,0.0,4.0,4.0,0.0,0.0,5.0,3.0,2.0,1.0,6.0,3.0,1.0,4.0,HOROZ
0.0,1.0,2.0,0.0,4.0,4.0,0.0,0.0,5.0,3.0,2.0,1.0,6.0,3.0,1.0,4.0,HOROZ
0.0,1.0,1.0,0.0,4.0,4.0,0.0,0.0,4.0,6.0,4.0,1.0,6.0,3.0,1.0,3.0,HOROZ
0.0,1.0,1.0,0.0,2.0,2.0,0.0,0.0,4.0,4.0,5.0,3.0,6.0,4.0,3.0,1.0,HOROZ
0.0,2.0,3.0,0.0,6.0,6.0,0.0,0.0,0.0,2.0,1.0,0.0,6.0,2.0,0.0,1.0,HOROZ
0.0,1.0,3.0,0.0,6.0,6.0,0.0,0.0,2.0,2.0,1.0,0.0,6.0,2.0,0.0,1.0,HOROZ
0.0,1.0,2.0,0.0,4.0,4.0,0.0,0.0,0.0,4.0,4.0,1.0,6.0,3.0,1.0,1.0,HOROZ
0.0,1.0,2.0,0.0,4.0,4.0,0.0,0.0,1.0,2.0,1.0,1.0,6.0,3.0,1.0,1.0,HOROZ
0.0,1.0,1.0,0.0,3.0,3.0,0.0,0.0,1.0,4.0,4.0,2.0,6.0,3.0,2.0,4.0,HOROZ
0.0,1.0,3.0,0.0,5.0,5.0,0.0,0.0,0.0,2.0,1.0,0.0,6.0,3.0,0.0,1.0,HOROZ
0.0,1.0,1.0,0.0,2.0,2.0,0.0,0.0,1.0,2.0,3.0,3.0,6.0,4.0,3.0,1.0,HOROZ
0.0,2.0,2.0,0.0,4.0,4.0,0.0,0.0,6.0,2.0,1.0,1.0,6.0,3.0,1.0,1.0,HOROZ
0.0,2.0,3.0,0.0,5.0,5.0,0.0,0.0,2.0,4.0,1.0,0.0,6.0,3.0,0.0,2.0,HOROZ
0.0,2.0,3.0,0.0,6.0,6.0,0.0,0.0,4.0,2.0,1.0,0.0,6.0,2.0,0.0,2.0,HOROZ
0.0,2.0,3.0,0.0,5.0,5.0,0.0,0.0,2.0,2.0,1.0,0.0,6.0,3.0,0.0,1.0,HOROZ
0.0,1.0,1.0,0.0,2.0,2.0,0.0,0.0,2.0,4.0,5.0,4.0,6.0,5.0,4.0,4.0,HOROZ
0.0,1.0,3.0,0.0,6.0,6.0,0.0,0.0,4.0,4.0,3.0,0.0,6.0,2.0,0.0,3.0,HOROZ
0.0,1.0,2.0,0.0,4.0,4.0,0.0,0.0,1.0,3.0,3.0,1.0,6.0,3.0,1.0,1.0,HOROZ
0.0,2.0,3.0,0.0,5.0,5.0,0.0,0.0,3.0,2.0,2.0,1.0,6.0,3.0,1.0,1.0,HOROZ
0.0,1.0,3.0,0.0,4.0,4.0,0.0,0.0,2.0,4.0,3.0,1.0,6.0,3.0,1.0,4.0,HOROZ
0.0,2.0,3.0,0.0,6.0,6.0,0.0,0.0,0.0,4.0,1.0,0.0,6.0,2.0,0.0,4.0,HOROZ
0.0,1.0,1.0,0.0,2.0,2.0,0.0,0.0,4.0,2.0,4.0,3.0,6.0,4.0,3.0,4.0,HOROZ
0.0,2.0,3.0,0.0,5.0,5.0,0.0,0.0,2.0,2.0,1.0,0.0,6.0,2.0,0.0,1.0,HOROZ
0.0,2.0,3.0,0.0,5.0,5.0,0.0,0.0,4.0,2.0,2.0,0.0,6.0,2.0,0.0,3.0,HOROZ
0.0,2.0,3.0,0.0,6.0,6.0,0.0,0.0,1.0,4.0,1.0,0.0,6.0,2.0,0.0,1.0,HOROZ
0.0,2.0,3.0,0.0,5.0,5.0,0.0,0.0,0.0,4.0,3.0,1.0,6.0,3.0,1.0,1.0,HOROZ
0.0,2.0,3.0,0.0,4.0,4.0,0.0,0.0,5.0,2.0,1.0,1.0,6.0,3.0,1.0,1.0,HOROZ
0.0,2.0,3.0,0.0,6.0,6.0,0.0,0.0,0.0,3.0,1.0,0.0,6.0,2.0,0.0,3.0,HOROZ
0.0,2.0,3.0,0.0,6.0,6.0,0.0,0.0,1.0,2.0,1.0,0.0,6.0,2.0,0.0,4.0,HOROZ
0.0,2.0,3.0,0.0,4.0,4.0,0.0,0.0,1.0,2.0,3.0,1.0,6.0,3.0,1.0,2.0,HOROZ
0.0,2.0,3.0,0.0,4.0,4.0,1.0,0.0,5.0,1.0,1.0,1.0,6.0,3.0,1.0,0.0,HOROZ
0.0,1.0,2.0,0.0,3.0,3.0,0.0,0.0,3.0,4.0,5.0,2.0,6.0,3.0,2.0,4.0,HOROZ
0.0,1.0,2.0,0.0,3.0,3.0,0.0,0.0,2.0,4.0,4.0,2.0,6.0,3.0,2.0,4.0,HOROZ
0.0,2.0,3.0,0.0,6.0,6.0,0.0,0.0,4.0,4.0,1.0,0.0,6.0,2.0,0.0,2.0,HOROZ
0.0,2.0,3.0,0.0,6.0,6.0,1.0,0.0,0.0,2.0,1.0,0.0,6.0,2.0,0.0,1.0,HOROZ
1.0,2.0,3.0,0.0,5.0,5.0,1.0,1.0,2.0,4.0,3.0,0.0,6.0,2.0,0.0,6.0,HOROZ
1.0,3.0,3.0,0.0,6.0,6.0,1.0,1.0,0.0,1.0,0.0,0.0,6.0,2.0,0.0,2.0,HOROZ
1.0,2.0,3.0,0.0,4.0,4.0,1.0,1.0,5.0,2.0,3.0,1.0,6.0,3.0,1.0,2.0,HOROZ
1.0,2.0,3.0,0.0,5.0,5.0,1.0,1.0,6.0,3.0,1.0,0.0,6.0,2.0,0.0,2.0,HOROZ
1.0,2.0,3.0,0.0,5.0,5.0,1.0,1.0,5.0,5.0,3.0,0.0,6.0,2.0,0.0,2.0,HOROZ
1.0,2.0,3.0,0.0,5.0,5.0,1.0,1.0,5.0,5.0,3.0,0.0,6.0,2.0,0.0,2.0,HOROZ
1.0,2.0,3.0,0.0,5.0,5.0,1.0,1.0,5.0,4.0,2.0,0.0,6.0,2.0,0.0,1.0,HOROZ
1.0,2.0,3.0,0.0,6.0,6.0,1.0,1.0,1.0,4.0,1.0,0.0,6.0,2.0,0.0,4.0,HOROZ
1.0,2.0,3.0,0.0,6.0,6.0,1.0,1.0,0.0,4.0,1.0,0.0,6.0,2.0,0.0,3.0,HOROZ
1.0,2.0,3.0,0.0,4.0,4.0,1.0,1.0,4.0,2.0,2.0,1.0,6.0,3.0,1.0,1.0,HOROZ
1.0,2.0,3.0,0.0,6.0,6.0,1.0,1.0,0.0,2.0,1.0,0.0,6.0,2.0,0.0,1.0,HOROZ
1.0,2.0,3.0,0.0,6.0,6.0,1.0,1.0,0.0,2.0,1.0,0.0,6.0,2.0,0.0,1.0,HOROZ
1.0,2.0,3.0,0.0,6.0,6.0,1.0,1.0,0.0,4.0,2.0,0.0,6.0,2.0,0.0,3.0,HOROZ
1.0,2.0,2.0,0.0,2.0,2.0,1.0,1.0,1.0,4.0,4.0,3.0,6.0,4.0,3.0,1.0,HOROZ
1.0,2.0,3.0,0.0,6.0,6.0,1.0,1.0,0.0,1.0,1.0,0.0,6.0,2.0,0.0,1.0,HOROZ
1.0,2.0,3.0,0.0,6.0,6.0,1.0,1.0,2.0,4.0,2.0,0.0,6.0,2.0,0.0,4.0,HOROZ
1.0,2.0,3.0,0.0,5.0,5.0,1.0,1.0,2.0,2.0,1.0,0.0,6.0,2.0,0.0,1.0,HOROZ
1.0,2.0,3.0,0.0,5.0,5.0,1.0,1.0,2.0,2.0,1.0,0.0,6.0,2.0,0.0,1.0,HOROZ
1.0,2.0,3.0,0.0,4.0,4.0,1.0,1.0,1.0,4.0,3.0,1.0,6.0,3.0,1.0,2.0,HOROZ
1.0,2.0,3.0,0.0,6.0,6.0,1.0,1.0,0.0,4.0,1.0,0.0,6.0,2.0,0.0,1.0,HOROZ
1.0,2.0,3.0,0.0,6.0,6.0,1.0,1.0,0.0,2.0,1.0,0.0,6.0,2.0,0.0,1.0,HOROZ
1.0,2.0,3.0,0.0,4.0,4.0,1.0,1.0,5.0,2.0,3.0,1.0,6.0,3.0,1.0,1.0,HOROZ
1.0,2.0,3.0,0.0,6.0,6.0,1.0,1.0,0.0,2.0,1.0,0.0,6.0,2.0,0.0,1.0,HOROZ
1.0,2.0,3.0,0.0,2.0,2.0,1.0,1.0,1.0,2.0,3.0,2.0,6.0,3.0,2.0,1.0,HOROZ
1.0,2.0,3.0,0.0,5.0,5.0,1.0,1.0,1.0,2.0,1.0,1.0,6.0,2.0,1.0,1.0,HOROZ
1.0,2.0,3.0,0.0,6.0,6.0,1.0,1.0,4.0,4.0,1.0,0.0,6.0,2.0,0.0,4.0,HOROZ
1.0,2.0,3.0,0.0,6.0,6.0,1.0,1.0,0.0,2.0,1.0,0.0,6.0,2.0,0.0,3.0,HOROZ
1.0,2.0,3.0,0.0,4.0,4.0,1.0,1.0,0.0,2.0,2.0,1.0,6.0,3.0,1.0,2.0,HOROZ
1.0,2.0,4.0,0.0,6.0,6.0,1.0,1.0,0.0,2.0,1.0,0.0,6.0,1.0,0.0,1.0,HOROZ
1.0,2.0,3.0,0.0,6.0,6.0,1.0,1.0,5.0,3.0,1.0,0.0,6.0,2.0,0.0,1.0,HOROZ
1.0,2.0,3.0,0.0,4.0,4.0,1.0,1.0,4.0,2.0,3.0,1.0,6.0,3.0,1.0,1.0,HOROZ
1.0,2.0,3.0,0.0,6.0,6.0,1.0,1.0,0.0,2.0,1.0,0.0,6.0,2.0,0.0,1.0,HOROZ
1.0,2.0,3.0,0.0,5.0,5.0,1.0,1.0,0.0,4.0,3.0,0.0,6.0,2.0,0.0,4.0,HOROZ
1.0,2.0,3.0,0.0,6.0,6.0,2.0,1.0,5.0,1.0,0.0,0.0,6.0,2.0,0.0,1.0,HOROZ
1.0,2.0,3.0,0.0,6.0,6.0,1.0,1.0,2.0,6.0,3.0,0.0,6.0,2.0,0.0,4.0,HOROZ
1.0,2.0,3.0,0.0,6.0,6.0,1.0,1.0,5.0,4.0,1.0,0.0,6.0,2.0,0.0,1.0,HOROZ
1.0,2.0,3.0,0.0,4.0,4.0,2.0,1.0,1.0,2.0,1.0,1.0,6.0,3.0,1.0,1.0,HOROZ
1.0,2.0,3.0,0.0,6.0,6.0,1.0,1.0,6.0,4.0,1.0,0.0,6.0,2.0,0.0,3.0,HOROZ
1.0,2.0,3.0,0.0,4.0,4.0,2.0,1.0,2.0,1.0,1.0,1.0,6.0,2.0,1.0,0.0,HOROZ
1.0,2.0,3.0,0.0,5.0,5.0,1.0,1.0,0.0,4.0,3.0,0.0,6.0,2.0,0.0,3.0,HOROZ
1.0,2.0,3.0,0.0,5.0,5.0,1.0,1.0,2.0,4.0,1.0,0.0,6.0,2.0,0.0,4.0,HOROZ
1.0,2.0,3.0,0.0,6.0,6.0,2.0,1.0,0.0,2.0,1.0,0.0,6.0,2.0,0.0,1.0,HOROZ
1.0,2.0,3.0,0.0,6.0,6.0,2.0,1.0,0.0,3.0,1.0,0.0,6.0,2.0,0.0,1.0,HOROZ
1.0,2.0,3.0,0.0,6.0,6.0,2.0,1.0,2.0,4.0,1.0,0.0,6.0,2.0,0.0,1.0,HOROZ
1.0,2.0,3.0,0.0,6.0,6.0,2.0,1.0,1.0,4.0,1.0,0.0,6.0,2.0,0.0,3.0,HOROZ
1.0,2.0,3.0,0.0,5.0,5.0,2.0,1.0,0.0,4.0,3.0,0.0,6.0,2.0,0.0,2.0,HOROZ
1.0,2.0,4.0,0.0,6.0,6.0,2.0,1.0,0.0,2.0,1.0,0.0,6.0,2.0,0.0,1.0,HOROZ
1.0,2.0,3.0,0.0,6.0,6.0,2.0,1.0,0.0,3.0,1.0,0.0,6.0,2.0,0.0,1.0,HOROZ
1.0,2.0,3.0,0.0,6.0,6.0,2.0,1.0,1.0,4.0,1.0,0.0,6.0,2.0,0.0,2.0,HOROZ
1.0,2.0,3.0,0.0,6.0,6.0,2.0,1.0,0.0,2.0,1.0,0.0,6.0,2.0,0.0,1.0,HOROZ
1.0,2.0,3.0,0.0,6.0,6.0,2.0,1.0,0.0,2.0,1.0,0.0,6.0,2.0,0.0,1.0,HOROZ
1.0,2.0,3.0,0.0,6.0,6.0,2.0,1.0,0.0,4.0,1.0,0.0,6.0,2.0,0.0,3.0,HOROZ
1.0,2.0,3.0,0.0,6.0,6.0,2.0,1.0,0.0,2.0,1.0,0.0,6.0,2.0,0.0,1.0,HOROZ
1.0,2.0,3.0,0.0,6.0,6.0,2.0,1.0,5.0,4.0,3.0,0.0,6.0,2.0,0.0,4.0,HOROZ
1.0,2.0,3.0,0.0,6.0,6.0,2.0,1.0,2.0,2.0,1.0,0.0,6.0,2.0,0.0,3.0,HOROZ
1.0,2.0,3.0,0.0,6.0,6.0,2.0,1.0,4.0,2.0,1.0,0.0,6.0,2.0,0.0,1.0,HOROZ
1.0,2.0,3.0,0.0,6.0,6.0,2.0,1.0,4.0,2.0,1.0,0.0,6.0,2.0,0.0,1.0,HOROZ
2.0,2.0,3.0,0.0,6.0,6.0,2.0,2.0,0.0,4.0,1.0,0.0,6.0,2.0,0.0,3.0,HOROZ
2.0,2.0,3.0,0.0,6.0,6.0,2.0,2.0,0.0,3.0,1.0,0.0,6.0,2.0,0.0,1.0,HOROZ
2.0,2.0,3.0,0.0,6.0,6.0,2.0,2.0,1.0,4.0,1.0,0.0,6.0,2.0,0.0,3.0,HOROZ
2.0,2.0,4.0,0.0,6.0,6.0,2.0,2.0,4.0,4.0,1.0,0.0,6.0,1.0,0.0,4.0,HOROZ
2.0,2.0,3.0,0.0,4.0,4.0,2.0,2.0,2.0,3.0,3.0,1.0,6.0,3.0,1.0,1.0,HOROZ
2.0,2.0,3.0,0.0,4.0,4.0,2.0,2.0,5.0,4.0,3.0,1.0,6.0,3.0,1.0,4.0,HOROZ
2.0,2.0,3.0,0.0,4.0,4.0,2.0,2.0,4.0,4.0,3.0,1.0,6.0,2.0,1.0,3.0,HOROZ
2.0,2.0,3.0,0.0,4.0,4.0,2.0,2.0,4.0,0.0,1.0,1.0,6.0,3.0,1.0,0.0,HOROZ
2.0,2.0,3.0,0.0,6.0,6.0,2.0,2.0,0.0,2.0,1.0,0.0,6.0,2.0,0.0,1.0,HOROZ
2.0,2.0,4.0,0.0,6.0,6.0,2.0,2.0,0.0,3.0,1.0,0.0,6.0,2.0,0.0,2.0,HOROZ
2.0,2.0,3.0,0.0,5.0,5.0,2.0,2.0,0.0,4.0,1.0,0.0,6.0,2.0,0.0,2.0,HOROZ
2.0,2.0,3.0,0.0,6.0,6.0,2.0,2.0,5.0,4.0,2.0,0.0,6.0,2.0,0.0,4.0,HOROZ
2.0,2.0,3.0,0.0,5.0,5.0,2.0,2.0,2.0,2.0,1.0,0.0,6.0,2.0,0.0,2.0,HOROZ
2.0,2.0,3.0,0.0,5.0,5.0,2.0,2.0,1.0,4.0,1.0,0.0,6.0,2.0,0.0,4.0,HOROZ
2.0,2.0,3.0,0.0,5.0,5.0,2.0,2.0,0.0,2.0,1.0,0.0,6.0,2.0,0.0,3.0,HOROZ
2.0,2.0,3.0,0.0,5.0,5.0,2.0,2.0,1.0,4.0,2.0,0.0,6.0,2.0,0.0,3.0,HOROZ
2.0,2.0,2.0,1.0,1.0,1.0,2.0,2.0,5.0,5.0,5.0,4.0,5.0,5.0,4.0,4.0,HOROZ
2.0,2.0,3.0,0.0,6.0,6.0,2.0,2.0,0.0,2.0,1.0,0.0,6.0,2.0,0.0,1.0,HOROZ
2.0,2.0,3.0,0.0,4.0,4.0,2.0,2.0,0.0,2.0,2.0,1.0,6.0,3.0,1.0,3.0,HOROZ
2.0,2.0,3.0,0.0,6.0,6.0,2.0,2.0,0.0,3.0,1.0,0.0,6.0,2.0,0.0,4.0,HOROZ
2.0,2.0,3.0,0.0,5.0,5.0,2.0,2.0,2.0,2.0,1.0,0.0,6.0,2.0,0.0,1.0,HOROZ
2.0,2.0,3.0,0.0,5.0,5.0,2.0,2.0,1.0,3.0,2.0,1.0,6.0,2.0,1.0,2.0,HOROZ
2.0,2.0,4.0,0.0,6.0,6.0,2.0,2.0,1.0,3.0,1.0,0.0,6.0,2.0,0.0,1.0,HOROZ
2.0,2.0,4.0,0.0,6.0,6.0,2.0,2.0,1.0,3.0,1.0,0.0,6.0,2.0,0.0,1.0,HOROZ
2.0,2.0,3.0,0.0,6.0,6.0,2.0,2.0,0.0,2.0,1.0,0.0,6.0,2.0,0.0,1.0,HOROZ
2.0,2.0,4.0,0.0,6.0,6.0,2.0,2.0,0.0,2.0,0.0,0.0,6.0,2.0,0.0,1.0,HOROZ
2.0,2.0,3.0,0.0,3.0,3.0,2.0,2.0,1.0,4.0,4.0,2.0,6.0,3.0,2.0,4.0,HOROZ
2.0,2.0,3.0,0.0,4.0,4.0,2.0,2.0,1.0,2.0,3.0,1.0,6.0,3.0,1.0,2.0,HOROZ
2.0,2.0,4.0,0.0,6.0,6.0,2.0,2.0,1.0,2.0,0.0,0.0,6.0,1.0,0.0,1.0,HOROZ
2.0,2.0,3.0,0.0,6.0,6.0,2.0,2.0,1.0,2.0,1.0,0.0,6.0,2.0,0.0,1.0,HOROZ
2.0,2.0,4.0,0.0,6.0,6.0,2.0,2.0,6.0,4.0,1.0,0.0,6.0,2.0,0.0,3.0,HOROZ
2.0,2.0,4.0,0.0,6.0,6.0,2.0,2.0,6.0,4.0,1.0,0.0,6.0,2.0,0.0,3.0,HOROZ
2.0,2.0,3.0,0.0,5.0,5.0,2.0,2.0,6.0,2.0,1.0,1.0,6.0,2.0,1.0,2.0,HOROZ
2.0,2.0,3.0,0.0,5.0,5.0,2.0,2.0,3.0,2.0,1.0,0.0,6.0,2.0,0.0,3.0,HOROZ
2.0,2.0,3.0,0.0,6.0,6.0,2.0,2.0,2.0,4.0,1.0,0.0,6.0,2.0,0.0,3.0,HOROZ
2.0,2.0,3.0,0.0,6.0,6.0,2.0,2.0,5.0,2.0,1.0,0.0,6.0,2.0,0.0,3.0,HOROZ
2.0,2.0,3.0,0.0,6.0,6.0,2.0,2.0,4.0,2.0,1.0,0.0,6.0,2.0,0.0,1.0,HOROZ
2.0,2.0,3.0,0.0,4.0,4.0,2.0,2.0,2.0,2.0,2.0,1.0,6.0,2.0,1.0,1.0,HOROZ
2.0,2.0,4.0,0.0,6.0,6.0,2.0,2.0,0.0,5.0,1.0,0.0,6.0,1.0,0.0,1.0,HOROZ
2.0,2.0,4.0,0.0,6.0,6.0,2.0,2.0,0.0,5.0,1.0,0.0,6.0,1.0,0.0,1.0,HOROZ
2.0,2.0,3.0,0.0,5.0,5.0,2.0,2.0,1.0,4.0,2.0,0.0,6.0,2.0,0.0,4.0,HOROZ
2.0,2.0,3.0,0.0,4.0,4.0,2.0,2.0,0.0,4.0,3.0,1.0,6.0,3.0,1.0,1.0,HOROZ
2.0,2.0,3.0,0.0,6.0,6.0,2.0,2.0,2.0,4.0,2.0,0.0,6.0,2.0,0.0,2.0,HOROZ
2.0,2.0,3.0,0.0,5.0,5.0,2.0,2.0,5.0,4.0,2.0,0.0,6.0,2.0,0.0,1.0,HOROZ
2.0,2.0,3.0,1.0,2.0,2.0,2.0,2.0,2.0,2.0,3.0,3.0,5.0,3.0,3.0,4.0,HOROZ
2.0,2.0,4.0,0.0,6.0,6.0,2.0,2.0,6.0,4.0,1.0,0.0,6.0,2.0,0.0,1.0,HOROZ
2.0,2.0,3.0,0.0,4.0,4.0,2.0,2.0,5.0,4.0,4.0,1.0,6.0,3.0,1.0,1.0,HOROZ
2.0,2.0,4.0,0.0,6.0,6.0,2.0,2.0,5.0,4.0,1.0,0.0,6.0,1.0,0.0,3.0,HOROZ
2.0,2.0,4.0,0.0,6.0,6.0,2.0,2.0,5.0,3.0,1.0,0.0,6.0,2.0,0.0,1.0,HOROZ
2.0,2.0,4.0,0.0,6.0,6.0,2.0,2.0,0.0,3.0,1.0,0.0,6.0,2.0,0.0,1.0,HOROZ
2.0,2.0,3.0,1.0,2.0,2.0,2.0,2.0,2.0,4.0,4.0,3.0,5.0,3.0,3.0,3.0,HOROZ
2.0,2.0,3.0,0.0,5.0,5.0,2.0,2.0,5.0,4.0,3.0,0.0,6.0,2.0,0.0,4.0,HOROZ
2.0,2.0,4.0,0.0,6.0,6.0,2.0,2.0,0.0,3.0,1.0,0.0,6.0,2.0,0.0,3.0,HOROZ
2.0,2.0,4.0,0.0,6.0,6.0,2.0,2.0,2.0,4.0,1.0,0.0,6.0,2.0,0.0,4.0,HOROZ
2.0,4.0,4.0,0.0,6.0,6.0,2.0,2.0,1.0,0.0,0.0,0.0,6.0,1.0,0.0,1.0,HOROZ
2.0,2.0,4.0,0.0,6.0,6.0,2.0,2.0,2.0,3.0,1.0,0.0,6.0,2.0,0.0,2.0,HOROZ
2.0,2.0,3.0,0.0,5.0,5.0,2.0,2.0,2.0,4.0,1.0,0.0,6.0,2.0,0.0,1.0,HOROZ
2.0,2.0,4.0,0.0,6.0,6.0,2.0,2.0,4.0,2.0,1.0,0.0,6.0,1.0,0.0,1.0,HOROZ
2.0,2.0,3.0,0.0,6.0,6.0,2.0,2.0,1.0,3.0,1.0,0.0,6.0,2.0,0.0,1.0,HOROZ
2.0,2.0,3.0,0.0,6.0,6.0,2.0,2.0,1.0,3.0,1.0,0.0,6.0,2.0,0.0,1.0,HOROZ
2.0,2.0,4.0,0.0,6.0,6.0,2.0,2.0,0.0,2.0,1.0,0.0,6.0,2.0,0.0,1.0,HOROZ
2.0,2.0,4.0,0.0,6.0,6.0,2.0,2.0,5.0,4.0,1.0,0.0,6.0,2.0,0.0,3.0,HOROZ
2.0,2.0,3.0,0.0,5.0,5.0,2.0,2.0,0.0,1.0,1.0,0.0,6.0,2.0,0.0,1.0,HOROZ
2.0,2.0,3.0,0.0,5.0,5.0,2.0,2.0,6.0,4.0,2.0,0.0,6.0,2.0,0.0,1.0,HOROZ
2.0,2.0,3.0,0.0,4.0,4.0,2.0,2.0,5.0,4.0,3.0,1.0,6.0,3.0,1.0,1.0,HOROZ
2.0,2.0,4.0,0.0,6.0,6.0,2.0,2.0,0.0,2.0,1.0,0.0,6.0,1.0,0.0,2.0,HOROZ
2.0,2.0,4.0,0.0,6.0,6.0,2.0,2.0,0.0,4.0,1.0,0.0,6.0,2.0,0.0,3.0,HOROZ
2.0,2.0,4.0,0.0,6.0,6.0,2.0,2.0,0.0,3.0,1.0,0.0,6.0,2.0,0.0,4.0,HOROZ
2.0,2.0,3.0,0.0,5.0,5.0,2.0,2.0,2.0,3.0,1.0,1.0,6.0,2.0,1.0,2.0,HOROZ
2.0,2.0,4.0,0.0,6.0,6.0,2.0,2.0,0.0,2.0,1.0,0.0,6.0,2.0,0.0,1.0,HOROZ
2.0,4.0,4.0,0.0,6.0,6.0,2.0,2.0,0.0,1.0,0.0,0.0,6.0,1.0,0.0,3.0,HOROZ
2.0,2.0,3.0,0.0,6.0,6.0,2.0,2.0,5.0,3.0,1.0,0.0,6.0,2.0,0.0,1.0,HOROZ
2.0,2.0,4.0,0.0,6.0,6.0,2.0,2.0,0.0,1.0,1.0,0.0,6.0,1.0,0.0,0.0,HOROZ
2.0,2.0,4.0,0.0,6.0,6.0,2.0,2.0,0.0,3.0,1.0,0.0,6.0,2.0,0.0,1.0,HOROZ
2.0,2.0,3.0,0.0,5.0,5.0,2.0,2.0,5.0,4.0,1.0,0.0,6.0,2.0,0.0,1.0,HOROZ
2.0,2.0,3.0,0.0,6.0,6.0,2.0,2.0,6.0,4.0,1.0,0.0,6.0,2.0,0.0,2.0,HOROZ
2.0,2.0,4.0,0.0,6.0,6.0,2.0,2.0,1.0,4.0,1.0,0.0,6.0,1.0,0.0,2.0,HOROZ
2.0,2.0,4.0,0.0,6.0,6.0,2.0,2.0,0.0,2.0,1.0,0.0,6.0,2.0,0.0,1.0,HOROZ
2.0,2.0,4.0,0.0,6.0,6.0,2.0,2.0,2.0,2.0,1.0,0.0,6.0,2.0,0.0,1.0,HOROZ
2.0,2.0,4.0,0.0,6.0,6.0,2.0,2.0,2.0,2.0,1.0,0.0,6.0,2.0,0.0,1.0,HOROZ
2.0,2.0,4.0,0.0,6.0,6.0,2.0,2.0,5.0,4.0,1.0,0.0,6.0,1.0,0.0,4.0,HOROZ
2.0,2.0,4.0,0.0,6.0,6.0,2.0,2.0,6.0,4.0,1.0,0.0,6.0,2.0,0.0,2.0,HOROZ
2.0,2.0,4.0,0.0,6.0,6.0,2.0,2.0,6.0,4.0,1.0,0.0,6.0,2.0,0.0,2.0,HOROZ
2.0,2.0,4.0,0.0,6.0,6.0,2.0,2.0,6.0,4.0,1.0,0.0,6.0,2.0,0.0,2.0,HOROZ
2.0,2.0,4.0,0.0,6.0,6.0,2.0,2.0,1.0,3.0,1.0,0.0,6.0,2.0,0.0,1.0,HOROZ
2.0,2.0,3.0,0.0,5.0,5.0,2.0,2.0,0.0,4.0,2.0,0.0,6.0,2.0,0.0,3.0,HOROZ
2.0,2.0,3.0,1.0,1.0,1.0,2.0,2.0,4.0,4.0,5.0,4.0,5.0,4.0,4.0,4.0,HOROZ
2.0,2.0,4.0,0.0,6.0,6.0,2.0,2.0,3.0,4.0,1.0,0.0,6.0,1.0,0.0,1.0,HOROZ
2.0,2.0,4.0,0.0,6.0,6.0,2.0,2.0,2.0,2.0,1.0,0.0,6.0,1.0,0.0,1.0,HOROZ
2.0,2.0,4.0,0.0,6.0,6.0,2.0,2.0,0.0,4.0,1.0,0.0,6.0,2.0,0.0,2.0,HOROZ
2.0,2.0,4.0,0.0,6.0,6.0,2.0,2.0,1.0,4.0,1.0,0.0,6.0,2.0,0.0,4.0,HOROZ
2.0,2.0,4.0,0.0,6.0,6.0,2.0,2.0,2.0,2.0,1.0,0.0,6.0,1.0,0.0,2.0,HOROZ
2.0,2.0,3.0,0.0,4.0,4.0,2.0,2.0,2.0,2.0,3.0,1.0,6.0,3.0,1.0,1.0,HOROZ
2.0,2.0,3.0,0.0,6.0,6.0,2.0,2.0,0.0,2.0,1.0,0.0,6.0,2.0,0.0,3.0,HOROZ
2.0,2.0,3.0,0.0,4.0,4.0,2.0,2.0,3.0,1.0,3.0,1.0,6.0,2.0,1.0,1.0,HOROZ
2.0,2.0,4.0,0.0,6.0,6.0,2.0,2.0,5.0,4.0,1.0,0.0,6.0,2.0,0.0,3.0,HOROZ
2.0,2.0,3.0,0.0,5.0,5.0,2.0,2.0,2.0,3.0,1.0,0.0,6.0,2.0,0.0,2.0,HOROZ
2.0,2.0,3.0,0.0,4.0,4.0,2.0,2.0,6.0,3.0,3.0,1.0,6.0,2.0,1.0,1.0,HOROZ
2.0,2.0,4.0,0.0,6.0,6.0,2.0,2.0,0.0,2.0,1.0,0.0,6.0,2.0,0.0,1.0,HOROZ
2.0,2.0,3.0,0.0,5.0,5.0,2.0,2.0,5.0,4.0,3.0,1.0,6.0,2.0,1.0,1.0,HOROZ
2.0,2.0,4.0,0.0,6.0,6.0,2.0,2.0,6.0,4.0,2.0,0.0,6.0,2.0,0.0,1.0,HOROZ
2.0,2.0,4.0,0.0,6.0,6.0,2.0,2.0,4.0,4.0,1.0,0.0,6.0,2.0,0.0,5.0,HOROZ
2.0,2.0,4.0,0.0,6.0,6.0,2.0,2.0,0.0,3.0,1.0,0.0,6.0,2.0,0.0,1.0,HOROZ
2.0,2.0,4.0,0.0,6.0,6.0,2.0,2.0,0.0,4.0,1.0,0.0,6.0,1.0,0.0,4.0,HOROZ
2.0,2.0,4.0,0.0,6.0,6.0,2.0,2.0,0.0,4.0,1.0,0.0,6.0,1.0,0.0,3.0,HOROZ
2.0,2.0,3.0,0.0,4.0,4.0,2.0,2.0,0.0,2.0,1.0,1.0,6.0,3.0,1.0,1.0,HOROZ
2.0,2.0,4.0,0.0,6.0,6.0,2.0,2.0,5.0,3.0,1.0,0.0,6.0,1.0,0.0,2.0,HOROZ
2.0,2.0,4.0,0.0,6.0,6.0,2.0,2.0,5.0,4.0,1.0,0.0,6.0,2.0,0.0,3.0,HOROZ
2.0,2.0,4.0,0.0,6.0,6.0,2.0,2.0,0.0,4.0,2.0,0.0,6.0,2.0,0.0,4.0,HOROZ
2.0,2.0,4.0,0.0,6.0,6.0,2.0,2.0,0.0,2.0,1.0,0.0,6.0,1.0,0.0,1.0,HOROZ
2.0,2.0,4.0,0.0,6.0,6.0,2.0,2.0,0.0,2.0,1.0,0.0,6.0,2.0,0.0,1.0,HOROZ
2.0,2.0,4.0,0.0,6.0,6.0,2.0,2.0,3.0,3.0,1.0,0.0,6.0,1.0,0.0,2.0,HOROZ
2.0,2.0,4.0,0.0,6.0,6.0,2.0,2.0,2.0,3.0,1.0,0.0,6.0,2.0,0.0,3.0,HOROZ
2.0,2.0,3.0,0.0,5.0,5.0,2.0,2.0,6.0,2.0,1.0,0.0,6.0,2.0,0.0,1.0,HOROZ
2.0,2.0,4.0,0.0,6.0,6.0,2.0,2.0,0.0,3.0,1.0,0.0,6.0,1.0,0.0,4.0,HOROZ
2.0,2.0,4.0,0.0,6.0,6.0,2.0,2.0,0.0,3.0,1.0,0.0,6.0,1.0,0.0,4.0,HOROZ
2.0,2.0,3.0,1.0,4.0,4.0,2.0,2.0,3.0,4.0,3.0,1.0,5.0,3.0,1.0,3.0,HOROZ
2.0,2.0,4.0,0.0,6.0,6.0,2.0,2.0,5.0,4.0,1.0,0.0,6.0,1.0,0.0,3.0,HOROZ
2.0,2.0,4.0,0.0,6.0,6.0,2.0,2.0,0.0,4.0,1.0,0.0,6.0,1.0,0.0,1.0,HOROZ
2.0,2.0,4.0,0.0,6.0,6.0,2.0,2.0,2.0,4.0,1.0,0.0,6.0,1.0,0.0,4.0,HOROZ
2.0,2.0,3.0,0.0,5.0,5.0,2.0,2.0,1.0,4.0,1.0,0.0,6.0,2.0,0.0,4.0,HOROZ
2.0,2.0,3.0,0.0,5.0,5.0,2.0,2.0,1.0,4.0,1.0,0.0,6.0,2.0,0.0,4.0,HOROZ
2.0,2.0,4.0,0.0,6.0,6.0,2.0,2.0,0.0,3.0,1.0,0.0,6.0,2.0,0.0,2.0,HOROZ
2.0,2.0,3.0,0.0,4.0,4.0,2.0,2.0,5.0,5.0,3.0,1.0,6.0,2.0,1.0,4.0,HOROZ
2.0,2.0,4.0,0.0,5.0,5.0,2.0,2.0,2.0,1.0,1.0,0.0,6.0,2.0,0.0,0.0,HOROZ
2.0,3.0,4.0,0.0,6.0,6.0,2.0,2.0,5.0,3.0,1.0,0.0,6.0,2.0,0.0,4.0,HOROZ
2.0,5.0,4.0,0.0,6.0,6.0,2.0,2.0,0.0,0.0,0.0,0.0,6.0,1.0,0.0,3.0,HOROZ
2.0,2.0,3.0,1.0,4.0,4.0,2.0,2.0,0.0,2.0,1.0,1.0,5.0,3.0,1.0,1.0,HOROZ
2.0,2.0,4.0,0.0,6.0,6.0,2.0,2.0,1.0,4.0,1.0,0.0,6.0,2.0,0.0,1.0,HOROZ
2.0,2.0,4.0,0.0,6.0,6.0,2.0,2.0,2.0,3.0,1.0,0.0,6.0,1.0,0.0,4.0,HOROZ
2.0,2.0,4.0,0.0,6.0,6.0,2.0,2.0,0.0,2.0,1.0,0.0,6.0,1.0,0.0,1.0,HOROZ
2.0,2.0,3.0,1.0,4.0,4.0,2.0,2.0,1.0,2.0,2.0,1.0,5.0,3.0,1.0,2.0,HOROZ
2.0,3.0,4.0,0.0,6.0,6.0,2.0,2.0,5.0,3.0,0.0,0.0,6.0,1.0,0.0,4.0,HOROZ
2.0,2.0,4.0,0.0,6.0,6.0,2.0,2.0,0.0,2.0,1.0,0.0,6.0,2.0,0.0,1.0,HOROZ
2.0,2.0,4.0,0.0,6.0,6.0,2.0,2.0,0.0,4.0,1.0,0.0,6.0,2.0,0.0,1.0,HOROZ
2.0,2.0,4.0,0.0,6.0,6.0,2.0,2.0,1.0,3.0,1.0,0.0,6.0,2.0,0.0,1.0,HOROZ
2.0,3.0,4.0,0.0,6.0,6.0,2.0,2.0,1.0,2.0,1.0,0.0,6.0,1.0,0.0,1.0,HOROZ
2.0,2.0,3.0,0.0,5.0,5.0,2.0,2.0,0.0,4.0,3.0,0.0,6.0,2.0,0.0,3.0,HOROZ
2.0,2.0,4.0,0.0,6.0,6.0,2.0,2.0,2.0,3.0,1.0,0.0,6.0,1.0,0.0,1.0,HOROZ
2.0,2.0,4.0,0.0,6.0,6.0,2.0,2.0,5.0,0.0,1.0,0.0,6.0,1.0,0.0,0.0,HOROZ
2.0,3.0,4.0,0.0,6.0,6.0,2.0,2.0,4.0,3.0,0.0,0.0,6.0,1.0,0.0,1.0,HOROZ
2.0,2.0,4.0,0.0,6.0,6.0,2.0,2.0,1.0,3.0,1.0,0.0,6.0,2.0,0.0,2.0,HOROZ
2.0,2.0,4.0,0.0,6.0,6.0,2.0,2.0,0.0,4.0,2.0,0.0,6.0,2.0,0.0,4.0,HOROZ
2.0,2.0,4.0,0.0,6.0,6.0,2.0,2.0,4.0,4.0,3.0,0.0,6.0,2.0,0.0,4.0,HOROZ
2.0,4.0,4.0,0.0,6.0,6.0,2.0,2.0,0.0,2.0,0.0,0.0,6.0,1.0,0.0,4.0,HOROZ
2.0,2.0,4.0,0.0,6.0,6.0,2.0,2.0,0.0,3.0,1.0,0.0,6.0,1.0,0.0,1.0,HOROZ
2.0,2.0,4.0,0.0,6.0,6.0,2.0,2.0,0.0,2.0,1.0,0.0,6.0,2.0,0.0,3.0,HOROZ
2.0,2.0,4.0,0.0,6.0,6.0,2.0,2.0,4.0,4.0,1.0,0.0,6.0,2.0,0.0,2.0,HOROZ
2.0,2.0,4.0,0.0,6.0,6.0,2.0,2.0,4.0,4.0,1.0,0.0,6.0,2.0,0.0,3.0,HOROZ
2.0,2.0,4.0,0.0,6.0,6.0,2.0,2.0,0.0,3.0,1.0,0.0,6.0,2.0,0.0,3.0,HOROZ
2.0,2.0,4.0,0.0,6.0,6.0,2.0,2.0,1.0,4.0,1.0,0.0,6.0,1.0,0.0,4.0,HOROZ
2.0,2.0,4.0,0.0,6.0,6.0,2.0,2.0,0.0,4.0,1.0,0.0,6.0,1.0,0.0,4.0,HOROZ
2.0,2.0,4.0,0.0,6.0,6.0,2.0,2.0,0.0,2.0,1.0,0.0,6.0,2.0,0.0,1.0,HOROZ
2.0,2.0,4.0,0.0,6.0,6.0,2.0,2.0,4.0,2.0,1.0,0.0,6.0,2.0,0.0,1.0,HOROZ
2.0,2.0,4.0,0.0,6.0,6.0,2.0,2.0,4.0,2.0,1.0,0.0,6.0,2.0,0.0,1.0,HOROZ
2.0,2.0,3.0,0.0,5.0,5.0,2.0,2.0,0.0,2.0,1.0,0.0,6.0,2.0,0.0,1.0,HOROZ
2.0,2.0,3.0,0.0,5.0,5.0,2.0,2.0,0.0,2.0,1.0,0.0,6.0,2.0,0.0,1.0,HOROZ
2.0,2.0,3.0,1.0,4.0,4.0,2.0,2.0,1.0,0.0,1.0,1.0,6.0,2.0,1.0,0.0,HOROZ
2.0,2.0,4.0,0.0,6.0,6.0,2.0,2.0,2.0,4.0,1.0,0.0,6.0,1.0,0.0,4.0,HOROZ
2.0,2.0,4.0,0.0,6.0,6.0,2.0,2.0,1.0,4.0,1.0,0.0,6.0,1.0,0.0,4.0,HOROZ
2.0,2.0,4.0,0.0,6.0,6.0,2.0,2.0,2.0,3.0,1.0,0.0,6.0,1.0,0.0,4.0,HOROZ
2.0,2.0,4.0,0.0,6.0,6.0,2.0,2.0,4.0,2.0,1.0,0.0,6.0,2.0,0.0,1.0,HOROZ
2.0,2.0,4.0,0.0,6.0,6.0,2.0,2.0,4.0,4.0,1.0,0.0,6.0,2.0,0.0,1.0,HOROZ
2.0,2.0,3.0,1.0,4.0,4.0,2.0,2.0,0.0,2.0,1.0,1.0,5.0,2.0,1.0,1.0,HOROZ
2.0,2.0,4.0,0.0,6.0,6.0,2.0,2.0,5.0,4.0,1.0,0.0,6.0,2.0,0.0,4.0,HOROZ
2.0,2.0,4.0,0.0,6.0,6.0,2.0,2.0,2.0,2.0,3.0,0.0,6.0,2.0,0.0,2.0,HOROZ
2.0,3.0,4.0,0.0,6.0,6.0,2.0,2.0,0.0,2.0,1.0,0.0,6.0,1.0,0.0,4.0,HOROZ
2.0,2.0,4.0,0.0,6.0,6.0,2.0,2.0,0.0,2.0,1.0,0.0,6.0,2.0,0.0,1.0,HOROZ
2.0,2.0,4.0,0.0,6.0,6.0,2.0,2.0,0.0,3.0,1.0,0.0,6.0,1.0,0.0,3.0,HOROZ
2.0,2.0,4.0,0.0,6.0,6.0,2.0,2.0,4.0,2.0,1.0,0.0,6.0,2.0,0.0,2.0,HOROZ
2.0,3.0,3.0,0.0,5.0,5.0,2.0,2.0,4.0,2.0,1.0,0.0,6.0,2.0,0.0,2.0,HOROZ
2.0,2.0,4.0,0.0,5.0,5.0,2.0,2.0,2.0,2.0,1.0,0.0,6.0,2.0,0.0,1.0,HOROZ
2.0,2.0,4.0,0.0,6.0,6.0,2.0,2.0,0.0,4.0,1.0,0.0,6.0,2.0,0.0,2.0,HOROZ
2.0,2.0,4.0,0.0,5.0,5.0,2.0,2.0,4.0,4.0,3.0,0.0,6.0,2.0,0.0,3.0,HOROZ
2.0,2.0,3.0,1.0,4.0,4.0,2.0,2.0,4.0,4.0,4.0,1.0,5.0,2.0,1.0,2.0,HOROZ
2.0,2.0,4.0,0.0,6.0,6.0,2.0,2.0,4.0,6.0,1.0,0.0,6.0,1.0,0.0,3.0,HOROZ
2.0,2.0,4.0,0.0,6.0,6.0,2.0,2.0,5.0,2.0,1.0,0.0,6.0,1.0,0.0,1.0,HOROZ
2.0,2.0,4.0,0.0,6.0,6.0,2.0,2.0,4.0,4.0,1.0,0.0,6.0,2.0,0.0,4.0,HOROZ
2.0,2.0,4.0,0.0,6.0,6.0,2.0,2.0,1.0,4.0,1.0,0.0,6.0,2.0,0.0,4.0,HOROZ
2.0,2.0,4.0,0.0,6.0,6.0,2.0,2.0,2.0,2.0,1.0,0.0,6.0,2.0,0.0,1.0,HOROZ
2.0,2.0,4.0,0.0,6.0,6.0,2.0,2.0,4.0,4.0,1.0,0.0,6.0,1.0,0.0,4.0,HOROZ
2.0,2.0,4.0,0.0,6.0,6.0,2.0,2.0,5.0,2.0,1.0,0.0,6.0,2.0,0.0,1.0,HOROZ
2.0,2.0,4.0,0.0,6.0,6.0,2.0,2.0,5.0,4.0,1.0,0.0,6.0,1.0,0.0,3.0,HOROZ
2.0,3.0,4.0,0.0,6.0,6.0,2.0,2.0,4.0,2.0,1.0,0.0,6.0,2.0,0.0,1.0,HOROZ
2.0,2.0,4.0,0.0,5.0,5.0,2.0,2.0,4.0,3.0,1.0,0.0,6.0,2.0,0.0,2.0,HOROZ
2.0,3.0,4.0,0.0,6.0,6.0,2.0,2.0,2.0,2.0,1.0,0.0,6.0,1.0,0.0,1.0,HOROZ
2.0,2.0,4.0,0.0,5.0,5.0,2.0,2.0,4.0,4.0,3.0,0.0,6.0,2.0,0.0,1.0,HOROZ
2.0,2.0,4.0,0.0,6.0,6.0,2.0,2.0,4.0,4.0,1.0,0.0,6.0,1.0,0.0,3.0,HOROZ
2.0,2.0,4.0,0.0,6.0,6.0,2.0,2.0,0.0,2.0,1.0,0.0,6.0,2.0,0.0,1.0,HOROZ
2.0,2.0,4.0,0.0,5.0,5.0,2.0,2.0,0.0,4.0,3.0,0.0,6.0,2.0,0.0,3.0,HOROZ
2.0,2.0,4.0,0.0,6.0,6.0,2.0,2.0,6.0,3.0,1.0,0.0,6.0,1.0,0.0,1.0,HOROZ
2.0,2.0,4.0,0.0,6.0,6.0,2.0,2.0,5.0,3.0,1.0,0.0,6.0,1.0,0.0,2.0,HOROZ
2.0,2.0,4.0,0.0,6.0,6.0,2.0,2.0,1.0,2.0,1.0,0.0,6.0,2.0,0.0,1.0,HOROZ
2.0,2.0,4.0,0.0,5.0,5.0,2.0,2.0,5.0,4.0,3.0,0.0,6.0,2.0,0.0,2.0,HOROZ
2.0,2.0,3.0,0.0,4.0,4.0,2.0,2.0,0.0,3.0,1.0,1.0,6.0,2.0,1.0,2.0,HOROZ
2.0,3.0,4.0,0.0,6.0,6.0,2.0,2.0,2.0,2.0,1.0,0.0,6.0,2.0,0.0,1.0,HOROZ
2.0,2.0,4.0,0.0,6.0,6.0,2.0,2.0,4.0,4.0,1.0,0.0,6.0,2.0,0.0,3.0,HOROZ
2.0,3.0,4.0,0.0,6.0,6.0,2.0,2.0,5.0,4.0,1.0,0.0,6.0,1.0,0.0,4.0,HOROZ
2.0,2.0,4.0,0.0,6.0,6.0,2.0,2.0,2.0,2.0,1.0,0.0,6.0,2.0,0.0,1.0,HOROZ
2.0,3.0,4.0,0.0,6.0,6.0,2.0,2.0,4.0,3.0,1.0,0.0,6.0,1.0,0.0,1.0,HOROZ
2.0,2.0,4.0,0.0,6.0,6.0,2.0,2.0,2.0,2.0,1.0,0.0,6.0,1.0,0.0,1.0,HOROZ
2.0,2.0,4.0,0.0,5.0,5.0,2.0,2.0,5.0,4.0,2.0,0.0,6.0,2.0,0.0,4.0,HOROZ
2.0,2.0,4.0,0.0,6.0,6.0,2.0,2.0,1.0,3.0,1.0,0.0,6.0,1.0,0.0,3.0,HOROZ
2.0,4.0,4.0,0.0,6.0,6.0,2.0,2.0,2.0,1.0,0.0,0.0,6.0,1.0,0.0,1.0,HOROZ
2.0,3.0,4.0,0.0,6.0,6.0,2.0,2.0,0.0,2.0,1.0,0.0,6.0,1.0,0.0,3.0,HOROZ
2.0,3.0,4.0,0.0,6.0,6.0,2.0,2.0,0.0,4.0,1.0,0.0,6.0,1.0,0.0,2.0,HOROZ
2.0,2.0,4.0,0.0,6.0,6.0,2.0,2.0,4.0,4.0,2.0,0.0,6.0,2.0,0.0,3.0,HOROZ
2.0,3.0,4.0,0.0,6.0,6.0,2.0,2.0,4.0,4.0,1.0,0.0,6.0,1.0,0.0,4.0,HOROZ
2.0,3.0,4.0,0.0,6.0,6.0,2.0,2.0,4.0,4.0,1.0,0.0,6.0,1.0,0.0,4.0,HOROZ
2.0,3.0,4.0,0.0,6.0,6.0,2.0,2.0,4.0,3.0,1.0,0.0,6.0,1.0,0.0,4.0,HOROZ
2.0,2.0,3.0,0.0,5.0,5.0,2.0,2.0,1.0,3.0,1.0,1.0,6.0,2.0,1.0,4.0,HOROZ
2.0,3.0,4.0,0.0,6.0,6.0,2.0,2.0,5.0,2.0,1.0,0.0,6.0,1.0,0.0,1.0,HOROZ
2.0,2.0,4.0,0.0,6.0,6.0,2.0,2.0,6.0,4.0,1.0,0.0,6.0,2.0,0.0,4.0,HOROZ
2.0,2.0,4.0,0.0,6.0,6.0,2.0,2.0,6.0,4.0,1.0,0.0,6.0,2.0,0.0,4.0,HOROZ
2.0,3.0,4.0,0.0,6.0,6.0,2.0,2.0,0.0,2.0,1.0,0.0,6.0,1.0,0.0,1.0,HOROZ
2.0,3.0,3.0,1.0,4.0,4.0,2.0,2.0,2.0,2.0,1.0,1.0,6.0,2.0,1.0,1.0,HOROZ
2.0,3.0,4.0,0.0,6.0,6.0,2.0,2.0,0.0,4.0,1.0,0.0,6.0,1.0,0.0,2.0,HOROZ
2.0,2.0,4.0,0.0,6.0,6.0,2.0,2.0,5.0,4.0,1.0,0.0,6.0,2.0,0.0,2.0,HOROZ
2.0,3.0,4.0,0.0,6.0,6.0,2.0,2.0,4.0,4.0,1.0,0.0,6.0,1.0,0.0,1.0,HOROZ
2.0,2.0,3.0,1.0,4.0,4.0,2.0,2.0,2.0,2.0,1.0,1.0,5.0,2.0,1.0,1.0,HOROZ
2.0,3.0,4.0,0.0,6.0,6.0,2.0,2.0,2.0,3.0,1.0,0.0,6.0,2.0,0.0,4.0,HOROZ
2.0,3.0,4.0,0.0,6.0,6.0,2.0,2.0,2.0,3.0,1.0,0.0,6.0,2.0,0.0,4.0,HOROZ
2.0,2.0,4.0,0.0,5.0,5.0,2.0,2.0,4.0,3.0,1.0,0.0,6.0,2.0,0.0,1.0,HOROZ
2.0,2.0,3.0,1.0,4.0,4.0,2.0,2.0,2.0,4.0,3.0,1.0,5.0,2.0,1.0,3.0,HOROZ
2.0,2.0,4.0,1.0,4.0,4.0,2.0,2.0,0.0,2.0,1.0,1.0,6.0,2.0,1.0,1.0,HOROZ
2.0,3.0,4.0,0.0,6.0,6.0,2.0,2.0,0.0,3.0,1.0,0.0,6.0,1.0,0.0,2.0,HOROZ
2.0,2.0,4.0,0.0,6.0,6.0,2.0,2.0,6.0,3.0,1.0,0.0,6.0,1.0,0.0,2.0,HOROZ
2.0,3.0,4.0,0.0,6.0,6.0,2.0,2.0,4.0,4.0,1.0,0.0,6.0,2.0,0.0,3.0,HOROZ
2.0,2.0,4.0,0.0,6.0,6.0,2.0,2.0,5.0,5.0,1.0,0.0,6.0,1.0,0.0,4.0,HOROZ
2.0,2.0,4.0,0.0,6.0,6.0,2.0,2.0,2.0,4.0,1.0,0.0,6.0,2.0,0.0,3.0,HOROZ
2.0,2.0,4.0,0.0,6.0,6.0,2.0,2.0,0.0,4.0,1.0,0.0,6.0,1.0,0.0,1.0,HOROZ
2.0,4.0,4.0,0.0,6.0,6.0,2.0,2.0,4.0,2.0,0.0,0.0,6.0,1.0,0.0,2.0,HOROZ
2.0,3.0,4.0,0.0,6.0,6.0,2.0,2.0,0.0,2.0,1.0,0.0,6.0,1.0,0.0,1.0,HOROZ
2.0,2.0,4.0,0.0,6.0,6.0,2.0,2.0,6.0,4.0,2.0,0.0,6.0,2.0,0.0,1.0,HOROZ
2.0,3.0,4.0,0.0,6.0,6.0,2.0,2.0,2.0,2.0,1.0,0.0,6.0,1.0,0.0,1.0,HOROZ
2.0,4.0,4.0,0.0,6.0,6.0,2.0,2.0,4.0,3.0,1.0,0.0,6.0,1.0,0.0,3.0,HOROZ
2.0,3.0,4.0,0.0,6.0,6.0,2.0,2.0,0.0,2.0,1.0,0.0,6.0,1.0,0.0,3.0,HOROZ
2.0,3.0,4.0,0.0,6.0,6.0,2.0,2.0,0.0,2.0,1.0,0.0,6.0,1.0,0.0,2.0,HOROZ
2.0,3.0,4.0,0.0,6.0,6.0,2.0,2.0,0.0,2.0,1.0,0.0,6.0,1.0,0.0,2.0,HOROZ
2.0,2.0,3.0,1.0,4.0,4.0,2.0,2.0,1.0,1.0,2.0,1.0,5.0,2.0,1.0,0.0,HOROZ
2.0,3.0,4.0,0.0,6.0,6.0,2.0,2.0,5.0,2.0,1.0,0.0,6.0,2.0,0.0,1.0,HOROZ
2.0,2.0,4.0,0.0,6.0,6.0,2.0,2.0,2.0,4.0,1.0,0.0,6.0,2.0,0.0,4.0,HOROZ
2.0,2.0,4.0,0.0,6.0,6.0,2.0,2.0,2.0,4.0,1.0,0.0,6.0,2.0,0.0,4.0,HOROZ
2.0,3.0,4.0,0.0,6.0,6.0,2.0,2.0,2.0,3.0,1.0,0.0,6.0,1.0,0.0,4.0,HOROZ
2.0,3.0,4.0,0.0,6.0,6.0,2.0,2.0,3.0,1.0,1.0,0.0,6.0,2.0,0.0,0.0,HOROZ
2.0,2.0,4.0,0.0,5.0,5.0,2.0,2.0,0.0,5.0,3.0,0.0,6.0,2.0,0.0,4.0,HOROZ
2.0,4.0,4.0,0.0,6.0,6.0,2.0,2.0,4.0,1.0,0.0,0.0,6.0,1.0,0.0,3.0,HOROZ
2.0,4.0,4.0,0.0,6.0,6.0,2.0,2.0,0.0,2.0,0.0,0.0,6.0,1.0,0.0,1.0,HOROZ
2.0,3.0,4.0,0.0,6.0,6.0,2.0,2.0,0.0,4.0,1.0,0.0,6.0,1.0,0.0,2.0,HOROZ
2.0,2.0,4.0,0.0,6.0,6.0,2.0,2.0,0.0,4.0,2.0,0.0,6.0,2.0,0.0,1.0,HOROZ
2.0,4.0,4.0,0.0,6.0,6.0,2.0,2.0,0.0,1.0,0.0,0.0,6.0,1.0,0.0,1.0,HOROZ
2.0,3.0,4.0,0.0,6.0,6.0,2.0,2.0,4.0,4.0,1.0,0.0,6.0,1.0,0.0,4.0,HOROZ
2.0,3.0,4.0,0.0,6.0,6.0,2.0,2.0,2.0,2.0,1.0,0.0,6.0,1.0,0.0,2.0,HOROZ
2.0,3.0,4.0,0.0,6.0,6.0,2.0,2.0,4.0,3.0,1.0,0.0,6.0,1.0,0.0,4.0,HOROZ
2.0,2.0,4.0,0.0,5.0,5.0,2.0,2.0,2.0,4.0,3.0,0.0,6.0,2.0,0.0,2.0,HOROZ
2.0,3.0,4.0,0.0,6.0,6.0,2.0,2.0,0.0,4.0,1.0,0.0,6.0,1.0,0.0,4.0,HOROZ
2.0,2.0,3.0,1.0,4.0,4.0,2.0,2.0,3.0,2.0,4.0,1.0,5.0,3.0,1.0,1.0,HOROZ
2.0,2.0,3.0,1.0,4.0,4.0,2.0,2.0,6.0,4.0,1.0,1.0,5.0,2.0,1.0,2.0,HOROZ
2.0,2.0,4.0,0.0,6.0,6.0,2.0,2.0,5.0,3.0,1.0,0.0,6.0,2.0,0.0,3.0,HOROZ
2.0,3.0,4.0,0.0,6.0,6.0,2.0,2.0,2.0,3.0,1.0,0.0,6.0,1.0,0.0,1.0,HOROZ
2.0,2.0,4.0,0.0,6.0,6.0,2.0,2.0,0.0,4.0,1.0,0.0,6.0,1.0,0.0,4.0,HOROZ
2.0,3.0,4.0,0.0,6.0,6.0,2.0,2.0,0.0,3.0,1.0,0.0,6.0,1.0,0.0,3.0,HOROZ
2.0,3.0,4.0,0.0,6.0,6.0,2.0,2.0,0.0,4.0,1.0,0.0,6.0,2.0,0.0,1.0,HOROZ
2.0,2.0,4.0,0.0,5.0,5.0,2.0,2.0,2.0,4.0,2.0,0.0,6.0,2.0,0.0,2.0,HOROZ
2.0,3.0,4.0,0.0,6.0,6.0,2.0,2.0,0.0,4.0,1.0,0.0,6.0,1.0,0.0,2.0,HOROZ
2.0,3.0,4.0,0.0,6.0,6.0,2.0,2.0,0.0,4.0,1.0,0.0,6.0,1.0,0.0,1.0,HOROZ
2.0,3.0,4.0,0.0,6.0,6.0,2.0,2.0,0.0,4.0,1.0,0.0,6.0,2.0,0.0,2.0,HOROZ
2.0,3.0,4.0,0.0,6.0,6.0,2.0,2.0,0.0,3.0,1.0,0.0,6.0,1.0,0.0,3.0,HOROZ
2.0,3.0,4.0,0.0,6.0,6.0,2.0,2.0,6.0,4.0,1.0,0.0,6.0,1.0,0.0,1.0,HOROZ
2.0,3.0,4.0,0.0,6.0,6.0,2.0,2.0,6.0,4.0,1.0,0.0,6.0,2.0,0.0,1.0,HOROZ
2.0,2.0,3.0,2.0,2.0,2.0,2.0,2.0,4.0,0.0,3.0,3.0,5.0,3.0,3.0,0.0,HOROZ
2.0,3.0,4.0,1.0,4.0,4.0,2.0,2.0,2.0,0.0,1.0,0.0,6.0,2.0,0.0,0.0,HOROZ
2.0,3.0,4.0,0.0,5.0,5.0,2.0,2.0,4.0,2.0,1.0,0.0,6.0,2.0,0.0,3.0,HOROZ
2.0,2.0,4.0,0.0,6.0,6.0,2.0,2.0,2.0,4.0,1.0,0.0,6.0,2.0,0.0,2.0,HOROZ
2.0,3.0,4.0,0.0,6.0,6.0,2.0,2.0,0.0,4.0,1.0,0.0,6.0,1.0,0.0,2.0,HOROZ
2.0,3.0,4.0,0.0,6.0,6.0,2.0,2.0,0.0,2.0,1.0,0.0,6.0,1.0,0.0,1.0,HOROZ
2.0,2.0,3.0,1.0,4.0,4.0,2.0,2.0,4.0,4.0,3.0,1.0,5.0,2.0,1.0,3.0,HOROZ
2.0,2.0,4.0,0.0,5.0,5.0,2.0,2.0,0.0,4.0,3.0,0.0,6.0,2.0,0.0,3.0,HOROZ
2.0,2.0,4.0,0.0,6.0,6.0,2.0,2.0,0.0,4.0,2.0,0.0,6.0,2.0,0.0,3.0,HOROZ
2.0,2.0,4.0,0.0,6.0,6.0,2.0,2.0,6.0,4.0,1.0,0.0,6.0,2.0,0.0,1.0,HOROZ
2.0,2.0,4.0,0.0,6.0,6.0,2.0,2.0,1.0,4.0,1.0,0.0,6.0,2.0,0.0,3.0,HOROZ
2.0,3.0,4.0,0.0,6.0,6.0,2.0,2.0,4.0,4.0,1.0,0.0,6.0,2.0,0.0,4.0,HOROZ
2.0,3.0,4.0,0.0,6.0,6.0,2.0,2.0,4.0,4.0,1.0,0.0,6.0,2.0,0.0,4.0,HOROZ
2.0,2.0,4.0,0.0,6.0,6.0,2.0,2.0,4.0,4.0,2.0,0.0,6.0,2.0,0.0,3.0,HOROZ
2.0,3.0,4.0,0.0,6.0,6.0,2.0,2.0,0.0,4.0,1.0,0.0,6.0,1.0,0.0,3.0,HOROZ
2.0,2.0,4.0,0.0,5.0,5.0,2.0,2.0,5.0,3.0,2.0,0.0,6.0,2.0,0.0,4.0,HOROZ
2.0,3.0,4.0,0.0,6.0,6.0,2.0,2.0,5.0,4.0,1.0,0.0,6.0,1.0,0.0,3.0,HOROZ
2.0,3.0,4.0,1.0,5.0,5.0,2.0,2.0,1.0,3.0,1.0,0.0,6.0,2.0,0.0,1.0,HOROZ
2.0,4.0,4.0,0.0,6.0,6.0,2.0,2.0,4.0,4.0,1.0,0.0,6.0,1.0,0.0,3.0,HOROZ
2.0,3.0,4.0,0.0,6.0,6.0,2.0,2.0,4.0,4.0,1.0,0.0,6.0,1.0,0.0,4.0,HOROZ
2.0,3.0,4.0,0.0,6.0,6.0,2.0,2.0,6.0,4.0,1.0,0.0,6.0,1.0,0.0,4.0,HOROZ
2.0,2.0,4.0,0.0,5.0,5.0,2.0,2.0,0.0,4.0,3.0,0.0,6.0,2.0,0.0,3.0,HOROZ
2.0,2.0,4.0,0.0,6.0,6.0,2.0,2.0,5.0,4.0,2.0,0.0,6.0,2.0,0.0,3.0,HOROZ
2.0,2.0,4.0,0.0,5.0,5.0,2.0,2.0,4.0,4.0,2.0,0.0,6.0,2.0,0.0,1.0,HOROZ
2.0,3.0,4.0,0.0,6.0,6.0,2.0,2.0,0.0,4.0,1.0,0.0,6.0,1.0,0.0,3.0,HOROZ
2.0,3.0,4.0,0.0,6.0,6.0,2.0,2.0,1.0,2.0,1.0,0.0,6.0,1.0,0.0,1.0,HOROZ
2.0,2.0,4.0,0.0,6.0,6.0,2.0,2.0,1.0,2.0,1.0,0.0,6.0,2.0,0.0,1.0,HOROZ
2.0,3.0,4.0,0.0,6.0,6.0,2.0,2.0,1.0,3.0,1.0,0.0,6.0,2.0,0.0,3.0,HOROZ
2.0,4.0,4.0,0.0,6.0,6.0,2.0,2.0,1.0,2.0,1.0,0.0,6.0,1.0,0.0,1.0,HOROZ
2.0,2.0,4.0,0.0,6.0,6.0,2.0,2.0,2.0,3.0,1.0,0.0,6.0,2.0,0.0,3.0,HOROZ
2.0,2.0,4.0,1.0,4.0,4.0,2.0,2.0,5.0,2.0,2.0,1.0,5.0,2.0,1.0,1.0,HOROZ
2.0,4.0,3.0,1.0,4.0,4.0,2.0,2.0,0.0,0.0,0.0,1.0,5.0,2.0,1.0,0.0,HOROZ
2.0,3.0,4.0,0.0,6.0,6.0,2.0,2.0,2.0,4.0,1.0,0.0,6.0,1.0,0.0,4.0,HOROZ
2.0,3.0,4.0,0.0,6.0,6.0,2.0,2.0,6.0,4.0,1.0,0.0,6.0,1.0,0.0,1.0,HOROZ
2.0,3.0,4.0,0.0,6.0,6.0,2.0,2.0,0.0,3.0,1.0,0.0,6.0,1.0,0.0,3.0,HOROZ
2.0,3.0,4.0,0.0,6.0,6.0,2.0,2.0,3.0,3.0,1.0,0.0,6.0,1.0,0.0,1.0,HOROZ
2.0,3.0,4.0,0.0,6.0,6.0,2.0,2.0,0.0,4.0,1.0,0.0,6.0,1.0,0.0,4.0,HOROZ
2.0,2.0,4.0,0.0,5.0,5.0,2.0,2.0,2.0,2.0,1.0,0.0,6.0,2.0,0.0,1.0,HOROZ
2.0,2.0,4.0,0.0,5.0,5.0,2.0,2.0,0.0,4.0,2.0,0.0,6.0,2.0,0.0,4.0,HOROZ
2.0,3.0,4.0,0.0,6.0,6.0,2.0,2.0,6.0,3.0,1.0,0.0,6.0,1.0,0.0,1.0,HOROZ
2.0,3.0,4.0,0.0,6.0,6.0,2.0,2.0,2.0,4.0,1.0,0.0,6.0,2.0,0.0,3.0,HOROZ
2.0,2.0,4.0,0.0,6.0,6.0,2.0,2.0,6.0,4.0,2.0,0.0,6.0,2.0,0.0,3.0,HOROZ
2.0,3.0,4.0,0.0,6.0,6.0,2.0,2.0,0.0,2.0,1.0,0.0,6.0,1.0,0.0,1.0,HOROZ
2.0,3.0,4.0,0.0,6.0,6.0,2.0,2.0,2.0,3.0,1.0,0.0,6.0,1.0,0.0,4.0,HOROZ
2.0,3.0,4.0,1.0,5.0,5.0,2.0,2.0,3.0,2.0,1.0,0.0,6.0,2.0,0.0,1.0,HOROZ
2.0,3.0,4.0,1.0,4.0,4.0,2.0,2.0,2.0,1.0,1.0,1.0,5.0,2.0,1.0,1.0,HOROZ
2.0,3.0,4.0,0.0,6.0,6.0,2.0,2.0,5.0,4.0,1.0,0.0,6.0,1.0,0.0,4.0,HOROZ
2.0,3.0,4.0,0.0,6.0,6.0,2.0,2.0,2.0,2.0,1.0,0.0,6.0,2.0,0.0,1.0,HOROZ
2.0,3.0,4.0,0.0,6.0,6.0,2.0,2.0,2.0,4.0,1.0,0.0,6.0,1.0,0.0,3.0,HOROZ
2.0,3.0,4.0,0.0,6.0,6.0,2.0,2.0,0.0,4.0,1.0,0.0,6.0,1.0,0.0,2.0,HOROZ
2.0,2.0,3.0,1.0,4.0,4.0,2.0,2.0,1.0,2.0,3.0,1.0,5.0,2.0,1.0,1.0,HOROZ
2.0,4.0,4.0,0.0,6.0,6.0,2.0,2.0,0.0,3.0,1.0,0.0,6.0,1.0,0.0,1.0,HOROZ
2.0,3.0,4.0,0.0,6.0,6.0,2.0,2.0,1.0,3.0,1.0,0.0,6.0,2.0,0.0,1.0,HOROZ
2.0,3.0,4.0,0.0,6.0,6.0,2.0,2.0,6.0,4.0,1.0,0.0,6.0,1.0,0.0,3.0,HOROZ
2.0,3.0,4.0,0.0,6.0,6.0,2.0,2.0,4.0,4.0,1.0,0.0,6.0,1.0,0.0,3.0,HOROZ
2.0,2.0,3.0,1.0,4.0,4.0,2.0,2.0,5.0,4.0,3.0,1.0,5.0,2.0,1.0,4.0,HOROZ
2.0,3.0,4.0,0.0,6.0,6.0,2.0,2.0,0.0,4.0,1.0,0.0,6.0,1.0,0.0,3.0,HOROZ
2.0,3.0,4.0,0.0,6.0,6.0,2.0,2.0,6.0,4.0,1.0,0.0,6.0,1.0,0.0,1.0,HOROZ
2.0,3.0,4.0,0.0,5.0,5.0,2.0,2.0,1.0,3.0,1.0,0.0,6.0,2.0,0.0,2.0,HOROZ
2.0,2.0,3.0,1.0,4.0,4.0,2.0,2.0,3.0,2.0,2.0,1.0,5.0,3.0,1.0,3.0,HOROZ
2.0,2.0,3.0,2.0,2.0,2.0,2.0,2.0,2.0,1.0,3.0,3.0,5.0,3.0,3.0,0.0,HOROZ
2.0,3.0,4.0,0.0,6.0,6.0,2.0,2.0,0.0,3.0,1.0,0.0,6.0,1.0,0.0,4.0,HOROZ
2.0,3.0,4.0,0.0,5.0,5.0,2.0,2.0,0.0,3.0,1.0,0.0,6.0,2.0,0.0,4.0,HOROZ
2.0,4.0,4.0,0.0,6.0,6.0,2.0,2.0,0.0,4.0,1.0,0.0,6.0,1.0,0.0,4.0,HOROZ
2.0,3.0,4.0,0.0,6.0,6.0,2.0,2.0,0.0,4.0,1.0,0.0,6.0,1.0,0.0,3.0,HOROZ
2.0,3.0,4.0,0.0,6.0,6.0,2.0,2.0,4.0,2.0,1.0,0.0,6.0,2.0,0.0,1.0,HOROZ
2.0,3.0,4.0,0.0,6.0,6.0,2.0,2.0,0.0,4.0,1.0,0.0,6.0,2.0,0.0,1.0,HOROZ
2.0,2.0,4.0,0.0,6.0,6.0,2.0,2.0,6.0,4.0,1.0,0.0,6.0,2.0,0.0,1.0,HOROZ
2.0,3.0,4.0,1.0,5.0,5.0,2.0,2.0,2.0,4.0,1.0,0.0,5.0,2.0,0.0,2.0,HOROZ
2.0,3.0,4.0,1.0,5.0,5.0,2.0,2.0,2.0,4.0,1.0,0.0,5.0,2.0,0.0,2.0,HOROZ
2.0,3.0,4.0,0.0,6.0,6.0,2.0,2.0,1.0,1.0,1.0,0.0,6.0,1.0,0.0,0.0,HOROZ
2.0,3.0,4.0,0.0,6.0,6.0,2.0,2.0,4.0,3.0,1.0,0.0,6.0,1.0,0.0,3.0,HOROZ
2.0,3.0,4.0,0.0,6.0,6.0,2.0,2.0,0.0,3.0,1.0,0.0,6.0,1.0,0.0,2.0,HOROZ
2.0,4.0,4.0,0.0,6.0,6.0,2.0,2.0,5.0,3.0,1.0,0.0,6.0,2.0,0.0,4.0,HOROZ
2.0,2.0,4.0,0.0,6.0,6.0,2.0,2.0,2.0,4.0,2.0,0.0,6.0,2.0,0.0,3.0,HOROZ
2.0,3.0,4.0,0.0,6.0,6.0,2.0,2.0,1.0,4.0,1.0,0.0,6.0,2.0,0.0,4.0,HOROZ
2.0,2.0,3.0,1.0,4.0,4.0,2.0,2.0,2.0,4.0,4.0,1.0,5.0,3.0,1.0,4.0,HOROZ
2.0,3.0,4.0,0.0,6.0,6.0,2.0,2.0,0.0,4.0,1.0,0.0,6.0,1.0,0.0,3.0,HOROZ
2.0,3.0,4.0,0.0,6.0,6.0,2.0,2.0,2.0,4.0,1.0,0.0,6.0,1.0,0.0,4.0,HOROZ
2.0,4.0,4.0,0.0,6.0,6.0,2.0,2.0,0.0,2.0,0.0,0.0,6.0,1.0,0.0,1.0,HOROZ
2.0,3.0,4.0,0.0,6.0,6.0,2.0,2.0,0.0,4.0,1.0,0.0,6.0,2.0,0.0,4.0,HOROZ
2.0,4.0,4.0,0.0,6.0,6.0,2.0,2.0,0.0,1.0,1.0,0.0,6.0,1.0,0.0,1.0,HOROZ
2.0,4.0,4.0,0.0,6.0,6.0,2.0,2.0,0.0,2.0,1.0,0.0,6.0,1.0,0.0,3.0,HOROZ
2.0,3.0,4.0,0.0,6.0,6.0,2.0,2.0,1.0,2.0,1.0,0.0,6.0,2.0,0.0,1.0,HOROZ
2.0,4.0,4.0,0.0,6.0,6.0,2.0,2.0,0.0,2.0,1.0,0.0,6.0,1.0,0.0,4.0,HOROZ
2.0,3.0,4.0,0.0,6.0,6.0,2.0,2.0,0.0,4.0,1.0,0.0,6.0,2.0,0.0,4.0,HOROZ
2.0,3.0,4.0,1.0,5.0,5.0,2.0,2.0,4.0,3.0,1.0,1.0,5.0,2.0,1.0,2.0,HOROZ
2.0,4.0,4.0,0.0,6.0,6.0,2.0,2.0,4.0,4.0,1.0,0.0,6.0,1.0,0.0,3.0,HOROZ
2.0,4.0,4.0,0.0,6.0,6.0,2.0,2.0,0.0,2.0,1.0,0.0,6.0,1.0,0.0,1.0,HOROZ
2.0,4.0,4.0,0.0,6.0,6.0,2.0,2.0,0.0,2.0,1.0,0.0,6.0,1.0,0.0,1.0,HOROZ
2.0,3.0,4.0,0.0,6.0,6.0,2.0,2.0,3.0,4.0,1.0,0.0,6.0,2.0,0.0,1.0,HOROZ
2.0,3.0,4.0,1.0,5.0,5.0,2.0,2.0,5.0,3.0,2.0,0.0,5.0,2.0,0.0,1.0,HOROZ
2.0,4.0,4.0,0.0,6.0,6.0,2.0,2.0,0.0,4.0,1.0,0.0,6.0,1.0,0.0,2.0,HOROZ
2.0,3.0,4.0,0.0,6.0,6.0,2.0,2.0,0.0,3.0,1.0,0.0,6.0,2.0,0.0,3.0,HOROZ
2.0,4.0,4.0,0.0,6.0,6.0,2.0,2.0,5.0,2.0,1.0,0.0,6.0,1.0,0.0,3.0,HOROZ
2.0,3.0,4.0,0.0,6.0,6.0,2.0,2.0,1.0,5.0,1.0,0.0,6.0,2.0,0.0,1.0,HOROZ
2.0,3.0,3.0,1.0,4.0,4.0,2.0,2.0,6.0,3.0,1.0,1.0,5.0,2.0,1.0,2.0,HOROZ
2.0,3.0,4.0,0.0,6.0,6.0,2.0,2.0,5.0,4.0,1.0,0.0,6.0,1.0,0.0,1.0,HOROZ
2.0,3.0,4.0,1.0,5.0,5.0,2.0,2.0,1.0,3.0,1.0,0.0,6.0,2.0,0.0,1.0,HOROZ
2.0,3.0,4.0,0.0,6.0,6.0,2.0,2.0,2.0,4.0,1.0,0.0,6.0,1.0,0.0,3.0,HOROZ
2.0,3.0,4.0,0.0,6.0,6.0,2.0,2.0,0.0,4.0,1.0,0.0,6.0,1.0,0.0,3.0,HOROZ
2.0,3.0,4.0,1.0,5.0,5.0,2.0,2.0,0.0,2.0,1.0,0.0,6.0,2.0,0.0,1.0,HOROZ
2.0,3.0,4.0,0.0,6.0,6.0,2.0,2.0,0.0,4.0,1.0,0.0,6.0,2.0,0.0,2.0,HOROZ
2.0,3.0,4.0,0.0,6.0,6.0,2.0,2.0,6.0,4.0,1.0,0.0,6.0,1.0,0.0,2.0,HOROZ
2.0,3.0,4.0,0.0,6.0,6.0,2.0,2.0,4.0,4.0,1.0,0.0,6.0,1.0,0.0,2.0,HOROZ
2.0,3.0,4.0,0.0,6.0,6.0,2.0,2.0,5.0,4.0,1.0,0.0,6.0,1.0,0.0,4.0,HOROZ
2.0,3.0,4.0,0.0,6.0,6.0,2.0,2.0,0.0,3.0,1.0,0.0,6.0,2.0,0.0,4.0,HOROZ
2.0,3.0,4.0,0.0,6.0,6.0,2.0,2.0,0.0,3.0,1.0,0.0,6.0,2.0,0.0,3.0,HOROZ
2.0,3.0,4.0,0.0,6.0,6.0,2.0,2.0,5.0,4.0,1.0,0.0,6.0,2.0,0.0,2.0,HOROZ
2.0,3.0,4.0,0.0,6.0,6.0,2.0,2.0,0.0,3.0,1.0,0.0,6.0,1.0,0.0,3.0,HOROZ
2.0,3.0,4.0,0.0,6.0,6.0,2.0,2.0,2.0,4.0,1.0,0.0,6.0,2.0,0.0,3.0,HOROZ
2.0,3.0,4.0,0.0,6.0,6.0,2.0,2.0,0.0,4.0,1.0,0.0,6.0,1.0,0.0,3.0,HOROZ
2.0,4.0,4.0,0.0,6.0,6.0,2.0,2.0,0.0,2.0,1.0,0.0,6.0,1.0,0.0,3.0,HOROZ
2.0,3.0,4.0,0.0,6.0,6.0,2.0,2.0,0.0,4.0,1.0,0.0,6.0,2.0,0.0,3.0,HOROZ
2.0,3.0,4.0,0.0,6.0,6.0,2.0,2.0,0.0,4.0,1.0,0.0,6.0,2.0,0.0,1.0,HOROZ
2.0,3.0,4.0,0.0,6.0,6.0,2.0,2.0,4.0,4.0,1.0,0.0,6.0,1.0,0.0,4.0,HOROZ
2.0,4.0,4.0,0.0,6.0,6.0,2.0,2.0,1.0,2.0,1.0,0.0,6.0,2.0,0.0,1.0,HOROZ
2.0,3.0,4.0,0.0,6.0,6.0,2.0,2.0,2.0,3.0,1.0,0.0,6.0,1.0,0.0,3.0,HOROZ
2.0,3.0,4.0,1.0,4.0,4.0,2.0,2.0,4.0,0.0,1.0,1.0,5.0,2.0,1.0,0.0,HOROZ
2.0,3.0,4.0,0.0,6.0,6.0,2.0,2.0,4.0,4.0,1.0,0.0,6.0,1.0,0.0,4.0,HOROZ
2.0,3.0,4.0,0.0,6.0,6.0,2.0,2.0,0.0,4.0,1.0,0.0,6.0,2.0,0.0,3.0,HOROZ
2.0,3.0,4.0,0.0,6.0,6.0,2.0,2.0,5.0,4.0,1.0,0.0,6.0,1.0,0.0,3.0,HOROZ
2.0,3.0,4.0,0.0,6.0,6.0,2.0,2.0,4.0,4.0,1.0,0.0,6.0,2.0,0.0,4.0,HOROZ
2.0,3.0,4.0,0.0,6.0,6.0,2.0,2.0,4.0,4.0,1.0,0.0,6.0,2.0,0.0,3.0,HOROZ
2.0,3.0,4.0,0.0,6.0,6.0,2.0,2.0,0.0,4.0,1.0,0.0,6.0,1.0,0.0,3.0,HOROZ
2.0,3.0,4.0,1.0,5.0,5.0,2.0,2.0,1.0,1.0,1.0,0.0,5.0,2.0,0.0,1.0,HOROZ
2.0,3.0,4.0,0.0,6.0,6.0,2.0,2.0,0.0,4.0,1.0,0.0,6.0,1.0,0.0,1.0,HOROZ
2.0,3.0,4.0,0.0,6.0,6.0,2.0,2.0,0.0,4.0,1.0,0.0,6.0,2.0,0.0,1.0,HOROZ
2.0,4.0,4.0,0.0,6.0,6.0,2.0,2.0,4.0,2.0,1.0,0.0,6.0,1.0,0.0,1.0,HOROZ
2.0,3.0,4.0,0.0,6.0,6.0,2.0,2.0,0.0,2.0,1.0,0.0,6.0,1.0,0.0,3.0,HOROZ
2.0,3.0,4.0,0.0,6.0,6.0,2.0,2.0,0.0,4.0,2.0,0.0,6.0,2.0,0.0,2.0,HOROZ
2.0,4.0,4.0,0.0,6.0,6.0,2.0,2.0,0.0,2.0,1.0,0.0,6.0,1.0,0.0,2.0,HOROZ
2.0,4.0,4.0,0.0,6.0,6.0,2.0,2.0,1.0,2.0,1.0,0.0,6.0,1.0,0.0,1.0,HOROZ
2.0,3.0,4.0,0.0,6.0,6.0,2.0,2.0,0.0,4.0,1.0,0.0,6.0,1.0,0.0,4.0,HOROZ
2.0,3.0,4.0,0.0,6.0,6.0,2.0,2.0,4.0,4.0,1.0,0.0,6.0,2.0,0.0,4.0,HOROZ
2.0,4.0,4.0,0.0,6.0,6.0,2.0,2.0,3.0,3.0,1.0,0.0,6.0,1.0,0.0,3.0,HOROZ
2.0,4.0,4.0,0.0,6.0,6.0,2.0,2.0,0.0,4.0,1.0,0.0,6.0,1.0,0.0,3.0,HOROZ
2.0,3.0,4.0,0.0,6.0,6.0,2.0,2.0,0.0,4.0,1.0,0.0,6.0,2.0,0.0,4.0,HOROZ
2.0,4.0,4.0,0.0,6.0,6.0,2.0,2.0,1.0,3.0,1.0,0.0,6.0,1.0,0.0,1.0,HOROZ
2.0,4.0,4.0,0.0,6.0,6.0,2.0,2.0,1.0,3.0,1.0,0.0,6.0,1.0,0.0,1.0,HOROZ
2.0,3.0,4.0,0.0,6.0,6.0,2.0,2.0,2.0,4.0,1.0,0.0,6.0,2.0,0.0,2.0,HOROZ
2.0,2.0,4.0,1.0,5.0,5.0,2.0,2.0,5.0,4.0,3.0,0.0,5.0,2.0,0.0,4.0,HOROZ
2.0,4.0,4.0,0.0,6.0,6.0,2.0,2.0,2.0,4.0,1.0,0.0,6.0,1.0,0.0,1.0,HOROZ
2.0,3.0,4.0,0.0,6.0,6.0,2.0,2.0,6.0,3.0,1.0,0.0,6.0,1.0,0.0,1.0,HOROZ
2.0,3.0,4.0,0.0,6.0,6.0,2.0,2.0,4.0,4.0,1.0,0.0,6.0,1.0,0.0,3.0,HOROZ
2.0,3.0,4.0,0.0,6.0,6.0,2.0,2.0,0.0,3.0,1.0,0.0,6.0,1.0,0.0,1.0,HOROZ
2.0,3.0,4.0,0.0,6.0,6.0,2.0,2.0,0.0,4.0,1.0,0.0,6.0,1.0,0.0,1.0,HOROZ
2.0,4.0,4.0,0.0,6.0,6.0,2.0,2.0,2.0,4.0,1.0,0.0,6.0,1.0,0.0,2.0,HOROZ
2.0,3.0,4.0,1.0,5.0,5.0,2.0,2.0,0.0,4.0,2.0,0.0,5.0,2.0,0.0,1.0,HOROZ
2.0,4.0,4.0,0.0,6.0,6.0,2.0,2.0,0.0,4.0,1.0,0.0,6.0,1.0,0.0,3.0,HOROZ
2.0,3.0,4.0,0.0,6.0,6.0,2.0,2.0,0.0,4.0,1.0,0.0,6.0,1.0,0.0,4.0,HOROZ
2.0,3.0,4.0,0.0,6.0,6.0,2.0,2.0,0.0,4.0,1.0,0.0,6.0,1.0,0.0,2.0,HOROZ
2.0,3.0,4.0,0.0,6.0,6.0,2.0,2.0,6.0,4.0,1.0,0.0,6.0,1.0,0.0,3.0,HOROZ
2.0,3.0,4.0,0.0,6.0,6.0,2.0,2.0,6.0,4.0,1.0,0.0,6.0,1.0,0.0,4.0,HOROZ
2.0,3.0,4.0,0.0,6.0,6.0,2.0,2.0,0.0,4.0,1.0,0.0,6.0,2.0,0.0,2.0,HOROZ
2.0,3.0,4.0,1.0,4.0,4.0,2.0,2.0,6.0,4.0,3.0,1.0,5.0,2.0,1.0,1.0,HOROZ
2.0,3.0,4.0,0.0,6.0,6.0,2.0,2.0,0.0,4.0,1.0,0.0,6.0,2.0,0.0,2.0,HOROZ
2.0,3.0,4.0,0.0,6.0,6.0,2.0,2.0,2.0,4.0,1.0,0.0,6.0,2.0,0.0,1.0,HOROZ
2.0,3.0,4.0,0.0,6.0,6.0,2.0,2.0,1.0,4.0,1.0,0.0,6.0,1.0,0.0,2.0,HOROZ
2.0,3.0,4.0,0.0,6.0,6.0,2.0,2.0,6.0,4.0,2.0,0.0,6.0,2.0,0.0,1.0,HOROZ
2.0,3.0,4.0,1.0,5.0,5.0,2.0,2.0,5.0,4.0,2.0,0.0,5.0,2.0,0.0,3.0,HOROZ
2.0,4.0,4.0,0.0,6.0,6.0,2.0,2.0,0.0,4.0,1.0,0.0,6.0,1.0,0.0,1.0,HOROZ
2.0,3.0,4.0,0.0,6.0,6.0,2.0,2.0,0.0,4.0,1.0,0.0,6.0,1.0,0.0,3.0,HOROZ
2.0,3.0,4.0,0.0,6.0,6.0,2.0,2.0,4.0,4.0,1.0,0.0,6.0,2.0,0.0,4.0,HOROZ
2.0,3.0,4.0,0.0,6.0,6.0,2.0,2.0,2.0,4.0,1.0,0.0,6.0,2.0,0.0,1.0,HOROZ
2.0,3.0,3.0,1.0,4.0,4.0,2.0,2.0,2.0,3.0,2.0,1.0,5.0,3.0,1.0,4.0,HOROZ
2.0,3.0,4.0,1.0,5.0,5.0,2.0,2.0,0.0,4.0,1.0,0.0,5.0,2.0,0.0,2.0,HOROZ
2.0,4.0,4.0,0.0,6.0,6.0,2.0,2.0,0.0,4.0,1.0,0.0,6.0,1.0,0.0,4.0,HOROZ
2.0,4.0,4.0,0.0,6.0,6.0,2.0,2.0,0.0,2.0,0.0,0.0,6.0,1.0,0.0,1.0,HOROZ
2.0,3.0,4.0,1.0,5.0,5.0,2.0,2.0,6.0,4.0,3.0,0.0,5.0,2.0,0.0,4.0,HOROZ
2.0,3.0,3.0,1.0,3.0,3.0,2.0,2.0,0.0,1.0,1.0,1.0,5.0,3.0,1.0,0.0,HOROZ
2.0,3.0,4.0,1.0,5.0,5.0,2.0,2.0,1.0,3.0,1.0,1.0,5.0,2.0,1.0,2.0,HOROZ
2.0,4.0,4.0,0.0,6.0,6.0,2.0,2.0,0.0,4.0,1.0,0.0,6.0,1.0,0.0,3.0,HOROZ
2.0,4.0,4.0,0.0,6.0,6.0,2.0,2.0,0.0,3.0,1.0,0.0,6.0,1.0,0.0,1.0,HOROZ
2.0,3.0,4.0,0.0,6.0,6.0,2.0,2.0,1.0,4.0,1.0,0.0,6.0,1.0,0.0,3.0,HOROZ
2.0,3.0,4.0,0.0,6.0,6.0,2.0,2.0,4.0,4.0,1.0,0.0,6.0,1.0,0.0,4.0,HOROZ
2.0,3.0,4.0,0.0,6.0,6.0,2.0,2.0,4.0,4.0,1.0,0.0,6.0,1.0,0.0,4.0,HOROZ
2.0,3.0,4.0,0.0,6.0,6.0,2.0,2.0,3.0,4.0,1.0,0.0,6.0,2.0,0.0,4.0,HOROZ
2.0,3.0,4.0,0.0,6.0,6.0,2.0,2.0,3.0,4.0,1.0,0.0,6.0,1.0,0.0,1.0,HOROZ
2.0,3.0,4.0,0.0,6.0,6.0,2.0,2.0,1.0,4.0,1.0,0.0,6.0,1.0,0.0,4.0,HOROZ
2.0,4.0,4.0,0.0,6.0,6.0,2.0,2.0,6.0,3.0,1.0,0.0,6.0,1.0,0.0,1.0,HOROZ
2.0,4.0,4.0,0.0,6.0,6.0,2.0,2.0,0.0,4.0,1.0,0.0,6.0,1.0,0.0,4.0,HOROZ
2.0,4.0,4.0,0.0,6.0,6.0,2.0,2.0,4.0,4.0,1.0,0.0,6.0,1.0,0.0,4.0,HOROZ
2.0,4.0,4.0,0.0,6.0,6.0,2.0,2.0,0.0,4.0,1.0,0.0,6.0,1.0,0.0,4.0,HOROZ
2.0,4.0,4.0,0.0,6.0,6.0,2.0,2.0,3.0,2.0,1.0,0.0,6.0,1.0,0.0,1.0,HOROZ
2.0,4.0,4.0,0.0,6.0,6.0,2.0,2.0,5.0,4.0,1.0,0.0,6.0,1.0,0.0,1.0,HOROZ
2.0,3.0,4.0,0.0,6.0,6.0,2.0,2.0,0.0,4.0,1.0,0.0,6.0,1.0,0.0,4.0,HOROZ
2.0,3.0,4.0,1.0,4.0,4.0,2.0,2.0,1.0,1.0,1.0,1.0,5.0,2.0,1.0,0.0,HOROZ
2.0,3.0,4.0,0.0,6.0,6.0,2.0,2.0,4.0,4.0,1.0,0.0,6.0,1.0,0.0,2.0,HOROZ
2.0,4.0,4.0,0.0,6.0,6.0,2.0,2.0,0.0,2.0,1.0,0.0,6.0,1.0,0.0,1.0,HOROZ
2.0,4.0,4.0,0.0,6.0,6.0,2.0,2.0,0.0,2.0,1.0,0.0,6.0,2.0,0.0,4.0,HOROZ
2.0,4.0,4.0,0.0,6.0,6.0,2.0,2.0,6.0,2.0,1.0,0.0,6.0,1.0,0.0,1.0,HOROZ
2.0,3.0,4.0,0.0,6.0,6.0,2.0,2.0,0.0,4.0,1.0,0.0,6.0,2.0,0.0,3.0,HOROZ
2.0,4.0,4.0,0.0,6.0,6.0,2.0,2.0,2.0,4.0,1.0,0.0,6.0,1.0,0.0,4.0,HOROZ
2.0,4.0,4.0,0.0,6.0,6.0,2.0,2.0,0.0,2.0,1.0,0.0,6.0,1.0,0.0,1.0,HOROZ
2.0,4.0,4.0,0.0,6.0,6.0,2.0,2.0,0.0,2.0,1.0,0.0,6.0,2.0,0.0,1.0,HOROZ
2.0,4.0,4.0,0.0,6.0,6.0,2.0,2.0,0.0,4.0,1.0,0.0,6.0,1.0,0.0,2.0,HOROZ
2.0,4.0,4.0,0.0,6.0,6.0,2.0,2.0,0.0,4.0,1.0,0.0,6.0,1.0,0.0,3.0,HOROZ
2.0,4.0,4.0,0.0,6.0,6.0,2.0,2.0,0.0,1.0,0.0,0.0,6.0,1.0,0.0,1.0,HOROZ
2.0,4.0,4.0,0.0,6.0,6.0,2.0,2.0,0.0,4.0,1.0,0.0,6.0,1.0,0.0,3.0,HOROZ
2.0,4.0,4.0,0.0,6.0,6.0,2.0,2.0,0.0,4.0,1.0,0.0,6.0,1.0,0.0,4.0,HOROZ
2.0,4.0,4.0,0.0,6.0,6.0,2.0,2.0,0.0,2.0,1.0,0.0,6.0,1.0,0.0,2.0,HOROZ
2.0,4.0,4.0,0.0,6.0,6.0,2.0,2.0,6.0,5.0,1.0,0.0,6.0,1.0,0.0,1.0,HOROZ
2.0,3.0,4.0,0.0,6.0,6.0,2.0,2.0,0.0,4.0,1.0,0.0,6.0,1.0,0.0,2.0,HOROZ
2.0,3.0,4.0,0.0,6.0,6.0,2.0,2.0,4.0,2.0,1.0,0.0,6.0,2.0,0.0,1.0,HOROZ
2.0,3.0,4.0,1.0,5.0,5.0,2.0,2.0,6.0,4.0,3.0,0.0,5.0,2.0,0.0,3.0,HOROZ
2.0,4.0,4.0,0.0,6.0,6.0,2.0,2.0,1.0,3.0,1.0,0.0,6.0,1.0,0.0,2.0,HOROZ
2.0,4.0,4.0,0.0,6.0,6.0,3.0,2.0,4.0,0.0,0.0,0.0,6.0,1.0,0.0,0.0,HOROZ
2.0,3.0,4.0,0.0,6.0,6.0,2.0,2.0,4.0,4.0,2.0,0.0,6.0,2.0,0.0,4.0,HOROZ
2.0,3.0,4.0,0.0,6.0,6.0,2.0,2.0,5.0,6.0,1.0,0.0,6.0,1.0,0.0,3.0,HOROZ
2.0,3.0,4.0,0.0,6.0,6.0,2.0,2.0,3.0,4.0,1.0,0.0,6.0,1.0,0.0,4.0,HOROZ
2.0,3.0,4.0,0.0,6.0,6.0,2.0,2.0,3.0,4.0,1.0,0.0,6.0,1.0,0.0,4.0,HOROZ
2.0,4.0,4.0,1.0,4.0,4.0,2.0,2.0,2.0,2.0,1.0,1.0,5.0,2.0,1.0,1.0,HOROZ
2.0,3.0,4.0,0.0,6.0,6.0,2.0,2.0,0.0,4.0,1.0,0.0,6.0,1.0,0.0,4.0,HOROZ
2.0,3.0,4.0,0.0,6.0,6.0,2.0,2.0,4.0,3.0,1.0,0.0,6.0,1.0,0.0,1.0,HOROZ
2.0,4.0,4.0,0.0,6.0,6.0,2.0,2.0,2.0,3.0,1.0,0.0,6.0,1.0,0.0,1.0,HOROZ
2.0,4.0,4.0,1.0,6.0,6.0,3.0,2.0,2.0,1.0,1.0,0.0,6.0,1.0,0.0,0.0,HOROZ
2.0,3.0,4.0,1.0,6.0,6.0,2.0,2.0,0.0,4.0,1.0,0.0,5.0,2.0,0.0,3.0,HOROZ
2.0,3.0,4.0,0.0,6.0,6.0,2.0,2.0,0.0,4.0,1.0,0.0,6.0,1.0,0.0,1.0,HOROZ
2.0,4.0,4.0,1.0,6.0,6.0,2.0,2.0,2.0,2.0,1.0,0.0,5.0,2.0,0.0,1.0,HOROZ
2.0,3.0,4.0,1.0,6.0,6.0,2.0,2.0,0.0,4.0,2.0,0.0,5.0,2.0,0.0,4.0,HOROZ
2.0,3.0,4.0,0.0,6.0,6.0,2.0,2.0,2.0,4.0,1.0,0.0,6.0,1.0,0.0,3.0,HOROZ
2.0,3.0,4.0,0.0,6.0,6.0,2.0,2.0,4.0,3.0,1.0,0.0,6.0,1.0,0.0,1.0,HOROZ
2.0,4.0,4.0,0.0,6.0,6.0,2.0,2.0,1.0,4.0,1.0,0.0,6.0,1.0,0.0,1.0,HOROZ
2.0,4.0,4.0,0.0,6.0,6.0,2.0,2.0,1.0,4.0,1.0,0.0,6.0,1.0,0.0,2.0,HOROZ
2.0,4.0,4.0,0.0,6.0,6.0,2.0,2.0,0.0,4.0,1.0,0.0,6.0,1.0,0.0,2.0,HOROZ
2.0,4.0,4.0,0.0,6.0,6.0,2.0,2.0,0.0,4.0,1.0,0.0,6.0,1.0,0.0,2.0,HOROZ
2.0,3.0,4.0,0.0,6.0,6.0,2.0,2.0,5.0,4.0,2.0,0.0,6.0,1.0,0.0,3.0,HOROZ
2.0,4.0,4.0,0.0,6.0,6.0,2.0,2.0,3.0,4.0,1.0,0.0,6.0,1.0,0.0,2.0,HOROZ
2.0,3.0,4.0,1.0,4.0,4.0,2.0,2.0,1.0,2.0,1.0,1.0,5.0,2.0,1.0,1.0,HOROZ
2.0,5.0,4.0,0.0,6.0,6.0,3.0,2.0,0.0,0.0,0.0,0.0,6.0,1.0,0.0,3.0,HOROZ
2.0,3.0,4.0,1.0,5.0,5.0,2.0,2.0,2.0,2.0,1.0,0.0,5.0,2.0,0.0,2.0,HOROZ
2.0,4.0,4.0,1.0,4.0,4.0,3.0,2.0,4.0,1.0,1.0,1.0,5.0,2.0,1.0,0.0,HOROZ
2.0,3.0,4.0,1.0,6.0,6.0,2.0,2.0,1.0,2.0,1.0,0.0,5.0,2.0,0.0,1.0,HOROZ
2.0,3.0,4.0,1.0,6.0,6.0,2.0,2.0,2.0,4.0,1.0,0.0,6.0,2.0,0.0,1.0,HOROZ
2.0,3.0,4.0,0.0,6.0,6.0,2.0,2.0,1.0,4.0,1.0,0.0,6.0,1.0,0.0,4.0,HOROZ
2.0,3.0,4.0,1.0,4.0,4.0,2.0,2.0,0.0,3.0,3.0,1.0,5.0,2.0,1.0,1.0,HOROZ
2.0,4.0,4.0,0.0,6.0,6.0,2.0,2.0,0.0,2.0,1.0,0.0,6.0,2.0,0.0,3.0,HOROZ
2.0,4.0,4.0,0.0,6.0,6.0,2.0,2.0,0.0,2.0,0.0,0.0,6.0,1.0,0.0,1.0,HOROZ
2.0,3.0,4.0,0.0,6.0,6.0,2.0,2.0,5.0,4.0,1.0,0.0,6.0,1.0,0.0,2.0,HOROZ
2.0,3.0,4.0,0.0,6.0,6.0,2.0,2.0,0.0,4.0,1.0,0.0,6.0,1.0,0.0,4.0,HOROZ
2.0,4.0,4.0,0.0,6.0,6.0,2.0,2.0,0.0,2.0,1.0,0.0,6.0,1.0,0.0,1.0,HOROZ
2.0,4.0,4.0,0.0,6.0,6.0,2.0,2.0,6.0,4.0,1.0,0.0,6.0,1.0,0.0,1.0,HOROZ
2.0,4.0,4.0,0.0,6.0,6.0,2.0,2.0,5.0,3.0,1.0,0.0,6.0,1.0,0.0,1.0,HOROZ
2.0,3.0,4.0,1.0,4.0,4.0,3.0,2.0,1.0,1.0,3.0,1.0,5.0,2.0,1.0,0.0,HOROZ
2.0,4.0,4.0,0.0,6.0,6.0,3.0,2.0,0.0,1.0,0.0,0.0,6.0,1.0,0.0,1.0,HOROZ
2.0,3.0,4.0,0.0,6.0,6.0,2.0,2.0,5.0,4.0,1.0,0.0,6.0,1.0,0.0,1.0,HOROZ
2.0,3.0,4.0,1.0,5.0,5.0,2.0,2.0,4.0,3.0,3.0,0.0,5.0,2.0,0.0,1.0,HOROZ
2.0,5.0,4.0,1.0,5.0,5.0,3.0,2.0,4.0,0.0,0.0,0.0,5.0,2.0,0.0,2.0,HOROZ
2.0,4.0,4.0,0.0,6.0,6.0,2.0,2.0,0.0,3.0,1.0,0.0,6.0,1.0,0.0,3.0,HOROZ
2.0,3.0,4.0,1.0,5.0,5.0,2.0,2.0,2.0,4.0,1.0,0.0,5.0,2.0,0.0,4.0,HOROZ
2.0,4.0,4.0,0.0,6.0,6.0,2.0,2.0,0.0,3.0,1.0,0.0,6.0,1.0,0.0,2.0,HOROZ
2.0,4.0,4.0,0.0,6.0,6.0,2.0,2.0,2.0,2.0,1.0,0.0,6.0,1.0,0.0,2.0,HOROZ
2.0,4.0,4.0,0.0,6.0,6.0,2.0,2.0,0.0,4.0,1.0,0.0,6.0,2.0,0.0,4.0,HOROZ
2.0,4.0,4.0,0.0,6.0,6.0,2.0,2.0,2.0,4.0,1.0,0.0,6.0,1.0,0.0,3.0,HOROZ
2.0,4.0,4.0,0.0,6.0,6.0,2.0,2.0,2.0,2.0,1.0,0.0,6.0,1.0,0.0,1.0,HOROZ
2.0,3.0,4.0,1.0,6.0,6.0,2.0,2.0,0.0,4.0,1.0,0.0,5.0,2.0,0.0,3.0,HOROZ
2.0,3.0,4.0,1.0,5.0,5.0,2.0,2.0,0.0,3.0,1.0,0.0,5.0,2.0,0.0,1.0,HOROZ
2.0,2.0,3.0,1.0,3.0,3.0,2.0,2.0,5.0,4.0,4.0,2.0,5.0,3.0,2.0,3.0,HOROZ
2.0,4.0,4.0,0.0,6.0,6.0,2.0,2.0,0.0,3.0,1.0,0.0,6.0,1.0,0.0,1.0,HOROZ
2.0,4.0,4.0,0.0,6.0,6.0,2.0,2.0,0.0,4.0,1.0,0.0,6.0,1.0,0.0,2.0,HOROZ
2.0,4.0,4.0,0.0,6.0,6.0,2.0,2.0,2.0,4.0,1.0,0.0,6.0,1.0,0.0,1.0,HOROZ
2.0,4.0,4.0,0.0,6.0,6.0,2.0,2.0,1.0,4.0,1.0,0.0,6.0,1.0,0.0,3.0,HOROZ
2.0,4.0,4.0,0.0,6.0,6.0,2.0,2.0,0.0,3.0,1.0,0.0,6.0,1.0,0.0,1.0,HOROZ
2.0,4.0,4.0,0.0,6.0,6.0,2.0,2.0,2.0,4.0,1.0,0.0,6.0,1.0,0.0,2.0,HOROZ
3.0,4.0,4.0,0.0,6.0,6.0,2.0,3.0,5.0,4.0,1.0,0.0,6.0,1.0,0.0,3.0,HOROZ
3.0,4.0,4.0,0.0,6.0,6.0,2.0,3.0,1.0,4.0,1.0,0.0,6.0,1.0,0.0,4.0,HOROZ
3.0,3.0,4.0,0.0,6.0,6.0,2.0,3.0,0.0,5.0,1.0,0.0,6.0,1.0,0.0,3.0,HOROZ
3.0,3.0,4.0,1.0,5.0,5.0,2.0,3.0,3.0,4.0,1.0,0.0,5.0,2.0,0.0,2.0,HOROZ
3.0,4.0,4.0,0.0,6.0,6.0,2.0,3.0,4.0,4.0,1.0,0.0,6.0,1.0,0.0,4.0,HOROZ
3.0,4.0,4.0,0.0,6.0,6.0,2.0,3.0,4.0,4.0,1.0,0.0,6.0,1.0,0.0,4.0,HOROZ
3.0,4.0,4.0,0.0,6.0,6.0,2.0,3.0,0.0,2.0,1.0,0.0,6.0,1.0,0.0,1.0,HOROZ
3.0,3.0,4.0,0.0,6.0,6.0,2.0,3.0,2.0,4.0,2.0,0.0,6.0,1.0,0.0,3.0,HOROZ
3.0,4.0,4.0,0.0,6.0,6.0,3.0,3.0,0.0,2.0,0.0,0.0,6.0,1.0,0.0,2.0,HOROZ
3.0,4.0,4.0,0.0,6.0,6.0,2.0,3.0,5.0,4.0,1.0,0.0,6.0,1.0,0.0,2.0,HOROZ
3.0,4.0,4.0,0.0,6.0,6.0,3.0,3.0,2.0,2.0,1.0,0.0,6.0,1.0,0.0,1.0,HOROZ
3.0,3.0,4.0,0.0,6.0,6.0,2.0,3.0,5.0,4.0,1.0,0.0,6.0,1.0,0.0,1.0,HOROZ
3.0,4.0,4.0,0.0,6.0,6.0,2.0,3.0,5.0,2.0,1.0,0.0,6.0,1.0,0.0,2.0,HOROZ
3.0,4.0,4.0,1.0,6.0,6.0,2.0,3.0,5.0,2.0,1.0,0.0,5.0,2.0,0.0,3.0,HOROZ
3.0,4.0,4.0,0.0,6.0,6.0,2.0,3.0,2.0,3.0,1.0,0.0,6.0,1.0,0.0,1.0,HOROZ
3.0,4.0,4.0,0.0,6.0,6.0,2.0,3.0,0.0,4.0,1.0,0.0,6.0,1.0,0.0,3.0,HOROZ
3.0,4.0,4.0,0.0,6.0,6.0,3.0,3.0,0.0,1.0,0.0,0.0,6.0,1.0,0.0,1.0,HOROZ
3.0,4.0,4.0,0.0,6.0,6.0,2.0,3.0,0.0,4.0,1.0,0.0,6.0,1.0,0.0,2.0,HOROZ
3.0,3.0,4.0,1.0,5.0,5.0,2.0,3.0,1.0,4.0,2.0,0.0,5.0,2.0,0.0,3.0,HOROZ
3.0,4.0,4.0,0.0,6.0,6.0,2.0,3.0,0.0,4.0,1.0,0.0,6.0,1.0,0.0,3.0,HOROZ
3.0,4.0,4.0,1.0,6.0,6.0,3.0,3.0,1.0,2.0,1.0,0.0,5.0,2.0,0.0,1.0,HOROZ
3.0,4.0,4.0,1.0,4.0,4.0,3.0,3.0,4.0,2.0,1.0,1.0,5.0,2.0,1.0,1.0,HOROZ
3.0,4.0,4.0,0.0,6.0,6.0,2.0,3.0,0.0,4.0,1.0,0.0,6.0,1.0,0.0,1.0,HOROZ
3.0,4.0,4.0,1.0,6.0,6.0,2.0,3.0,1.0,3.0,1.0,0.0,5.0,2.0,0.0,3.0,HOROZ
3.0,4.0,4.0,1.0,5.0,5.0,3.0,3.0,0.0,2.0,1.0,0.0,5.0,2.0,0.0,3.0,HOROZ
3.0,3.0,4.0,1.0,5.0,5.0,3.0,3.0,4.0,2.0,2.0,0.0,5.0,2.0,0.0,1.0,HOROZ
3.0,4.0,4.0,0.0,6.0,6.0,3.0,3.0,4.0,2.0,1.0,0.0,6.0,1.0,0.0,1.0,HOROZ
3.0,3.0,4.0,1.0,6.0,6.0,2.0,3.0,5.0,4.0,1.0,0.0,6.0,1.0,0.0,1.0,HOROZ
3.0,4.0,4.0,0.0,6.0,6.0,3.0,3.0,3.0,3.0,1.0,0.0,6.0,1.0,0.0,1.0,HOROZ
3.0,4.0,4.0,0.0,6.0,6.0,3.0,3.0,0.0,3.0,1.0,0.0,6.0,1.0,0.0,4.0,HOROZ
3.0,4.0,4.0,0.0,6.0,6.0,2.0,3.0,4.0,4.0,1.0,0.0,6.0,1.0,0.0,2.0,HOROZ
3.0,4.0,4.0,0.0,6.0,6.0,2.0,3.0,1.0,4.0,1.0,0.0,6.0,1.0,0.0,4.0,HOROZ
3.0,4.0,4.0,0.0,6.0,6.0,2.0,3.0,0.0,4.0,1.0,0.0,6.0,1.0,0.0,2.0,HOROZ
3.0,4.0,4.0,0.0,6.0,6.0,3.0,3.0,1.0,0.0,1.0,0.0,6.0,1.0,0.0,0.0,HOROZ
3.0,4.0,4.0,1.0,5.0,5.0,3.0,3.0,1.0,2.0,1.0,0.0,5.0,2.0,0.0,1.0,HOROZ
3.0,4.0,4.0,0.0,6.0,6.0,3.0,3.0,0.0,4.0,0.0,0.0,6.0,1.0,0.0,3.0,HOROZ
3.0,4.0,4.0,0.0,6.0,6.0,3.0,3.0,0.0,4.0,1.0,0.0,6.0,1.0,0.0,2.0,HOROZ
3.0,3.0,4.0,0.0,6.0,6.0,2.0,3.0,1.0,6.0,1.0,0.0,6.0,1.0,0.0,4.0,HOROZ
3.0,4.0,4.0,1.0,5.0,5.0,3.0,3.0,0.0,4.0,1.0,0.0,5.0,2.0,0.0,2.0,HOROZ
3.0,4.0,4.0,1.0,6.0,6.0,3.0,3.0,0.0,4.0,1.0,0.0,6.0,1.0,0.0,1.0,HOROZ
3.0,4.0,4.0,0.0,6.0,6.0,2.0,3.0,0.0,4.0,1.0,0.0,6.0,1.0,0.0,2.0,HOROZ
3.0,4.0,4.0,0.0,6.0,6.0,3.0,3.0,2.0,4.0,1.0,0.0,6.0,1.0,0.0,3.0,HOROZ
3.0,4.0,4.0,1.0,6.0,6.0,3.0,3.0,4.0,4.0,1.0,0.0,5.0,2.0,0.0,4.0,HOROZ
3.0,4.0,4.0,1.0,6.0,6.0,3.0,3.0,4.0,4.0,1.0,0.0,5.0,2.0,0.0,4.0,HOROZ
3.0,4.0,4.0,0.0,6.0,6.0,3.0,3.0,5.0,2.0,1.0,0.0,6.0,1.0,0.0,2.0,HOROZ
3.0,4.0,4.0,0.0,6.0,6.0,3.0,3.0,5.0,4.0,1.0,0.0,6.0,1.0,0.0,3.0,HOROZ
3.0,3.0,4.0,0.0,6.0,6.0,2.0,3.0,5.0,4.0,2.0,0.0,6.0,1.0,0.0,4.0,HOROZ
3.0,3.0,4.0,1.0,5.0,5.0,3.0,3.0,2.0,4.0,2.0,0.0,5.0,2.0,0.0,2.0,HOROZ
3.0,4.0,4.0,0.0,6.0,6.0,3.0,3.0,5.0,3.0,1.0,0.0,6.0,1.0,0.0,3.0,HOROZ
3.0,4.0,4.0,1.0,4.0,4.0,3.0,3.0,0.0,3.0,1.0,1.0,5.0,2.0,1.0,4.0,HOROZ
3.0,4.0,4.0,0.0,6.0,6.0,3.0,3.0,0.0,4.0,1.0,0.0,6.0,1.0,0.0,3.0,HOROZ
3.0,4.0,5.0,0.0,6.0,6.0,3.0,3.0,5.0,4.0,0.0,0.0,6.0,0.0,0.0,4.0,HOROZ
3.0,4.0,4.0,0.0,6.0,6.0,3.0,3.0,0.0,2.0,1.0,0.0,6.0,1.0,0.0,1.0,HOROZ
3.0,4.0,4.0,0.0,6.0,6.0,3.0,3.0,0.0,4.0,1.0,0.0,6.0,1.0,0.0,3.0,HOROZ
3.0,4.0,4.0,1.0,6.0,6.0,3.0,3.0,4.0,4.0,1.0,0.0,5.0,2.0,0.0,2.0,HOROZ
3.0,4.0,4.0,1.0,6.0,6.0,3.0,3.0,0.0,2.0,1.0,0.0,6.0,1.0,0.0,1.0,HOROZ
3.0,4.0,4.0,0.0,6.0,6.0,3.0,3.0,1.0,4.0,1.0,0.0,6.0,1.0,0.0,2.0,HOROZ
3.0,4.0,4.0,0.0,6.0,6.0,3.0,3.0,2.0,2.0,1.0,0.0,6.0,1.0,0.0,1.0,HOROZ
3.0,4.0,4.0,1.0,6.0,6.0,3.0,3.0,1.0,4.0,1.0,0.0,6.0,1.0,0.0,1.0,HOROZ
3.0,3.0,4.0,1.0,6.0,6.0,3.0,3.0,4.0,4.0,1.0,0.0,5.0,2.0,0.0,2.0,HOROZ
3.0,3.0,4.0,1.0,4.0,4.0,3.0,3.0,6.0,4.0,1.0,1.0,5.0,2.0,1.0,4.0,HOROZ
3.0,4.0,4.0,1.0,6.0,6.0,3.0,3.0,2.0,2.0,1.0,0.0,6.0,1.0,0.0,1.0,HOROZ
3.0,4.0,4.0,1.0,6.0,6.0,3.0,3.0,2.0,4.0,1.0,0.0,5.0,2.0,0.0,2.0,HOROZ
3.0,4.0,4.0,0.0,6.0,6.0,3.0,3.0,6.0,4.0,1.0,0.0,6.0,1.0,0.0,1.0,HOROZ
3.0,4.0,4.0,1.0,6.0,6.0,3.0,3.0,0.0,4.0,1.0,0.0,5.0,2.0,0.0,4.0,HOROZ
3.0,4.0,4.0,0.0,6.0,6.0,3.0,3.0,2.0,2.0,1.0,0.0,6.0,1.0,0.0,2.0,HOROZ
3.0,4.0,4.0,0.0,6.0,6.0,3.0,3.0,4.0,3.0,1.0,0.0,6.0,1.0,0.0,1.0,HOROZ
3.0,4.0,4.0,1.0,6.0,6.0,3.0,3.0,1.0,4.0,1.0,0.0,5.0,2.0,0.0,1.0,HOROZ
3.0,4.0,4.0,0.0,6.0,6.0,3.0,3.0,0.0,4.0,1.0,0.0,6.0,1.0,0.0,3.0,HOROZ
3.0,4.0,4.0,0.0,6.0,6.0,3.0,3.0,0.0,4.0,1.0,0.0,6.0,1.0,0.0,4.0,HOROZ
3.0,4.0,4.0,0.0,6.0,6.0,3.0,3.0,2.0,3.0,1.0,0.0,6.0,1.0,0.0,1.0,HOROZ
3.0,4.0,4.0,0.0,6.0,6.0,3.0,3.0,2.0,4.0,1.0,0.0,6.0,1.0,0.0,4.0,HOROZ
3.0,4.0,4.0,1.0,6.0,6.0,3.0,3.0,5.0,2.0,1.0,0.0,5.0,2.0,0.0,2.0,HOROZ
3.0,4.0,4.0,1.0,6.0,6.0,3.0,3.0,2.0,3.0,1.0,0.0,5.0,2.0,0.0,3.0,HOROZ
3.0,4.0,4.0,0.0,6.0,6.0,3.0,3.0,1.0,4.0,1.0,0.0,6.0,1.0,0.0,1.0,HOROZ
3.0,4.0,4.0,0.0,6.0,6.0,3.0,3.0,4.0,4.0,1.0,0.0,6.0,1.0,0.0,3.0,HOROZ
3.0,4.0,4.0,1.0,5.0,5.0,3.0,3.0,5.0,0.0,1.0,0.0,5.0,2.0,0.0,0.0,HOROZ
3.0,4.0,4.0,1.0,6.0,6.0,3.0,3.0,1.0,2.0,1.0,0.0,5.0,2.0,0.0,4.0,HOROZ
3.0,4.0,4.0,0.0,6.0,6.0,3.0,3.0,6.0,4.0,1.0,0.0,6.0,1.0,0.0,1.0,HOROZ
3.0,4.0,4.0,0.0,6.0,6.0,3.0,3.0,4.0,4.0,1.0,0.0,6.0,1.0,0.0,1.0,HOROZ
3.0,3.0,4.0,1.0,4.0,4.0,3.0,3.0,2.0,4.0,3.0,1.0,5.0,2.0,1.0,4.0,HOROZ
3.0,4.0,4.0,1.0,5.0,5.0,3.0,3.0,0.0,2.0,1.0,0.0,5.0,2.0,0.0,2.0,HOROZ
3.0,4.0,4.0,1.0,5.0,5.0,3.0,3.0,4.0,4.0,1.0,0.0,5.0,2.0,0.0,4.0,HOROZ
3.0,4.0,5.0,0.0,6.0,6.0,3.0,3.0,0.0,4.0,0.0,0.0,6.0,0.0,0.0,3.0,HOROZ
3.0,4.0,4.0,0.0,6.0,6.0,3.0,3.0,5.0,4.0,1.0,0.0,6.0,1.0,0.0,4.0,HOROZ
3.0,4.0,4.0,0.0,6.0,6.0,3.0,3.0,5.0,4.0,1.0,0.0,6.0,1.0,0.0,4.0,HOROZ
3.0,4.0,4.0,1.0,4.0,4.0,3.0,3.0,0.0,2.0,1.0,1.0,5.0,2.0,1.0,1.0,HOROZ
3.0,4.0,4.0,0.0,6.0,6.0,3.0,3.0,4.0,3.0,1.0,0.0,6.0,1.0,0.0,1.0,HOROZ
3.0,4.0,4.0,0.0,6.0,6.0,3.0,3.0,0.0,4.0,1.0,0.0,6.0,1.0,0.0,3.0,HOROZ
3.0,4.0,4.0,0.0,6.0,6.0,3.0,3.0,0.0,4.0,1.0,0.0,6.0,1.0,0.0,4.0,HOROZ
3.0,4.0,4.0,1.0,6.0,6.0,3.0,3.0,2.0,4.0,1.0,0.0,5.0,1.0,0.0,4.0,HOROZ
3.0,4.0,4.0,0.0,6.0,6.0,3.0,3.0,2.0,3.0,1.0,0.0,6.0,1.0,0.0,1.0,HOROZ
3.0,4.0,4.0,1.0,6.0,6.0,3.0,3.0,0.0,3.0,1.0,0.0,6.0,1.0,0.0,2.0,HOROZ
3.0,4.0,4.0,0.0,6.0,6.0,3.0,3.0,4.0,2.0,1.0,0.0,6.0,1.0,0.0,4.0,HOROZ
3.0,4.0,4.0,1.0,5.0,5.0,3.0,3.0,1.0,1.0,1.0,0.0,5.0,2.0,0.0,1.0,HOROZ
3.0,4.0,4.0,0.0,6.0,6.0,3.0,3.0,2.0,4.0,1.0,0.0,6.0,1.0,0.0,3.0,HOROZ
3.0,4.0,4.0,0.0,6.0,6.0,3.0,3.0,0.0,2.0,1.0,0.0,6.0,1.0,0.0,3.0,HOROZ
3.0,4.0,4.0,0.0,6.0,6.0,3.0,3.0,0.0,3.0,1.0,0.0,6.0,1.0,0.0,4.0,HOROZ
3.0,4.0,4.0,1.0,6.0,6.0,3.0,3.0,0.0,4.0,1.0,0.0,5.0,2.0,0.0,1.0,HOROZ
3.0,4.0,4.0,0.0,6.0,6.0,3.0,3.0,1.0,3.0,1.0,0.0,6.0,1.0,0.0,2.0,HOROZ
3.0,4.0,4.0,1.0,6.0,6.0,3.0,3.0,2.0,4.0,1.0,0.0,5.0,2.0,0.0,3.0,HOROZ
3.0,4.0,4.0,1.0,6.0,6.0,3.0,3.0,0.0,3.0,1.0,0.0,5.0,2.0,0.0,1.0,HOROZ
3.0,4.0,4.0,0.0,6.0,6.0,3.0,3.0,2.0,4.0,1.0,0.0,6.0,1.0,0.0,1.0,HOROZ
3.0,4.0,4.0,1.0,6.0,6.0,3.0,3.0,2.0,3.0,1.0,0.0,5.0,1.0,0.0,1.0,HOROZ
3.0,4.0,4.0,0.0,6.0,6.0,3.0,3.0,4.0,4.0,1.0,0.0,6.0,1.0,0.0,1.0,HOROZ
3.0,4.0,4.0,0.0,6.0,6.0,3.0,3.0,4.0,3.0,1.0,0.0,6.0,1.0,0.0,2.0,HOROZ
3.0,4.0,4.0,0.0,6.0,6.0,3.0,3.0,0.0,4.0,1.0,0.0,6.0,1.0,0.0,2.0,HOROZ
3.0,4.0,4.0,0.0,6.0,6.0,3.0,3.0,0.0,4.0,1.0,0.0,6.0,1.0,0.0,3.0,HOROZ
3.0,4.0,4.0,0.0,6.0,6.0,3.0,3.0,0.0,3.0,1.0,0.0,6.0,1.0,0.0,4.0,HOROZ
3.0,4.0,4.0,0.0,6.0,6.0,3.0,3.0,1.0,2.0,1.0,0.0,6.0,1.0,0.0,4.0,HOROZ
3.0,4.0,4.0,0.0,6.0,6.0,3.0,3.0,0.0,3.0,1.0,0.0,6.0,1.0,0.0,3.0,HOROZ
3.0,4.0,4.0,0.0,6.0,6.0,3.0,3.0,0.0,2.0,1.0,0.0,6.0,1.0,0.0,4.0,HOROZ
3.0,4.0,4.0,0.0,6.0,6.0,3.0,3.0,5.0,4.0,1.0,0.0,6.0,1.0,0.0,2.0,HOROZ
3.0,4.0,4.0,0.0,6.0,6.0,3.0,3.0,0.0,1.0,1.0,0.0,6.0,1.0,0.0,1.0,HOROZ
3.0,4.0,4.0,0.0,6.0,6.0,3.0,3.0,0.0,4.0,1.0,0.0,6.0,1.0,0.0,4.0,HOROZ
3.0,4.0,4.0,0.0,6.0,6.0,3.0,3.0,0.0,3.0,1.0,0.0,6.0,1.0,0.0,1.0,HOROZ
3.0,4.0,4.0,1.0,6.0,6.0,3.0,3.0,1.0,2.0,1.0,0.0,6.0,1.0,0.0,1.0,HOROZ
3.0,4.0,4.0,1.0,6.0,6.0,3.0,3.0,0.0,3.0,1.0,0.0,6.0,1.0,0.0,1.0,HOROZ
3.0,4.0,4.0,1.0,6.0,6.0,3.0,3.0,0.0,3.0,1.0,0.0,6.0,1.0,0.0,1.0,HOROZ
3.0,4.0,4.0,1.0,6.0,6.0,3.0,3.0,4.0,4.0,1.0,0.0,5.0,2.0,0.0,4.0,HOROZ
3.0,4.0,4.0,1.0,6.0,6.0,3.0,3.0,2.0,4.0,1.0,0.0,5.0,1.0,0.0,3.0,HOROZ
3.0,4.0,4.0,1.0,6.0,6.0,3.0,3.0,2.0,4.0,1.0,0.0,5.0,1.0,0.0,3.0,HOROZ
3.0,3.0,4.0,1.0,5.0,5.0,3.0,3.0,0.0,4.0,3.0,0.0,5.0,2.0,0.0,4.0,HOROZ
3.0,3.0,4.0,1.0,6.0,6.0,3.0,3.0,6.0,4.0,2.0,0.0,5.0,2.0,0.0,3.0,HOROZ
3.0,3.0,4.0,1.0,4.0,4.0,3.0,3.0,0.0,4.0,3.0,1.0,5.0,2.0,1.0,2.0,HOROZ
3.0,4.0,4.0,1.0,6.0,6.0,3.0,3.0,0.0,2.0,1.0,0.0,5.0,2.0,0.0,1.0,HOROZ
3.0,4.0,4.0,1.0,5.0,5.0,3.0,3.0,6.0,2.0,0.0,0.0,5.0,2.0,0.0,1.0,HOROZ
3.0,4.0,4.0,1.0,5.0,5.0,3.0,3.0,0.0,3.0,1.0,0.0,5.0,2.0,0.0,3.0,HOROZ
3.0,4.0,4.0,1.0,6.0,6.0,3.0,3.0,1.0,4.0,1.0,0.0,5.0,1.0,0.0,4.0,HOROZ
3.0,4.0,4.0,0.0,6.0,6.0,3.0,3.0,4.0,4.0,1.0,0.0,6.0,1.0,0.0,1.0,HOROZ
3.0,4.0,4.0,1.0,6.0,6.0,3.0,3.0,1.0,2.0,1.0,0.0,5.0,1.0,0.0,2.0,HOROZ
3.0,4.0,4.0,1.0,6.0,6.0,3.0,3.0,2.0,4.0,1.0,0.0,5.0,2.0,0.0,1.0,HOROZ
3.0,4.0,4.0,0.0,6.0,6.0,3.0,3.0,0.0,2.0,1.0,0.0,6.0,1.0,0.0,4.0,HOROZ
3.0,4.0,4.0,1.0,5.0,5.0,3.0,3.0,2.0,4.0,1.0,0.0,5.0,2.0,0.0,2.0,HOROZ
3.0,4.0,4.0,1.0,6.0,6.0,3.0,3.0,0.0,3.0,1.0,0.0,5.0,1.0,0.0,1.0,HOROZ
3.0,4.0,4.0,1.0,6.0,6.0,3.0,3.0,0.0,1.0,1.0,0.0,6.0,1.0,0.0,1.0,HOROZ
3.0,4.0,4.0,0.0,6.0,6.0,3.0,3.0,0.0,2.0,1.0,0.0,6.0,1.0,0.0,1.0,HOROZ
3.0,4.0,4.0,0.0,6.0,6.0,3.0,3.0,1.0,4.0,1.0,0.0,6.0,1.0,0.0,3.0,HOROZ
3.0,4.0,4.0,0.0,6.0,6.0,3.0,3.0,6.0,2.0,1.0,0.0,6.0,1.0,0.0,1.0,HOROZ
3.0,3.0,4.0,1.0,6.0,6.0,3.0,3.0,5.0,6.0,2.0,0.0,5.0,1.0,0.0,4.0,HOROZ
3.0,4.0,4.0,0.0,6.0,6.0,3.0,3.0,2.0,2.0,1.0,0.0,6.0,1.0,0.0,2.0,HOROZ
3.0,4.0,4.0,0.0,6.0,6.0,3.0,3.0,0.0,4.0,1.0,0.0,6.0,1.0,0.0,4.0,HOROZ
3.0,4.0,4.0,1.0,4.0,4.0,3.0,3.0,2.0,0.0,1.0,1.0,5.0,2.0,1.0,0.0,HOROZ
3.0,4.0,4.0,1.0,6.0,6.0,3.0,3.0,6.0,4.0,1.0,0.0,5.0,1.0,0.0,3.0,HOROZ
3.0,5.0,4.0,0.0,6.0,6.0,3.0,3.0,0.0,1.0,0.0,0.0,6.0,1.0,0.0,3.0,HOROZ
3.0,4.0,4.0,0.0,6.0,6.0,3.0,3.0,1.0,4.0,1.0,0.0,6.0,1.0,0.0,3.0,HOROZ
3.0,4.0,4.0,1.0,6.0,6.0,3.0,3.0,6.0,5.0,1.0,0.0,5.0,1.0,0.0,3.0,HOROZ
3.0,4.0,4.0,0.0,6.0,6.0,3.0,3.0,0.0,4.0,1.0,0.0,6.0,1.0,0.0,1.0,HOROZ
3.0,4.0,4.0,0.0,6.0,6.0,3.0,3.0,0.0,3.0,1.0,0.0,6.0,1.0,0.0,4.0,HOROZ
3.0,4.0,4.0,0.0,6.0,6.0,3.0,3.0,0.0,4.0,1.0,0.0,6.0,1.0,0.0,5.0,HOROZ
3.0,4.0,4.0,0.0,6.0,6.0,3.0,3.0,5.0,5.0,1.0,0.0,6.0,1.0,0.0,4.0,HOROZ
3.0,4.0,4.0,1.0,6.0,6.0,3.0,3.0,4.0,2.0,1.0,0.0,5.0,2.0,0.0,3.0,HOROZ
3.0,4.0,4.0,0.0,6.0,6.0,3.0,3.0,0.0,3.0,1.0,0.0,6.0,1.0,0.0,1.0,HOROZ
3.0,4.0,4.0,0.0,6.0,6.0,3.0,3.0,2.0,6.0,1.0,0.0,5.0,1.0,0.0,4.0,HOROZ
3.0,4.0,4.0,0.0,6.0,6.0,3.0,3.0,1.0,4.0,1.0,0.0,6.0,1.0,0.0,3.0,HOROZ
3.0,4.0,4.0,0.0,6.0,6.0,3.0,3.0,1.0,4.0,1.0,0.0,6.0,1.0,0.0,2.0,HOROZ
3.0,4.0,4.0,1.0,6.0,6.0,3.0,3.0,4.0,4.0,2.0,0.0,5.0,2.0,0.0,3.0,HOROZ
3.0,4.0,4.0,0.0,6.0,6.0,3.0,3.0,0.0,5.0,1.0,0.0,6.0,1.0,0.0,3.0,HOROZ
3.0,4.0,4.0,1.0,6.0,6.0,3.0,3.0,0.0,3.0,1.0,0.0,5.0,1.0,0.0,1.0,HOROZ
3.0,4.0,4.0,1.0,6.0,6.0,3.0,3.0,0.0,4.0,1.0,0.0,5.0,1.0,0.0,3.0,HOROZ
3.0,4.0,4.0,1.0,6.0,6.0,3.0,3.0,4.0,4.0,1.0,0.0,5.0,1.0,0.0,3.0,HOROZ
3.0,4.0,4.0,1.0,6.0,6.0,3.0,3.0,2.0,3.0,1.0,0.0,5.0,1.0,0.0,1.0,HOROZ
3.0,3.0,4.0,1.0,5.0,5.0,3.0,3.0,6.0,4.0,3.0,0.0,5.0,2.0,0.0,2.0,HOROZ
3.0,4.0,4.0,0.0,6.0,6.0,3.0,3.0,4.0,4.0,1.0,0.0,6.0,1.0,0.0,4.0,HOROZ
3.0,4.0,4.0,0.0,6.0,6.0,3.0,3.0,5.0,4.0,1.0,0.0,6.0,1.0,0.0,3.0,HOROZ
3.0,4.0,4.0,1.0,6.0,6.0,3.0,3.0,2.0,4.0,1.0,0.0,5.0,1.0,0.0,4.0,HOROZ
3.0,4.0,4.0,1.0,4.0,4.0,3.0,3.0,0.0,0.0,1.0,1.0,5.0,2.0,1.0,0.0,HOROZ
3.0,4.0,4.0,0.0,6.0,6.0,3.0,3.0,0.0,4.0,1.0,0.0,6.0,1.0,0.0,2.0,HOROZ
3.0,4.0,4.0,1.0,6.0,6.0,3.0,3.0,2.0,1.0,0.0,0.0,5.0,2.0,0.0,1.0,HOROZ
3.0,4.0,4.0,0.0,6.0,6.0,3.0,3.0,0.0,4.0,1.0,0.0,6.0,1.0,0.0,4.0,HOROZ
3.0,4.0,4.0,1.0,5.0,5.0,3.0,3.0,0.0,0.0,1.0,0.0,5.0,1.0,0.0,0.0,HOROZ
3.0,4.0,4.0,1.0,5.0,5.0,3.0,3.0,4.0,3.0,1.0,1.0,5.0,2.0,1.0,4.0,HOROZ
3.0,4.0,4.0,1.0,5.0,5.0,3.0,3.0,4.0,3.0,1.0,1.0,5.0,2.0,1.0,4.0,HOROZ
3.0,4.0,4.0,1.0,6.0,6.0,3.0,3.0,4.0,4.0,2.0,0.0,5.0,2.0,0.0,3.0,HOROZ
3.0,4.0,4.0,1.0,6.0,6.0,3.0,3.0,3.0,3.0,1.0,0.0,5.0,1.0,0.0,4.0,HOROZ
3.0,4.0,4.0,0.0,6.0,6.0,3.0,3.0,6.0,4.0,1.0,0.0,6.0,1.0,0.0,2.0,HOROZ
3.0,4.0,4.0,0.0,6.0,6.0,3.0,3.0,5.0,6.0,1.0,0.0,6.0,1.0,0.0,3.0,HOROZ
3.0,4.0,4.0,1.0,6.0,6.0,3.0,3.0,1.0,0.0,1.0,0.0,5.0,1.0,0.0,0.0,HOROZ
3.0,4.0,4.0,0.0,6.0,6.0,3.0,3.0,6.0,4.0,1.0,0.0,6.0,1.0,0.0,2.0,HOROZ
3.0,4.0,4.0,1.0,5.0,5.0,3.0,3.0,4.0,4.0,1.0,1.0,5.0,2.0,1.0,2.0,HOROZ
3.0,4.0,4.0,1.0,5.0,5.0,3.0,3.0,1.0,4.0,1.0,0.0,5.0,2.0,0.0,4.0,HOROZ
3.0,4.0,4.0,0.0,6.0,6.0,3.0,3.0,2.0,2.0,1.0,0.0,6.0,1.0,0.0,1.0,HOROZ
3.0,4.0,4.0,1.0,6.0,6.0,3.0,3.0,2.0,4.0,1.0,0.0,5.0,1.0,0.0,4.0,HOROZ
3.0,4.0,4.0,0.0,6.0,6.0,3.0,3.0,2.0,4.0,1.0,0.0,6.0,1.0,0.0,2.0,HOROZ
3.0,4.0,4.0,0.0,6.0,6.0,3.0,3.0,5.0,4.0,1.0,0.0,6.0,1.0,0.0,1.0,HOROZ
3.0,4.0,4.0,1.0,6.0,6.0,3.0,3.0,5.0,4.0,1.0,0.0,5.0,2.0,0.0,3.0,HOROZ
3.0,4.0,4.0,0.0,6.0,6.0,3.0,3.0,0.0,4.0,1.0,0.0,6.0,1.0,0.0,4.0,HOROZ
3.0,4.0,4.0,1.0,6.0,6.0,3.0,3.0,2.0,4.0,1.0,0.0,5.0,1.0,0.0,2.0,HOROZ
3.0,3.0,4.0,1.0,4.0,4.0,3.0,3.0,1.0,2.0,3.0,1.0,5.0,2.0,1.0,1.0,HOROZ
3.0,4.0,4.0,1.0,6.0,6.0,3.0,3.0,3.0,4.0,1.0,0.0,5.0,1.0,0.0,3.0,HOROZ
3.0,4.0,4.0,1.0,6.0,6.0,3.0,3.0,5.0,4.0,1.0,0.0,5.0,2.0,0.0,3.0,HOROZ
3.0,4.0,4.0,1.0,6.0,6.0,3.0,3.0,5.0,4.0,1.0,0.0,5.0,2.0,0.0,3.0,HOROZ
3.0,4.0,4.0,1.0,6.0,6.0,3.0,3.0,6.0,2.0,1.0,0.0,5.0,1.0,0.0,1.0,HOROZ
3.0,4.0,4.0,0.0,6.0,6.0,3.0,3.0,0.0,2.0,1.0,0.0,6.0,1.0,0.0,2.0,HOROZ
3.0,4.0,4.0,0.0,6.0,6.0,3.0,3.0,0.0,4.0,1.0,0.0,6.0,1.0,0.0,4.0,HOROZ
3.0,4.0,4.0,1.0,4.0,4.0,3.0,3.0,0.0,3.0,1.0,1.0,5.0,2.0,1.0,1.0,HOROZ
3.0,4.0,4.0,1.0,5.0,5.0,3.0,3.0,2.0,4.0,1.0,0.0,5.0,2.0,0.0,3.0,HOROZ
3.0,4.0,4.0,0.0,6.0,6.0,3.0,3.0,0.0,4.0,1.0,0.0,6.0,1.0,0.0,3.0,HOROZ
3.0,4.0,4.0,0.0,6.0,6.0,3.0,3.0,5.0,4.0,1.0,0.0,6.0,1.0,0.0,4.0,HOROZ
3.0,4.0,4.0,1.0,6.0,6.0,3.0,3.0,0.0,1.0,1.0,0.0,6.0,1.0,0.0,0.0,HOROZ
3.0,4.0,4.0,1.0,6.0,6.0,3.0,3.0,2.0,4.0,1.0,0.0,5.0,2.0,0.0,2.0,HOROZ
3.0,4.0,4.0,1.0,4.0,4.0,3.0,3.0,1.0,2.0,3.0,1.0,5.0,2.0,1.0,1.0,HOROZ
3.0,4.0,4.0,0.0,6.0,6.0,3.0,3.0,5.0,4.0,1.0,0.0,6.0,1.0,0.0,1.0,HOROZ
3.0,4.0,4.0,0.0,6.0,6.0,3.0,3.0,0.0,4.0,1.0,0.0,6.0,1.0,0.0,3.0,HOROZ
3.0,4.0,4.0,0.0,6.0,6.0,3.0,3.0,2.0,4.0,1.0,0.0,6.0,1.0,0.0,3.0,HOROZ
3.0,4.0,4.0,0.0,6.0,6.0,3.0,3.0,4.0,4.0,1.0,0.0,6.0,1.0,0.0,4.0,HOROZ
3.0,4.0,4.0,0.0,6.0,6.0,3.0,3.0,4.0,4.0,1.0,0.0,6.0,1.0,0.0,3.0,HOROZ
3.0,4.0,4.0,0.0,6.0,6.0,3.0,3.0,2.0,4.0,1.0,0.0,6.0,1.0,0.0,3.0,HOROZ
3.0,4.0,4.0,0.0,6.0,6.0,3.0,3.0,5.0,5.0,1.0,0.0,6.0,1.0,0.0,4.0,HOROZ
3.0,4.0,4.0,0.0,6.0,6.0,3.0,3.0,0.0,4.0,1.0,0.0,6.0,1.0,0.0,3.0,HOROZ
3.0,4.0,4.0,0.0,6.0,6.0,3.0,3.0,1.0,4.0,1.0,0.0,6.0,1.0,0.0,1.0,HOROZ
3.0,4.0,4.0,1.0,5.0,5.0,3.0,3.0,2.0,1.0,1.0,0.0,5.0,2.0,0.0,0.0,HOROZ
3.0,4.0,4.0,0.0,6.0,6.0,3.0,3.0,5.0,3.0,1.0,0.0,6.0,1.0,0.0,1.0,HOROZ
3.0,4.0,4.0,1.0,5.0,5.0,3.0,3.0,0.0,2.0,1.0,0.0,5.0,2.0,0.0,3.0,HOROZ
3.0,4.0,4.0,1.0,6.0,6.0,3.0,3.0,0.0,4.0,1.0,0.0,5.0,1.0,0.0,4.0,HOROZ
3.0,4.0,4.0,0.0,6.0,6.0,3.0,3.0,6.0,4.0,1.0,0.0,6.0,1.0,0.0,4.0,HOROZ
3.0,4.0,4.0,1.0,6.0,6.0,3.0,3.0,0.0,3.0,1.0,0.0,5.0,2.0,0.0,3.0,HOROZ
3.0,4.0,4.0,0.0,6.0,6.0,3.0,3.0,2.0,4.0,1.0,0.0,6.0,1.0,0.0,4.0,HOROZ
3.0,4.0,4.0,0.0,6.0,6.0,3.0,3.0,5.0,4.0,1.0,0.0,6.0,1.0,0.0,4.0,HOROZ
3.0,4.0,4.0,0.0,6.0,6.0,3.0,3.0,1.0,4.0,1.0,0.0,6.0,1.0,0.0,4.0,HOROZ
3.0,4.0,4.0,1.0,6.0,6.0,3.0,3.0,2.0,1.0,1.0,0.0,6.0,1.0,0.0,0.0,HOROZ
3.0,4.0,4.0,1.0,6.0,6.0,3.0,3.0,5.0,4.0,1.0,0.0,5.0,1.0,0.0,3.0,HOROZ
3.0,4.0,4.0,0.0,6.0,6.0,3.0,3.0,5.0,4.0,1.0,0.0,6.0,1.0,0.0,4.0,HOROZ
3.0,4.0,4.0,1.0,6.0,6.0,3.0,3.0,2.0,4.0,1.0,0.0,5.0,1.0,0.0,4.0,HOROZ
3.0,4.0,4.0,1.0,6.0,6.0,3.0,3.0,4.0,4.0,1.0,0.0,5.0,1.0,0.0,4.0,HOROZ
3.0,4.0,4.0,0.0,6.0,6.0,3.0,3.0,4.0,4.0,1.0,0.0,6.0,1.0,0.0,3.0,HOROZ
3.0,4.0,4.0,0.0,6.0,6.0,3.0,3.0,2.0,6.0,1.0,0.0,6.0,1.0,0.0,4.0,HOROZ
3.0,4.0,4.0,1.0,6.0,6.0,3.0,3.0,5.0,4.0,1.0,0.0,5.0,1.0,0.0,3.0,HOROZ
3.0,4.0,4.0,0.0,6.0,6.0,3.0,3.0,4.0,4.0,1.0,0.0,6.0,1.0,0.0,4.0,HOROZ
3.0,4.0,4.0,0.0,6.0,6.0,3.0,3.0,4.0,4.0,1.0,0.0,6.0,1.0,0.0,4.0,HOROZ
3.0,4.0,4.0,1.0,6.0,6.0,3.0,3.0,0.0,2.0,1.0,0.0,5.0,2.0,0.0,1.0,HOROZ
3.0,4.0,4.0,1.0,6.0,6.0,3.0,3.0,1.0,3.0,1.0,0.0,5.0,1.0,0.0,1.0,HOROZ
3.0,4.0,4.0,1.0,6.0,6.0,3.0,3.0,0.0,4.0,1.0,0.0,5.0,2.0,0.0,4.0,HOROZ
3.0,4.0,4.0,0.0,6.0,6.0,3.0,3.0,0.0,2.0,1.0,0.0,6.0,1.0,0.0,1.0,HOROZ
3.0,4.0,4.0,0.0,6.0,6.0,3.0,3.0,2.0,4.0,1.0,0.0,6.0,1.0,0.0,3.0,HOROZ
3.0,4.0,4.0,0.0,6.0,6.0,3.0,3.0,0.0,4.0,1.0,0.0,6.0,1.0,0.0,4.0,HOROZ
3.0,4.0,4.0,1.0,5.0,5.0,3.0,3.0,4.0,0.0,1.0,0.0,5.0,2.0,0.0,0.0,HOROZ
3.0,4.0,4.0,1.0,6.0,6.0,3.0,3.0,0.0,2.0,1.0,0.0,5.0,1.0,0.0,3.0,HOROZ
3.0,4.0,4.0,1.0,5.0,5.0,3.0,3.0,0.0,1.0,1.0,0.0,5.0,2.0,0.0,0.0,HOROZ
3.0,4.0,4.0,1.0,6.0,6.0,3.0,3.0,6.0,4.0,1.0,0.0,5.0,1.0,0.0,3.0,HOROZ
3.0,4.0,4.0,0.0,6.0,6.0,3.0,3.0,1.0,4.0,1.0,0.0,6.0,1.0,0.0,3.0,HOROZ
3.0,4.0,4.0,1.0,6.0,6.0,3.0,3.0,3.0,4.0,1.0,0.0,5.0,1.0,0.0,4.0,HOROZ
3.0,4.0,4.0,1.0,6.0,6.0,3.0,3.0,5.0,4.0,1.0,0.0,5.0,1.0,0.0,2.0,HOROZ
3.0,4.0,4.0,1.0,6.0,6.0,3.0,3.0,0.0,4.0,1.0,0.0,5.0,1.0,0.0,4.0,HOROZ
3.0,4.0,4.0,0.0,6.0,6.0,3.0,3.0,5.0,4.0,1.0,0.0,6.0,1.0,0.0,4.0,HOROZ
3.0,4.0,4.0,0.0,6.0,6.0,3.0,3.0,3.0,4.0,1.0,0.0,6.0,1.0,0.0,4.0,HOROZ
3.0,4.0,4.0,1.0,6.0,6.0,3.0,3.0,4.0,4.0,1.0,0.0,5.0,2.0,0.0,4.0,HOROZ
3.0,4.0,4.0,0.0,6.0,6.0,3.0,3.0,0.0,4.0,1.0,0.0,6.0,1.0,0.0,2.0,HOROZ
3.0,4.0,4.0,1.0,5.0,5.0,3.0,3.0,0.0,4.0,1.0,0.0,5.0,2.0,0.0,2.0,HOROZ
3.0,4.0,4.0,1.0,6.0,6.0,3.0,3.0,4.0,4.0,1.0,0.0,6.0,1.0,0.0,3.0,HOROZ
3.0,4.0,4.0,0.0,6.0,6.0,3.0,3.0,4.0,4.0,1.0,0.0,6.0,1.0,0.0,2.0,HOROZ
3.0,4.0,4.0,1.0,6.0,6.0,3.0,3.0,0.0,4.0,1.0,0.0,6.0,1.0,0.0,3.0,HOROZ
3.0,4.0,4.0,1.0,6.0,6.0,3.0,3.0,4.0,0.0,1.0,0.0,5.0,1.0,0.0,0.0,HOROZ
3.0,4.0,4.0,1.0,5.0,5.0,3.0,3.0,2.0,2.0,1.0,0.0,5.0,2.0,0.0,1.0,HOROZ
3.0,4.0,4.0,1.0,5.0,5.0,3.0,3.0,5.0,2.0,2.0,0.0,5.0,2.0,0.0,1.0,HOROZ
3.0,4.0,4.0,1.0,6.0,6.0,3.0,3.0,1.0,5.0,1.0,0.0,5.0,1.0,0.0,2.0,HOROZ
3.0,4.0,4.0,1.0,6.0,6.0,3.0,3.0,2.0,2.0,1.0,0.0,5.0,1.0,0.0,1.0,HOROZ
3.0,4.0,4.0,1.0,6.0,6.0,3.0,3.0,0.0,4.0,1.0,0.0,5.0,1.0,0.0,3.0,HOROZ
3.0,4.0,4.0,1.0,6.0,6.0,3.0,3.0,0.0,4.0,1.0,0.0,5.0,1.0,0.0,1.0,HOROZ
3.0,4.0,4.0,0.0,6.0,6.0,3.0,3.0,0.0,4.0,1.0,0.0,6.0,1.0,0.0,2.0,HOROZ
3.0,4.0,4.0,0.0,6.0,6.0,3.0,3.0,1.0,3.0,1.0,0.0,6.0,1.0,0.0,2.0,HOROZ
3.0,4.0,4.0,0.0,6.0,6.0,3.0,3.0,0.0,4.0,1.0,0.0,6.0,1.0,0.0,4.0,HOROZ
3.0,4.0,4.0,0.0,6.0,6.0,3.0,3.0,2.0,4.0,1.0,0.0,6.0,1.0,0.0,2.0,HOROZ
3.0,4.0,4.0,1.0,6.0,6.0,3.0,3.0,4.0,3.0,1.0,0.0,5.0,2.0,0.0,1.0,HOROZ
3.0,3.0,3.0,2.0,2.0,2.0,3.0,3.0,2.0,4.0,4.0,3.0,4.0,3.0,3.0,3.0,HOROZ
3.0,4.0,4.0,1.0,5.0,5.0,3.0,3.0,4.0,4.0,1.0,0.0,5.0,2.0,0.0,1.0,HOROZ
3.0,4.0,4.0,1.0,6.0,6.0,3.0,3.0,1.0,4.0,1.0,0.0,5.0,1.0,0.0,2.0,HOROZ
3.0,4.0,4.0,0.0,6.0,6.0,3.0,3.0,0.0,2.0,0.0,0.0,6.0,1.0,0.0,1.0,HOROZ
3.0,4.0,4.0,1.0,6.0,6.0,3.0,3.0,4.0,4.0,1.0,0.0,5.0,2.0,0.0,4.0,HOROZ
3.0,4.0,4.0,0.0,6.0,6.0,3.0,3.0,5.0,4.0,1.0,0.0,6.0,1.0,0.0,3.0,HOROZ
3.0,4.0,4.0,1.0,5.0,5.0,3.0,3.0,1.0,2.0,2.0,0.0,5.0,2.0,0.0,1.0,HOROZ
3.0,4.0,4.0,1.0,6.0,6.0,3.0,3.0,0.0,4.0,1.0,0.0,5.0,1.0,0.0,1.0,HOROZ
3.0,4.0,4.0,0.0,6.0,6.0,3.0,3.0,0.0,4.0,1.0,0.0,6.0,1.0,0.0,3.0,HOROZ
3.0,4.0,4.0,0.0,6.0,6.0,3.0,3.0,0.0,4.0,1.0,0.0,6.0,1.0,0.0,3.0,HOROZ
3.0,4.0,4.0,1.0,5.0,5.0,3.0,3.0,5.0,4.0,2.0,0.0,5.0,2.0,0.0,1.0,HOROZ
3.0,4.0,4.0,0.0,6.0,6.0,3.0,3.0,4.0,4.0,1.0,0.0,6.0,1.0,0.0,3.0,HOROZ
3.0,4.0,4.0,1.0,6.0,6.0,3.0,3.0,0.0,4.0,1.0,0.0,5.0,1.0,0.0,2.0,HOROZ
3.0,4.0,4.0,1.0,6.0,6.0,3.0,3.0,5.0,4.0,1.0,0.0,5.0,2.0,0.0,3.0,HOROZ
3.0,4.0,4.0,1.0,6.0,6.0,3.0,3.0,2.0,4.0,1.0,0.0,5.0,1.0,0.0,1.0,HOROZ
3.0,4.0,4.0,0.0,6.0,6.0,3.0,3.0,0.0,4.0,1.0,0.0,6.0,1.0,0.0,4.0,HOROZ
3.0,4.0,4.0,1.0,6.0,6.0,3.0,3.0,2.0,2.0,1.0,0.0,5.0,1.0,0.0,1.0,HOROZ
3.0,4.0,4.0,1.0,6.0,6.0,3.0,3.0,1.0,2.0,1.0,0.0,5.0,1.0,0.0,1.0,HOROZ
3.0,4.0,4.0,1.0,6.0,6.0,3.0,3.0,0.0,4.0,1.0,0.0,5.0,1.0,0.0,4.0,HOROZ
3.0,4.0,4.0,2.0,4.0,4.0,3.0,3.0,5.0,2.0,3.0,1.0,5.0,2.0,1.0,1.0,HOROZ
3.0,4.0,4.0,2.0,4.0,4.0,3.0,3.0,4.0,1.0,3.0,1.0,5.0,2.0,1.0,0.0,HOROZ
3.0,4.0,4.0,0.0,6.0,6.0,3.0,3.0,0.0,4.0,1.0,0.0,6.0,1.0,0.0,2.0,HOROZ
3.0,4.0,4.0,0.0,6.0,6.0,3.0,3.0,6.0,3.0,1.0,0.0,6.0,1.0,0.0,2.0,HOROZ
3.0,4.0,4.0,1.0,6.0,6.0,3.0,3.0,6.0,4.0,1.0,0.0,5.0,1.0,0.0,3.0,HOROZ
3.0,4.0,4.0,1.0,6.0,6.0,3.0,3.0,5.0,4.0,1.0,0.0,5.0,1.0,0.0,4.0,HOROZ
3.0,4.0,4.0,1.0,6.0,6.0,3.0,3.0,5.0,4.0,1.0,0.0,5.0,1.0,0.0,4.0,HOROZ
3.0,4.0,4.0,0.0,6.0,6.0,3.0,3.0,1.0,2.0,1.0,0.0,6.0,1.0,0.0,1.0,HOROZ
3.0,4.0,4.0,1.0,6.0,6.0,3.0,3.0,0.0,2.0,1.0,0.0,5.0,1.0,0.0,2.0,HOROZ
3.0,4.0,4.0,1.0,4.0,4.0,3.0,3.0,6.0,3.0,2.0,1.0,5.0,2.0,1.0,2.0,HOROZ
3.0,4.0,4.0,1.0,6.0,6.0,3.0,3.0,0.0,3.0,1.0,0.0,5.0,1.0,0.0,1.0,HOROZ
3.0,4.0,4.0,1.0,6.0,6.0,3.0,3.0,1.0,4.0,1.0,0.0,6.0,1.0,0.0,1.0,HOROZ
3.0,4.0,4.0,1.0,6.0,6.0,3.0,3.0,0.0,4.0,1.0,0.0,5.0,1.0,0.0,3.0,HOROZ
3.0,4.0,4.0,1.0,6.0,6.0,3.0,3.0,4.0,2.0,1.0,0.0,5.0,1.0,0.0,1.0,HOROZ
3.0,4.0,4.0,1.0,6.0,6.0,3.0,3.0,0.0,4.0,1.0,0.0,5.0,1.0,0.0,2.0,HOROZ
3.0,4.0,4.0,0.0,6.0,6.0,3.0,3.0,0.0,3.0,1.0,0.0,6.0,1.0,0.0,4.0,HOROZ
3.0,4.0,4.0,1.0,6.0,6.0,3.0,3.0,0.0,4.0,1.0,0.0,5.0,1.0,0.0,3.0,HOROZ
3.0,4.0,4.0,1.0,5.0,5.0,3.0,3.0,0.0,2.0,1.0,0.0,5.0,2.0,0.0,1.0,HOROZ
3.0,4.0,4.0,1.0,6.0,6.0,3.0,3.0,1.0,2.0,1.0,0.0,5.0,2.0,0.0,1.0,HOROZ
3.0,4.0,4.0,1.0,5.0,5.0,3.0,3.0,1.0,2.0,1.0,1.0,5.0,2.0,1.0,1.0,HOROZ
3.0,4.0,4.0,1.0,6.0,6.0,3.0,3.0,6.0,4.0,1.0,0.0,5.0,1.0,0.0,2.0,HOROZ
3.0,4.0,5.0,0.0,6.0,6.0,3.0,3.0,0.0,4.0,1.0,0.0,6.0,1.0,0.0,3.0,HOROZ
3.0,4.0,4.0,1.0,5.0,5.0,3.0,3.0,2.0,4.0,1.0,0.0,5.0,2.0,0.0,1.0,HOROZ
3.0,4.0,4.0,0.0,6.0,6.0,3.0,3.0,2.0,4.0,1.0,0.0,6.0,1.0,0.0,4.0,HOROZ
3.0,4.0,4.0,0.0,6.0,6.0,3.0,3.0,2.0,4.0,1.0,0.0,6.0,1.0,0.0,4.0,HOROZ
3.0,4.0,4.0,0.0,6.0,6.0,3.0,3.0,0.0,3.0,1.0,0.0,6.0,1.0,0.0,1.0,HOROZ
3.0,4.0,4.0,0.0,6.0,6.0,3.0,3.0,0.0,3.0,1.0,0.0,6.0,1.0,0.0,1.0,HOROZ
3.0,4.0,4.0,1.0,5.0,5.0,3.0,3.0,1.0,2.0,1.0,0.0,5.0,2.0,0.0,1.0,HOROZ
3.0,4.0,4.0,1.0,6.0,6.0,3.0,3.0,6.0,4.0,1.0,0.0,5.0,1.0,0.0,1.0,HOROZ
3.0,4.0,4.0,0.0,6.0,6.0,3.0,3.0,4.0,4.0,1.0,0.0,6.0,1.0,0.0,4.0,HOROZ
3.0,4.0,4.0,1.0,6.0,6.0,3.0,3.0,0.0,4.0,1.0,0.0,5.0,1.0,0.0,2.0,HOROZ
3.0,4.0,4.0,1.0,6.0,6.0,3.0,3.0,0.0,4.0,1.0,0.0,5.0,1.0,0.0,4.0,HOROZ
3.0,4.0,4.0,1.0,4.0,4.0,3.0,3.0,2.0,2.0,1.0,1.0,5.0,2.0,1.0,1.0,HOROZ
3.0,4.0,4.0,1.0,4.0,4.0,3.0,3.0,2.0,2.0,1.0,1.0,5.0,2.0,1.0,1.0,HOROZ
3.0,4.0,4.0,1.0,5.0,5.0,3.0,3.0,1.0,4.0,2.0,0.0,5.0,2.0,0.0,1.0,HOROZ
3.0,4.0,4.0,1.0,6.0,6.0,3.0,3.0,0.0,3.0,1.0,0.0,5.0,1.0,0.0,3.0,HOROZ
3.0,4.0,4.0,1.0,4.0,4.0,3.0,3.0,2.0,1.0,1.0,0.0,5.0,2.0,0.0,0.0,HOROZ
3.0,4.0,4.0,0.0,6.0,6.0,3.0,3.0,1.0,2.0,0.0,0.0,6.0,1.0,0.0,4.0,HOROZ
3.0,4.0,4.0,1.0,6.0,6.0,3.0,3.0,2.0,3.0,1.0,0.0,5.0,1.0,0.0,1.0,HOROZ
3.0,4.0,4.0,0.0,6.0,6.0,3.0,3.0,0.0,4.0,1.0,0.0,6.0,1.0,0.0,2.0,HOROZ
3.0,4.0,4.0,0.0,6.0,6.0,3.0,3.0,5.0,3.0,1.0,0.0,6.0,1.0,0.0,2.0,HOROZ
3.0,4.0,4.0,1.0,4.0,4.0,3.0,3.0,4.0,4.0,3.0,1.0,5.0,2.0,1.0,2.0,HOROZ
3.0,4.0,4.0,1.0,6.0,6.0,3.0,3.0,0.0,2.0,1.0,0.0,5.0,1.0,0.0,1.0,HOROZ
3.0,4.0,4.0,1.0,4.0,4.0,3.0,3.0,0.0,5.0,3.0,1.0,5.0,2.0,1.0,3.0,HOROZ
3.0,4.0,4.0,1.0,6.0,6.0,3.0,3.0,4.0,4.0,1.0,0.0,5.0,1.0,0.0,3.0,HOROZ
3.0,4.0,4.0,1.0,6.0,6.0,3.0,3.0,0.0,3.0,1.0,0.0,6.0,1.0,0.0,1.0,HOROZ
3.0,4.0,4.0,1.0,6.0,6.0,3.0,3.0,2.0,2.0,1.0,0.0,5.0,1.0,0.0,1.0,HOROZ
3.0,4.0,4.0,1.0,6.0,6.0,3.0,3.0,0.0,4.0,1.0,0.0,5.0,1.0,0.0,1.0,HOROZ
3.0,4.0,4.0,1.0,6.0,6.0,3.0,3.0,0.0,4.0,2.0,0.0,5.0,1.0,0.0,4.0,HOROZ
3.0,4.0,4.0,1.0,6.0,6.0,3.0,3.0,5.0,4.0,1.0,0.0,5.0,1.0,0.0,3.0,HOROZ
3.0,4.0,4.0,0.0,6.0,6.0,3.0,3.0,5.0,4.0,1.0,0.0,6.0,1.0,0.0,3.0,HOROZ
3.0,4.0,4.0,1.0,6.0,6.0,3.0,3.0,1.0,1.0,1.0,0.0,6.0,1.0,0.0,1.0,HOROZ
3.0,4.0,4.0,0.0,6.0,6.0,3.0,3.0,0.0,2.0,0.0,0.0,6.0,1.0,0.0,3.0,HOROZ
3.0,4.0,4.0,0.0,6.0,6.0,3.0,3.0,2.0,4.0,1.0,0.0,6.0,1.0,0.0,3.0,HOROZ
3.0,4.0,4.0,1.0,6.0,6.0,3.0,3.0,6.0,4.0,1.0,0.0,5.0,1.0,0.0,3.0,HOROZ
3.0,4.0,4.0,1.0,5.0,5.0,3.0,3.0,0.0,4.0,1.0,0.0,5.0,2.0,0.0,3.0,HOROZ
3.0,4.0,4.0,1.0,5.0,5.0,3.0,3.0,6.0,2.0,1.0,0.0,5.0,2.0,0.0,1.0,HOROZ
3.0,4.0,4.0,1.0,6.0,6.0,3.0,3.0,0.0,1.0,1.0,0.0,5.0,1.0,0.0,0.0,HOROZ
3.0,4.0,4.0,1.0,6.0,6.0,3.0,3.0,0.0,4.0,1.0,0.0,5.0,1.0,0.0,4.0,HOROZ
3.0,4.0,4.0,1.0,6.0,6.0,3.0,3.0,0.0,4.0,1.0,0.0,5.0,1.0,0.0,1.0,HOROZ
3.0,4.0,4.0,0.0,6.0,6.0,3.0,3.0,4.0,5.0,1.0,0.0,6.0,1.0,0.0,4.0,HOROZ
3.0,4.0,4.0,1.0,6.0,6.0,3.0,3.0,0.0,2.0,1.0,0.0,5.0,2.0,0.0,1.0,HOROZ
3.0,4.0,4.0,1.0,6.0,6.0,3.0,3.0,0.0,2.0,1.0,0.0,5.0,2.0,0.0,1.0,HOROZ
3.0,4.0,5.0,0.0,6.0,6.0,3.0,3.0,5.0,4.0,1.0,0.0,6.0,1.0,0.0,4.0,HOROZ
3.0,4.0,4.0,1.0,6.0,6.0,3.0,3.0,0.0,4.0,1.0,0.0,5.0,1.0,0.0,2.0,HOROZ
3.0,4.0,4.0,1.0,5.0,5.0,3.0,3.0,1.0,1.0,1.0,0.0,5.0,2.0,0.0,1.0,HOROZ
3.0,4.0,4.0,1.0,6.0,6.0,3.0,3.0,4.0,3.0,1.0,0.0,5.0,2.0,0.0,1.0,HOROZ
3.0,4.0,4.0,1.0,6.0,6.0,3.0,3.0,2.0,1.0,1.0,0.0,5.0,1.0,0.0,1.0,HOROZ
3.0,4.0,4.0,1.0,5.0,5.0,3.0,3.0,0.0,4.0,3.0,1.0,5.0,2.0,1.0,3.0,HOROZ
3.0,4.0,4.0,1.0,4.0,4.0,3.0,3.0,2.0,2.0,1.0,1.0,5.0,2.0,1.0,1.0,HOROZ
3.0,4.0,4.0,0.0,6.0,6.0,3.0,3.0,0.0,2.0,1.0,0.0,6.0,1.0,0.0,1.0,HOROZ
3.0,4.0,4.0,1.0,5.0,5.0,3.0,3.0,4.0,1.0,1.0,0.0,5.0,2.0,0.0,0.0,HOROZ
3.0,4.0,4.0,1.0,5.0,5.0,3.0,3.0,4.0,3.0,2.0,0.0,5.0,2.0,0.0,1.0,HOROZ
3.0,4.0,4.0,2.0,2.0,2.0,3.0,3.0,2.0,2.0,3.0,2.0,4.0,3.0,2.0,1.0,HOROZ
3.0,4.0,4.0,0.0,6.0,6.0,3.0,3.0,2.0,4.0,1.0,0.0,6.0,1.0,0.0,3.0,HOROZ
3.0,4.0,4.0,1.0,6.0,6.0,3.0,3.0,2.0,2.0,1.0,0.0,5.0,1.0,0.0,1.0,HOROZ
3.0,4.0,4.0,0.0,6.0,6.0,3.0,3.0,0.0,3.0,1.0,0.0,6.0,1.0,0.0,2.0,HOROZ
3.0,4.0,4.0,1.0,6.0,6.0,3.0,3.0,1.0,2.0,1.0,0.0,5.0,1.0,0.0,3.0,HOROZ
3.0,4.0,4.0,1.0,6.0,6.0,3.0,3.0,0.0,2.0,0.0,0.0,5.0,1.0,0.0,2.0,HOROZ
3.0,4.0,4.0,0.0,6.0,6.0,3.0,3.0,0.0,4.0,1.0,0.0,6.0,1.0,0.0,1.0,HOROZ
3.0,4.0,4.0,0.0,6.0,6.0,3.0,3.0,0.0,4.0,1.0,0.0,6.0,1.0,0.0,4.0,HOROZ
3.0,4.0,4.0,1.0,6.0,6.0,3.0,3.0,5.0,4.0,1.0,0.0,5.0,1.0,0.0,2.0,HOROZ
3.0,4.0,4.0,1.0,5.0,5.0,3.0,3.0,1.0,4.0,1.0,0.0,5.0,2.0,0.0,3.0,HOROZ
3.0,4.0,4.0,0.0,6.0,6.0,3.0,3.0,5.0,4.0,1.0,0.0,6.0,1.0,0.0,4.0,HOROZ
3.0,4.0,4.0,1.0,6.0,6.0,3.0,3.0,0.0,3.0,1.0,0.0,5.0,1.0,0.0,2.0,HOROZ
3.0,4.0,4.0,1.0,5.0,5.0,3.0,3.0,1.0,4.0,1.0,1.0,5.0,2.0,1.0,1.0,HOROZ
3.0,4.0,4.0,1.0,6.0,6.0,3.0,3.0,0.0,4.0,1.0,0.0,5.0,1.0,0.0,3.0,HOROZ
3.0,4.0,4.0,1.0,6.0,6.0,3.0,3.0,0.0,4.0,1.0,0.0,5.0,1.0,0.0,3.0,HOROZ
3.0,4.0,4.0,1.0,6.0,6.0,3.0,3.0,4.0,4.0,1.0,0.0,5.0,1.0,0.0,2.0,HOROZ
3.0,4.0,4.0,0.0,6.0,6.0,3.0,3.0,3.0,2.0,1.0,0.0,6.0,1.0,0.0,2.0,HOROZ
3.0,4.0,4.0,1.0,6.0,6.0,3.0,3.0,2.0,4.0,1.0,0.0,5.0,1.0,0.0,3.0,HOROZ
3.0,4.0,4.0,2.0,4.0,4.0,3.0,3.0,3.0,1.0,1.0,1.0,5.0,2.0,1.0,0.0,HOROZ
3.0,4.0,4.0,2.0,4.0,4.0,3.0,3.0,3.0,1.0,1.0,1.0,5.0,2.0,1.0,0.0,HOROZ
3.0,4.0,4.0,0.0,6.0,6.0,3.0,3.0,0.0,2.0,1.0,0.0,6.0,1.0,0.0,1.0,HOROZ
3.0,4.0,4.0,0.0,6.0,6.0,3.0,3.0,0.0,2.0,1.0,0.0,6.0,1.0,0.0,1.0,HOROZ
3.0,4.0,4.0,1.0,6.0,6.0,3.0,3.0,5.0,4.0,1.0,0.0,5.0,1.0,0.0,3.0,HOROZ
3.0,4.0,4.0,1.0,6.0,6.0,3.0,3.0,4.0,4.0,1.0,0.0,5.0,1.0,0.0,1.0,HOROZ
3.0,4.0,4.0,1.0,6.0,6.0,3.0,3.0,4.0,4.0,1.0,0.0,5.0,1.0,0.0,1.0,HOROZ
3.0,4.0,4.0,1.0,6.0,6.0,3.0,3.0,5.0,4.0,1.0,0.0,5.0,1.0,0.0,4.0,HOROZ
3.0,4.0,4.0,0.0,6.0,6.0,3.0,3.0,5.0,4.0,1.0,0.0,6.0,1.0,0.0,3.0,HOROZ
3.0,4.0,4.0,1.0,6.0,6.0,3.0,3.0,1.0,4.0,1.0,0.0,5.0,1.0,0.0,4.0,HOROZ
3.0,4.0,4.0,1.0,6.0,6.0,3.0,3.0,5.0,4.0,2.0,0.0,5.0,2.0,0.0,4.0,HOROZ
3.0,4.0,4.0,1.0,6.0,6.0,3.0,3.0,2.0,4.0,1.0,0.0,5.0,1.0,0.0,3.0,HOROZ
3.0,4.0,4.0,1.0,4.0,4.0,3.0,3.0,0.0,4.0,2.0,1.0,5.0,2.0,1.0,3.0,HOROZ
3.0,4.0,4.0,1.0,6.0,6.0,3.0,3.0,0.0,3.0,1.0,0.0,5.0,1.0,0.0,4.0,HOROZ
3.0,4.0,4.0,0.0,6.0,6.0,3.0,3.0,0.0,4.0,1.0,0.0,6.0,1.0,0.0,4.0,HOROZ
3.0,4.0,4.0,1.0,6.0,6.0,3.0,3.0,4.0,0.0,1.0,0.0,5.0,1.0,0.0,0.0,HOROZ
3.0,4.0,4.0,0.0,6.0,6.0,3.0,3.0,0.0,4.0,1.0,0.0,6.0,1.0,0.0,2.0,HOROZ
3.0,4.0,4.0,1.0,5.0,5.0,3.0,3.0,0.0,3.0,1.0,0.0,5.0,2.0,0.0,1.0,HOROZ
3.0,4.0,4.0,1.0,5.0,5.0,3.0,3.0,1.0,1.0,1.0,0.0,5.0,2.0,0.0,1.0,HOROZ
3.0,4.0,4.0,1.0,4.0,4.0,3.0,3.0,5.0,2.0,1.0,1.0,5.0,2.0,1.0,0.0,HOROZ
3.0,4.0,4.0,1.0,4.0,4.0,3.0,3.0,2.0,0.0,1.0,0.0,5.0,2.0,0.0,0.0,HOROZ
3.0,4.0,4.0,1.0,5.0,5.0,3.0,3.0,4.0,4.0,1.0,0.0,5.0,2.0,0.0,1.0,HOROZ
3.0,4.0,4.0,1.0,6.0,6.0,3.0,3.0,4.0,2.0,1.0,0.0,5.0,1.0,0.0,1.0,HOROZ
3.0,4.0,4.0,1.0,6.0,6.0,3.0,3.0,4.0,2.0,1.0,0.0,5.0,1.0,0.0,1.0,HOROZ
3.0,4.0,4.0,1.0,6.0,6.0,3.0,3.0,5.0,4.0,1.0,0.0,5.0,1.0,0.0,2.0,HOROZ
3.0,4.0,4.0,1.0,6.0,6.0,3.0,3.0,4.0,4.0,2.0,0.0,5.0,2.0,0.0,2.0,HOROZ
3.0,4.0,4.0,1.0,6.0,6.0,3.0,3.0,2.0,0.0,0.0,0.0,6.0,1.0,0.0,0.0,HOROZ
3.0,4.0,4.0,0.0,6.0,6.0,3.0,3.0,0.0,4.0,1.0,0.0,6.0,1.0,0.0,4.0,HOROZ
3.0,4.0,4.0,1.0,6.0,6.0,3.0,3.0,5.0,4.0,1.0,0.0,5.0,1.0,0.0,2.0,HOROZ
3.0,4.0,4.0,1.0,6.0,6.0,3.0,3.0,1.0,4.0,1.0,0.0,5.0,1.0,0.0,2.0,HOROZ
3.0,4.0,4.0,1.0,6.0,6.0,3.0,3.0,0.0,2.0,1.0,0.0,6.0,1.0,0.0,1.0,HOROZ
3.0,4.0,4.0,0.0,6.0,6.0,3.0,3.0,0.0,4.0,1.0,0.0,6.0,1.0,0.0,3.0,HOROZ
3.0,4.0,4.0,1.0,6.0,6.0,3.0,3.0,5.0,4.0,3.0,0.0,5.0,2.0,0.0,4.0,HOROZ
3.0,4.0,4.0,1.0,6.0,6.0,3.0,3.0,0.0,4.0,1.0,0.0,6.0,1.0,0.0,2.0,HOROZ
3.0,4.0,4.0,1.0,6.0,6.0,3.0,3.0,2.0,1.0,1.0,0.0,5.0,1.0,0.0,1.0,HOROZ
3.0,4.0,4.0,1.0,6.0,6.0,3.0,3.0,1.0,4.0,1.0,0.0,5.0,1.0,0.0,3.0,HOROZ
3.0,4.0,4.0,1.0,6.0,6.0,3.0,3.0,0.0,4.0,1.0,0.0,5.0,1.0,0.0,4.0,HOROZ
3.0,4.0,4.0,1.0,6.0,6.0,3.0,3.0,5.0,3.0,1.0,0.0,5.0,1.0,0.0,2.0,HOROZ
3.0,4.0,4.0,1.0,6.0,6.0,3.0,3.0,5.0,4.0,1.0,0.0,5.0,1.0,0.0,1.0,HOROZ
3.0,4.0,4.0,0.0,6.0,6.0,3.0,3.0,6.0,2.0,1.0,0.0,6.0,1.0,0.0,1.0,HOROZ
3.0,4.0,4.0,1.0,6.0,6.0,3.0,3.0,2.0,3.0,1.0,0.0,5.0,1.0,0.0,1.0,HOROZ
3.0,4.0,4.0,0.0,6.0,6.0,3.0,3.0,2.0,3.0,1.0,0.0,6.0,1.0,0.0,3.0,HOROZ
3.0,4.0,4.0,1.0,6.0,6.0,3.0,3.0,0.0,4.0,1.0,0.0,5.0,1.0,0.0,3.0,HOROZ
3.0,4.0,4.0,1.0,4.0,4.0,3.0,3.0,0.0,0.0,1.0,0.0,5.0,2.0,0.0,0.0,HOROZ
3.0,4.0,4.0,0.0,6.0,6.0,3.0,3.0,0.0,4.0,1.0,0.0,6.0,1.0,0.0,3.0,HOROZ
3.0,4.0,4.0,1.0,6.0,6.0,3.0,3.0,0.0,4.0,1.0,0.0,5.0,1.0,0.0,4.0,HOROZ
3.0,4.0,4.0,1.0,6.0,6.0,3.0,3.0,5.0,6.0,1.0,0.0,5.0,1.0,0.0,4.0,HOROZ
3.0,4.0,4.0,1.0,5.0,5.0,3.0,3.0,0.0,3.0,1.0,0.0,5.0,2.0,0.0,1.0,HOROZ
3.0,4.0,4.0,1.0,6.0,6.0,3.0,3.0,5.0,1.0,1.0,0.0,6.0,1.0,0.0,0.0,HOROZ
3.0,4.0,4.0,0.0,6.0,6.0,3.0,3.0,0.0,5.0,1.0,0.0,6.0,1.0,0.0,4.0,HOROZ
3.0,4.0,4.0,1.0,6.0,6.0,3.0,3.0,0.0,2.0,1.0,0.0,5.0,1.0,0.0,1.0,HOROZ
3.0,4.0,4.0,1.0,6.0,6.0,3.0,3.0,0.0,4.0,1.0,0.0,5.0,1.0,0.0,3.0,HOROZ
3.0,4.0,5.0,0.0,6.0,6.0,3.0,3.0,5.0,2.0,0.0,0.0,6.0,0.0,0.0,4.0,HOROZ
3.0,4.0,4.0,1.0,5.0,5.0,3.0,3.0,2.0,1.0,1.0,0.0,5.0,2.0,0.0,1.0,HOROZ
3.0,4.0,4.0,0.0,6.0,6.0,3.0,3.0,4.0,4.0,1.0,0.0,6.0,1.0,0.0,1.0,HOROZ
3.0,4.0,4.0,1.0,6.0,6.0,3.0,3.0,4.0,4.0,1.0,0.0,5.0,1.0,0.0,3.0,HOROZ
3.0,4.0,4.0,1.0,4.0,4.0,3.0,3.0,4.0,0.0,1.0,1.0,5.0,2.0,1.0,0.0,HOROZ
3.0,4.0,4.0,1.0,4.0,4.0,3.0,3.0,0.0,3.0,1.0,1.0,5.0,2.0,1.0,1.0,HOROZ
3.0,4.0,4.0,1.0,5.0,5.0,3.0,3.0,1.0,4.0,1.0,0.0,5.0,2.0,0.0,1.0,HOROZ
3.0,4.0,4.0,1.0,6.0,6.0,3.0,3.0,4.0,4.0,1.0,0.0,5.0,1.0,0.0,3.0,HOROZ
3.0,4.0,4.0,1.0,6.0,6.0,3.0,3.0,0.0,4.0,1.0,0.0,5.0,1.0,0.0,4.0,HOROZ
3.0,4.0,4.0,1.0,6.0,6.0,3.0,3.0,0.0,4.0,1.0,0.0,5.0,1.0,0.0,4.0,HOROZ
3.0,4.0,4.0,1.0,6.0,6.0,3.0,3.0,2.0,5.0,1.0,0.0,5.0,1.0,0.0,4.0,HOROZ
3.0,4.0,4.0,1.0,5.0,5.0,3.0,3.0,2.0,3.0,1.0,1.0,5.0,2.0,1.0,4.0,HOROZ
3.0,4.0,4.0,1.0,6.0,6.0,3.0,3.0,2.0,4.0,1.0,0.0,5.0,1.0,0.0,3.0,HOROZ
3.0,4.0,4.0,1.0,6.0,6.0,3.0,3.0,5.0,4.0,1.0,0.0,5.0,1.0,0.0,3.0,HOROZ
3.0,4.0,4.0,1.0,6.0,6.0,3.0,3.0,6.0,4.0,1.0,0.0,6.0,1.0,0.0,1.0,HOROZ
3.0,4.0,4.0,1.0,6.0,6.0,3.0,3.0,0.0,3.0,1.0,0.0,5.0,1.0,0.0,2.0,HOROZ
3.0,4.0,4.0,1.0,6.0,6.0,3.0,3.0,0.0,3.0,1.0,0.0,5.0,1.0,0.0,1.0,HOROZ
3.0,4.0,4.0,1.0,6.0,6.0,3.0,3.0,0.0,4.0,1.0,0.0,5.0,2.0,0.0,4.0,HOROZ
3.0,4.0,4.0,1.0,6.0,6.0,3.0,3.0,0.0,3.0,1.0,0.0,5.0,1.0,0.0,1.0,HOROZ
3.0,4.0,4.0,0.0,6.0,6.0,3.0,3.0,2.0,4.0,1.0,0.0,5.0,1.0,0.0,4.0,HOROZ
3.0,4.0,4.0,1.0,6.0,6.0,3.0,3.0,2.0,4.0,2.0,0.0,5.0,1.0,0.0,4.0,HOROZ
3.0,4.0,4.0,1.0,6.0,6.0,3.0,3.0,2.0,4.0,2.0,0.0,5.0,1.0,0.0,4.0,HOROZ
3.0,4.0,4.0,1.0,6.0,6.0,3.0,3.0,2.0,4.0,1.0,0.0,5.0,1.0,0.0,1.0,HOROZ
3.0,4.0,4.0,1.0,6.0,6.0,3.0,3.0,4.0,4.0,1.0,0.0,5.0,1.0,0.0,3.0,HOROZ
3.0,4.0,4.0,1.0,6.0,6.0,3.0,3.0,2.0,4.0,1.0,0.0,5.0,1.0,0.0,1.0,HOROZ
3.0,4.0,4.0,0.0,6.0,6.0,3.0,3.0,5.0,4.0,1.0,0.0,6.0,1.0,0.0,4.0,HOROZ
3.0,4.0,4.0,0.0,6.0,6.0,3.0,3.0,4.0,6.0,1.0,0.0,6.0,1.0,0.0,3.0,HOROZ
3.0,4.0,4.0,1.0,6.0,6.0,3.0,3.0,2.0,4.0,1.0,0.0,5.0,1.0,0.0,4.0,HOROZ
3.0,4.0,4.0,1.0,6.0,6.0,3.0,3.0,0.0,4.0,1.0,0.0,5.0,1.0,0.0,4.0,HOROZ
3.0,4.0,4.0,1.0,6.0,6.0,3.0,3.0,4.0,3.0,1.0,0.0,5.0,1.0,0.0,1.0,HOROZ
3.0,4.0,4.0,1.0,4.0,4.0,3.0,3.0,5.0,2.0,1.0,1.0,5.0,2.0,1.0,2.0,HOROZ
3.0,4.0,4.0,1.0,6.0,6.0,3.0,3.0,0.0,3.0,1.0,0.0,5.0,1.0,0.0,1.0,HOROZ
3.0,4.0,4.0,1.0,6.0,6.0,3.0,3.0,3.0,4.0,1.0,0.0,5.0,1.0,0.0,3.0,HOROZ
3.0,4.0,4.0,0.0,6.0,6.0,3.0,3.0,0.0,4.0,1.0,0.0,6.0,1.0,0.0,3.0,HOROZ
3.0,4.0,4.0,1.0,6.0,6.0,3.0,3.0,5.0,4.0,1.0,0.0,5.0,1.0,0.0,2.0,HOROZ
3.0,4.0,4.0,0.0,6.0,6.0,3.0,3.0,1.0,4.0,1.0,0.0,6.0,1.0,0.0,4.0,HOROZ
3.0,4.0,4.0,1.0,6.0,6.0,3.0,3.0,1.0,4.0,2.0,0.0,5.0,2.0,0.0,3.0,HOROZ
3.0,4.0,4.0,1.0,6.0,6.0,3.0,3.0,1.0,4.0,2.0,0.0,5.0,2.0,0.0,3.0,HOROZ
3.0,4.0,4.0,1.0,4.0,4.0,3.0,3.0,6.0,3.0,2.0,1.0,5.0,2.0,1.0,1.0,HOROZ
3.0,4.0,4.0,1.0,6.0,6.0,3.0,3.0,1.0,1.0,0.0,0.0,5.0,1.0,0.0,1.0,HOROZ
3.0,4.0,4.0,1.0,6.0,6.0,3.0,3.0,0.0,3.0,1.0,0.0,5.0,1.0,0.0,3.0,HOROZ
3.0,4.0,4.0,1.0,6.0,6.0,3.0,3.0,2.0,4.0,2.0,0.0,5.0,1.0,0.0,1.0,HOROZ
3.0,4.0,4.0,1.0,6.0,6.0,3.0,3.0,4.0,4.0,1.0,0.0,5.0,1.0,0.0,3.0,HOROZ
3.0,4.0,4.0,1.0,6.0,6.0,3.0,3.0,0.0,3.0,1.0,0.0,5.0,1.0,0.0,1.0,HOROZ
3.0,4.0,4.0,1.0,6.0,6.0,3.0,3.0,5.0,4.0,1.0,0.0,5.0,1.0,0.0,1.0,HOROZ
3.0,4.0,4.0,1.0,6.0,6.0,3.0,3.0,2.0,4.0,1.0,0.0,5.0,1.0,0.0,1.0,HOROZ
3.0,4.0,4.0,1.0,6.0,6.0,3.0,3.0,0.0,6.0,1.0,0.0,5.0,1.0,0.0,3.0,HOROZ
3.0,4.0,4.0,2.0,4.0,4.0,3.0,3.0,6.0,2.0,1.0,1.0,4.0,2.0,1.0,1.0,HOROZ
3.0,4.0,4.0,2.0,4.0,4.0,3.0,3.0,6.0,2.0,1.0,1.0,4.0,2.0,1.0,1.0,HOROZ
3.0,4.0,4.0,1.0,6.0,6.0,3.0,3.0,0.0,4.0,1.0,0.0,5.0,2.0,0.0,2.0,HOROZ
3.0,4.0,4.0,1.0,6.0,6.0,3.0,3.0,4.0,4.0,1.0,0.0,5.0,1.0,0.0,3.0,HOROZ
3.0,4.0,4.0,1.0,6.0,6.0,3.0,3.0,1.0,4.0,1.0,0.0,5.0,1.0,0.0,1.0,HOROZ
3.0,4.0,5.0,0.0,6.0,6.0,3.0,3.0,4.0,4.0,1.0,0.0,6.0,1.0,0.0,1.0,HOROZ
3.0,4.0,4.0,1.0,4.0,4.0,3.0,3.0,2.0,2.0,3.0,1.0,5.0,2.0,1.0,1.0,HOROZ
3.0,4.0,4.0,1.0,5.0,5.0,3.0,3.0,0.0,4.0,1.0,0.0,5.0,2.0,0.0,1.0,HOROZ
3.0,4.0,4.0,0.0,6.0,6.0,3.0,3.0,5.0,4.0,1.0,0.0,6.0,1.0,0.0,2.0,HOROZ
3.0,4.0,4.0,1.0,6.0,6.0,3.0,3.0,6.0,3.0,1.0,0.0,6.0,1.0,0.0,1.0,HOROZ
3.0,4.0,4.0,1.0,6.0,6.0,3.0,3.0,5.0,4.0,1.0,0.0,5.0,1.0,0.0,4.0,HOROZ
3.0,4.0,4.0,1.0,6.0,6.0,3.0,3.0,0.0,3.0,1.0,0.0,5.0,1.0,0.0,1.0,HOROZ
3.0,4.0,4.0,1.0,6.0,6.0,3.0,3.0,1.0,3.0,1.0,0.0,5.0,1.0,0.0,2.0,HOROZ
3.0,4.0,4.0,1.0,6.0,6.0,3.0,3.0,2.0,2.0,1.0,0.0,5.0,1.0,0.0,1.0,HOROZ
3.0,4.0,4.0,0.0,6.0,6.0,3.0,3.0,0.0,4.0,1.0,0.0,6.0,1.0,0.0,2.0,HOROZ
3.0,4.0,4.0,1.0,6.0,6.0,3.0,3.0,0.0,5.0,1.0,0.0,5.0,1.0,0.0,1.0,HOROZ
3.0,4.0,4.0,3.0,2.0,2.0,3.0,3.0,1.0,4.0,3.0,3.0,4.0,3.0,3.0,1.0,HOROZ
3.0,4.0,4.0,1.0,6.0,6.0,3.0,3.0,4.0,4.0,1.0,0.0,5.0,1.0,0.0,1.0,HOROZ
3.0,4.0,4.0,1.0,6.0,6.0,3.0,3.0,5.0,5.0,1.0,0.0,5.0,1.0,0.0,4.0,HOROZ
3.0,4.0,4.0,1.0,6.0,6.0,3.0,3.0,5.0,4.0,1.0,0.0,5.0,1.0,0.0,4.0,HOROZ
3.0,4.0,4.0,1.0,6.0,6.0,3.0,3.0,2.0,4.0,1.0,0.0,5.0,1.0,0.0,3.0,HOROZ
3.0,4.0,4.0,1.0,6.0,6.0,3.0,3.0,5.0,4.0,1.0,0.0,5.0,1.0,0.0,1.0,HOROZ
3.0,4.0,4.0,1.0,4.0,4.0,3.0,3.0,4.0,1.0,1.0,0.0,5.0,2.0,0.0,0.0,HOROZ
3.0,4.0,4.0,1.0,4.0,4.0,3.0,3.0,4.0,1.0,1.0,0.0,5.0,2.0,0.0,0.0,HOROZ
3.0,4.0,4.0,1.0,6.0,6.0,3.0,3.0,1.0,4.0,1.0,0.0,5.0,1.0,0.0,3.0,HOROZ
3.0,4.0,4.0,1.0,6.0,6.0,3.0,3.0,2.0,4.0,1.0,0.0,5.0,1.0,0.0,4.0,HOROZ
3.0,4.0,5.0,0.0,6.0,6.0,3.0,3.0,2.0,4.0,1.0,0.0,6.0,0.0,0.0,2.0,HOROZ
3.0,4.0,4.0,2.0,4.0,4.0,3.0,3.0,1.0,1.0,1.0,1.0,5.0,2.0,1.0,0.0,HOROZ
3.0,4.0,4.0,1.0,6.0,6.0,3.0,3.0,0.0,4.0,1.0,0.0,5.0,1.0,0.0,4.0,HOROZ
3.0,4.0,4.0,1.0,6.0,6.0,3.0,3.0,4.0,4.0,1.0,0.0,5.0,1.0,0.0,2.0,HOROZ
3.0,4.0,4.0,1.0,5.0,5.0,3.0,3.0,4.0,4.0,1.0,0.0,5.0,2.0,0.0,1.0,HOROZ
3.0,4.0,4.0,2.0,4.0,4.0,3.0,3.0,2.0,1.0,1.0,1.0,5.0,2.0,1.0,1.0,HOROZ
3.0,4.0,4.0,1.0,5.0,5.0,3.0,3.0,2.0,4.0,1.0,1.0,5.0,2.0,1.0,4.0,HOROZ
3.0,4.0,4.0,1.0,6.0,6.0,3.0,3.0,0.0,4.0,1.0,0.0,5.0,1.0,0.0,5.0,HOROZ
3.0,4.0,5.0,0.0,6.0,6.0,3.0,3.0,0.0,4.0,1.0,0.0,6.0,1.0,0.0,2.0,HOROZ
3.0,4.0,4.0,1.0,6.0,6.0,3.0,3.0,4.0,4.0,1.0,0.0,5.0,1.0,0.0,1.0,HOROZ
3.0,4.0,4.0,1.0,6.0,6.0,3.0,3.0,0.0,4.0,1.0,0.0,5.0,1.0,0.0,4.0,HOROZ
3.0,4.0,4.0,1.0,6.0,6.0,3.0,3.0,0.0,5.0,1.0,0.0,5.0,1.0,0.0,1.0,HOROZ
3.0,4.0,4.0,1.0,6.0,6.0,3.0,3.0,1.0,4.0,1.0,0.0,5.0,1.0,0.0,3.0,HOROZ
3.0,4.0,4.0,1.0,6.0,6.0,3.0,3.0,0.0,4.0,1.0,0.0,5.0,1.0,0.0,4.0,HOROZ
3.0,4.0,4.0,1.0,6.0,6.0,3.0,3.0,0.0,2.0,0.0,0.0,5.0,1.0,0.0,2.0,HOROZ
3.0,4.0,4.0,1.0,4.0,4.0,3.0,3.0,5.0,3.0,3.0,1.0,5.0,2.0,1.0,1.0,HOROZ
3.0,4.0,4.0,1.0,6.0,6.0,3.0,3.0,2.0,4.0,1.0,0.0,5.0,1.0,0.0,4.0,HOROZ
3.0,4.0,4.0,1.0,6.0,6.0,3.0,3.0,5.0,4.0,1.0,0.0,5.0,1.0,0.0,1.0,HOROZ
3.0,4.0,4.0,1.0,5.0,5.0,3.0,3.0,2.0,2.0,1.0,0.0,5.0,2.0,0.0,1.0,HOROZ
3.0,4.0,4.0,1.0,6.0,6.0,3.0,3.0,6.0,5.0,1.0,0.0,5.0,1.0,0.0,2.0,HOROZ
3.0,4.0,4.0,1.0,5.0,5.0,3.0,3.0,1.0,4.0,2.0,0.0,5.0,2.0,0.0,2.0,HOROZ
3.0,4.0,4.0,1.0,6.0,6.0,3.0,3.0,4.0,2.0,1.0,0.0,5.0,1.0,0.0,1.0,HOROZ
3.0,4.0,4.0,1.0,6.0,6.0,3.0,3.0,5.0,2.0,1.0,0.0,5.0,1.0,0.0,2.0,HOROZ
3.0,4.0,4.0,1.0,5.0,5.0,3.0,3.0,4.0,4.0,2.0,1.0,5.0,2.0,1.0,4.0,HOROZ
3.0,4.0,4.0,1.0,5.0,5.0,3.0,3.0,2.0,4.0,1.0,0.0,5.0,2.0,0.0,1.0,HOROZ
3.0,4.0,4.0,1.0,6.0,6.0,3.0,3.0,2.0,4.0,1.0,0.0,5.0,1.0,0.0,1.0,HOROZ
3.0,4.0,4.0,1.0,6.0,6.0,3.0,3.0,0.0,3.0,1.0,0.0,5.0,1.0,0.0,3.0,HOROZ
3.0,4.0,5.0,0.0,6.0,6.0,3.0,3.0,5.0,4.0,1.0,0.0,6.0,0.0,0.0,4.0,HOROZ
3.0,4.0,4.0,1.0,6.0,6.0,3.0,3.0,1.0,4.0,1.0,0.0,5.0,1.0,0.0,3.0,HOROZ
3.0,4.0,4.0,1.0,6.0,6.0,3.0,3.0,6.0,4.0,1.0,0.0,5.0,1.0,0.0,2.0,HOROZ
3.0,4.0,4.0,1.0,6.0,6.0,4.0,3.0,2.0,0.0,1.0,0.0,5.0,1.0,0.0,0.0,HOROZ
3.0,4.0,4.0,1.0,6.0,6.0,3.0,3.0,0.0,4.0,1.0,0.0,5.0,1.0,0.0,4.0,HOROZ
3.0,4.0,5.0,0.0,6.0,6.0,3.0,3.0,0.0,2.0,1.0,0.0,6.0,1.0,0.0,3.0,HOROZ
3.0,4.0,4.0,1.0,6.0,6.0,3.0,3.0,0.0,1.0,1.0,0.0,5.0,1.0,0.0,1.0,HOROZ
3.0,4.0,4.0,1.0,6.0,6.0,3.0,3.0,2.0,4.0,1.0,0.0,5.0,1.0,0.0,3.0,HOROZ
3.0,4.0,4.0,1.0,6.0,6.0,3.0,3.0,1.0,2.0,0.0,0.0,5.0,1.0,0.0,2.0,HOROZ
3.0,4.0,4.0,1.0,4.0,4.0,3.0,3.0,0.0,4.0,2.0,1.0,5.0,2.0,1.0,2.0,HOROZ
3.0,4.0,4.0,1.0,6.0,6.0,3.0,3.0,3.0,4.0,1.0,0.0,5.0,1.0,0.0,1.0,HOROZ
3.0,4.0,4.0,1.0,6.0,6.0,3.0,3.0,0.0,3.0,1.0,0.0,5.0,1.0,0.0,4.0,HOROZ
3.0,4.0,4.0,1.0,6.0,6.0,3.0,3.0,6.0,4.0,1.0,0.0,5.0,1.0,0.0,1.0,HOROZ
3.0,4.0,4.0,1.0,6.0,6.0,3.0,3.0,4.0,4.0,2.0,0.0,5.0,1.0,0.0,3.0,HOROZ
3.0,4.0,4.0,1.0,6.0,6.0,3.0,3.0,5.0,4.0,1.0,0.0,5.0,1.0,0.0,1.0,HOROZ
3.0,4.0,4.0,1.0,6.0,6.0,3.0,3.0,3.0,1.0,1.0,0.0,5.0,1.0,0.0,1.0,HOROZ
3.0,4.0,4.0,1.0,6.0,6.0,3.0,3.0,0.0,4.0,1.0,0.0,5.0,1.0,0.0,1.0,HOROZ
3.0,4.0,4.0,1.0,6.0,6.0,3.0,3.0,0.0,2.0,1.0,0.0,5.0,1.0,0.0,4.0,HOROZ
3.0,4.0,4.0,1.0,5.0,5.0,3.0,3.0,0.0,3.0,1.0,0.0,5.0,2.0,0.0,2.0,HOROZ
3.0,4.0,4.0,1.0,5.0,5.0,4.0,3.0,4.0,1.0,2.0,0.0,5.0,1.0,0.0,0.0,HOROZ
3.0,4.0,5.0,0.0,6.0,6.0,3.0,3.0,0.0,4.0,1.0,0.0,6.0,1.0,0.0,3.0,HOROZ
3.0,4.0,4.0,1.0,6.0,6.0,3.0,3.0,0.0,2.0,0.0,0.0,5.0,1.0,0.0,1.0,HOROZ
3.0,4.0,4.0,1.0,4.0,4.0,3.0,3.0,5.0,5.0,3.0,1.0,5.0,2.0,1.0,2.0,HOROZ
3.0,4.0,4.0,1.0,6.0,6.0,3.0,3.0,4.0,4.0,2.0,0.0,5.0,1.0,0.0,2.0,HOROZ
3.0,4.0,4.0,1.0,6.0,6.0,3.0,3.0,2.0,4.0,1.0,0.0,5.0,1.0,0.0,3.0,HOROZ
3.0,4.0,4.0,1.0,6.0,6.0,3.0,3.0,2.0,4.0,1.0,0.0,5.0,1.0,0.0,3.0,HOROZ
3.0,4.0,4.0,1.0,6.0,6.0,3.0,3.0,0.0,4.0,2.0,0.0,5.0,2.0,0.0,2.0,HOROZ
3.0,4.0,5.0,0.0,6.0,6.0,3.0,3.0,2.0,4.0,1.0,0.0,6.0,1.0,0.0,4.0,HOROZ
3.0,4.0,4.0,1.0,5.0,5.0,3.0,3.0,2.0,4.0,1.0,0.0,5.0,2.0,0.0,1.0,HOROZ
3.0,4.0,4.0,1.0,5.0,5.0,3.0,3.0,2.0,4.0,1.0,0.0,5.0,2.0,0.0,1.0,HOROZ
3.0,4.0,4.0,1.0,6.0,6.0,3.0,3.0,1.0,4.0,1.0,0.0,5.0,1.0,0.0,4.0,HOROZ
3.0,4.0,4.0,1.0,6.0,6.0,3.0,3.0,2.0,5.0,1.0,0.0,5.0,1.0,0.0,4.0,HOROZ
3.0,4.0,4.0,1.0,6.0,6.0,3.0,3.0,0.0,4.0,1.0,0.0,5.0,1.0,0.0,3.0,HOROZ
3.0,4.0,4.0,1.0,6.0,6.0,3.0,3.0,1.0,2.0,1.0,0.0,5.0,1.0,0.0,1.0,HOROZ
3.0,4.0,4.0,1.0,6.0,6.0,3.0,3.0,2.0,4.0,1.0,0.0,5.0,1.0,0.0,3.0,HOROZ
3.0,4.0,4.0,1.0,5.0,5.0,3.0,3.0,5.0,4.0,1.0,0.0,5.0,2.0,0.0,1.0,HOROZ
3.0,4.0,5.0,0.0,6.0,6.0,3.0,3.0,0.0,4.0,1.0,0.0,6.0,1.0,0.0,4.0,HOROZ
3.0,4.0,4.0,2.0,4.0,4.0,4.0,3.0,5.0,1.0,3.0,1.0,4.0,2.0,1.0,0.0,HOROZ
3.0,4.0,4.0,1.0,5.0,5.0,3.0,3.0,2.0,2.0,1.0,0.0,5.0,2.0,0.0,1.0,HOROZ
3.0,4.0,4.0,1.0,5.0,5.0,3.0,3.0,4.0,4.0,1.0,0.0,5.0,2.0,0.0,4.0,HOROZ
3.0,4.0,4.0,1.0,6.0,6.0,3.0,3.0,0.0,4.0,1.0,0.0,5.0,1.0,0.0,4.0,HOROZ
3.0,4.0,4.0,1.0,6.0,6.0,3.0,3.0,1.0,3.0,1.0,0.0,5.0,1.0,0.0,3.0,HOROZ
3.0,4.0,4.0,1.0,6.0,6.0,3.0,3.0,4.0,2.0,1.0,0.0,5.0,1.0,0.0,1.0,HOROZ
3.0,4.0,4.0,1.0,6.0,6.0,3.0,3.0,2.0,4.0,1.0,0.0,5.0,1.0,0.0,5.0,HOROZ
3.0,4.0,4.0,1.0,6.0,6.0,3.0,3.0,1.0,4.0,1.0,0.0,5.0,1.0,0.0,4.0,HOROZ
3.0,4.0,4.0,1.0,5.0,5.0,3.0,3.0,4.0,2.0,1.0,1.0,5.0,2.0,1.0,1.0,HOROZ
3.0,4.0,4.0,1.0,6.0,6.0,3.0,3.0,5.0,2.0,1.0,0.0,5.0,1.0,0.0,4.0,HOROZ
3.0,4.0,4.0,1.0,5.0,5.0,3.0,3.0,5.0,4.0,1.0,1.0,5.0,2.0,1.0,3.0,HOROZ
3.0,4.0,4.0,1.0,6.0,6.0,3.0,3.0,6.0,5.0,3.0,0.0,5.0,1.0,0.0,4.0,HOROZ
3.0,4.0,4.0,1.0,6.0,6.0,3.0,3.0,4.0,5.0,1.0,0.0,5.0,1.0,0.0,4.0,HOROZ
3.0,4.0,4.0,1.0,6.0,6.0,3.0,3.0,5.0,4.0,1.0,0.0,5.0,1.0,0.0,1.0,HOROZ
3.0,4.0,4.0,1.0,6.0,6.0,3.0,3.0,4.0,2.0,1.0,0.0,5.0,1.0,0.0,1.0,HOROZ
3.0,4.0,5.0,0.0,6.0,6.0,3.0,3.0,0.0,4.0,1.0,0.0,6.0,1.0,0.0,3.0,HOROZ
3.0,4.0,4.0,2.0,4.0,4.0,4.0,3.0,0.0,0.0,1.0,1.0,5.0,2.0,1.0,0.0,HOROZ
3.0,4.0,4.0,1.0,6.0,6.0,3.0,3.0,0.0,4.0,1.0,0.0,5.0,1.0,0.0,3.0,HOROZ
3.0,4.0,4.0,2.0,4.0,4.0,3.0,3.0,4.0,4.0,3.0,1.0,5.0,2.0,1.0,2.0,HOROZ
3.0,4.0,4.0,1.0,6.0,6.0,3.0,3.0,3.0,4.0,1.0,0.0,5.0,1.0,0.0,3.0,HOROZ
3.0,4.0,4.0,1.0,6.0,6.0,3.0,3.0,1.0,3.0,1.0,0.0,5.0,2.0,0.0,2.0,HOROZ
3.0,4.0,5.0,0.0,6.0,6.0,3.0,3.0,1.0,4.0,1.0,0.0,6.0,1.0,0.0,1.0,HOROZ
3.0,4.0,4.0,1.0,6.0,6.0,3.0,3.0,0.0,3.0,1.0,0.0,5.0,1.0,0.0,1.0,HOROZ
3.0,4.0,4.0,1.0,6.0,6.0,3.0,3.0,5.0,4.0,3.0,0.0,5.0,1.0,0.0,3.0,HOROZ
3.0,4.0,4.0,1.0,6.0,6.0,3.0,3.0,5.0,2.0,1.0,0.0,5.0,1.0,0.0,1.0,HOROZ
3.0,4.0,4.0,1.0,6.0,6.0,3.0,3.0,1.0,4.0,1.0,0.0,5.0,1.0,0.0,2.0,HOROZ
3.0,4.0,4.0,1.0,5.0,5.0,3.0,3.0,2.0,3.0,1.0,0.0,5.0,2.0,0.0,1.0,HOROZ
3.0,4.0,4.0,1.0,6.0,6.0,3.0,3.0,5.0,4.0,1.0,0.0,5.0,1.0,0.0,4.0,HOROZ
3.0,4.0,4.0,1.0,6.0,6.0,3.0,3.0,5.0,4.0,1.0,0.0,5.0,1.0,0.0,3.0,HOROZ
3.0,4.0,4.0,1.0,6.0,6.0,3.0,3.0,4.0,4.0,1.0,0.0,5.0,1.0,0.0,4.0,HOROZ
3.0,4.0,4.0,1.0,6.0,6.0,3.0,3.0,2.0,4.0,1.0,0.0,5.0,1.0,0.0,3.0,HOROZ
3.0,4.0,4.0,1.0,6.0,6.0,4.0,3.0,4.0,2.0,1.0,0.0,5.0,1.0,0.0,4.0,HOROZ
3.0,4.0,4.0,1.0,6.0,6.0,3.0,3.0,1.0,4.0,1.0,0.0,5.0,1.0,0.0,2.0,HOROZ
3.0,4.0,4.0,1.0,5.0,5.0,4.0,3.0,1.0,3.0,1.0,0.0,5.0,2.0,0.0,1.0,HOROZ
3.0,4.0,4.0,1.0,6.0,6.0,3.0,3.0,3.0,6.0,1.0,0.0,5.0,1.0,0.0,2.0,HOROZ
3.0,4.0,4.0,1.0,6.0,6.0,3.0,3.0,5.0,4.0,1.0,0.0,5.0,1.0,0.0,2.0,HOROZ
3.0,4.0,4.0,1.0,6.0,6.0,3.0,3.0,2.0,3.0,1.0,0.0,5.0,1.0,0.0,4.0,HOROZ
3.0,4.0,4.0,1.0,6.0,6.0,3.0,3.0,0.0,4.0,1.0,0.0,5.0,1.0,0.0,3.0,HOROZ
3.0,4.0,4.0,1.0,6.0,6.0,4.0,3.0,0.0,2.0,1.0,0.0,5.0,1.0,0.0,1.0,HOROZ
3.0,4.0,4.0,1.0,6.0,6.0,3.0,3.0,0.0,4.0,1.0,0.0,5.0,1.0,0.0,2.0,HOROZ
3.0,4.0,4.0,3.0,2.0,2.0,4.0,3.0,2.0,0.0,1.0,2.0,4.0,2.0,2.0,0.0,HOROZ
3.0,4.0,5.0,0.0,6.0,6.0,4.0,3.0,6.0,4.0,1.0,0.0,6.0,1.0,0.0,1.0,HOROZ
3.0,4.0,4.0,1.0,5.0,5.0,4.0,3.0,2.0,2.0,1.0,0.0,5.0,2.0,0.0,1.0,HOROZ
3.0,4.0,4.0,1.0,5.0,5.0,4.0,3.0,5.0,4.0,2.0,0.0,5.0,2.0,0.0,1.0,HOROZ
3.0,5.0,4.0,1.0,6.0,6.0,4.0,3.0,0.0,2.0,0.0,0.0,5.0,1.0,0.0,2.0,HOROZ
3.0,5.0,4.0,2.0,4.0,4.0,4.0,3.0,0.0,0.0,0.0,1.0,4.0,2.0,1.0,0.0,HOROZ
3.0,5.0,4.0,1.0,5.0,5.0,4.0,3.0,1.0,1.0,0.0,0.0,5.0,2.0,0.0,2.0,HOROZ
3.0,4.0,4.0,1.0,6.0,6.0,3.0,3.0,5.0,5.0,1.0,0.0,5.0,1.0,0.0,2.0,HOROZ
4.0,4.0,4.0,1.0,5.0,5.0,4.0,4.0,2.0,3.0,1.0,0.0,5.0,2.0,0.0,1.0,HOROZ
4.0,4.0,4.0,2.0,4.0,4.0,4.0,4.0,2.0,1.0,2.0,1.0,4.0,2.0,1.0,0.0,HOROZ
4.0,4.0,4.0,1.0,5.0,5.0,4.0,4.0,2.0,1.0,1.0,0.0,5.0,2.0,0.0,0.0,HOROZ
4.0,4.0,4.0,1.0,6.0,6.0,4.0,4.0,0.0,4.0,1.0,0.0,5.0,1.0,0.0,3.0,HOROZ
4.0,4.0,4.0,1.0,6.0,6.0,4.0,4.0,0.0,4.0,1.0,0.0,5.0,1.0,0.0,3.0,HOROZ
4.0,4.0,4.0,1.0,6.0,6.0,4.0,4.0,4.0,2.0,1.0,0.0,5.0,1.0,0.0,1.0,HOROZ
4.0,4.0,4.0,1.0,5.0,5.0,4.0,4.0,4.0,3.0,1.0,0.0,5.0,2.0,0.0,4.0,HOROZ
4.0,4.0,4.0,1.0,6.0,6.0,4.0,4.0,4.0,4.0,2.0,0.0,5.0,1.0,0.0,3.0,HOROZ
4.0,4.0,4.0,1.0,6.0,6.0,4.0,4.0,0.0,2.0,1.0,0.0,5.0,1.0,0.0,3.0,HOROZ
4.0,4.0,5.0,0.0,6.0,6.0,4.0,4.0,4.0,2.0,1.0,0.0,6.0,1.0,0.0,1.0,HOROZ
4.0,4.0,4.0,1.0,6.0,6.0,4.0,4.0,4.0,4.0,0.0,0.0,5.0,1.0,0.0,3.0,HOROZ
4.0,4.0,4.0,1.0,6.0,6.0,4.0,4.0,4.0,4.0,2.0,0.0,5.0,1.0,0.0,1.0,HOROZ
4.0,4.0,4.0,1.0,6.0,6.0,4.0,4.0,4.0,3.0,1.0,0.0,5.0,1.0,0.0,1.0,HOROZ
4.0,4.0,4.0,1.0,6.0,6.0,4.0,4.0,0.0,2.0,1.0,0.0,5.0,1.0,0.0,1.0,HOROZ
4.0,4.0,4.0,1.0,5.0,5.0,4.0,4.0,4.0,2.0,1.0,0.0,5.0,2.0,0.0,1.0,HOROZ
4.0,4.0,5.0,0.0,6.0,6.0,4.0,4.0,4.0,4.0,1.0,0.0,6.0,1.0,0.0,3.0,HOROZ
4.0,4.0,4.0,1.0,5.0,5.0,4.0,4.0,1.0,2.0,1.0,0.0,5.0,2.0,0.0,1.0,HOROZ
4.0,4.0,4.0,1.0,5.0,5.0,4.0,4.0,1.0,2.0,1.0,0.0,5.0,2.0,0.0,1.0,HOROZ
4.0,4.0,4.0,1.0,5.0,5.0,4.0,4.0,0.0,6.0,3.0,0.0,5.0,2.0,0.0,2.0,HOROZ
4.0,4.0,4.0,1.0,6.0,6.0,4.0,4.0,1.0,4.0,1.0,0.0,5.0,1.0,0.0,4.0,HOROZ
4.0,4.0,4.0,1.0,5.0,5.0,4.0,4.0,2.0,4.0,1.0,0.0,5.0,2.0,0.0,4.0,HOROZ
4.0,4.0,4.0,1.0,6.0,6.0,4.0,4.0,4.0,4.0,1.0,0.0,5.0,1.0,0.0,2.0,HOROZ
4.0,4.0,4.0,1.0,6.0,6.0,4.0,4.0,0.0,3.0,1.0,0.0,5.0,1.0,0.0,3.0,HOROZ
4.0,4.0,4.0,1.0,6.0,6.0,4.0,4.0,5.0,4.0,1.0,0.0,5.0,1.0,0.0,2.0,HOROZ
4.0,4.0,4.0,1.0,6.0,6.0,4.0,4.0,5.0,3.0,1.0,0.0,5.0,1.0,0.0,1.0,HOROZ
4.0,4.0,4.0,1.0,6.0,6.0,4.0,4.0,2.0,5.0,1.0,0.0,5.0,1.0,0.0,4.0,HOROZ
4.0,4.0,4.0,1.0,6.0,6.0,4.0,4.0,2.0,4.0,3.0,0.0,5.0,1.0,0.0,2.0,HOROZ
4.0,4.0,4.0,1.0,6.0,6.0,4.0,4.0,4.0,4.0,1.0,0.0,5.0,1.0,0.0,4.0,HOROZ
4.0,4.0,4.0,1.0,6.0,6.0,4.0,4.0,2.0,4.0,1.0,0.0,5.0,1.0,0.0,3.0,HOROZ
4.0,4.0,4.0,2.0,4.0,4.0,4.0,4.0,5.0,4.0,3.0,1.0,5.0,2.0,1.0,2.0,HOROZ
4.0,4.0,5.0,1.0,6.0,6.0,4.0,4.0,2.0,4.0,1.0,0.0,5.0,1.0,0.0,3.0,HOROZ
4.0,4.0,5.0,1.0,6.0,6.0,4.0,4.0,0.0,4.0,1.0,0.0,5.0,1.0,0.0,4.0,HOROZ
4.0,4.0,5.0,1.0,6.0,6.0,4.0,4.0,0.0,4.0,1.0,0.0,5.0,1.0,0.0,4.0,HOROZ
4.0,4.0,4.0,1.0,6.0,6.0,4.0,4.0,5.0,4.0,1.0,0.0,5.0,1.0,0.0,3.0,HOROZ
4.0,4.0,4.0,1.0,6.0,6.0,4.0,4.0,2.0,4.0,1.0,0.0,5.0,1.0,0.0,4.0,HOROZ
4.0,4.0,4.0,1.0,6.0,6.0,4.0,4.0,0.0,4.0,1.0,0.0,5.0,1.0,0.0,3.0,HOROZ
4.0,4.0,4.0,1.0,6.0,6.0,4.0,4.0,0.0,4.0,1.0,0.0,5.0,1.0,0.0,3.0,HOROZ
4.0,5.0,5.0,0.0,6.0,6.0,4.0,4.0,0.0,4.0,0.0,0.0,6.0,0.0,0.0,4.0,HOROZ
4.0,4.0,4.0,1.0,6.0,6.0,4.0,4.0,0.0,4.0,1.0,0.0,5.0,1.0,0.0,4.0,HOROZ
4.0,4.0,4.0,1.0,6.0,6.0,4.0,4.0,0.0,2.0,1.0,0.0,5.0,1.0,0.0,1.0,HOROZ
4.0,4.0,5.0,1.0,6.0,6.0,4.0,4.0,4.0,3.0,1.0,0.0,5.0,1.0,0.0,1.0,HOROZ
4.0,4.0,4.0,1.0,6.0,6.0,4.0,4.0,0.0,4.0,1.0,0.0,5.0,1.0,0.0,1.0,HOROZ
4.0,4.0,4.0,1.0,6.0,6.0,4.0,4.0,0.0,4.0,1.0,0.0,5.0,1.0,0.0,1.0,HOROZ
4.0,4.0,4.0,1.0,6.0,6.0,4.0,4.0,3.0,4.0,1.0,0.0,5.0,1.0,0.0,1.0,HOROZ
4.0,4.0,4.0,1.0,6.0,6.0,4.0,4.0,5.0,1.0,1.0,0.0,5.0,1.0,0.0,1.0,HOROZ
4.0,4.0,4.0,1.0,6.0,6.0,4.0,4.0,5.0,4.0,1.0,0.0,5.0,1.0,0.0,4.0,HOROZ
4.0,4.0,4.0,1.0,6.0,6.0,4.0,4.0,1.0,1.0,1.0,0.0,5.0,1.0,0.0,0.0,HOROZ
4.0,4.0,4.0,1.0,5.0,5.0,4.0,4.0,0.0,2.0,1.0,0.0,5.0,1.0,0.0,1.0,HOROZ
4.0,4.0,4.0,1.0,6.0,6.0,4.0,4.0,3.0,3.0,1.0,0.0,5.0,1.0,0.0,1.0,HOROZ
4.0,4.0,4.0,1.0,6.0,6.0,4.0,4.0,0.0,3.0,1.0,0.0,5.0,1.0,0.0,1.0,HOROZ
4.0,5.0,4.0,1.0,6.0,6.0,4.0,4.0,1.0,1.0,0.0,0.0,5.0,1.0,0.0,4.0,HOROZ
4.0,4.0,4.0,1.0,5.0,5.0,4.0,4.0,4.0,4.0,2.0,0.0,5.0,2.0,0.0,4.0,HOROZ
4.0,4.0,4.0,1.0,6.0,6.0,4.0,4.0,4.0,4.0,1.0,0.0,5.0,1.0,0.0,1.0,HOROZ
4.0,4.0,4.0,1.0,6.0,6.0,4.0,4.0,5.0,2.0,1.0,0.0,5.0,1.0,0.0,1.0,HOROZ
4.0,4.0,4.0,1.0,5.0,5.0,4.0,4.0,4.0,4.0,1.0,0.0,5.0,2.0,0.0,3.0,HOROZ
4.0,4.0,4.0,1.0,6.0,6.0,4.0,4.0,0.0,5.0,1.0,0.0,5.0,1.0,0.0,1.0,HOROZ
4.0,4.0,4.0,1.0,6.0,6.0,4.0,4.0,4.0,2.0,1.0,0.0,5.0,1.0,0.0,3.0,HOROZ
4.0,4.0,4.0,1.0,6.0,6.0,4.0,4.0,4.0,2.0,1.0,0.0,5.0,1.0,0.0,3.0,HOROZ
4.0,4.0,5.0,0.0,6.0,6.0,4.0,4.0,0.0,4.0,1.0,0.0,6.0,1.0,0.0,1.0,HOROZ
4.0,4.0,4.0,1.0,6.0,6.0,4.0,4.0,0.0,4.0,1.0,0.0,5.0,1.0,0.0,1.0,HOROZ
4.0,4.0,4.0,2.0,4.0,4.0,4.0,4.0,1.0,0.0,1.0,1.0,5.0,2.0,1.0,0.0,HOROZ
4.0,4.0,4.0,1.0,6.0,6.0,4.0,4.0,0.0,4.0,1.0,0.0,5.0,1.0,0.0,2.0,HOROZ
4.0,4.0,4.0,1.0,5.0,5.0,4.0,4.0,0.0,2.0,1.0,0.0,5.0,2.0,0.0,1.0,HOROZ
4.0,4.0,4.0,1.0,6.0,6.0,4.0,4.0,2.0,4.0,1.0,0.0,5.0,1.0,0.0,2.0,HOROZ
4.0,4.0,4.0,1.0,6.0,6.0,4.0,4.0,1.0,2.0,1.0,0.0,5.0,1.0,0.0,1.0,HOROZ
4.0,4.0,5.0,0.0,6.0,6.0,4.0,4.0,2.0,4.0,1.0,0.0,6.0,1.0,0.0,4.0,HOROZ
4.0,4.0,5.0,1.0,6.0,6.0,4.0,4.0,0.0,2.0,1.0,0.0,5.0,1.0,0.0,3.0,HOROZ
4.0,4.0,5.0,1.0,6.0,6.0,4.0,4.0,0.0,4.0,1.0,0.0,5.0,1.0,0.0,1.0,HOROZ
4.0,4.0,4.0,1.0,6.0,6.0,4.0,4.0,0.0,4.0,1.0,0.0,5.0,1.0,0.0,4.0,HOROZ
4.0,4.0,5.0,1.0,6.0,6.0,4.0,4.0,3.0,2.0,1.0,0.0,5.0,1.0,0.0,1.0,HOROZ
4.0,4.0,5.0,1.0,6.0,6.0,4.0,4.0,0.0,4.0,1.0,0.0,5.0,1.0,0.0,2.0,HOROZ
4.0,4.0,4.0,1.0,6.0,6.0,4.0,4.0,1.0,4.0,1.0,0.0,5.0,1.0,0.0,1.0,HOROZ
4.0,4.0,4.0,1.0,5.0,5.0,4.0,4.0,5.0,4.0,1.0,0.0,5.0,2.0,0.0,1.0,HOROZ
4.0,4.0,4.0,1.0,6.0,6.0,4.0,4.0,0.0,2.0,1.0,0.0,5.0,1.0,0.0,1.0,HOROZ
4.0,4.0,4.0,1.0,5.0,5.0,4.0,4.0,2.0,2.0,1.0,1.0,5.0,2.0,1.0,1.0,HOROZ
4.0,4.0,5.0,1.0,6.0,6.0,4.0,4.0,1.0,4.0,1.0,0.0,5.0,1.0,0.0,3.0,HOROZ
4.0,4.0,4.0,2.0,4.0,4.0,4.0,4.0,3.0,2.0,3.0,1.0,4.0,2.0,1.0,1.0,HOROZ
4.0,4.0,4.0,1.0,6.0,6.0,4.0,4.0,0.0,3.0,1.0,0.0,5.0,1.0,0.0,1.0,HOROZ
4.0,4.0,4.0,1.0,6.0,6.0,4.0,4.0,0.0,0.0,1.0,0.0,5.0,1.0,0.0,0.0,HOROZ
4.0,4.0,4.0,1.0,6.0,6.0,4.0,4.0,0.0,3.0,1.0,0.0,5.0,1.0,0.0,2.0,HOROZ
4.0,4.0,4.0,1.0,5.0,5.0,4.0,4.0,4.0,4.0,1.0,0.0,5.0,2.0,0.0,4.0,HOROZ
4.0,4.0,4.0,1.0,6.0,6.0,4.0,4.0,0.0,4.0,1.0,0.0,5.0,1.0,0.0,4.0,HOROZ
4.0,4.0,4.0,2.0,4.0,4.0,4.0,4.0,2.0,3.0,1.0,1.0,5.0,2.0,1.0,1.0,HOROZ
4.0,4.0,4.0,1.0,6.0,6.0,4.0,4.0,2.0,2.0,1.0,0.0,5.0,1.0,0.0,1.0,HOROZ
4.0,4.0,4.0,1.0,5.0,5.0,4.0,4.0,0.0,3.0,1.0,0.0,5.0,2.0,0.0,3.0,HOROZ
4.0,4.0,4.0,2.0,5.0,5.0,4.0,4.0,1.0,2.0,1.0,0.0,5.0,2.0,0.0,0.0,HOROZ
4.0,4.0,4.0,1.0,5.0,5.0,4.0,4.0,0.0,2.0,1.0,0.0,5.0,2.0,0.0,3.0,HOROZ
4.0,4.0,4.0,1.0,5.0,5.0,4.0,4.0,0.0,3.0,1.0,0.0,5.0,1.0,0.0,2.0,HOROZ
4.0,4.0,4.0,1.0,6.0,6.0,4.0,4.0,1.0,2.0,1.0,0.0,5.0,1.0,0.0,3.0,HOROZ
4.0,4.0,4.0,1.0,6.0,6.0,4.0,4.0,6.0,2.0,1.0,0.0,5.0,1.0,0.0,1.0,HOROZ
4.0,4.0,4.0,1.0,6.0,6.0,4.0,4.0,0.0,3.0,1.0,0.0,5.0,1.0,0.0,1.0,HOROZ
4.0,4.0,4.0,2.0,4.0,4.0,4.0,4.0,1.0,2.0,4.0,1.0,4.0,2.0,1.0,1.0,HOROZ
4.0,4.0,5.0,1.0,6.0,6.0,4.0,4.0,0.0,4.0,1.0,0.0,5.0,1.0,0.0,3.0,HOROZ
4.0,4.0,4.0,1.0,6.0,6.0,4.0,4.0,1.0,2.0,1.0,0.0,5.0,1.0,0.0,2.0,HOROZ
4.0,4.0,4.0,1.0,6.0,6.0,4.0,4.0,5.0,4.0,1.0,0.0,5.0,1.0,0.0,3.0,HOROZ
4.0,4.0,4.0,1.0,6.0,6.0,4.0,4.0,2.0,3.0,1.0,0.0,5.0,1.0,0.0,3.0,HOROZ
4.0,5.0,4.0,1.0,6.0,6.0,4.0,4.0,0.0,2.0,0.0,0.0,5.0,1.0,0.0,1.0,HOROZ
4.0,4.0,4.0,1.0,5.0,5.0,4.0,4.0,4.0,3.0,1.0,0.0,5.0,2.0,0.0,2.0,HOROZ
4.0,4.0,4.0,1.0,6.0,6.0,4.0,4.0,0.0,3.0,1.0,0.0,5.0,1.0,0.0,1.0,HOROZ
4.0,4.0,4.0,1.0,6.0,6.0,4.0,4.0,2.0,4.0,1.0,0.0,5.0,1.0,0.0,3.0,HOROZ
4.0,4.0,4.0,1.0,6.0,6.0,4.0,4.0,0.0,4.0,1.0,0.0,5.0,1.0,0.0,1.0,HOROZ
4.0,5.0,5.0,1.0,6.0,6.0,4.0,4.0,0.0,2.0,0.0,0.0,5.0,1.0,0.0,2.0,HOROZ
4.0,4.0,4.0,2.0,4.0,4.0,4.0,4.0,0.0,2.0,1.0,1.0,4.0,2.0,1.0,1.0,HOROZ
4.0,4.0,4.0,1.0,6.0,6.0,4.0,4.0,0.0,2.0,1.0,0.0,5.0,1.0,0.0,2.0,HOROZ
4.0,4.0,4.0,2.0,4.0,4.0,4.0,4.0,2.0,2.0,3.0,1.0,4.0,2.0,1.0,1.0,HOROZ
4.0,4.0,4.0,2.0,4.0,4.0,4.0,4.0,2.0,0.0,1.0,0.0,5.0,2.0,0.0,0.0,HOROZ
4.0,4.0,4.0,1.0,6.0,6.0,4.0,4.0,5.0,4.0,2.0,0.0,5.0,1.0,0.0,3.0,HOROZ
4.0,4.0,5.0,1.0,6.0,6.0,4.0,4.0,0.0,3.0,1.0,0.0,5.0,1.0,0.0,4.0,HOROZ
4.0,4.0,4.0,1.0,6.0,6.0,4.0,4.0,0.0,4.0,1.0,0.0,5.0,1.0,0.0,2.0,HOROZ
4.0,4.0,5.0,1.0,6.0,6.0,4.0,4.0,5.0,5.0,1.0,0.0,5.0,1.0,0.0,4.0,HOROZ
4.0,4.0,4.0,1.0,6.0,6.0,4.0,4.0,2.0,5.0,1.0,0.0,5.0,1.0,0.0,4.0,HOROZ
4.0,4.0,4.0,1.0,6.0,6.0,4.0,4.0,0.0,4.0,1.0,0.0,5.0,1.0,0.0,2.0,HOROZ
4.0,4.0,4.0,1.0,6.0,6.0,4.0,4.0,4.0,4.0,1.0,0.0,5.0,1.0,0.0,1.0,HOROZ
4.0,4.0,5.0,0.0,6.0,6.0,4.0,4.0,4.0,5.0,1.0,0.0,6.0,0.0,0.0,3.0,HOROZ
4.0,4.0,4.0,1.0,6.0,6.0,4.0,4.0,0.0,2.0,1.0,0.0,5.0,1.0,0.0,1.0,HOROZ
4.0,4.0,4.0,1.0,6.0,6.0,4.0,4.0,1.0,4.0,1.0,0.0,5.0,1.0,0.0,3.0,HOROZ
4.0,4.0,4.0,1.0,6.0,6.0,4.0,4.0,6.0,4.0,1.0,0.0,5.0,1.0,0.0,1.0,HOROZ
4.0,5.0,5.0,1.0,6.0,6.0,4.0,4.0,4.0,3.0,0.0,0.0,5.0,1.0,0.0,1.0,HOROZ
4.0,4.0,4.0,1.0,6.0,6.0,4.0,4.0,1.0,3.0,1.0,0.0,5.0,1.0,0.0,1.0,HOROZ
4.0,4.0,4.0,1.0,6.0,6.0,4.0,4.0,0.0,4.0,1.0,0.0,5.0,1.0,0.0,2.0,HOROZ
4.0,4.0,4.0,1.0,6.0,6.0,4.0,4.0,2.0,2.0,1.0,0.0,5.0,1.0,0.0,1.0,HOROZ
4.0,4.0,4.0,1.0,6.0,6.0,4.0,4.0,4.0,4.0,1.0,0.0,5.0,1.0,0.0,2.0,HOROZ
4.0,4.0,4.0,1.0,6.0,6.0,4.0,4.0,2.0,1.0,1.0,0.0,5.0,1.0,0.0,0.0,HOROZ
4.0,4.0,4.0,1.0,6.0,6.0,4.0,4.0,0.0,0.0,1.0,0.0,5.0,1.0,0.0,0.0,HOROZ
4.0,4.0,4.0,1.0,6.0,6.0,4.0,4.0,1.0,4.0,1.0,0.0,5.0,1.0,0.0,3.0,HOROZ
4.0,4.0,4.0,1.0,6.0,6.0,4.0,4.0,4.0,2.0,1.0,0.0,5.0,1.0,0.0,1.0,HOROZ
4.0,4.0,4.0,2.0,4.0,4.0,4.0,4.0,0.0,1.0,1.0,1.0,5.0,2.0,1.0,0.0,HOROZ
4.0,4.0,5.0,1.0,6.0,6.0,4.0,4.0,0.0,4.0,1.0,0.0,5.0,1.0,0.0,2.0,HOROZ
4.0,4.0,4.0,1.0,6.0,6.0,4.0,4.0,0.0,4.0,1.0,0.0,5.0,1.0,0.0,3.0,HOROZ
4.0,4.0,4.0,1.0,6.0,6.0,4.0,4.0,0.0,4.0,2.0,0.0,5.0,1.0,0.0,1.0,HOROZ
4.0,4.0,4.0,1.0,6.0,6.0,4.0,4.0,0.0,4.0,1.0,0.0,5.0,1.0,0.0,1.0,HOROZ
4.0,4.0,4.0,2.0,5.0,5.0,4.0,4.0,0.0,0.0,1.0,0.0,5.0,1.0,0.0,0.0,HOROZ
4.0,4.0,4.0,1.0,6.0,6.0,4.0,4.0,2.0,6.0,3.0,0.0,5.0,1.0,0.0,4.0,HOROZ
4.0,5.0,5.0,1.0,6.0,6.0,4.0,4.0,0.0,2.0,0.0,0.0,5.0,1.0,0.0,2.0,HOROZ
4.0,4.0,4.0,1.0,6.0,6.0,4.0,4.0,5.0,4.0,1.0,0.0,5.0,1.0,0.0,3.0,HOROZ
4.0,4.0,5.0,1.0,6.0,6.0,4.0,4.0,2.0,4.0,1.0,0.0,5.0,1.0,0.0,3.0,HOROZ
4.0,4.0,5.0,1.0,6.0,6.0,4.0,4.0,0.0,4.0,1.0,0.0,5.0,1.0,0.0,4.0,HOROZ
4.0,4.0,4.0,2.0,4.0,4.0,4.0,4.0,4.0,4.0,2.0,1.0,4.0,2.0,1.0,3.0,HOROZ
4.0,4.0,4.0,2.0,5.0,5.0,4.0,4.0,0.0,1.0,1.0,0.0,5.0,2.0,0.0,1.0,HOROZ
4.0,4.0,4.0,1.0,6.0,6.0,4.0,4.0,4.0,5.0,1.0,0.0,5.0,1.0,0.0,4.0,HOROZ
4.0,4.0,4.0,1.0,6.0,6.0,4.0,4.0,4.0,4.0,1.0,0.0,5.0,1.0,0.0,4.0,HOROZ
4.0,4.0,4.0,1.0,6.0,6.0,4.0,4.0,4.0,3.0,1.0,0.0,5.0,1.0,0.0,2.0,HOROZ
4.0,4.0,5.0,1.0,6.0,6.0,4.0,4.0,2.0,4.0,1.0,0.0,5.0,1.0,0.0,4.0,HOROZ
4.0,4.0,5.0,0.0,6.0,6.0,4.0,4.0,1.0,4.0,1.0,0.0,6.0,0.0,0.0,3.0,HOROZ
4.0,4.0,4.0,1.0,6.0,6.0,4.0,4.0,4.0,2.0,1.0,0.0,5.0,1.0,0.0,3.0,HOROZ
4.0,4.0,4.0,1.0,6.0,6.0,4.0,4.0,4.0,2.0,1.0,0.0,5.0,1.0,0.0,3.0,HOROZ
4.0,4.0,5.0,1.0,6.0,6.0,4.0,4.0,4.0,2.0,1.0,0.0,5.0,1.0,0.0,1.0,HOROZ
4.0,4.0,4.0,1.0,6.0,6.0,4.0,4.0,2.0,4.0,1.0,0.0,5.0,1.0,0.0,3.0,HOROZ
4.0,4.0,5.0,1.0,6.0,6.0,4.0,4.0,1.0,4.0,1.0,0.0,5.0,1.0,0.0,3.0,HOROZ
4.0,4.0,4.0,1.0,6.0,6.0,4.0,4.0,0.0,2.0,1.0,0.0,5.0,1.0,0.0,1.0,HOROZ
4.0,4.0,4.0,1.0,6.0,6.0,4.0,4.0,0.0,3.0,1.0,0.0,5.0,1.0,0.0,1.0,HOROZ
4.0,4.0,4.0,1.0,6.0,6.0,4.0,4.0,4.0,4.0,1.0,0.0,5.0,1.0,0.0,4.0,HOROZ
4.0,4.0,5.0,1.0,6.0,6.0,4.0,4.0,5.0,4.0,1.0,0.0,5.0,1.0,0.0,3.0,HOROZ
4.0,4.0,5.0,1.0,6.0,6.0,4.0,4.0,5.0,4.0,1.0,0.0,5.0,1.0,0.0,2.0,HOROZ
4.0,4.0,5.0,1.0,6.0,6.0,4.0,4.0,0.0,2.0,1.0,0.0,5.0,1.0,0.0,1.0,HOROZ
4.0,4.0,4.0,1.0,5.0,5.0,4.0,4.0,4.0,4.0,3.0,0.0,5.0,2.0,0.0,2.0,HOROZ
4.0,4.0,5.0,1.0,6.0,6.0,4.0,4.0,5.0,5.0,1.0,0.0,5.0,1.0,0.0,1.0,HOROZ
4.0,4.0,4.0,1.0,6.0,6.0,4.0,4.0,5.0,4.0,1.0,0.0,5.0,1.0,0.0,4.0,HOROZ
4.0,4.0,4.0,1.0,6.0,6.0,4.0,4.0,0.0,2.0,1.0,0.0,5.0,1.0,0.0,1.0,HOROZ
4.0,4.0,4.0,1.0,6.0,6.0,4.0,4.0,1.0,4.0,1.0,0.0,5.0,1.0,0.0,2.0,HOROZ
4.0,4.0,5.0,1.0,6.0,6.0,4.0,4.0,0.0,4.0,1.0,0.0,5.0,1.0,0.0,3.0,HOROZ
4.0,4.0,4.0,1.0,6.0,6.0,4.0,4.0,4.0,3.0,1.0,0.0,5.0,1.0,0.0,4.0,HOROZ
4.0,4.0,4.0,1.0,6.0,6.0,4.0,4.0,6.0,4.0,1.0,0.0,5.0,1.0,0.0,2.0,HOROZ
4.0,4.0,5.0,1.0,6.0,6.0,4.0,4.0,1.0,5.0,1.0,0.0,5.0,1.0,0.0,3.0,HOROZ
4.0,4.0,4.0,1.0,6.0,6.0,4.0,4.0,0.0,3.0,1.0,0.0,5.0,1.0,0.0,1.0,HOROZ
4.0,4.0,5.0,1.0,6.0,6.0,4.0,4.0,0.0,4.0,1.0,0.0,5.0,1.0,0.0,3.0,HOROZ
4.0,4.0,4.0,1.0,5.0,5.0,4.0,4.0,1.0,4.0,1.0,0.0,5.0,2.0,0.0,3.0,HOROZ
4.0,4.0,4.0,1.0,6.0,6.0,4.0,4.0,4.0,4.0,1.0,0.0,5.0,1.0,0.0,3.0,HOROZ
4.0,4.0,4.0,1.0,6.0,6.0,4.0,4.0,0.0,3.0,1.0,0.0,5.0,1.0,0.0,1.0,HOROZ
4.0,4.0,5.0,1.0,6.0,6.0,4.0,4.0,0.0,6.0,1.0,0.0,5.0,1.0,0.0,4.0,HOROZ
4.0,4.0,5.0,1.0,6.0,6.0,4.0,4.0,0.0,4.0,1.0,0.0,5.0,1.0,0.0,5.0,HOROZ
4.0,4.0,4.0,2.0,4.0,4.0,4.0,4.0,0.0,4.0,1.0,1.0,4.0,2.0,1.0,1.0,HOROZ
4.0,4.0,4.0,1.0,6.0,6.0,4.0,4.0,4.0,4.0,1.0,0.0,5.0,1.0,0.0,2.0,HOROZ
4.0,4.0,5.0,1.0,6.0,6.0,4.0,4.0,0.0,4.0,1.0,0.0,5.0,1.0,0.0,1.0,HOROZ
4.0,4.0,4.0,1.0,6.0,6.0,4.0,4.0,1.0,4.0,1.0,0.0,5.0,1.0,0.0,4.0,HOROZ
4.0,4.0,4.0,2.0,5.0,5.0,4.0,4.0,4.0,2.0,3.0,0.0,5.0,2.0,0.0,1.0,HOROZ
4.0,4.0,5.0,1.0,6.0,6.0,4.0,4.0,0.0,2.0,1.0,0.0,5.0,1.0,0.0,1.0,HOROZ
4.0,4.0,4.0,1.0,6.0,6.0,4.0,4.0,0.0,4.0,1.0,0.0,5.0,1.0,0.0,4.0,HOROZ
4.0,4.0,4.0,1.0,6.0,6.0,4.0,4.0,0.0,4.0,1.0,0.0,5.0,1.0,0.0,3.0,HOROZ
4.0,4.0,4.0,1.0,6.0,6.0,4.0,4.0,4.0,4.0,1.0,0.0,5.0,1.0,0.0,2.0,HOROZ
4.0,4.0,4.0,1.0,6.0,6.0,4.0,4.0,0.0,5.0,1.0,0.0,5.0,1.0,0.0,3.0,HOROZ
4.0,4.0,5.0,1.0,6.0,6.0,4.0,4.0,2.0,6.0,1.0,0.0,5.0,1.0,0.0,4.0,HOROZ
4.0,4.0,5.0,1.0,6.0,6.0,4.0,4.0,4.0,4.0,1.0,0.0,5.0,1.0,0.0,4.0,HOROZ
4.0,4.0,5.0,0.0,6.0,6.0,4.0,4.0,0.0,4.0,1.0,0.0,6.0,0.0,0.0,3.0,HOROZ
4.0,4.0,5.0,1.0,6.0,6.0,4.0,4.0,0.0,3.0,1.0,0.0,5.0,1.0,0.0,1.0,HOROZ
4.0,4.0,5.0,1.0,6.0,6.0,4.0,4.0,5.0,4.0,1.0,0.0,5.0,1.0,0.0,2.0,HOROZ
4.0,4.0,5.0,1.0,6.0,6.0,4.0,4.0,0.0,3.0,1.0,0.0,5.0,1.0,0.0,1.0,HOROZ
4.0,4.0,4.0,1.0,6.0,6.0,4.0,4.0,4.0,1.0,1.0,0.0,5.0,1.0,0.0,0.0,HOROZ
4.0,4.0,4.0,1.0,6.0,6.0,4.0,4.0,0.0,2.0,1.0,0.0,5.0,1.0,0.0,1.0,HOROZ
4.0,4.0,4.0,2.0,4.0,4.0,4.0,4.0,1.0,1.0,2.0,1.0,4.0,2.0,1.0,1.0,HOROZ
4.0,4.0,4.0,1.0,6.0,6.0,4.0,4.0,5.0,3.0,1.0,0.0,5.0,1.0,0.0,2.0,HOROZ
4.0,4.0,4.0,1.0,6.0,6.0,4.0,4.0,5.0,4.0,1.0,0.0,5.0,1.0,0.0,3.0,HOROZ
4.0,4.0,4.0,1.0,5.0,5.0,4.0,4.0,4.0,6.0,3.0,0.0,5.0,1.0,0.0,3.0,HOROZ
4.0,4.0,4.0,1.0,5.0,5.0,4.0,4.0,4.0,4.0,1.0,0.0,5.0,1.0,0.0,2.0,HOROZ
4.0,4.0,5.0,1.0,6.0,6.0,4.0,4.0,0.0,4.0,1.0,0.0,5.0,1.0,0.0,2.0,HOROZ
4.0,4.0,4.0,2.0,5.0,5.0,4.0,4.0,5.0,3.0,1.0,0.0,5.0,2.0,0.0,1.0,HOROZ
4.0,4.0,4.0,1.0,6.0,6.0,4.0,4.0,6.0,4.0,2.0,0.0,5.0,1.0,0.0,1.0,HOROZ
4.0,4.0,5.0,1.0,6.0,6.0,4.0,4.0,5.0,3.0,1.0,0.0,5.0,1.0,0.0,1.0,HOROZ
4.0,4.0,5.0,1.0,6.0,6.0,4.0,4.0,0.0,3.0,1.0,0.0,5.0,1.0,0.0,1.0,HOROZ
4.0,4.0,5.0,1.0,6.0,6.0,4.0,4.0,1.0,4.0,1.0,0.0,5.0,1.0,0.0,3.0,HOROZ
4.0,4.0,4.0,2.0,4.0,4.0,4.0,4.0,1.0,2.0,1.0,1.0,4.0,2.0,1.0,0.0,HOROZ
4.0,4.0,4.0,2.0,4.0,4.0,4.0,4.0,2.0,4.0,2.0,1.0,4.0,2.0,1.0,2.0,HOROZ
4.0,4.0,5.0,1.0,6.0,6.0,4.0,4.0,0.0,4.0,1.0,0.0,5.0,1.0,0.0,1.0,HOROZ
4.0,4.0,5.0,1.0,6.0,6.0,4.0,4.0,4.0,4.0,1.0,0.0,5.0,1.0,0.0,4.0,HOROZ
4.0,4.0,5.0,1.0,6.0,6.0,4.0,4.0,0.0,3.0,1.0,0.0,5.0,1.0,0.0,1.0,HOROZ
4.0,4.0,5.0,1.0,6.0,6.0,4.0,4.0,1.0,4.0,1.0,0.0,5.0,1.0,0.0,3.0,HOROZ
4.0,4.0,4.0,1.0,6.0,6.0,4.0,4.0,0.0,4.0,1.0,0.0,5.0,1.0,0.0,3.0,HOROZ
4.0,4.0,5.0,1.0,6.0,6.0,4.0,4.0,4.0,4.0,1.0,0.0,5.0,1.0,0.0,2.0,HOROZ
4.0,4.0,4.0,2.0,4.0,4.0,4.0,4.0,4.0,3.0,2.0,1.0,4.0,2.0,1.0,1.0,HOROZ
4.0,4.0,4.0,1.0,6.0,6.0,4.0,4.0,0.0,4.0,1.0,0.0,5.0,1.0,0.0,2.0,HOROZ
4.0,4.0,4.0,1.0,6.0,6.0,4.0,4.0,0.0,2.0,1.0,0.0,5.0,1.0,0.0,1.0,HOROZ
4.0,4.0,4.0,2.0,5.0,5.0,4.0,4.0,0.0,4.0,1.0,0.0,5.0,2.0,0.0,1.0,HOROZ
4.0,4.0,4.0,1.0,6.0,6.0,4.0,4.0,0.0,4.0,1.0,0.0,5.0,1.0,0.0,4.0,HOROZ
4.0,4.0,4.0,1.0,6.0,6.0,4.0,4.0,6.0,4.0,1.0,0.0,5.0,1.0,0.0,1.0,HOROZ
4.0,4.0,5.0,1.0,6.0,6.0,4.0,4.0,6.0,2.0,1.0,0.0,5.0,1.0,0.0,1.0,HOROZ
4.0,4.0,4.0,1.0,6.0,6.0,4.0,4.0,1.0,4.0,1.0,0.0,5.0,1.0,0.0,4.0,HOROZ
4.0,5.0,5.0,1.0,6.0,6.0,4.0,4.0,4.0,4.0,1.0,0.0,5.0,1.0,0.0,1.0,HOROZ
4.0,4.0,4.0,1.0,5.0,5.0,4.0,4.0,1.0,4.0,1.0,0.0,5.0,1.0,0.0,2.0,HOROZ
4.0,4.0,4.0,1.0,6.0,6.0,4.0,4.0,5.0,1.0,1.0,0.0,5.0,1.0,0.0,1.0,HOROZ
4.0,4.0,5.0,1.0,6.0,6.0,4.0,4.0,0.0,4.0,1.0,0.0,5.0,1.0,0.0,3.0,HOROZ
4.0,4.0,4.0,2.0,5.0,5.0,4.0,4.0,5.0,4.0,2.0,0.0,4.0,2.0,0.0,1.0,HOROZ
4.0,4.0,4.0,2.0,4.0,4.0,4.0,4.0,2.0,3.0,1.0,1.0,4.0,2.0,1.0,3.0,HOROZ
4.0,5.0,5.0,0.0,6.0,6.0,4.0,4.0,0.0,2.0,0.0,0.0,6.0,0.0,0.0,3.0,HOROZ
4.0,4.0,4.0,1.0,6.0,6.0,4.0,4.0,0.0,5.0,2.0,0.0,5.0,1.0,0.0,4.0,HOROZ
4.0,4.0,5.0,1.0,6.0,6.0,4.0,4.0,0.0,4.0,1.0,0.0,5.0,1.0,0.0,3.0,HOROZ
4.0,4.0,5.0,1.0,6.0,6.0,4.0,4.0,0.0,4.0,1.0,0.0,5.0,1.0,0.0,3.0,HOROZ
4.0,4.0,4.0,2.0,5.0,5.0,4.0,4.0,2.0,2.0,1.0,0.0,5.0,2.0,0.0,1.0,HOROZ
4.0,4.0,4.0,1.0,6.0,6.0,4.0,4.0,6.0,4.0,1.0,0.0,5.0,1.0,0.0,3.0,HOROZ
4.0,4.0,5.0,1.0,6.0,6.0,4.0,4.0,0.0,4.0,1.0,0.0,5.0,1.0,0.0,1.0,HOROZ
4.0,4.0,4.0,1.0,6.0,6.0,4.0,4.0,0.0,4.0,2.0,0.0,5.0,1.0,0.0,3.0,HOROZ
4.0,4.0,4.0,2.0,5.0,5.0,4.0,4.0,0.0,2.0,1.0,0.0,5.0,1.0,0.0,1.0,HOROZ
4.0,4.0,4.0,1.0,6.0,6.0,4.0,4.0,2.0,2.0,1.0,0.0,5.0,1.0,0.0,1.0,HOROZ
4.0,4.0,4.0,1.0,6.0,6.0,4.0,4.0,2.0,3.0,1.0,0.0,5.0,1.0,0.0,2.0,HOROZ
4.0,4.0,5.0,1.0,6.0,6.0,4.0,4.0,0.0,1.0,1.0,0.0,5.0,1.0,0.0,1.0,HOROZ
4.0,4.0,5.0,1.0,6.0,6.0,4.0,4.0,5.0,4.0,1.0,0.0,5.0,1.0,0.0,3.0,HOROZ
4.0,4.0,4.0,1.0,6.0,6.0,4.0,4.0,2.0,4.0,1.0,0.0,5.0,1.0,0.0,3.0,HOROZ
4.0,4.0,4.0,2.0,4.0,4.0,4.0,4.0,4.0,1.0,1.0,1.0,4.0,2.0,1.0,1.0,HOROZ
4.0,4.0,4.0,2.0,4.0,4.0,4.0,4.0,4.0,1.0,1.0,1.0,4.0,2.0,1.0,1.0,HOROZ
4.0,4.0,4.0,1.0,6.0,6.0,4.0,4.0,2.0,4.0,2.0,0.0,5.0,1.0,0.0,2.0,HOROZ
4.0,4.0,4.0,1.0,6.0,6.0,4.0,4.0,1.0,4.0,1.0,0.0,5.0,1.0,0.0,1.0,HOROZ
4.0,4.0,4.0,2.0,4.0,4.0,4.0,4.0,1.0,3.0,1.0,1.0,4.0,2.0,1.0,3.0,HOROZ
4.0,4.0,4.0,2.0,5.0,5.0,4.0,4.0,0.0,4.0,1.0,0.0,5.0,1.0,0.0,1.0,HOROZ
4.0,4.0,4.0,1.0,6.0,6.0,4.0,4.0,5.0,3.0,1.0,0.0,5.0,1.0,0.0,1.0,HOROZ
4.0,5.0,5.0,0.0,6.0,6.0,4.0,4.0,0.0,4.0,0.0,0.0,6.0,0.0,0.0,2.0,HOROZ
4.0,4.0,4.0,1.0,6.0,6.0,4.0,4.0,0.0,4.0,2.0,0.0,5.0,1.0,0.0,3.0,HOROZ
4.0,4.0,5.0,1.0,6.0,6.0,4.0,4.0,0.0,4.0,1.0,0.0,5.0,1.0,0.0,2.0,HOROZ
4.0,4.0,4.0,1.0,6.0,6.0,4.0,4.0,4.0,3.0,1.0,0.0,5.0,1.0,0.0,2.0,HOROZ
4.0,4.0,4.0,2.0,5.0,5.0,4.0,4.0,2.0,1.0,1.0,0.0,5.0,1.0,0.0,0.0,HOROZ
4.0,4.0,4.0,1.0,5.0,5.0,4.0,4.0,2.0,4.0,1.0,0.0,5.0,1.0,0.0,1.0,HOROZ
4.0,4.0,5.0,1.0,6.0,6.0,4.0,4.0,6.0,2.0,1.0,0.0,5.0,1.0,0.0,1.0,HOROZ
4.0,4.0,4.0,1.0,6.0,6.0,4.0,4.0,5.0,4.0,1.0,0.0,5.0,1.0,0.0,3.0,HOROZ
4.0,4.0,4.0,1.0,6.0,6.0,4.0,4.0,0.0,4.0,1.0,0.0,5.0,1.0,0.0,4.0,HOROZ
4.0,5.0,5.0,1.0,6.0,6.0,4.0,4.0,4.0,2.0,1.0,0.0,5.0,1.0,0.0,1.0,HOROZ
4.0,4.0,4.0,1.0,5.0,5.0,4.0,4.0,6.0,4.0,2.0,0.0,5.0,1.0,0.0,3.0,HOROZ
4.0,4.0,4.0,1.0,6.0,6.0,4.0,4.0,2.0,2.0,1.0,0.0,5.0,1.0,0.0,1.0,HOROZ
4.0,5.0,5.0,1.0,6.0,6.0,4.0,4.0,0.0,3.0,1.0,0.0,5.0,1.0,0.0,3.0,HOROZ
4.0,4.0,4.0,1.0,6.0,6.0,4.0,4.0,0.0,4.0,1.0,0.0,5.0,1.0,0.0,3.0,HOROZ
4.0,4.0,5.0,1.0,6.0,6.0,4.0,4.0,0.0,4.0,1.0,0.0,5.0,1.0,0.0,2.0,HOROZ
4.0,4.0,4.0,1.0,6.0,6.0,4.0,4.0,5.0,3.0,1.0,0.0,5.0,1.0,0.0,1.0,HOROZ
4.0,4.0,4.0,1.0,6.0,6.0,4.0,4.0,4.0,4.0,1.0,0.0,5.0,1.0,0.0,4.0,HOROZ
4.0,4.0,4.0,1.0,6.0,6.0,4.0,4.0,0.0,4.0,1.0,0.0,5.0,1.0,0.0,2.0,HOROZ
4.0,4.0,4.0,2.0,5.0,5.0,4.0,4.0,1.0,4.0,1.0,0.0,5.0,1.0,0.0,1.0,HOROZ
4.0,4.0,4.0,1.0,6.0,6.0,4.0,4.0,0.0,4.0,1.0,0.0,5.0,1.0,0.0,1.0,HOROZ
4.0,4.0,4.0,1.0,6.0,6.0,4.0,4.0,2.0,4.0,1.0,0.0,5.0,1.0,0.0,4.0,HOROZ
4.0,4.0,5.0,1.0,6.0,6.0,4.0,4.0,2.0,3.0,1.0,0.0,5.0,1.0,0.0,1.0,HOROZ
4.0,4.0,5.0,1.0,6.0,6.0,4.0,4.0,2.0,3.0,1.0,0.0,5.0,1.0,0.0,1.0,HOROZ
4.0,4.0,4.0,1.0,6.0,6.0,4.0,4.0,2.0,3.0,1.0,0.0,5.0,1.0,0.0,1.0,HOROZ
4.0,4.0,4.0,3.0,4.0,4.0,4.0,4.0,1.0,3.0,1.0,1.0,4.0,2.0,1.0,1.0,HOROZ
4.0,4.0,4.0,1.0,6.0,6.0,4.0,4.0,6.0,4.0,1.0,0.0,5.0,1.0,0.0,1.0,HOROZ
4.0,4.0,5.0,1.0,6.0,6.0,4.0,4.0,0.0,4.0,1.0,0.0,5.0,1.0,0.0,2.0,HOROZ
4.0,4.0,5.0,1.0,6.0,6.0,4.0,4.0,0.0,2.0,1.0,0.0,5.0,1.0,0.0,2.0,HOROZ
4.0,4.0,5.0,1.0,6.0,6.0,4.0,4.0,5.0,4.0,1.0,0.0,5.0,1.0,0.0,3.0,HOROZ
4.0,4.0,4.0,1.0,6.0,6.0,4.0,4.0,4.0,4.0,1.0,0.0,5.0,1.0,0.0,2.0,HOROZ
4.0,4.0,4.0,1.0,6.0,6.0,4.0,4.0,4.0,4.0,1.0,0.0,5.0,1.0,0.0,4.0,HOROZ
4.0,4.0,5.0,1.0,6.0,6.0,4.0,4.0,4.0,4.0,1.0,0.0,5.0,1.0,0.0,4.0,HOROZ
4.0,4.0,4.0,1.0,6.0,6.0,4.0,4.0,0.0,3.0,1.0,0.0,5.0,1.0,0.0,1.0,HOROZ
4.0,4.0,4.0,1.0,6.0,6.0,4.0,4.0,0.0,4.0,1.0,0.0,5.0,1.0,0.0,1.0,HOROZ
4.0,4.0,4.0,1.0,6.0,6.0,4.0,4.0,4.0,3.0,1.0,0.0,5.0,1.0,0.0,1.0,HOROZ
4.0,4.0,4.0,1.0,6.0,6.0,4.0,4.0,5.0,4.0,2.0,0.0,5.0,1.0,0.0,1.0,HOROZ
4.0,5.0,5.0,1.0,6.0,6.0,4.0,4.0,0.0,2.0,0.0,0.0,5.0,1.0,0.0,1.0,HOROZ
4.0,5.0,4.0,1.0,6.0,6.0,4.0,4.0,2.0,2.0,0.0,0.0,5.0,1.0,0.0,3.0,HOROZ
4.0,5.0,5.0,1.0,6.0,6.0,4.0,4.0,4.0,0.0,0.0,0.0,5.0,1.0,0.0,0.0,HOROZ
4.0,5.0,5.0,1.0,6.0,6.0,4.0,4.0,4.0,0.0,0.0,0.0,5.0,1.0,0.0,0.0,HOROZ
4.0,4.0,4.0,1.0,5.0,5.0,4.0,4.0,0.0,4.0,1.0,0.0,5.0,1.0,0.0,1.0,HOROZ
4.0,5.0,5.0,1.0,6.0,6.0,4.0,4.0,0.0,4.0,0.0,0.0,5.0,0.0,0.0,3.0,HOROZ
4.0,4.0,4.0,1.0,6.0,6.0,4.0,4.0,4.0,4.0,1.0,0.0,5.0,1.0,0.0,1.0,HOROZ
4.0,4.0,5.0,1.0,6.0,6.0,4.0,4.0,0.0,4.0,1.0,0.0,5.0,1.0,0.0,4.0,HOROZ
4.0,4.0,5.0,1.0,6.0,6.0,4.0,4.0,0.0,4.0,1.0,0.0,5.0,1.0,0.0,4.0,HOROZ
4.0,4.0,4.0,1.0,6.0,6.0,4.0,4.0,2.0,4.0,2.0,0.0,5.0,1.0,0.0,2.0,HOROZ
4.0,5.0,5.0,1.0,6.0,6.0,4.0,4.0,1.0,2.0,0.0,0.0,5.0,1.0,0.0,2.0,HOROZ
4.0,4.0,5.0,1.0,6.0,6.0,4.0,4.0,5.0,3.0,1.0,0.0,5.0,1.0,0.0,1.0,HOROZ
4.0,4.0,5.0,1.0,6.0,6.0,4.0,4.0,0.0,4.0,1.0,0.0,5.0,1.0,0.0,4.0,HOROZ
4.0,5.0,4.0,2.0,5.0,5.0,4.0,4.0,4.0,2.0,1.0,0.0,4.0,2.0,0.0,1.0,HOROZ
4.0,4.0,5.0,1.0,6.0,6.0,4.0,4.0,5.0,4.0,1.0,0.0,5.0,1.0,0.0,1.0,HOROZ
4.0,5.0,4.0,2.0,5.0,5.0,4.0,4.0,1.0,4.0,1.0,0.0,4.0,1.0,0.0,4.0,HOROZ
4.0,4.0,4.0,1.0,6.0,6.0,4.0,4.0,2.0,4.0,1.0,0.0,5.0,1.0,0.0,4.0,HOROZ
4.0,4.0,4.0,1.0,6.0,6.0,4.0,4.0,5.0,4.0,1.0,0.0,5.0,1.0,0.0,2.0,HOROZ
4.0,4.0,4.0,2.0,5.0,5.0,4.0,4.0,0.0,1.0,1.0,0.0,5.0,1.0,0.0,0.0,HOROZ
4.0,5.0,5.0,1.0,6.0,6.0,4.0,4.0,0.0,2.0,1.0,0.0,5.0,1.0,0.0,1.0,HOROZ
4.0,4.0,4.0,2.0,4.0,4.0,4.0,4.0,0.0,3.0,1.0,1.0,4.0,2.0,1.0,1.0,HOROZ
4.0,4.0,5.0,1.0,6.0,6.0,4.0,4.0,4.0,4.0,1.0,0.0,5.0,1.0,0.0,4.0,HOROZ
4.0,5.0,4.0,1.0,6.0,6.0,4.0,4.0,0.0,2.0,1.0,0.0,5.0,1.0,0.0,2.0,HOROZ
4.0,4.0,4.0,1.0,6.0,6.0,4.0,4.0,5.0,2.0,1.0,0.0,5.0,1.0,0.0,1.0,HOROZ
4.0,4.0,5.0,1.0,6.0,6.0,4.0,4.0,0.0,4.0,1.0,0.0,5.0,1.0,0.0,2.0,HOROZ
4.0,5.0,5.0,1.0,6.0,6.0,4.0,4.0,0.0,2.0,1.0,0.0,5.0,1.0,0.0,1.0,HOROZ
4.0,4.0,5.0,1.0,6.0,6.0,4.0,4.0,0.0,2.0,1.0,0.0,5.0,1.0,0.0,1.0,HOROZ
4.0,4.0,5.0,1.0,6.0,6.0,4.0,4.0,4.0,4.0,1.0,0.0,5.0,1.0,0.0,2.0,HOROZ
4.0,5.0,4.0,1.0,6.0,6.0,4.0,4.0,0.0,2.0,1.0,0.0,5.0,1.0,0.0,1.0,HOROZ
4.0,4.0,5.0,1.0,6.0,6.0,4.0,4.0,0.0,4.0,1.0,0.0,5.0,1.0,0.0,4.0,HOROZ
4.0,4.0,5.0,1.0,6.0,6.0,4.0,4.0,3.0,4.0,1.0,0.0,5.0,1.0,0.0,1.0,HOROZ
4.0,4.0,5.0,1.0,6.0,6.0,4.0,4.0,2.0,4.0,1.0,0.0,5.0,1.0,0.0,3.0,HOROZ
4.0,5.0,5.0,1.0,6.0,6.0,4.0,4.0,0.0,4.0,1.0,0.0,5.0,1.0,0.0,3.0,HOROZ
4.0,4.0,4.0,2.0,5.0,5.0,4.0,4.0,1.0,1.0,1.0,0.0,5.0,1.0,0.0,1.0,HOROZ
4.0,4.0,4.0,2.0,4.0,4.0,4.0,4.0,0.0,2.0,1.0,1.0,4.0,2.0,1.0,1.0,HOROZ
4.0,4.0,4.0,3.0,3.0,3.0,4.0,4.0,2.0,1.0,3.0,1.0,3.0,2.0,1.0,0.0,HOROZ
4.0,4.0,4.0,1.0,6.0,6.0,4.0,4.0,5.0,3.0,1.0,0.0,5.0,1.0,0.0,4.0,HOROZ
4.0,4.0,5.0,1.0,6.0,6.0,4.0,4.0,0.0,4.0,1.0,0.0,5.0,1.0,0.0,2.0,HOROZ
4.0,4.0,4.0,2.0,4.0,4.0,4.0,4.0,5.0,1.0,1.0,1.0,4.0,2.0,1.0,1.0,HOROZ
4.0,5.0,5.0,1.0,6.0,6.0,4.0,4.0,0.0,2.0,0.0,0.0,5.0,1.0,0.0,3.0,HOROZ
4.0,4.0,5.0,1.0,6.0,6.0,4.0,4.0,5.0,6.0,1.0,0.0,5.0,1.0,0.0,2.0,HOROZ
4.0,4.0,4.0,2.0,5.0,5.0,4.0,4.0,1.0,2.0,1.0,0.0,5.0,1.0,0.0,2.0,HOROZ
4.0,4.0,4.0,2.0,5.0,5.0,4.0,4.0,1.0,2.0,1.0,0.0,5.0,1.0,0.0,2.0,HOROZ
4.0,4.0,4.0,2.0,5.0,5.0,4.0,4.0,4.0,4.0,2.0,0.0,4.0,1.0,0.0,1.0,HOROZ
4.0,4.0,4.0,2.0,4.0,4.0,4.0,4.0,5.0,4.0,3.0,1.0,4.0,2.0,1.0,2.0,HOROZ
4.0,4.0,5.0,1.0,6.0,6.0,4.0,4.0,0.0,4.0,1.0,0.0,5.0,1.0,0.0,5.0,HOROZ
4.0,5.0,5.0,1.0,6.0,6.0,4.0,4.0,0.0,4.0,1.0,0.0,5.0,1.0,0.0,4.0,HOROZ
4.0,4.0,4.0,1.0,6.0,6.0,4.0,4.0,0.0,4.0,1.0,0.0,5.0,1.0,0.0,1.0,HOROZ
4.0,4.0,5.0,1.0,6.0,6.0,4.0,4.0,0.0,4.0,1.0,0.0,5.0,1.0,0.0,3.0,HOROZ
4.0,5.0,5.0,1.0,6.0,6.0,4.0,4.0,0.0,2.0,1.0,0.0,5.0,1.0,0.0,1.0,HOROZ
4.0,4.0,4.0,1.0,6.0,6.0,4.0,4.0,0.0,4.0,1.0,0.0,5.0,1.0,0.0,1.0,HOROZ
4.0,4.0,4.0,2.0,4.0,4.0,4.0,4.0,5.0,0.0,1.0,0.0,4.0,2.0,0.0,0.0,HOROZ
4.0,5.0,4.0,1.0,6.0,6.0,4.0,4.0,0.0,4.0,1.0,0.0,5.0,1.0,0.0,1.0,HOROZ
4.0,4.0,5.0,1.0,6.0,6.0,4.0,4.0,5.0,4.0,1.0,0.0,5.0,1.0,0.0,4.0,HOROZ
4.0,4.0,4.0,1.0,6.0,6.0,4.0,4.0,4.0,4.0,1.0,0.0,5.0,1.0,0.0,3.0,HOROZ
4.0,4.0,4.0,2.0,4.0,4.0,4.0,4.0,2.0,4.0,3.0,1.0,4.0,2.0,1.0,1.0,HOROZ
4.0,4.0,4.0,1.0,6.0,6.0,4.0,4.0,0.0,4.0,1.0,0.0,5.0,1.0,0.0,3.0,HOROZ
4.0,4.0,5.0,1.0,6.0,6.0,4.0,4.0,4.0,3.0,1.0,0.0,5.0,1.0,0.0,1.0,HOROZ
4.0,4.0,5.0,1.0,6.0,6.0,4.0,4.0,2.0,3.0,1.0,0.0,5.0,1.0,0.0,3.0,HOROZ
4.0,4.0,4.0,4.0,2.0,2.0,4.0,4.0,2.0,0.0,1.0,3.0,3.0,2.0,3.0,0.0,HOROZ
4.0,4.0,5.0,1.0,6.0,6.0,4.0,4.0,5.0,4.0,1.0,0.0,5.0,1.0,0.0,2.0,HOROZ
4.0,5.0,5.0,1.0,6.0,6.0,4.0,4.0,6.0,4.0,1.0,0.0,5.0,1.0,0.0,1.0,HOROZ
4.0,4.0,4.0,1.0,6.0,6.0,4.0,4.0,4.0,2.0,1.0,0.0,5.0,1.0,0.0,1.0,HOROZ
4.0,5.0,4.0,1.0,6.0,6.0,4.0,4.0,4.0,3.0,0.0,0.0,5.0,1.0,0.0,3.0,HOROZ
4.0,5.0,5.0,1.0,6.0,6.0,4.0,4.0,0.0,4.0,0.0,0.0,5.0,1.0,0.0,1.0,HOROZ
4.0,4.0,5.0,1.0,6.0,6.0,4.0,4.0,1.0,4.0,1.0,0.0,5.0,1.0,0.0,4.0,HOROZ
4.0,4.0,5.0,1.0,6.0,6.0,4.0,4.0,2.0,4.0,1.0,0.0,5.0,1.0,0.0,1.0,HOROZ
4.0,4.0,5.0,1.0,6.0,6.0,4.0,4.0,0.0,3.0,1.0,0.0,5.0,1.0,0.0,1.0,HOROZ
4.0,5.0,5.0,1.0,6.0,6.0,4.0,4.0,0.0,2.0,1.0,0.0,5.0,1.0,0.0,1.0,HOROZ
4.0,4.0,4.0,1.0,6.0,6.0,4.0,4.0,4.0,3.0,1.0,0.0,5.0,1.0,0.0,1.0,HOROZ
4.0,4.0,4.0,1.0,6.0,6.0,4.0,4.0,4.0,3.0,1.0,0.0,5.0,1.0,0.0,1.0,HOROZ
4.0,5.0,4.0,2.0,5.0,5.0,4.0,4.0,4.0,3.0,1.0,0.0,4.0,1.0,0.0,1.0,HOROZ
4.0,4.0,4.0,2.0,5.0,5.0,4.0,4.0,5.0,3.0,1.0,0.0,4.0,1.0,0.0,2.0,HOROZ
4.0,4.0,4.0,1.0,6.0,6.0,4.0,4.0,1.0,4.0,1.0,0.0,5.0,1.0,0.0,3.0,HOROZ
4.0,5.0,5.0,1.0,6.0,6.0,4.0,4.0,0.0,3.0,1.0,0.0,5.0,1.0,0.0,2.0,HOROZ
4.0,4.0,5.0,1.0,6.0,6.0,4.0,4.0,1.0,4.0,1.0,0.0,5.0,1.0,0.0,3.0,HOROZ
4.0,5.0,5.0,1.0,6.0,6.0,4.0,4.0,0.0,3.0,1.0,0.0,5.0,1.0,0.0,3.0,HOROZ
4.0,4.0,5.0,1.0,6.0,6.0,4.0,4.0,0.0,4.0,1.0,0.0,5.0,1.0,0.0,2.0,HOROZ
4.0,4.0,4.0,2.0,4.0,4.0,4.0,4.0,0.0,1.0,1.0,1.0,4.0,2.0,1.0,0.0,HOROZ
4.0,5.0,5.0,1.0,6.0,6.0,4.0,4.0,0.0,4.0,1.0,0.0,5.0,0.0,0.0,2.0,HOROZ
4.0,4.0,5.0,1.0,6.0,6.0,4.0,4.0,0.0,4.0,1.0,0.0,5.0,1.0,0.0,2.0,HOROZ
4.0,5.0,5.0,1.0,6.0,6.0,4.0,4.0,0.0,4.0,1.0,0.0,5.0,1.0,0.0,2.0,HOROZ
4.0,5.0,5.0,1.0,6.0,6.0,4.0,4.0,2.0,3.0,1.0,0.0,5.0,1.0,0.0,1.0,HOROZ
4.0,4.0,5.0,1.0,6.0,6.0,4.0,4.0,4.0,4.0,1.0,0.0,5.0,1.0,0.0,4.0,HOROZ
4.0,5.0,5.0,1.0,6.0,6.0,4.0,4.0,0.0,4.0,1.0,0.0,5.0,1.0,0.0,4.0,HOROZ
4.0,4.0,5.0,1.0,6.0,6.0,4.0,4.0,0.0,4.0,1.0,0.0,5.0,1.0,0.0,2.0,HOROZ
4.0,5.0,5.0,1.0,6.0,6.0,4.0,4.0,0.0,1.0,1.0,0.0,5.0,1.0,0.0,1.0,HOROZ
4.0,4.0,5.0,1.0,6.0,6.0,4.0,4.0,6.0,4.0,1.0,0.0,5.0,1.0,0.0,2.0,HOROZ
4.0,4.0,5.0,1.0,6.0,6.0,4.0,4.0,6.0,4.0,1.0,0.0,5.0,1.0,0.0,2.0,HOROZ
4.0,4.0,4.0,1.0,6.0,6.0,4.0,4.0,5.0,5.0,1.0,0.0,5.0,1.0,0.0,2.0,HOROZ
4.0,5.0,5.0,1.0,6.0,6.0,4.0,4.0,0.0,4.0,1.0,0.0,5.0,1.0,0.0,4.0,HOROZ
4.0,4.0,5.0,1.0,6.0,6.0,4.0,4.0,4.0,4.0,1.0,0.0,5.0,1.0,0.0,3.0,HOROZ
4.0,4.0,5.0,1.0,6.0,6.0,4.0,4.0,1.0,4.0,1.0,0.0,5.0,1.0,0.0,1.0,HOROZ
4.0,4.0,5.0,1.0,6.0,6.0,4.0,4.0,3.0,4.0,2.0,0.0,5.0,1.0,0.0,4.0,HOROZ
4.0,4.0,4.0,2.0,5.0,5.0,4.0,4.0,5.0,5.0,3.0,1.0,4.0,2.0,1.0,4.0,HOROZ
4.0,5.0,4.0,1.0,6.0,6.0,4.0,4.0,0.0,2.0,1.0,0.0,5.0,1.0,0.0,3.0,HOROZ
4.0,5.0,5.0,1.0,6.0,6.0,4.0,4.0,2.0,4.0,1.0,0.0,5.0,1.0,0.0,1.0,HOROZ
4.0,4.0,5.0,1.0,6.0,6.0,4.0,4.0,4.0,4.0,1.0,0.0,5.0,1.0,0.0,2.0,HOROZ
4.0,4.0,5.0,1.0,6.0,6.0,4.0,4.0,4.0,4.0,1.0,0.0,5.0,1.0,0.0,2.0,HOROZ
4.0,4.0,4.0,1.0,6.0,6.0,4.0,4.0,0.0,4.0,1.0,0.0,5.0,1.0,0.0,4.0,HOROZ
4.0,4.0,5.0,1.0,6.0,6.0,4.0,4.0,4.0,4.0,2.0,0.0,5.0,1.0,0.0,4.0,HOROZ
4.0,4.0,5.0,1.0,6.0,6.0,4.0,4.0,6.0,4.0,1.0,0.0,5.0,1.0,0.0,1.0,HOROZ
4.0,5.0,5.0,1.0,6.0,6.0,4.0,4.0,1.0,4.0,1.0,0.0,5.0,1.0,0.0,1.0,HOROZ
4.0,4.0,4.0,1.0,6.0,6.0,4.0,4.0,1.0,3.0,1.0,0.0,5.0,1.0,0.0,2.0,HOROZ
4.0,4.0,4.0,2.0,4.0,4.0,4.0,4.0,1.0,4.0,1.0,1.0,4.0,2.0,1.0,1.0,HOROZ
4.0,5.0,5.0,1.0,6.0,6.0,4.0,4.0,4.0,2.0,0.0,0.0,5.0,1.0,0.0,2.0,HOROZ
4.0,4.0,4.0,2.0,4.0,4.0,4.0,4.0,1.0,4.0,3.0,1.0,4.0,2.0,1.0,1.0,HOROZ
4.0,5.0,5.0,1.0,6.0,6.0,4.0,4.0,1.0,4.0,1.0,0.0,5.0,1.0,0.0,3.0,HOROZ
4.0,4.0,4.0,2.0,4.0,4.0,4.0,4.0,5.0,2.0,1.0,1.0,4.0,2.0,1.0,2.0,HOROZ
4.0,5.0,4.0,1.0,6.0,6.0,4.0,4.0,0.0,2.0,1.0,0.0,5.0,1.0,0.0,3.0,HOROZ
4.0,5.0,5.0,1.0,6.0,6.0,4.0,4.0,1.0,4.0,0.0,0.0,5.0,1.0,0.0,4.0,HOROZ
4.0,5.0,5.0,1.0,6.0,6.0,4.0,4.0,1.0,4.0,0.0,0.0,5.0,1.0,0.0,4.0,HOROZ
4.0,5.0,5.0,1.0,6.0,6.0,4.0,4.0,2.0,4.0,1.0,0.0,5.0,1.0,0.0,4.0,HOROZ
4.0,5.0,4.0,2.0,4.0,4.0,4.0,4.0,0.0,0.0,1.0,0.0,4.0,1.0,0.0,0.0,HOROZ
4.0,4.0,5.0,1.0,6.0,6.0,4.0,4.0,0.0,4.0,1.0,0.0,5.0,1.0,0.0,2.0,HOROZ
4.0,4.0,4.0,2.0,6.0,6.0,4.0,4.0,1.0,1.0,1.0,0.0,5.0,1.0,0.0,0.0,HOROZ
4.0,5.0,4.0,2.0,5.0,5.0,4.0,4.0,0.0,2.0,1.0,0.0,4.0,1.0,0.0,3.0,HOROZ
4.0,5.0,5.0,1.0,6.0,6.0,4.0,4.0,4.0,4.0,1.0,0.0,5.0,1.0,0.0,4.0,HOROZ
4.0,4.0,5.0,1.0,6.0,6.0,4.0,4.0,6.0,5.0,1.0,0.0,5.0,1.0,0.0,3.0,HOROZ
4.0,4.0,5.0,1.0,6.0,6.0,4.0,4.0,6.0,5.0,1.0,0.0,5.0,1.0,0.0,3.0,HOROZ
4.0,4.0,5.0,1.0,6.0,6.0,4.0,4.0,4.0,4.0,1.0,0.0,5.0,1.0,0.0,1.0,HOROZ
4.0,4.0,4.0,2.0,4.0,4.0,4.0,4.0,5.0,0.0,1.0,1.0,4.0,2.0,1.0,0.0,HOROZ
4.0,5.0,5.0,1.0,6.0,6.0,4.0,4.0,0.0,4.0,1.0,0.0,5.0,1.0,0.0,1.0,HOROZ
4.0,5.0,4.0,2.0,6.0,6.0,4.0,4.0,0.0,2.0,1.0,0.0,4.0,1.0,0.0,3.0,HOROZ
4.0,5.0,4.0,2.0,5.0,5.0,4.0,4.0,1.0,2.0,1.0,0.0,4.0,2.0,0.0,1.0,HOROZ
4.0,5.0,5.0,1.0,6.0,6.0,4.0,4.0,0.0,4.0,1.0,0.0,5.0,1.0,0.0,2.0,HOROZ
4.0,5.0,5.0,1.0,6.0,6.0,4.0,4.0,0.0,4.0,1.0,0.0,5.0,1.0,0.0,2.0,HOROZ
4.0,4.0,4.0,1.0,6.0,6.0,4.0,4.0,0.0,4.0,1.0,0.0,4.0,1.0,0.0,4.0,HOROZ
4.0,4.0,5.0,1.0,6.0,6.0,4.0,4.0,1.0,4.0,1.0,0.0,5.0,1.0,0.0,2.0,HOROZ
4.0,5.0,5.0,1.0,6.0,6.0,4.0,4.0,0.0,0.0,1.0,0.0,5.0,1.0,0.0,0.0,HOROZ
4.0,5.0,5.0,1.0,6.0,6.0,4.0,4.0,2.0,3.0,1.0,0.0,5.0,1.0,0.0,1.0,HOROZ
4.0,4.0,5.0,1.0,6.0,6.0,4.0,4.0,0.0,6.0,1.0,0.0,5.0,1.0,0.0,4.0,HOROZ
4.0,5.0,5.0,1.0,6.0,6.0,4.0,4.0,4.0,4.0,1.0,0.0,5.0,1.0,0.0,4.0,HOROZ
4.0,5.0,5.0,1.0,6.0,6.0,4.0,4.0,0.0,3.0,1.0,0.0,5.0,0.0,0.0,1.0,HOROZ
4.0,5.0,5.0,1.0,6.0,6.0,4.0,4.0,1.0,5.0,1.0,0.0,5.0,0.0,0.0,4.0,HOROZ
4.0,4.0,5.0,1.0,6.0,6.0,4.0,4.0,2.0,5.0,1.0,0.0,5.0,1.0,0.0,3.0,HOROZ
4.0,4.0,5.0,1.0,6.0,6.0,4.0,4.0,1.0,4.0,1.0,0.0,5.0,1.0,0.0,3.0,HOROZ
4.0,4.0,4.0,2.0,4.0,4.0,4.0,4.0,0.0,2.0,1.0,1.0,4.0,2.0,1.0,1.0,HOROZ
4.0,5.0,5.0,1.0,6.0,6.0,4.0,4.0,0.0,2.0,1.0,0.0,5.0,1.0,0.0,1.0,HOROZ
4.0,5.0,5.0,1.0,6.0,6.0,4.0,4.0,6.0,4.0,1.0,0.0,5.0,1.0,0.0,1.0,HOROZ
4.0,5.0,4.0,2.0,6.0,6.0,4.0,4.0,2.0,2.0,1.0,0.0,5.0,1.0,0.0,1.0,HOROZ
4.0,4.0,5.0,1.0,6.0,6.0,4.0,4.0,2.0,4.0,1.0,0.0,5.0,1.0,0.0,3.0,HOROZ
4.0,4.0,5.0,1.0,6.0,6.0,4.0,4.0,0.0,4.0,1.0,0.0,5.0,1.0,0.0,3.0,HOROZ
4.0,5.0,5.0,1.0,6.0,6.0,4.0,4.0,2.0,2.0,1.0,0.0,5.0,0.0,0.0,2.0,HOROZ
4.0,5.0,5.0,1.0,6.0,6.0,4.0,4.0,4.0,2.0,1.0,0.0,5.0,1.0,0.0,1.0,HOROZ
4.0,5.0,5.0,1.0,6.0,6.0,4.0,4.0,0.0,2.0,1.0,0.0,5.0,1.0,0.0,1.0,HOROZ
4.0,4.0,4.0,2.0,6.0,6.0,4.0,4.0,0.0,0.0,1.0,0.0,5.0,1.0,0.0,0.0,HOROZ
4.0,4.0,4.0,2.0,6.0,6.0,4.0,4.0,0.0,0.0,1.0,0.0,5.0,1.0,0.0,0.0,HOROZ
4.0,4.0,4.0,2.0,6.0,6.0,4.0,4.0,5.0,4.0,2.0,0.0,5.0,1.0,0.0,2.0,HOROZ
4.0,5.0,5.0,1.0,6.0,6.0,4.0,4.0,0.0,2.0,1.0,0.0,5.0,1.0,0.0,1.0,HOROZ
4.0,5.0,5.0,1.0,6.0,6.0,4.0,4.0,2.0,4.0,1.0,0.0,5.0,0.0,0.0,4.0,HOROZ
4.0,5.0,4.0,2.0,6.0,6.0,4.0,4.0,2.0,2.0,1.0,0.0,5.0,1.0,0.0,1.0,HOROZ
4.0,5.0,5.0,1.0,6.0,6.0,4.0,4.0,4.0,3.0,1.0,0.0,5.0,1.0,0.0,1.0,HOROZ
4.0,4.0,5.0,1.0,6.0,6.0,4.0,4.0,5.0,3.0,1.0,0.0,5.0,1.0,0.0,1.0,HOROZ
4.0,5.0,5.0,1.0,6.0,6.0,4.0,4.0,6.0,4.0,1.0,0.0,5.0,1.0,0.0,2.0,HOROZ
4.0,5.0,5.0,1.0,6.0,6.0,4.0,4.0,6.0,4.0,1.0,0.0,5.0,1.0,0.0,2.0,HOROZ
4.0,4.0,4.0,2.0,5.0,5.0,4.0,4.0,4.0,0.0,1.0,0.0,4.0,1.0,0.0,0.0,HOROZ
4.0,4.0,5.0,1.0,6.0,6.0,4.0,4.0,5.0,4.0,1.0,0.0,5.0,1.0,0.0,2.0,HOROZ
4.0,5.0,5.0,1.0,6.0,6.0,4.0,4.0,4.0,2.0,0.0,0.0,5.0,1.0,0.0,1.0,HOROZ
4.0,4.0,5.0,2.0,6.0,6.0,4.0,4.0,5.0,2.0,1.0,0.0,5.0,1.0,0.0,1.0,HOROZ
4.0,5.0,5.0,1.0,6.0,6.0,4.0,4.0,0.0,4.0,1.0,0.0,5.0,1.0,0.0,1.0,HOROZ
4.0,4.0,5.0,1.0,6.0,6.0,4.0,4.0,4.0,4.0,1.0,0.0,5.0,1.0,0.0,3.0,HOROZ
4.0,4.0,4.0,2.0,6.0,6.0,4.0,4.0,0.0,4.0,2.0,0.0,5.0,1.0,0.0,2.0,HOROZ
4.0,5.0,5.0,1.0,6.0,6.0,4.0,4.0,6.0,4.0,1.0,0.0,5.0,1.0,0.0,1.0,HOROZ
4.0,4.0,5.0,1.0,6.0,6.0,4.0,4.0,2.0,5.0,1.0,0.0,5.0,1.0,0.0,3.0,HOROZ
4.0,4.0,5.0,1.0,6.0,6.0,4.0,4.0,0.0,4.0,1.0,0.0,5.0,1.0,0.0,4.0,HOROZ
4.0,4.0,4.0,2.0,6.0,6.0,4.0,4.0,0.0,4.0,1.0,0.0,4.0,1.0,0.0,3.0,HOROZ
4.0,5.0,5.0,1.0,6.0,6.0,4.0,4.0,2.0,4.0,1.0,0.0,5.0,1.0,0.0,3.0,HOROZ
4.0,4.0,4.0,2.0,5.0,5.0,4.0,4.0,5.0,4.0,1.0,0.0,4.0,1.0,0.0,3.0,HOROZ
4.0,4.0,5.0,1.0,6.0,6.0,4.0,4.0,4.0,4.0,1.0,0.0,5.0,1.0,0.0,2.0,HOROZ
4.0,4.0,5.0,1.0,6.0,6.0,4.0,4.0,4.0,4.0,1.0,0.0,5.0,1.0,0.0,2.0,HOROZ
4.0,4.0,4.0,2.0,5.0,5.0,4.0,4.0,0.0,4.0,1.0,0.0,4.0,1.0,0.0,1.0,HOROZ
4.0,4.0,5.0,1.0,6.0,6.0,4.0,4.0,4.0,4.0,1.0,0.0,5.0,1.0,0.0,1.0,HOROZ
4.0,5.0,5.0,1.0,6.0,6.0,4.0,4.0,2.0,1.0,1.0,0.0,5.0,1.0,0.0,1.0,HOROZ
4.0,5.0,4.0,2.0,5.0,5.0,5.0,4.0,4.0,0.0,1.0,0.0,4.0,1.0,0.0,0.0,HOROZ
4.0,5.0,5.0,1.0,6.0,6.0,4.0,4.0,2.0,4.0,1.0,0.0,5.0,1.0,0.0,4.0,HOROZ
4.0,4.0,5.0,1.0,6.0,6.0,4.0,4.0,0.0,6.0,1.0,0.0,5.0,1.0,0.0,4.0,HOROZ
4.0,4.0,4.0,2.0,5.0,5.0,4.0,4.0,0.0,5.0,1.0,0.0,4.0,1.0,0.0,2.0,HOROZ
4.0,5.0,5.0,1.0,6.0,6.0,4.0,4.0,4.0,3.0,1.0,0.0,5.0,1.0,0.0,2.0,HOROZ
4.0,5.0,5.0,1.0,6.0,6.0,4.0,4.0,6.0,4.0,1.0,0.0,5.0,1.0,0.0,1.0,HOROZ
4.0,4.0,4.0,2.0,4.0,4.0,4.0,4.0,6.0,4.0,1.0,1.0,4.0,2.0,1.0,2.0,HOROZ
4.0,4.0,4.0,2.0,6.0,6.0,4.0,4.0,4.0,4.0,1.0,0.0,4.0,1.0,0.0,4.0,HOROZ
4.0,5.0,5.0,1.0,6.0,6.0,4.0,4.0,2.0,4.0,1.0,0.0,5.0,1.0,0.0,3.0,HOROZ
4.0,5.0,5.0,1.0,6.0,6.0,4.0,4.0,2.0,4.0,1.0,0.0,5.0,1.0,0.0,3.0,HOROZ
4.0,5.0,5.0,1.0,6.0,6.0,4.0,4.0,0.0,4.0,1.0,0.0,5.0,1.0,0.0,4.0,HOROZ
4.0,4.0,4.0,2.0,4.0,4.0,4.0,4.0,2.0,4.0,3.0,1.0,4.0,2.0,1.0,4.0,HOROZ
4.0,4.0,4.0,2.0,5.0,5.0,4.0,4.0,2.0,4.0,1.0,0.0,4.0,1.0,0.0,1.0,HOROZ
4.0,4.0,4.0,2.0,5.0,5.0,4.0,4.0,1.0,4.0,2.0,0.0,4.0,1.0,0.0,4.0,HOROZ
4.0,5.0,5.0,1.0,6.0,6.0,4.0,4.0,0.0,4.0,1.0,0.0,5.0,1.0,0.0,1.0,HOROZ
4.0,5.0,5.0,1.0,6.0,6.0,4.0,4.0,0.0,4.0,0.0,0.0,5.0,1.0,0.0,1.0,HOROZ
4.0,5.0,5.0,1.0,6.0,6.0,4.0,4.0,0.0,4.0,1.0,0.0,5.0,1.0,0.0,1.0,HOROZ
4.0,4.0,5.0,2.0,6.0,6.0,4.0,4.0,5.0,4.0,1.0,0.0,4.0,1.0,0.0,3.0,HOROZ
4.0,5.0,5.0,1.0,6.0,6.0,4.0,4.0,0.0,2.0,1.0,0.0,5.0,1.0,0.0,1.0,HOROZ
4.0,5.0,4.0,2.0,4.0,4.0,4.0,4.0,0.0,3.0,1.0,1.0,4.0,2.0,1.0,1.0,HOROZ
4.0,5.0,5.0,1.0,6.0,6.0,4.0,4.0,2.0,3.0,1.0,0.0,5.0,1.0,0.0,3.0,HOROZ
4.0,5.0,5.0,1.0,6.0,6.0,4.0,4.0,5.0,2.0,1.0,0.0,5.0,1.0,0.0,2.0,HOROZ
4.0,5.0,5.0,1.0,6.0,6.0,4.0,4.0,1.0,4.0,1.0,0.0,5.0,1.0,0.0,2.0,HOROZ
4.0,5.0,5.0,1.0,6.0,6.0,4.0,4.0,0.0,2.0,1.0,0.0,5.0,1.0,0.0,1.0,HOROZ
4.0,4.0,4.0,2.0,5.0,5.0,4.0,4.0,4.0,4.0,2.0,0.0,4.0,1.0,0.0,3.0,HOROZ
4.0,4.0,4.0,2.0,5.0,5.0,4.0,4.0,1.0,4.0,2.0,0.0,4.0,1.0,0.0,3.0,HOROZ
4.0,5.0,5.0,1.0,6.0,6.0,4.0,4.0,4.0,4.0,1.0,0.0,5.0,1.0,0.0,1.0,HOROZ
4.0,5.0,5.0,1.0,6.0,6.0,4.0,4.0,0.0,4.0,1.0,0.0,5.0,1.0,0.0,3.0,HOROZ
4.0,5.0,5.0,2.0,6.0,6.0,4.0,4.0,5.0,4.0,1.0,0.0,4.0,1.0,0.0,3.0,HOROZ
4.0,4.0,4.0,2.0,6.0,6.0,4.0,4.0,0.0,4.0,1.0,0.0,4.0,1.0,0.0,3.0,HOROZ
4.0,5.0,5.0,2.0,6.0,6.0,4.0,4.0,1.0,2.0,1.0,0.0,4.0,1.0,0.0,2.0,HOROZ
4.0,5.0,5.0,2.0,6.0,6.0,4.0,4.0,2.0,4.0,1.0,0.0,5.0,1.0,0.0,2.0,HOROZ
4.0,5.0,4.0,2.0,5.0,5.0,4.0,4.0,0.0,4.0,1.0,0.0,4.0,1.0,0.0,3.0,HOROZ
4.0,4.0,5.0,2.0,6.0,6.0,4.0,4.0,1.0,4.0,1.0,0.0,4.0,1.0,0.0,3.0,HOROZ
4.0,5.0,5.0,1.0,6.0,6.0,4.0,4.0,2.0,2.0,1.0,0.0,5.0,1.0,0.0,1.0,HOROZ
4.0,5.0,5.0,1.0,6.0,6.0,4.0,4.0,2.0,2.0,1.0,0.0,5.0,1.0,0.0,1.0,HOROZ
4.0,5.0,4.0,2.0,6.0,6.0,4.0,4.0,0.0,4.0,1.0,0.0,4.0,1.0,0.0,2.0,HOROZ
4.0,5.0,5.0,1.0,6.0,6.0,4.0,4.0,0.0,4.0,1.0,0.0,5.0,1.0,0.0,4.0,HOROZ
4.0,5.0,5.0,1.0,6.0,6.0,4.0,4.0,0.0,4.0,1.0,0.0,5.0,1.0,0.0,3.0,HOROZ
4.0,5.0,5.0,1.0,6.0,6.0,4.0,4.0,0.0,3.0,1.0,0.0,5.0,1.0,0.0,3.0,HOROZ
4.0,4.0,4.0,2.0,5.0,5.0,4.0,4.0,2.0,4.0,2.0,0.0,4.0,1.0,0.0,4.0,HOROZ
4.0,5.0,5.0,1.0,6.0,6.0,4.0,4.0,2.0,4.0,1.0,0.0,5.0,1.0,0.0,4.0,HOROZ
4.0,5.0,5.0,1.0,6.0,6.0,4.0,4.0,0.0,3.0,1.0,0.0,5.0,1.0,0.0,1.0,HOROZ
4.0,5.0,5.0,2.0,6.0,6.0,4.0,4.0,0.0,4.0,1.0,0.0,5.0,1.0,0.0,3.0,HOROZ
4.0,5.0,4.0,2.0,5.0,5.0,4.0,4.0,1.0,2.0,1.0,0.0,4.0,1.0,0.0,2.0,HOROZ
4.0,5.0,4.0,3.0,4.0,4.0,4.0,4.0,4.0,4.0,1.0,1.0,4.0,2.0,1.0,1.0,HOROZ
4.0,5.0,5.0,2.0,6.0,6.0,4.0,4.0,2.0,2.0,1.0,0.0,4.0,1.0,0.0,1.0,HOROZ
4.0,5.0,5.0,1.0,6.0,6.0,4.0,4.0,5.0,4.0,1.0,0.0,5.0,1.0,0.0,1.0,HOROZ
4.0,5.0,5.0,1.0,6.0,6.0,4.0,4.0,0.0,4.0,1.0,0.0,5.0,1.0,0.0,3.0,HOROZ
4.0,5.0,5.0,2.0,6.0,6.0,4.0,4.0,4.0,2.0,1.0,0.0,4.0,1.0,0.0,1.0,HOROZ
4.0,5.0,5.0,1.0,6.0,6.0,4.0,4.0,1.0,2.0,0.0,0.0,5.0,1.0,0.0,2.0,HOROZ
4.0,5.0,5.0,1.0,6.0,6.0,4.0,4.0,5.0,4.0,1.0,0.0,5.0,1.0,0.0,1.0,HOROZ
4.0,5.0,5.0,1.0,6.0,6.0,4.0,4.0,0.0,2.0,1.0,0.0,5.0,1.0,0.0,1.0,HOROZ
4.0,5.0,5.0,1.0,6.0,6.0,4.0,4.0,2.0,5.0,1.0,0.0,5.0,1.0,0.0,4.0,HOROZ
4.0,5.0,5.0,2.0,6.0,6.0,4.0,4.0,4.0,2.0,1.0,0.0,4.0,1.0,0.0,1.0,HOROZ
4.0,5.0,5.0,1.0,6.0,6.0,4.0,4.0,2.0,4.0,1.0,0.0,5.0,1.0,0.0,2.0,HOROZ
4.0,5.0,5.0,1.0,6.0,6.0,4.0,4.0,4.0,4.0,1.0,0.0,5.0,0.0,0.0,3.0,HOROZ
4.0,5.0,5.0,1.0,6.0,6.0,4.0,4.0,1.0,3.0,1.0,0.0,5.0,1.0,0.0,2.0,HOROZ
4.0,5.0,5.0,1.0,6.0,6.0,4.0,4.0,4.0,5.0,1.0,0.0,5.0,1.0,0.0,4.0,HOROZ
4.0,5.0,4.0,3.0,4.0,4.0,4.0,4.0,0.0,1.0,1.0,1.0,4.0,2.0,1.0,1.0,HOROZ
4.0,4.0,5.0,2.0,6.0,6.0,4.0,4.0,6.0,4.0,2.0,0.0,4.0,1.0,0.0,3.0,HOROZ
4.0,5.0,5.0,1.0,6.0,6.0,4.0,4.0,2.0,2.0,1.0,0.0,5.0,1.0,0.0,1.0,HOROZ
4.0,5.0,5.0,1.0,6.0,6.0,4.0,4.0,0.0,4.0,1.0,0.0,5.0,1.0,0.0,1.0,HOROZ
4.0,5.0,5.0,1.0,6.0,6.0,4.0,4.0,5.0,4.0,1.0,0.0,5.0,1.0,0.0,4.0,HOROZ
4.0,5.0,5.0,1.0,6.0,6.0,4.0,4.0,5.0,4.0,1.0,0.0,5.0,1.0,0.0,4.0,HOROZ
4.0,5.0,5.0,2.0,6.0,6.0,4.0,4.0,0.0,4.0,1.0,0.0,5.0,1.0,0.0,2.0,HOROZ
4.0,5.0,5.0,2.0,6.0,6.0,4.0,4.0,2.0,2.0,0.0,0.0,4.0,1.0,0.0,4.0,HOROZ
4.0,5.0,4.0,3.0,4.0,4.0,5.0,4.0,1.0,0.0,1.0,1.0,4.0,2.0,1.0,0.0,HOROZ
4.0,5.0,5.0,1.0,6.0,6.0,4.0,4.0,4.0,4.0,1.0,0.0,5.0,1.0,0.0,1.0,HOROZ
4.0,4.0,4.0,2.0,5.0,5.0,4.0,4.0,4.0,4.0,2.0,0.0,4.0,1.0,0.0,2.0,HOROZ
4.0,5.0,5.0,2.0,6.0,6.0,4.0,4.0,1.0,4.0,1.0,0.0,4.0,1.0,0.0,4.0,HOROZ
4.0,5.0,5.0,2.0,6.0,6.0,4.0,4.0,0.0,4.0,1.0,0.0,4.0,1.0,0.0,1.0,HOROZ
4.0,5.0,5.0,2.0,6.0,6.0,4.0,4.0,5.0,4.0,1.0,0.0,4.0,1.0,0.0,1.0,HOROZ
4.0,5.0,5.0,2.0,6.0,6.0,4.0,4.0,0.0,4.0,1.0,0.0,5.0,1.0,0.0,1.0,HOROZ
4.0,5.0,4.0,2.0,5.0,5.0,4.0,4.0,0.0,4.0,1.0,0.0,4.0,1.0,0.0,4.0,HOROZ
4.0,5.0,5.0,1.0,6.0,6.0,4.0,4.0,0.0,2.0,1.0,0.0,5.0,1.0,0.0,1.0,HOROZ
4.0,5.0,5.0,2.0,6.0,6.0,4.0,4.0,5.0,4.0,1.0,0.0,5.0,1.0,0.0,3.0,HOROZ
4.0,5.0,5.0,1.0,6.0,6.0,4.0,4.0,6.0,4.0,1.0,0.0,5.0,1.0,0.0,1.0,HOROZ
4.0,5.0,5.0,1.0,6.0,6.0,4.0,4.0,4.0,4.0,1.0,0.0,5.0,1.0,0.0,3.0,HOROZ
4.0,5.0,5.0,1.0,6.0,6.0,4.0,4.0,4.0,4.0,1.0,0.0,5.0,1.0,0.0,3.0,HOROZ
4.0,5.0,4.0,2.0,5.0,5.0,4.0,4.0,4.0,4.0,1.0,0.0,4.0,1.0,0.0,1.0,HOROZ
4.0,5.0,5.0,2.0,6.0,6.0,4.0,4.0,0.0,4.0,1.0,0.0,4.0,1.0,0.0,3.0,HOROZ
4.0,4.0,5.0,2.0,6.0,6.0,4.0,4.0,6.0,4.0,2.0,0.0,4.0,1.0,0.0,2.0,HOROZ
4.0,5.0,5.0,2.0,6.0,6.0,4.0,4.0,4.0,3.0,1.0,0.0,4.0,1.0,0.0,1.0,HOROZ
4.0,5.0,4.0,2.0,5.0,5.0,4.0,4.0,5.0,4.0,1.0,0.0,4.0,1.0,0.0,4.0,HOROZ
5.0,5.0,5.0,1.0,6.0,6.0,4.0,5.0,4.0,4.0,1.0,0.0,5.0,1.0,0.0,2.0,HOROZ
5.0,5.0,5.0,1.0,6.0,6.0,4.0,5.0,4.0,4.0,1.0,0.0,5.0,1.0,0.0,2.0,HOROZ
5.0,5.0,5.0,2.0,6.0,6.0,5.0,5.0,1.0,2.0,1.0,0.0,5.0,1.0,0.0,1.0,HOROZ
5.0,5.0,5.0,1.0,6.0,6.0,4.0,5.0,0.0,4.0,1.0,0.0,5.0,1.0,0.0,2.0,HOROZ
5.0,4.0,4.0,3.0,4.0,4.0,4.0,5.0,5.0,4.0,3.0,1.0,3.0,2.0,1.0,1.0,HOROZ
5.0,5.0,5.0,2.0,6.0,6.0,4.0,5.0,0.0,4.0,1.0,0.0,4.0,1.0,0.0,4.0,HOROZ
5.0,5.0,5.0,2.0,6.0,6.0,5.0,5.0,2.0,2.0,1.0,0.0,5.0,1.0,0.0,1.0,HOROZ
5.0,4.0,5.0,2.0,5.0,5.0,4.0,5.0,2.0,4.0,2.0,0.0,4.0,1.0,0.0,4.0,HOROZ
5.0,5.0,5.0,1.0,6.0,6.0,4.0,5.0,0.0,4.0,1.0,0.0,5.0,0.0,0.0,3.0,HOROZ
5.0,5.0,5.0,2.0,6.0,6.0,4.0,5.0,0.0,4.0,1.0,0.0,4.0,1.0,0.0,3.0,HOROZ
5.0,5.0,5.0,2.0,6.0,6.0,5.0,5.0,1.0,3.0,1.0,0.0,4.0,1.0,0.0,1.0,HOROZ
5.0,5.0,5.0,1.0,6.0,6.0,5.0,5.0,6.0,4.0,1.0,0.0,5.0,1.0,0.0,1.0,HOROZ
5.0,5.0,5.0,2.0,6.0,6.0,5.0,5.0,4.0,4.0,1.0,0.0,4.0,1.0,0.0,1.0,HOROZ
5.0,5.0,5.0,2.0,6.0,6.0,5.0,5.0,0.0,2.0,1.0,0.0,4.0,1.0,0.0,4.0,HOROZ
5.0,5.0,5.0,2.0,6.0,6.0,5.0,5.0,0.0,4.0,1.0,0.0,5.0,1.0,0.0,1.0,HOROZ
5.0,5.0,5.0,1.0,6.0,6.0,5.0,5.0,0.0,4.0,1.0,0.0,5.0,1.0,0.0,4.0,HOROZ
5.0,5.0,5.0,2.0,6.0,6.0,5.0,5.0,4.0,3.0,1.0,0.0,4.0,1.0,0.0,3.0,HOROZ
5.0,5.0,5.0,1.0,6.0,6.0,5.0,5.0,1.0,4.0,1.0,0.0,5.0,1.0,0.0,3.0,HOROZ
5.0,5.0,5.0,2.0,6.0,6.0,5.0,5.0,1.0,3.0,1.0,0.0,4.0,1.0,0.0,3.0,HOROZ
5.0,5.0,5.0,1.0,6.0,6.0,5.0,5.0,2.0,4.0,1.0,0.0,5.0,1.0,0.0,3.0,HOROZ
5.0,5.0,5.0,2.0,6.0,6.0,5.0,5.0,4.0,4.0,1.0,0.0,4.0,1.0,0.0,2.0,HOROZ
5.0,5.0,5.0,1.0,6.0,6.0,5.0,5.0,2.0,2.0,0.0,0.0,5.0,0.0,0.0,2.0,HOROZ
5.0,5.0,4.0,3.0,4.0,4.0,5.0,5.0,0.0,1.0,1.0,1.0,3.0,2.0,1.0,0.0,HOROZ
5.0,5.0,4.0,3.0,4.0,4.0,5.0,5.0,5.0,2.0,0.0,1.0,3.0,2.0,1.0,3.0,HOROZ
5.0,5.0,5.0,1.0,6.0,6.0,5.0,5.0,2.0,4.0,1.0,0.0,5.0,1.0,0.0,1.0,HOROZ
5.0,5.0,5.0,1.0,6.0,6.0,5.0,5.0,5.0,4.0,1.0,0.0,5.0,1.0,0.0,2.0,HOROZ
5.0,5.0,5.0,2.0,5.0,5.0,5.0,5.0,4.0,4.0,1.0,0.0,4.0,1.0,0.0,1.0,HOROZ
5.0,5.0,5.0,2.0,6.0,6.0,5.0,5.0,4.0,2.0,1.0,0.0,4.0,1.0,0.0,1.0,HOROZ
5.0,5.0,5.0,1.0,6.0,6.0,5.0,5.0,2.0,2.0,1.0,0.0,5.0,1.0,0.0,1.0,HOROZ
5.0,5.0,5.0,3.0,5.0,5.0,5.0,5.0,0.0,1.0,1.0,0.0,4.0,1.0,0.0,1.0,HOROZ
5.0,5.0,5.0,1.0,6.0,6.0,5.0,5.0,0.0,4.0,1.0,0.0,5.0,1.0,0.0,3.0,HOROZ
5.0,5.0,5.0,1.0,6.0,6.0,5.0,5.0,5.0,4.0,1.0,0.0,5.0,0.0,0.0,3.0,HOROZ
5.0,5.0,5.0,1.0,6.0,6.0,5.0,5.0,0.0,5.0,1.0,0.0,5.0,0.0,0.0,5.0,HOROZ
5.0,5.0,5.0,2.0,6.0,6.0,5.0,5.0,2.0,4.0,1.0,0.0,4.0,1.0,0.0,3.0,HOROZ
5.0,5.0,5.0,2.0,6.0,6.0,5.0,5.0,0.0,3.0,1.0,0.0,4.0,1.0,0.0,4.0,HOROZ
5.0,5.0,5.0,1.0,6.0,6.0,5.0,5.0,1.0,4.0,1.0,0.0,5.0,1.0,0.0,3.0,HOROZ
5.0,5.0,5.0,1.0,6.0,6.0,5.0,5.0,4.0,4.0,1.0,0.0,5.0,1.0,0.0,1.0,HOROZ
5.0,5.0,5.0,1.0,6.0,6.0,5.0,5.0,0.0,4.0,1.0,0.0,5.0,1.0,0.0,2.0,HOROZ
5.0,5.0,5.0,2.0,6.0,6.0,5.0,5.0,1.0,4.0,1.0,0.0,4.0,1.0,0.0,1.0,HOROZ
5.0,5.0,5.0,2.0,6.0,6.0,5.0,5.0,0.0,3.0,1.0,0.0,4.0,1.0,0.0,1.0,HOROZ
5.0,5.0,5.0,2.0,6.0,6.0,5.0,5.0,4.0,4.0,1.0,0.0,4.0,1.0,0.0,1.0,HOROZ
5.0,5.0,5.0,2.0,6.0,6.0,5.0,5.0,6.0,2.0,0.0,0.0,4.0,1.0,0.0,1.0,HOROZ
5.0,5.0,5.0,2.0,6.0,6.0,5.0,5.0,5.0,4.0,1.0,0.0,4.0,1.0,0.0,1.0,HOROZ
5.0,5.0,5.0,2.0,6.0,6.0,5.0,5.0,0.0,2.0,1.0,0.0,4.0,1.0,0.0,1.0,HOROZ
5.0,5.0,5.0,2.0,6.0,6.0,5.0,5.0,2.0,2.0,1.0,0.0,4.0,1.0,0.0,2.0,HOROZ
5.0,5.0,5.0,1.0,6.0,6.0,5.0,5.0,0.0,4.0,1.0,0.0,5.0,0.0,0.0,2.0,HOROZ
5.0,5.0,5.0,2.0,6.0,6.0,5.0,5.0,0.0,4.0,1.0,0.0,4.0,1.0,0.0,2.0,HOROZ
5.0,5.0,4.0,3.0,4.0,4.0,5.0,5.0,4.0,4.0,1.0,1.0,3.0,1.0,1.0,1.0,HOROZ
5.0,5.0,5.0,2.0,6.0,6.0,5.0,5.0,5.0,4.0,1.0,0.0,4.0,1.0,0.0,4.0,HOROZ
5.0,5.0,5.0,2.0,6.0,6.0,5.0,5.0,4.0,4.0,1.0,0.0,4.0,1.0,0.0,4.0,HOROZ
5.0,5.0,4.0,4.0,2.0,2.0,5.0,5.0,4.0,0.0,1.0,3.0,2.0,2.0,3.0,0.0,HOROZ
5.0,5.0,5.0,1.0,6.0,6.0,5.0,5.0,4.0,5.0,1.0,0.0,5.0,0.0,0.0,2.0,HOROZ
5.0,5.0,5.0,3.0,5.0,5.0,5.0,5.0,0.0,2.0,1.0,0.0,4.0,1.0,0.0,1.0,HOROZ
5.0,5.0,5.0,2.0,6.0,6.0,5.0,5.0,5.0,2.0,1.0,0.0,4.0,1.0,0.0,1.0,HOROZ
5.0,5.0,5.0,2.0,6.0,6.0,5.0,5.0,4.0,4.0,1.0,0.0,4.0,1.0,0.0,3.0,HOROZ
5.0,5.0,5.0,2.0,6.0,6.0,5.0,5.0,4.0,3.0,1.0,0.0,4.0,1.0,0.0,2.0,HOROZ
5.0,5.0,5.0,2.0,6.0,6.0,5.0,5.0,4.0,3.0,1.0,0.0,4.0,1.0,0.0,2.0,HOROZ
5.0,5.0,5.0,2.0,6.0,6.0,5.0,5.0,0.0,3.0,1.0,0.0,4.0,1.0,0.0,4.0,HOROZ
5.0,5.0,5.0,2.0,6.0,6.0,5.0,5.0,0.0,3.0,1.0,0.0,4.0,1.0,0.0,4.0,HOROZ
5.0,5.0,5.0,2.0,6.0,6.0,5.0,5.0,2.0,4.0,2.0,0.0,4.0,1.0,0.0,4.0,HOROZ
5.0,5.0,5.0,1.0,6.0,6.0,5.0,5.0,1.0,4.0,1.0,0.0,5.0,1.0,0.0,3.0,HOROZ
5.0,5.0,5.0,1.0,6.0,6.0,5.0,5.0,4.0,3.0,1.0,0.0,5.0,0.0,0.0,4.0,HOROZ
5.0,5.0,5.0,2.0,6.0,6.0,5.0,5.0,0.0,3.0,0.0,0.0,4.0,1.0,0.0,4.0,HOROZ
5.0,5.0,4.0,3.0,4.0,4.0,5.0,5.0,5.0,4.0,2.0,1.0,3.0,2.0,1.0,1.0,HOROZ
5.0,5.0,5.0,2.0,6.0,6.0,5.0,5.0,0.0,4.0,1.0,0.0,4.0,1.0,0.0,3.0,HOROZ
5.0,5.0,5.0,1.0,6.0,6.0,5.0,5.0,0.0,4.0,1.0,0.0,5.0,1.0,0.0,3.0,HOROZ
5.0,5.0,5.0,2.0,6.0,6.0,5.0,5.0,0.0,1.0,0.0,0.0,4.0,1.0,0.0,1.0,HOROZ
5.0,5.0,5.0,1.0,6.0,6.0,5.0,5.0,0.0,4.0,1.0,0.0,5.0,0.0,0.0,4.0,HOROZ
5.0,5.0,5.0,2.0,6.0,6.0,5.0,5.0,0.0,3.0,1.0,0.0,4.0,1.0,0.0,1.0,HOROZ
5.0,5.0,5.0,2.0,6.0,6.0,5.0,5.0,4.0,1.0,1.0,0.0,5.0,1.0,0.0,1.0,HOROZ
5.0,5.0,5.0,1.0,6.0,6.0,5.0,5.0,6.0,4.0,1.0,0.0,5.0,1.0,0.0,3.0,HOROZ
5.0,5.0,5.0,2.0,6.0,6.0,5.0,5.0,0.0,4.0,1.0,0.0,4.0,1.0,0.0,1.0,HOROZ
5.0,5.0,5.0,3.0,4.0,4.0,5.0,5.0,0.0,1.0,1.0,1.0,3.0,1.0,1.0,0.0,HOROZ
5.0,5.0,5.0,2.0,6.0,6.0,5.0,5.0,1.0,2.0,1.0,0.0,4.0,1.0,0.0,1.0,HOROZ
5.0,5.0,5.0,1.0,6.0,6.0,5.0,5.0,0.0,2.0,0.0,0.0,5.0,0.0,0.0,4.0,HOROZ
5.0,5.0,5.0,3.0,5.0,5.0,5.0,5.0,2.0,1.0,1.0,0.0,3.0,1.0,0.0,1.0,HOROZ
5.0,5.0,5.0,1.0,6.0,6.0,5.0,5.0,4.0,4.0,1.0,0.0,5.0,0.0,0.0,2.0,HOROZ
5.0,5.0,5.0,1.0,6.0,6.0,5.0,5.0,5.0,4.0,1.0,0.0,5.0,1.0,0.0,3.0,HOROZ
5.0,5.0,5.0,1.0,6.0,6.0,5.0,5.0,2.0,0.0,0.0,0.0,5.0,0.0,0.0,0.0,HOROZ
5.0,5.0,5.0,2.0,6.0,6.0,5.0,5.0,0.0,4.0,1.0,0.0,4.0,1.0,0.0,4.0,HOROZ
5.0,5.0,5.0,1.0,6.0,6.0,5.0,5.0,4.0,3.0,1.0,0.0,5.0,0.0,0.0,3.0,HOROZ
5.0,5.0,5.0,2.0,6.0,6.0,5.0,5.0,0.0,4.0,1.0,0.0,4.0,1.0,0.0,1.0,HOROZ
5.0,5.0,5.0,2.0,6.0,6.0,5.0,5.0,0.0,4.0,1.0,0.0,4.0,1.0,0.0,2.0,HOROZ
5.0,5.0,5.0,2.0,6.0,6.0,5.0,5.0,2.0,4.0,1.0,0.0,4.0,1.0,0.0,2.0,HOROZ
5.0,5.0,5.0,2.0,6.0,6.0,5.0,5.0,0.0,4.0,1.0,0.0,4.0,1.0,0.0,4.0,HOROZ
5.0,5.0,5.0,2.0,6.0,6.0,5.0,5.0,0.0,4.0,1.0,0.0,4.0,1.0,0.0,3.0,HOROZ
5.0,5.0,5.0,3.0,5.0,5.0,5.0,5.0,5.0,0.0,1.0,0.0,4.0,1.0,0.0,0.0,HOROZ
5.0,5.0,5.0,2.0,6.0,6.0,5.0,5.0,4.0,4.0,1.0,0.0,4.0,1.0,0.0,1.0,HOROZ
5.0,5.0,5.0,1.0,6.0,6.0,5.0,5.0,0.0,4.0,1.0,0.0,5.0,0.0,0.0,3.0,HOROZ
5.0,5.0,5.0,2.0,6.0,6.0,5.0,5.0,0.0,2.0,1.0,0.0,5.0,0.0,0.0,1.0,HOROZ
5.0,5.0,5.0,3.0,5.0,5.0,5.0,5.0,4.0,3.0,1.0,0.0,3.0,1.0,0.0,4.0,HOROZ
5.0,5.0,5.0,2.0,6.0,6.0,5.0,5.0,2.0,4.0,1.0,0.0,4.0,1.0,0.0,3.0,HOROZ
5.0,5.0,5.0,2.0,6.0,6.0,5.0,5.0,5.0,2.0,0.0,0.0,5.0,0.0,0.0,1.0,HOROZ
5.0,5.0,5.0,1.0,6.0,6.0,5.0,5.0,0.0,4.0,0.0,0.0,5.0,0.0,0.0,3.0,HOROZ
5.0,5.0,5.0,2.0,6.0,6.0,5.0,5.0,5.0,4.0,1.0,0.0,4.0,1.0,0.0,3.0,HOROZ
5.0,5.0,5.0,2.0,6.0,6.0,5.0,5.0,5.0,2.0,0.0,0.0,4.0,1.0,0.0,1.0,HOROZ
5.0,5.0,5.0,1.0,6.0,6.0,5.0,5.0,2.0,4.0,1.0,0.0,5.0,0.0,0.0,3.0,HOROZ
5.0,5.0,5.0,2.0,6.0,6.0,5.0,5.0,0.0,4.0,1.0,0.0,4.0,1.0,0.0,3.0,HOROZ
5.0,5.0,5.0,2.0,6.0,6.0,5.0,5.0,2.0,4.0,1.0,0.0,4.0,1.0,0.0,1.0,HOROZ
5.0,5.0,5.0,2.0,6.0,6.0,5.0,5.0,0.0,5.0,1.0,0.0,4.0,1.0,0.0,2.0,HOROZ
5.0,5.0,5.0,2.0,6.0,6.0,5.0,5.0,0.0,4.0,1.0,0.0,5.0,0.0,0.0,1.0,HOROZ
5.0,5.0,5.0,3.0,6.0,6.0,5.0,5.0,0.0,2.0,0.0,0.0,4.0,1.0,0.0,1.0,HOROZ
5.0,5.0,5.0,3.0,5.0,5.0,5.0,5.0,4.0,4.0,2.0,0.0,3.0,1.0,0.0,1.0,HOROZ
5.0,5.0,5.0,4.0,4.0,4.0,5.0,5.0,0.0,0.0,0.0,0.0,3.0,1.0,0.0,0.0,HOROZ
5.0,5.0,5.0,2.0,6.0,6.0,5.0,5.0,0.0,3.0,1.0,0.0,4.0,1.0,0.0,3.0,HOROZ
5.0,5.0,5.0,2.0,6.0,6.0,5.0,5.0,4.0,4.0,1.0,0.0,4.0,1.0,0.0,2.0,HOROZ
5.0,5.0,5.0,2.0,6.0,6.0,5.0,5.0,3.0,4.0,1.0,0.0,4.0,1.0,0.0,1.0,HOROZ
5.0,5.0,5.0,2.0,6.0,6.0,5.0,5.0,2.0,4.0,1.0,0.0,4.0,1.0,0.0,3.0,HOROZ
5.0,5.0,5.0,2.0,6.0,6.0,5.0,5.0,5.0,3.0,1.0,0.0,4.0,1.0,0.0,1.0,HOROZ
5.0,5.0,5.0,2.0,6.0,6.0,5.0,5.0,0.0,4.0,1.0,0.0,4.0,1.0,0.0,4.0,HOROZ
5.0,5.0,5.0,2.0,6.0,6.0,5.0,5.0,5.0,6.0,1.0,0.0,4.0,1.0,0.0,2.0,HOROZ
5.0,5.0,5.0,2.0,6.0,6.0,5.0,5.0,5.0,4.0,1.0,0.0,4.0,1.0,0.0,4.0,HOROZ
5.0,5.0,5.0,2.0,6.0,6.0,5.0,5.0,0.0,2.0,1.0,0.0,4.0,0.0,0.0,1.0,HOROZ
5.0,5.0,5.0,2.0,6.0,6.0,5.0,5.0,0.0,4.0,1.0,0.0,4.0,1.0,0.0,2.0,HOROZ
5.0,5.0,5.0,2.0,6.0,6.0,5.0,5.0,0.0,4.0,1.0,0.0,4.0,0.0,0.0,4.0,HOROZ
5.0,5.0,5.0,3.0,6.0,6.0,5.0,5.0,0.0,3.0,1.0,0.0,3.0,1.0,0.0,1.0,HOROZ
5.0,5.0,4.0,4.0,3.0,3.0,5.0,5.0,2.0,2.0,1.0,2.0,2.0,2.0,2.0,1.0,HOROZ
5.0,5.0,5.0,2.0,6.0,6.0,5.0,5.0,5.0,4.0,1.0,0.0,4.0,1.0,0.0,2.0,HOROZ
5.0,5.0,5.0,3.0,6.0,6.0,5.0,5.0,6.0,2.0,1.0,0.0,4.0,1.0,0.0,1.0,HOROZ
5.0,5.0,5.0,2.0,6.0,6.0,5.0,5.0,0.0,2.0,1.0,0.0,4.0,1.0,0.0,1.0,HOROZ
5.0,5.0,5.0,2.0,6.0,6.0,5.0,5.0,1.0,2.0,1.0,0.0,4.0,1.0,0.0,1.0,HOROZ
5.0,5.0,5.0,2.0,6.0,6.0,5.0,5.0,1.0,4.0,1.0,0.0,4.0,0.0,0.0,3.0,HOROZ
5.0,5.0,5.0,2.0,6.0,6.0,5.0,5.0,4.0,4.0,1.0,0.0,4.0,1.0,0.0,4.0,HOROZ
5.0,5.0,5.0,4.0,4.0,4.0,5.0,5.0,5.0,3.0,2.0,1.0,2.0,2.0,1.0,1.0,HOROZ
5.0,5.0,5.0,3.0,5.0,5.0,5.0,5.0,4.0,2.0,1.0,0.0,2.0,1.0,0.0,3.0,HOROZ
5.0,5.0,5.0,2.0,6.0,6.0,5.0,5.0,0.0,6.0,1.0,0.0,4.0,0.0,0.0,4.0,HOROZ
5.0,5.0,5.0,3.0,6.0,6.0,5.0,5.0,0.0,2.0,0.0,0.0,3.0,1.0,0.0,1.0,HOROZ
5.0,5.0,5.0,3.0,6.0,6.0,5.0,5.0,1.0,1.0,1.0,0.0,4.0,1.0,0.0,0.0,HOROZ
5.0,5.0,5.0,2.0,6.0,6.0,5.0,5.0,1.0,4.0,1.0,0.0,4.0,1.0,0.0,1.0,HOROZ
5.0,5.0,5.0,2.0,6.0,6.0,5.0,5.0,6.0,4.0,1.0,0.0,4.0,0.0,0.0,3.0,HOROZ
5.0,5.0,5.0,4.0,4.0,4.0,5.0,5.0,1.0,2.0,1.0,1.0,2.0,1.0,1.0,1.0,HOROZ
5.0,5.0,4.0,4.0,2.0,2.0,5.0,5.0,2.0,2.0,2.0,3.0,2.0,2.0,3.0,1.0,HOROZ
5.0,5.0,5.0,2.0,6.0,6.0,5.0,5.0,0.0,1.0,0.0,0.0,4.0,0.0,0.0,1.0,HOROZ
5.0,5.0,5.0,3.0,5.0,5.0,5.0,5.0,6.0,4.0,1.0,0.0,3.0,1.0,0.0,1.0,HOROZ
5.0,5.0,5.0,3.0,6.0,6.0,5.0,5.0,0.0,2.0,1.0,0.0,3.0,1.0,0.0,3.0,HOROZ
5.0,5.0,5.0,3.0,6.0,6.0,5.0,5.0,0.0,1.0,1.0,0.0,3.0,1.0,0.0,0.0,HOROZ
5.0,5.0,5.0,3.0,6.0,6.0,5.0,5.0,0.0,4.0,1.0,0.0,3.0,1.0,0.0,3.0,HOROZ
5.0,5.0,5.0,3.0,6.0,6.0,5.0,5.0,0.0,4.0,1.0,0.0,3.0,1.0,0.0,3.0,HOROZ
5.0,5.0,5.0,4.0,5.0,5.0,5.0,5.0,0.0,3.0,1.0,0.0,2.0,1.0,0.0,4.0,HOROZ
5.0,5.0,5.0,3.0,6.0,6.0,5.0,5.0,2.0,4.0,1.0,0.0,3.0,1.0,0.0,2.0,HOROZ
5.0,5.0,5.0,3.0,6.0,6.0,5.0,5.0,4.0,5.0,1.0,0.0,3.0,1.0,0.0,4.0,HOROZ
5.0,5.0,5.0,2.0,6.0,6.0,5.0,5.0,5.0,4.0,1.0,0.0,4.0,0.0,0.0,3.0,HOROZ
5.0,5.0,5.0,3.0,6.0,6.0,5.0,5.0,4.0,3.0,1.0,0.0,3.0,1.0,0.0,1.0,HOROZ
5.0,5.0,5.0,3.0,6.0,6.0,5.0,5.0,0.0,4.0,1.0,0.0,3.0,0.0,0.0,4.0,HOROZ
5.0,5.0,5.0,4.0,5.0,5.0,5.0,5.0,0.0,4.0,1.0,0.0,2.0,1.0,0.0,2.0,HOROZ
0.0,1.0,1.0,0.0,2.0,2.0,0.0,0.0,4.0,2.0,4.0,3.0,6.0,5.0,3.0,4.0,SIRA
0.0,1.0,1.0,0.0,1.0,1.0,0.0,0.0,1.0,2.0,4.0,4.0,6.0,5.0,4.0,1.0,SIRA
0.0,1.0,1.0,0.0,0.0,0.0,0.0,0.0,4.0,4.0,5.0,5.0,6.0,6.0,5.0,4.0,SIRA
0.0,1.0,1.0,0.0,1.0,1.0,0.0,0.0,4.0,4.0,5.0,4.0,6.0,5.0,4.0,4.0,SIRA
0.0,1.0,1.0,0.0,2.0,2.0,0.0,0.0,4.0,4.0,5.0,3.0,6.0,5.0,3.0,4.0,SIRA
0.0,1.0,1.0,0.0,2.0,2.0,0.0,0.0,2.0,4.0,4.0,3.0,6.0,5.0,3.0,4.0,SIRA
0.0,1.0,1.0,0.0,3.0,3.0,0.0,0.0,6.0,4.0,4.0,3.0,6.0,4.0,3.0,4.0,SIRA
0.0,1.0,1.0,0.0,1.0,1.0,0.0,0.0,5.0,2.0,5.0,4.0,6.0,5.0,4.0,3.0,SIRA
0.0,1.0,1.0,0.0,2.0,2.0,0.0,0.0,2.0,2.0,4.0,3.0,6.0,5.0,3.0,3.0,SIRA
0.0,1.0,1.0,0.0,1.0,1.0,0.0,0.0,2.0,4.0,5.0,4.0,6.0,5.0,4.0,3.0,SIRA
0.0,1.0,1.0,0.0,2.0,2.0,0.0,0.0,4.0,4.0,4.0,3.0,6.0,5.0,3.0,3.0,SIRA
0.0,1.0,1.0,0.0,1.0,1.0,0.0,0.0,5.0,4.0,5.0,4.0,6.0,5.0,4.0,4.0,SIRA
0.0,1.0,1.0,0.0,1.0,1.0,0.0,0.0,5.0,4.0,5.0,4.0,6.0,5.0,4.0,4.0,SIRA
0.0,1.0,1.0,0.0,1.0,1.0,0.0,0.0,4.0,4.0,5.0,4.0,6.0,5.0,4.0,3.0,SIRA
0.0,1.0,1.0,0.0,1.0,1.0,0.0,0.0,5.0,4.0,5.0,4.0,6.0,5.0,4.0,4.0,SIRA
0.0,1.0,1.0,0.0,2.0,2.0,0.0,0.0,2.0,4.0,4.0,3.0,6.0,4.0,3.0,4.0,SIRA
0.0,1.0,1.0,1.0,0.0,0.0,0.0,0.0,5.0,6.0,6.0,5.0,5.0,6.0,5.0,4.0,SIRA
0.0,1.0,1.0,0.0,1.0,1.0,0.0,0.0,4.0,4.0,4.0,4.0,6.0,5.0,4.0,4.0,SIRA
0.0,2.0,1.0,0.0,1.0,1.0,0.0,0.0,4.0,1.0,0.0,4.0,6.0,5.0,4.0,4.0,SIRA
0.0,1.0,1.0,0.0,1.0,1.0,0.0,0.0,2.0,4.0,5.0,4.0,6.0,5.0,4.0,5.0,SIRA
0.0,1.0,1.0,0.0,1.0,1.0,0.0,0.0,2.0,3.0,4.0,4.0,6.0,5.0,4.0,4.0,SIRA
0.0,1.0,1.0,0.0,1.0,1.0,0.0,0.0,6.0,4.0,5.0,4.0,6.0,5.0,4.0,2.0,SIRA
0.0,1.0,1.0,0.0,1.0,1.0,0.0,0.0,4.0,2.0,4.0,4.0,6.0,5.0,4.0,4.0,SIRA
0.0,1.0,1.0,0.0,1.0,1.0,0.0,0.0,4.0,4.0,4.0,4.0,6.0,5.0,4.0,4.0,SIRA
0.0,1.0,1.0,0.0,1.0,1.0,0.0,0.0,4.0,3.0,4.0,4.0,6.0,5.0,4.0,1.0,SIRA
0.0,1.0,1.0,0.0,1.0,1.0,0.0,0.0,4.0,4.0,5.0,4.0,6.0,5.0,4.0,4.0,SIRA
0.0,1.0,1.0,0.0,2.0,2.0,0.0,0.0,3.0,2.0,4.0,3.0,6.0,4.0,3.0,1.0,SIRA
0.0,1.0,1.0,0.0,2.0,2.0,0.0,0.0,5.0,4.0,4.0,3.0,6.0,5.0,3.0,4.0,SIRA
0.0,1.0,1.0,0.0,1.0,1.0,0.0,0.0,4.0,2.0,3.0,4.0,6.0,5.0,4.0,4.0,SIRA
0.0,1.0,1.0,0.0,2.0,2.0,0.0,0.0,2.0,4.0,4.0,3.0,6.0,5.0,3.0,3.0,SIRA
0.0,1.0,1.0,0.0,2.0,2.0,0.0,0.0,2.0,3.0,4.0,3.0,6.0,5.0,3.0,4.0,SIRA
0.0,1.0,1.0,0.0,3.0,3.0,0.0,0.0,1.0,4.0,4.0,2.0,6.0,3.0,2.0,3.0,SIRA
0.0,1.0,1.0,0.0,2.0,2.0,0.0,0.0,2.0,2.0,4.0,3.0,6.0,5.0,3.0,3.0,SIRA
0.0,1.0,1.0,0.0,1.0,1.0,0.0,0.0,4.0,4.0,4.0,4.0,6.0,5.0,4.0,3.0,SIRA
0.0,1.0,1.0,0.0,1.0,1.0,0.0,0.0,4.0,3.0,4.0,4.0,6.0,5.0,4.0,3.0,SIRA
0.0,1.0,1.0,0.0,1.0,1.0,0.0,0.0,4.0,3.0,4.0,4.0,6.0,5.0,4.0,1.0,SIRA
0.0,1.0,1.0,0.0,2.0,2.0,0.0,0.0,5.0,4.0,4.0,3.0,6.0,4.0,3.0,4.0,SIRA
0.0,1.0,1.0,0.0,1.0,1.0,0.0,0.0,4.0,4.0,5.0,4.0,6.0,5.0,4.0,6.0,SIRA
0.0,1.0,1.0,0.0,2.0,2.0,0.0,0.0,1.0,2.0,4.0,3.0,6.0,5.0,3.0,3.0,SIRA
0.0,1.0,1.0,0.0,2.0,2.0,0.0,0.0,4.0,4.0,4.0,3.0,6.0,4.0,3.0,4.0,SIRA
0.0,1.0,1.0,0.0,3.0,3.0,0.0,0.0,4.0,4.0,4.0,3.0,6.0,3.0,3.0,3.0,SIRA
0.0,1.0,2.0,0.0,4.0,4.0,0.0,0.0,2.0,2.0,3.0,1.0,6.0,3.0,1.0,4.0,SIRA
0.0,1.0,1.0,0.0,1.0,1.0,0.0,0.0,5.0,4.0,5.0,4.0,6.0,5.0,4.0,4.0,SIRA
0.0,1.0,1.0,0.0,2.0,2.0,0.0,0.0,2.0,3.0,4.0,3.0,6.0,4.0,3.0,1.0,SIRA
0.0,1.0,1.0,0.0,2.0,2.0,0.0,0.0,1.0,4.0,4.0,3.0,6.0,3.0,3.0,3.0,SIRA
0.0,1.0,1.0,0.0,2.0,2.0,0.0,0.0,4.0,2.0,4.0,3.0,6.0,4.0,3.0,3.0,SIRA
0.0,1.0,1.0,0.0,1.0,1.0,0.0,0.0,4.0,4.0,4.0,4.0,6.0,5.0,4.0,3.0,SIRA
0.0,1.0,1.0,0.0,1.0,1.0,0.0,0.0,4.0,4.0,4.0,4.0,6.0,5.0,4.0,4.0,SIRA
0.0,1.0,1.0,0.0,1.0,1.0,0.0,0.0,4.0,4.0,4.0,4.0,6.0,5.0,4.0,1.0,SIRA
0.0,1.0,1.0,0.0,1.0,1.0,0.0,0.0,1.0,4.0,4.0,4.0,6.0,5.0,4.0,3.0,SIRA
0.0,1.0,1.0,0.0,1.0,1.0,0.0,0.0,4.0,4.0,6.0,4.0,6.0,5.0,4.0,4.0,SIRA
0.0,1.0,1.0,0.0,1.0,1.0,0.0,0.0,2.0,3.0,5.0,4.0,6.0,5.0,4.0,3.0,SIRA
0.0,1.0,1.0,0.0,1.0,1.0,0.0,0.0,2.0,4.0,4.0,4.0,6.0,5.0,4.0,4.0,SIRA
0.0,1.0,1.0,0.0,2.0,2.0,0.0,0.0,2.0,4.0,4.0,3.0,6.0,4.0,3.0,3.0,SIRA
0.0,1.0,1.0,0.0,2.0,2.0,0.0,0.0,2.0,4.0,5.0,3.0,6.0,4.0,3.0,4.0,SIRA
0.0,1.0,1.0,0.0,1.0,1.0,0.0,0.0,4.0,4.0,4.0,4.0,6.0,5.0,4.0,5.0,SIRA
0.0,1.0,1.0,0.0,2.0,2.0,0.0,0.0,4.0,4.0,4.0,3.0,6.0,4.0,3.0,2.0,SIRA
0.0,1.0,1.0,0.0,2.0,2.0,0.0,0.0,5.0,4.0,5.0,3.0,6.0,5.0,3.0,4.0,SIRA
0.0,1.0,1.0,0.0,2.0,2.0,0.0,0.0,1.0,3.0,4.0,3.0,6.0,4.0,3.0,4.0,SIRA
0.0,1.0,1.0,0.0,1.0,1.0,0.0,0.0,2.0,4.0,4.0,4.0,6.0,5.0,4.0,3.0,SIRA
0.0,1.0,1.0,0.0,2.0,2.0,0.0,0.0,4.0,4.0,4.0,3.0,6.0,5.0,3.0,3.0,SIRA
0.0,1.0,1.0,0.0,1.0,1.0,0.0,0.0,2.0,4.0,5.0,4.0,6.0,5.0,4.0,3.0,SIRA
0.0,1.0,2.0,0.0,4.0,4.0,0.0,0.0,5.0,4.0,3.0,1.0,6.0,3.0,1.0,3.0,SIRA
0.0,1.0,1.0,1.0,1.0,1.0,0.0,0.0,1.0,4.0,5.0,4.0,5.0,5.0,4.0,2.0,SIRA
0.0,1.0,1.0,0.0,1.0,1.0,0.0,0.0,2.0,2.0,4.0,4.0,6.0,5.0,4.0,3.0,SIRA
0.0,1.0,1.0,0.0,2.0,2.0,0.0,0.0,1.0,4.0,4.0,3.0,6.0,4.0,3.0,4.0,SIRA
0.0,1.0,1.0,0.0,1.0,1.0,0.0,0.0,2.0,4.0,4.0,4.0,6.0,5.0,4.0,4.0,SIRA
0.0,1.0,1.0,0.0,1.0,1.0,0.0,0.0,2.0,4.0,4.0,4.0,6.0,5.0,4.0,3.0,SIRA
0.0,1.0,1.0,0.0,2.0,2.0,0.0,0.0,1.0,2.0,3.0,3.0,6.0,4.0,3.0,4.0,SIRA
0.0,1.0,1.0,0.0,2.0,2.0,0.0,0.0,3.0,2.0,4.0,3.0,6.0,4.0,3.0,1.0,SIRA
0.0,1.0,1.0,0.0,2.0,2.0,0.0,0.0,2.0,4.0,5.0,3.0,6.0,4.0,3.0,2.0,SIRA
0.0,1.0,1.0,0.0,1.0,1.0,0.0,0.0,4.0,4.0,5.0,4.0,6.0,5.0,4.0,4.0,SIRA
0.0,1.0,1.0,0.0,1.0,1.0,0.0,0.0,4.0,4.0,5.0,4.0,6.0,5.0,4.0,3.0,SIRA
0.0,1.0,1.0,0.0,2.0,2.0,0.0,0.0,4.0,4.0,4.0,3.0,6.0,4.0,3.0,3.0,SIRA
0.0,1.0,1.0,0.0,1.0,1.0,0.0,0.0,4.0,4.0,5.0,4.0,6.0,5.0,4.0,4.0,SIRA
0.0,1.0,1.0,0.0,1.0,1.0,0.0,0.0,4.0,4.0,4.0,4.0,6.0,5.0,4.0,4.0,SIRA
0.0,1.0,1.0,0.0,1.0,1.0,0.0,0.0,4.0,4.0,4.0,4.0,6.0,5.0,4.0,6.0,SIRA
0.0,1.0,1.0,0.0,1.0,1.0,0.0,0.0,4.0,4.0,5.0,4.0,6.0,5.0,4.0,4.0,SIRA
0.0,1.0,1.0,1.0,0.0,0.0,0.0,0.0,2.0,4.0,5.0,5.0,5.0,5.0,5.0,4.0,SIRA
0.0,1.0,1.0,0.0,1.0,1.0,0.0,0.0,5.0,4.0,5.0,4.0,6.0,5.0,4.0,4.0,SIRA
0.0,1.0,1.0,0.0,1.0,1.0,0.0,0.0,5.0,4.0,5.0,4.0,6.0,5.0,4.0,5.0,SIRA
0.0,1.0,1.0,1.0,1.0,1.0,0.0,0.0,4.0,4.0,5.0,4.0,5.0,5.0,4.0,4.0,SIRA
0.0,1.0,1.0,0.0,1.0,1.0,0.0,0.0,4.0,4.0,4.0,4.0,6.0,5.0,4.0,4.0,SIRA
0.0,1.0,1.0,1.0,1.0,1.0,0.0,0.0,3.0,4.0,5.0,4.0,5.0,5.0,4.0,3.0,SIRA
0.0,1.0,1.0,0.0,1.0,1.0,0.0,0.0,4.0,4.0,5.0,4.0,6.0,5.0,4.0,4.0,SIRA
0.0,1.0,1.0,1.0,1.0,1.0,0.0,0.0,6.0,3.0,5.0,4.0,5.0,5.0,4.0,1.0,SIRA
0.0,1.0,1.0,0.0,2.0,2.0,0.0,0.0,4.0,4.0,4.0,3.0,6.0,5.0,3.0,4.0,SIRA
0.0,1.0,1.0,0.0,1.0,1.0,0.0,0.0,5.0,4.0,5.0,4.0,6.0,5.0,4.0,4.0,SIRA
0.0,1.0,1.0,1.0,1.0,1.0,0.0,0.0,4.0,4.0,6.0,4.0,5.0,5.0,4.0,4.0,SIRA
0.0,1.0,1.0,0.0,1.0,1.0,0.0,0.0,4.0,4.0,5.0,4.0,6.0,5.0,4.0,4.0,SIRA
0.0,1.0,1.0,0.0,2.0,2.0,0.0,0.0,5.0,4.0,4.0,3.0,6.0,4.0,3.0,4.0,SIRA
0.0,2.0,3.0,0.0,4.0,4.0,0.0,0.0,4.0,1.0,3.0,1.0,6.0,3.0,1.0,1.0,SIRA
0.0,1.0,1.0,0.0,1.0,1.0,0.0,0.0,4.0,4.0,4.0,4.0,6.0,5.0,4.0,4.0,SIRA
0.0,1.0,1.0,0.0,1.0,1.0,0.0,0.0,4.0,4.0,5.0,4.0,6.0,5.0,4.0,4.0,SIRA
0.0,1.0,1.0,0.0,1.0,1.0,0.0,0.0,4.0,4.0,5.0,4.0,6.0,5.0,4.0,2.0,SIRA
0.0,1.0,1.0,0.0,2.0,2.0,0.0,0.0,2.0,3.0,4.0,3.0,6.0,4.0,3.0,3.0,SIRA
0.0,2.0,1.0,1.0,1.0,1.0,0.0,0.0,4.0,2.0,2.0,4.0,5.0,5.0,4.0,4.0,SIRA
0.0,1.0,1.0,0.0,1.0,1.0,0.0,0.0,5.0,4.0,4.0,4.0,6.0,5.0,4.0,4.0,SIRA
0.0,1.0,1.0,0.0,2.0,2.0,0.0,0.0,4.0,4.0,5.0,3.0,6.0,4.0,3.0,4.0,SIRA
0.0,1.0,1.0,1.0,1.0,1.0,0.0,0.0,4.0,4.0,5.0,4.0,5.0,5.0,4.0,4.0,SIRA
0.0,1.0,2.0,0.0,3.0,3.0,0.0,0.0,2.0,4.0,4.0,2.0,6.0,3.0,2.0,4.0,SIRA
0.0,1.0,1.0,1.0,0.0,0.0,0.0,0.0,4.0,2.0,5.0,5.0,5.0,5.0,5.0,1.0,SIRA
0.0,1.0,1.0,0.0,1.0,1.0,0.0,0.0,4.0,4.0,5.0,4.0,6.0,5.0,4.0,5.0,SIRA
0.0,1.0,1.0,0.0,1.0,1.0,0.0,0.0,2.0,3.0,4.0,4.0,6.0,5.0,4.0,3.0,SIRA
0.0,2.0,2.0,0.0,2.0,2.0,0.0,0.0,1.0,2.0,3.0,3.0,6.0,3.0,3.0,2.0,SIRA
0.0,1.0,1.0,0.0,1.0,1.0,0.0,0.0,4.0,3.0,5.0,3.0,6.0,5.0,3.0,2.0,SIRA
0.0,1.0,1.0,1.0,1.0,1.0,0.0,0.0,4.0,4.0,5.0,4.0,5.0,5.0,4.0,4.0,SIRA
0.0,1.0,1.0,1.0,1.0,1.0,0.0,0.0,4.0,4.0,4.0,4.0,5.0,5.0,4.0,4.0,SIRA
0.0,1.0,1.0,0.0,2.0,2.0,0.0,0.0,1.0,3.0,4.0,3.0,6.0,4.0,3.0,3.0,SIRA
0.0,1.0,1.0,0.0,1.0,1.0,0.0,0.0,6.0,4.0,5.0,4.0,6.0,5.0,4.0,4.0,SIRA
0.0,1.0,2.0,0.0,2.0,2.0,0.0,0.0,5.0,4.0,5.0,3.0,6.0,4.0,3.0,2.0,SIRA
0.0,1.0,1.0,1.0,1.0,1.0,0.0,0.0,2.0,4.0,4.0,4.0,5.0,5.0,4.0,4.0,SIRA
0.0,1.0,1.0,0.0,2.0,2.0,0.0,0.0,2.0,2.0,4.0,3.0,6.0,4.0,3.0,1.0,SIRA
0.0,1.0,1.0,0.0,1.0,1.0,0.0,0.0,2.0,3.0,4.0,4.0,6.0,5.0,4.0,3.0,SIRA
0.0,1.0,2.0,0.0,2.0,2.0,0.0,0.0,5.0,4.0,4.0,3.0,6.0,4.0,3.0,4.0,SIRA
0.0,1.0,1.0,1.0,1.0,1.0,0.0,0.0,4.0,4.0,5.0,4.0,5.0,5.0,4.0,2.0,SIRA
0.0,1.0,1.0,0.0,2.0,2.0,0.0,0.0,5.0,4.0,5.0,3.0,6.0,5.0,3.0,4.0,SIRA
0.0,1.0,1.0,0.0,1.0,1.0,0.0,0.0,4.0,4.0,5.0,4.0,6.0,5.0,4.0,4.0,SIRA
0.0,1.0,1.0,0.0,1.0,1.0,0.0,0.0,5.0,4.0,4.0,4.0,6.0,5.0,4.0,2.0,SIRA
0.0,1.0,2.0,0.0,2.0,2.0,0.0,0.0,1.0,3.0,4.0,3.0,6.0,4.0,3.0,1.0,SIRA
0.0,1.0,1.0,1.0,1.0,1.0,0.0,0.0,3.0,4.0,4.0,4.0,5.0,5.0,4.0,3.0,SIRA
0.0,1.0,1.0,0.0,1.0,1.0,0.0,0.0,5.0,4.0,4.0,4.0,6.0,5.0,4.0,2.0,SIRA
0.0,1.0,1.0,0.0,2.0,2.0,0.0,0.0,4.0,4.0,5.0,3.0,6.0,4.0,3.0,3.0,SIRA
0.0,1.0,1.0,0.0,1.0,1.0,0.0,0.0,5.0,4.0,5.0,4.0,6.0,5.0,4.0,3.0,SIRA
0.0,1.0,1.0,0.0,2.0,2.0,0.0,0.0,4.0,4.0,4.0,3.0,6.0,4.0,3.0,1.0,SIRA
0.0,1.0,1.0,0.0,1.0,1.0,0.0,0.0,2.0,4.0,5.0,4.0,6.0,5.0,4.0,4.0,SIRA
0.0,1.0,2.0,0.0,2.0,2.0,0.0,0.0,2.0,2.0,4.0,3.0,6.0,4.0,3.0,2.0,SIRA
0.0,2.0,2.0,0.0,3.0,3.0,0.0,0.0,2.0,3.0,3.0,2.0,6.0,3.0,2.0,4.0,SIRA
0.0,1.0,1.0,0.0,1.0,1.0,0.0,0.0,4.0,4.0,5.0,4.0,6.0,5.0,4.0,4.0,SIRA
0.0,1.0,1.0,0.0,2.0,2.0,0.0,0.0,1.0,2.0,4.0,3.0,6.0,4.0,3.0,3.0,SIRA
0.0,1.0,1.0,0.0,1.0,1.0,0.0,0.0,2.0,2.0,4.0,3.0,6.0,5.0,3.0,0.0,SIRA
0.0,1.0,1.0,0.0,1.0,1.0,0.0,0.0,2.0,4.0,5.0,4.0,6.0,5.0,4.0,4.0,SIRA
0.0,1.0,1.0,0.0,1.0,1.0,0.0,0.0,6.0,4.0,4.0,4.0,6.0,5.0,4.0,4.0,SIRA
0.0,1.0,1.0,0.0,1.0,1.0,0.0,0.0,4.0,4.0,5.0,4.0,6.0,5.0,4.0,4.0,SIRA
0.0,1.0,2.0,0.0,2.0,2.0,0.0,0.0,5.0,4.0,4.0,3.0,6.0,4.0,3.0,4.0,SIRA
0.0,1.0,1.0,1.0,1.0,1.0,0.0,0.0,5.0,4.0,5.0,4.0,5.0,5.0,4.0,3.0,SIRA
0.0,1.0,1.0,0.0,1.0,1.0,0.0,0.0,4.0,4.0,5.0,4.0,6.0,5.0,4.0,4.0,SIRA
0.0,1.0,1.0,0.0,1.0,1.0,0.0,0.0,2.0,4.0,4.0,4.0,6.0,5.0,4.0,4.0,SIRA
0.0,1.0,1.0,1.0,1.0,1.0,0.0,0.0,2.0,3.0,4.0,4.0,5.0,5.0,4.0,4.0,SIRA
0.0,1.0,1.0,0.0,1.0,1.0,0.0,0.0,2.0,5.0,5.0,4.0,6.0,5.0,4.0,3.0,SIRA
0.0,1.0,3.0,0.0,4.0,4.0,0.0,0.0,3.0,4.0,4.0,1.0,6.0,3.0,1.0,4.0,SIRA
0.0,1.0,1.0,1.0,1.0,1.0,0.0,0.0,4.0,4.0,5.0,4.0,5.0,5.0,4.0,3.0,SIRA
0.0,1.0,1.0,0.0,1.0,1.0,0.0,0.0,3.0,4.0,4.0,4.0,6.0,5.0,4.0,2.0,SIRA
0.0,1.0,1.0,1.0,1.0,1.0,0.0,0.0,2.0,5.0,5.0,4.0,5.0,5.0,4.0,5.0,SIRA
0.0,1.0,2.0,0.0,2.0,2.0,0.0,0.0,4.0,4.0,4.0,3.0,6.0,4.0,3.0,4.0,SIRA
0.0,1.0,1.0,0.0,1.0,1.0,0.0,0.0,1.0,4.0,5.0,4.0,6.0,5.0,4.0,4.0,SIRA
0.0,1.0,2.0,0.0,2.0,2.0,0.0,0.0,5.0,4.0,5.0,3.0,6.0,4.0,3.0,4.0,SIRA
0.0,1.0,1.0,1.0,0.0,0.0,0.0,0.0,4.0,3.0,5.0,6.0,5.0,6.0,6.0,4.0,SIRA
0.0,1.0,1.0,1.0,1.0,1.0,0.0,0.0,5.0,4.0,5.0,4.0,5.0,5.0,4.0,4.0,SIRA
0.0,2.0,3.0,0.0,3.0,3.0,0.0,0.0,3.0,4.0,3.0,2.0,6.0,3.0,2.0,2.0,SIRA
0.0,1.0,1.0,0.0,2.0,2.0,0.0,0.0,5.0,4.0,5.0,3.0,6.0,5.0,3.0,4.0,SIRA
0.0,1.0,2.0,0.0,2.0,2.0,0.0,0.0,5.0,2.0,4.0,3.0,6.0,3.0,3.0,1.0,SIRA
0.0,1.0,1.0,0.0,2.0,2.0,0.0,0.0,3.0,4.0,5.0,3.0,6.0,5.0,3.0,4.0,SIRA
0.0,1.0,1.0,1.0,1.0,1.0,0.0,0.0,2.0,4.0,5.0,4.0,5.0,5.0,4.0,4.0,SIRA
0.0,2.0,3.0,0.0,4.0,4.0,0.0,0.0,4.0,2.0,1.0,1.0,6.0,3.0,1.0,1.0,SIRA
0.0,1.0,2.0,0.0,2.0,2.0,0.0,0.0,4.0,2.0,4.0,3.0,6.0,4.0,3.0,1.0,SIRA
0.0,1.0,1.0,1.0,1.0,1.0,0.0,0.0,4.0,4.0,5.0,4.0,5.0,5.0,4.0,2.0,SIRA
0.0,2.0,2.0,0.0,3.0,3.0,0.0,0.0,4.0,4.0,3.0,2.0,6.0,3.0,2.0,4.0,SIRA
0.0,1.0,1.0,1.0,1.0,1.0,0.0,0.0,5.0,4.0,5.0,4.0,5.0,5.0,4.0,2.0,SIRA
0.0,1.0,1.0,0.0,1.0,1.0,0.0,0.0,2.0,6.0,5.0,4.0,6.0,5.0,4.0,5.0,SIRA
0.0,1.0,1.0,1.0,1.0,1.0,0.0,0.0,5.0,4.0,5.0,4.0,5.0,5.0,4.0,4.0,SIRA
0.0,1.0,1.0,1.0,1.0,1.0,0.0,0.0,4.0,4.0,5.0,4.0,5.0,5.0,4.0,4.0,SIRA
0.0,2.0,3.0,0.0,4.0,4.0,1.0,0.0,4.0,2.0,3.0,1.0,6.0,3.0,1.0,3.0,SIRA
0.0,1.0,1.0,1.0,1.0,1.0,0.0,0.0,4.0,3.0,5.0,4.0,5.0,5.0,4.0,1.0,SIRA
0.0,1.0,1.0,1.0,1.0,1.0,0.0,0.0,2.0,4.0,5.0,4.0,5.0,5.0,4.0,4.0,SIRA
0.0,1.0,2.0,0.0,2.0,2.0,0.0,0.0,5.0,4.0,4.0,3.0,6.0,4.0,3.0,4.0,SIRA
0.0,1.0,1.0,0.0,2.0,2.0,0.0,0.0,5.0,4.0,4.0,3.0,6.0,4.0,3.0,4.0,SIRA
0.0,1.0,1.0,1.0,1.0,1.0,0.0,0.0,3.0,4.0,5.0,4.0,5.0,5.0,4.0,4.0,SIRA
0.0,1.0,1.0,1.0,1.0,1.0,0.0,0.0,4.0,5.0,5.0,4.0,5.0,5.0,4.0,4.0,SIRA
0.0,1.0,1.0,1.0,1.0,1.0,0.0,0.0,5.0,4.0,5.0,4.0,5.0,5.0,4.0,3.0,SIRA
0.0,1.0,1.0,0.0,2.0,2.0,0.0,0.0,4.0,4.0,5.0,3.0,6.0,4.0,3.0,3.0,SIRA
0.0,2.0,2.0,0.0,3.0,3.0,0.0,0.0,5.0,4.0,4.0,2.0,6.0,3.0,2.0,4.0,SIRA
0.0,1.0,1.0,0.0,2.0,2.0,0.0,0.0,2.0,4.0,5.0,3.0,6.0,4.0,3.0,4.0,SIRA
0.0,1.0,1.0,0.0,1.0,1.0,0.0,0.0,2.0,5.0,5.0,4.0,5.0,5.0,4.0,5.0,SIRA
0.0,1.0,1.0,0.0,1.0,1.0,0.0,0.0,4.0,4.0,5.0,4.0,6.0,5.0,4.0,6.0,SIRA
0.0,1.0,2.0,0.0,2.0,2.0,1.0,0.0,1.0,2.0,4.0,3.0,6.0,3.0,3.0,2.0,SIRA
1.0,1.0,1.0,0.0,2.0,2.0,1.0,1.0,2.0,4.0,4.0,3.0,6.0,4.0,3.0,5.0,SIRA
1.0,2.0,1.0,0.0,2.0,2.0,1.0,1.0,1.0,3.0,4.0,3.0,6.0,4.0,3.0,2.0,SIRA
1.0,1.0,1.0,0.0,1.0,1.0,1.0,1.0,2.0,4.0,5.0,4.0,6.0,5.0,4.0,4.0,SIRA
1.0,1.0,1.0,1.0,1.0,1.0,1.0,1.0,4.0,4.0,5.0,4.0,5.0,5.0,4.0,2.0,SIRA
1.0,1.0,1.0,1.0,1.0,1.0,1.0,1.0,2.0,2.0,4.0,4.0,5.0,5.0,4.0,1.0,SIRA
1.0,1.0,1.0,1.0,1.0,1.0,1.0,1.0,2.0,4.0,4.0,4.0,5.0,5.0,4.0,4.0,SIRA
1.0,1.0,2.0,0.0,2.0,2.0,1.0,1.0,2.0,3.0,4.0,3.0,6.0,4.0,3.0,3.0,SIRA
1.0,1.0,1.0,0.0,1.0,1.0,1.0,1.0,4.0,4.0,4.0,4.0,6.0,5.0,4.0,4.0,SIRA
1.0,1.0,1.0,1.0,1.0,1.0,1.0,1.0,6.0,4.0,5.0,4.0,5.0,5.0,4.0,4.0,SIRA
1.0,1.0,1.0,0.0,1.0,1.0,1.0,1.0,5.0,4.0,5.0,4.0,6.0,5.0,4.0,1.0,SIRA
1.0,1.0,1.0,1.0,1.0,1.0,1.0,1.0,5.0,4.0,6.0,4.0,5.0,5.0,4.0,4.0,SIRA
1.0,2.0,1.0,0.0,1.0,1.0,1.0,1.0,2.0,3.0,4.0,3.0,6.0,4.0,3.0,2.0,SIRA
1.0,1.0,1.0,1.0,1.0,1.0,1.0,1.0,2.0,4.0,5.0,4.0,5.0,5.0,4.0,4.0,SIRA
1.0,1.0,2.0,0.0,2.0,2.0,1.0,1.0,4.0,3.0,4.0,3.0,6.0,4.0,3.0,3.0,SIRA
1.0,2.0,1.0,0.0,1.0,1.0,1.0,1.0,2.0,3.0,4.0,4.0,6.0,5.0,4.0,4.0,SIRA
1.0,1.0,1.0,1.0,1.0,1.0,1.0,1.0,4.0,4.0,5.0,4.0,5.0,5.0,4.0,4.0,SIRA
1.0,2.0,1.0,0.0,1.0,1.0,1.0,1.0,2.0,2.0,4.0,4.0,6.0,5.0,4.0,1.0,SIRA
1.0,1.0,1.0,1.0,1.0,1.0,1.0,1.0,4.0,4.0,5.0,4.0,5.0,5.0,4.0,4.0,SIRA
1.0,2.0,1.0,1.0,1.0,1.0,1.0,1.0,1.0,2.0,3.0,4.0,6.0,5.0,4.0,3.0,SIRA
1.0,1.0,1.0,0.0,1.0,1.0,1.0,1.0,4.0,4.0,5.0,4.0,6.0,5.0,4.0,4.0,SIRA
1.0,2.0,2.0,0.0,2.0,2.0,1.0,1.0,2.0,4.0,4.0,3.0,6.0,3.0,3.0,4.0,SIRA
1.0,2.0,2.0,0.0,2.0,2.0,1.0,1.0,2.0,4.0,4.0,3.0,6.0,3.0,3.0,3.0,SIRA
1.0,2.0,3.0,0.0,4.0,4.0,1.0,1.0,2.0,3.0,3.0,1.0,6.0,3.0,1.0,2.0,SIRA
1.0,2.0,2.0,0.0,2.0,2.0,1.0,1.0,5.0,4.0,4.0,3.0,6.0,3.0,3.0,2.0,SIRA
1.0,1.0,1.0,0.0,2.0,2.0,1.0,1.0,5.0,4.0,5.0,3.0,6.0,4.0,3.0,3.0,SIRA
1.0,1.0,1.0,0.0,1.0,1.0,1.0,1.0,5.0,4.0,4.0,4.0,6.0,5.0,4.0,4.0,SIRA
1.0,1.0,1.0,1.0,1.0,1.0,1.0,1.0,2.0,4.0,5.0,4.0,5.0,5.0,4.0,4.0,SIRA
1.0,1.0,1.0,1.0,1.0,1.0,1.0,1.0,2.0,4.0,5.0,4.0,5.0,5.0,4.0,4.0,SIRA
1.0,1.0,1.0,1.0,1.0,1.0,1.0,1.0,4.0,4.0,5.0,4.0,5.0,5.0,4.0,4.0,SIRA
1.0,1.0,1.0,1.0,1.0,1.0,1.0,1.0,5.0,4.0,5.0,4.0,5.0,5.0,4.0,4.0,SIRA
1.0,2.0,3.0,0.0,3.0,3.0,1.0,1.0,2.0,4.0,4.0,2.0,6.0,3.0,2.0,4.0,SIRA
1.0,1.0,1.0,1.0,1.0,1.0,1.0,1.0,2.0,3.0,4.0,4.0,5.0,5.0,4.0,4.0,SIRA
1.0,1.0,1.0,1.0,1.0,1.0,1.0,1.0,5.0,4.0,5.0,4.0,5.0,5.0,4.0,3.0,SIRA
1.0,2.0,3.0,0.0,2.0,2.0,1.0,1.0,5.0,4.0,4.0,3.0,6.0,3.0,3.0,2.0,SIRA
1.0,1.0,1.0,1.0,1.0,1.0,1.0,1.0,4.0,6.0,5.0,4.0,5.0,5.0,4.0,2.0,SIRA
1.0,1.0,1.0,1.0,1.0,1.0,1.0,1.0,4.0,4.0,4.0,4.0,5.0,5.0,4.0,3.0,SIRA
1.0,1.0,1.0,1.0,1.0,1.0,1.0,1.0,5.0,4.0,5.0,4.0,5.0,5.0,4.0,3.0,SIRA
1.0,1.0,1.0,1.0,1.0,1.0,1.0,1.0,2.0,4.0,5.0,4.0,5.0,5.0,4.0,3.0,SIRA
1.0,1.0,1.0,1.0,1.0,1.0,1.0,1.0,3.0,4.0,5.0,4.0,5.0,5.0,4.0,4.0,SIRA
1.0,2.0,3.0,0.0,3.0,3.0,1.0,1.0,1.0,3.0,4.0,2.0,6.0,3.0,2.0,5.0,SIRA
1.0,2.0,2.0,0.0,2.0,2.0,1.0,1.0,2.0,2.0,4.0,3.0,6.0,4.0,3.0,3.0,SIRA
1.0,1.0,1.0,1.0,1.0,1.0,1.0,1.0,5.0,4.0,5.0,4.0,5.0,5.0,4.0,5.0,SIRA
1.0,2.0,3.0,0.0,4.0,4.0,1.0,1.0,4.0,4.0,3.0,1.0,6.0,3.0,1.0,2.0,SIRA
1.0,1.0,1.0,1.0,1.0,1.0,1.0,1.0,4.0,4.0,5.0,4.0,5.0,5.0,4.0,4.0,SIRA
1.0,2.0,1.0,1.0,1.0,1.0,1.0,1.0,1.0,3.0,4.0,4.0,5.0,5.0,4.0,1.0,SIRA
1.0,1.0,1.0,1.0,1.0,1.0,1.0,1.0,4.0,4.0,5.0,4.0,5.0,5.0,4.0,4.0,SIRA
1.0,1.0,1.0,1.0,1.0,1.0,1.0,1.0,4.0,4.0,5.0,4.0,5.0,5.0,4.0,4.0,SIRA
1.0,1.0,1.0,1.0,1.0,1.0,1.0,1.0,4.0,4.0,5.0,4.0,5.0,5.0,4.0,4.0,SIRA
1.0,1.0,2.0,0.0,2.0,2.0,1.0,1.0,1.0,6.0,5.0,3.0,6.0,4.0,3.0,2.0,SIRA
1.0,1.0,1.0,1.0,1.0,1.0,1.0,1.0,4.0,2.0,5.0,4.0,5.0,5.0,4.0,1.0,SIRA
1.0,2.0,3.0,0.0,4.0,4.0,1.0,1.0,5.0,4.0,4.0,1.0,6.0,3.0,1.0,4.0,SIRA
1.0,2.0,3.0,0.0,3.0,3.0,1.0,1.0,4.0,4.0,3.0,2.0,6.0,3.0,2.0,3.0,SIRA
1.0,2.0,3.0,0.0,2.0,2.0,1.0,1.0,1.0,4.0,4.0,3.0,6.0,3.0,3.0,2.0,SIRA
1.0,2.0,2.0,0.0,2.0,2.0,1.0,1.0,4.0,4.0,4.0,3.0,6.0,4.0,3.0,3.0,SIRA
1.0,1.0,1.0,1.0,1.0,1.0,1.0,1.0,4.0,4.0,5.0,4.0,5.0,5.0,4.0,4.0,SIRA
1.0,2.0,3.0,0.0,4.0,4.0,1.0,1.0,1.0,2.0,3.0,1.0,6.0,3.0,1.0,1.0,SIRA
1.0,2.0,3.0,0.0,3.0,3.0,1.0,1.0,4.0,3.0,3.0,2.0,6.0,3.0,2.0,4.0,SIRA
1.0,1.0,1.0,1.0,1.0,1.0,1.0,1.0,3.0,4.0,5.0,4.0,5.0,5.0,4.0,4.0,SIRA
1.0,1.0,1.0,1.0,1.0,1.0,1.0,1.0,5.0,4.0,5.0,4.0,5.0,5.0,4.0,4.0,SIRA
1.0,2.0,1.0,1.0,1.0,1.0,1.0,1.0,2.0,3.0,4.0,4.0,5.0,5.0,4.0,4.0,SIRA
1.0,1.0,1.0,1.0,1.0,1.0,1.0,1.0,5.0,5.0,5.0,4.0,5.0,5.0,4.0,4.0,SIRA
1.0,2.0,3.0,0.0,4.0,4.0,1.0,1.0,2.0,2.0,3.0,1.0,6.0,3.0,1.0,1.0,SIRA
1.0,1.0,1.0,1.0,1.0,1.0,1.0,1.0,4.0,4.0,5.0,4.0,5.0,5.0,4.0,4.0,SIRA
1.0,2.0,2.0,0.0,2.0,2.0,1.0,1.0,2.0,4.0,4.0,3.0,6.0,4.0,3.0,3.0,SIRA
1.0,1.0,1.0,1.0,1.0,1.0,1.0,1.0,2.0,4.0,5.0,4.0,5.0,5.0,4.0,4.0,SIRA
1.0,2.0,3.0,0.0,2.0,2.0,1.0,1.0,3.0,4.0,4.0,3.0,6.0,3.0,3.0,2.0,SIRA
1.0,1.0,1.0,1.0,1.0,1.0,1.0,1.0,6.0,4.0,5.0,4.0,5.0,5.0,4.0,4.0,SIRA
1.0,2.0,1.0,1.0,1.0,1.0,1.0,1.0,4.0,4.0,4.0,4.0,5.0,5.0,4.0,4.0,SIRA
1.0,1.0,2.0,0.0,2.0,2.0,1.0,1.0,5.0,2.0,4.0,3.0,6.0,4.0,3.0,2.0,SIRA
1.0,1.0,1.0,1.0,1.0,1.0,1.0,1.0,2.0,4.0,4.0,4.0,5.0,5.0,4.0,5.0,SIRA
1.0,2.0,2.0,0.0,2.0,2.0,1.0,1.0,1.0,4.0,4.0,3.0,6.0,4.0,3.0,3.0,SIRA
1.0,2.0,1.0,0.0,2.0,2.0,1.0,1.0,2.0,4.0,4.0,3.0,6.0,4.0,3.0,4.0,SIRA
1.0,2.0,2.0,0.0,2.0,2.0,1.0,1.0,2.0,4.0,4.0,3.0,6.0,4.0,3.0,4.0,SIRA
1.0,2.0,2.0,0.0,2.0,2.0,1.0,1.0,5.0,2.0,4.0,3.0,6.0,4.0,3.0,1.0,SIRA
1.0,1.0,1.0,1.0,1.0,1.0,1.0,1.0,2.0,4.0,5.0,4.0,5.0,5.0,4.0,5.0,SIRA
1.0,2.0,1.0,1.0,1.0,1.0,1.0,1.0,2.0,2.0,4.0,4.0,5.0,5.0,4.0,1.0,SIRA
1.0,2.0,1.0,1.0,1.0,1.0,1.0,1.0,4.0,4.0,4.0,4.0,5.0,5.0,4.0,4.0,SIRA
1.0,2.0,2.0,0.0,2.0,2.0,1.0,1.0,4.0,2.0,4.0,3.0,6.0,4.0,3.0,1.0,SIRA
1.0,2.0,3.0,0.0,4.0,4.0,1.0,1.0,1.0,2.0,3.0,1.0,6.0,3.0,1.0,1.0,SIRA
1.0,2.0,2.0,0.0,2.0,2.0,1.0,1.0,1.0,4.0,4.0,3.0,6.0,4.0,3.0,5.0,SIRA
1.0,2.0,2.0,0.0,2.0,2.0,1.0,1.0,1.0,4.0,3.0,3.0,6.0,4.0,3.0,4.0,SIRA
1.0,2.0,2.0,0.0,2.0,2.0,1.0,1.0,2.0,2.0,4.0,3.0,6.0,4.0,3.0,3.0,SIRA
1.0,1.0,1.0,1.0,1.0,1.0,1.0,1.0,5.0,4.0,5.0,4.0,5.0,5.0,4.0,4.0,SIRA
1.0,2.0,1.0,1.0,1.0,1.0,1.0,1.0,4.0,4.0,4.0,4.0,5.0,5.0,4.0,4.0,SIRA
1.0,2.0,1.0,1.0,1.0,1.0,1.0,1.0,5.0,2.0,4.0,4.0,5.0,5.0,4.0,3.0,SIRA
1.0,1.0,1.0,1.0,1.0,1.0,1.0,1.0,4.0,4.0,5.0,4.0,5.0,5.0,4.0,5.0,SIRA
1.0,2.0,2.0,0.0,2.0,2.0,1.0,1.0,4.0,3.0,4.0,3.0,6.0,4.0,3.0,4.0,SIRA
1.0,2.0,2.0,0.0,2.0,2.0,1.0,1.0,4.0,4.0,4.0,3.0,6.0,4.0,3.0,4.0,SIRA
1.0,2.0,2.0,0.0,2.0,2.0,1.0,1.0,4.0,2.0,4.0,3.0,6.0,4.0,3.0,2.0,SIRA
1.0,1.0,2.0,0.0,2.0,2.0,1.0,1.0,6.0,4.0,5.0,3.0,6.0,4.0,3.0,4.0,SIRA
1.0,1.0,1.0,1.0,1.0,1.0,1.0,1.0,4.0,4.0,5.0,4.0,5.0,5.0,4.0,4.0,SIRA
1.0,1.0,1.0,1.0,1.0,1.0,1.0,1.0,4.0,4.0,5.0,4.0,5.0,5.0,4.0,5.0,SIRA
1.0,2.0,3.0,0.0,3.0,3.0,1.0,1.0,1.0,2.0,3.0,2.0,6.0,3.0,2.0,2.0,SIRA
1.0,1.0,1.0,1.0,1.0,1.0,1.0,1.0,4.0,4.0,5.0,4.0,5.0,5.0,4.0,4.0,SIRA
1.0,2.0,2.0,1.0,1.0,1.0,1.0,1.0,4.0,4.0,4.0,4.0,5.0,4.0,4.0,3.0,SIRA
1.0,2.0,3.0,0.0,4.0,4.0,1.0,1.0,5.0,3.0,3.0,1.0,6.0,3.0,1.0,3.0,SIRA
1.0,2.0,2.0,0.0,2.0,2.0,1.0,1.0,2.0,4.0,4.0,3.0,6.0,4.0,3.0,3.0,SIRA
1.0,2.0,3.0,0.0,2.0,2.0,1.0,1.0,2.0,4.0,4.0,3.0,6.0,3.0,3.0,3.0,SIRA
1.0,1.0,1.0,1.0,1.0,1.0,1.0,1.0,2.0,4.0,5.0,4.0,5.0,5.0,4.0,6.0,SIRA
1.0,2.0,2.0,1.0,1.0,1.0,1.0,1.0,5.0,3.0,4.0,4.0,5.0,4.0,4.0,3.0,SIRA
1.0,1.0,1.0,1.0,1.0,1.0,1.0,1.0,4.0,4.0,5.0,4.0,5.0,5.0,4.0,6.0,SIRA
1.0,2.0,1.0,1.0,1.0,1.0,1.0,1.0,4.0,4.0,4.0,4.0,5.0,5.0,4.0,4.0,SIRA
1.0,2.0,2.0,1.0,1.0,1.0,1.0,1.0,1.0,3.0,3.0,4.0,5.0,4.0,4.0,3.0,SIRA
1.0,2.0,3.0,0.0,2.0,2.0,1.0,1.0,2.0,4.0,4.0,3.0,6.0,3.0,3.0,4.0,SIRA
1.0,2.0,2.0,0.0,2.0,2.0,1.0,1.0,4.0,3.0,4.0,3.0,6.0,4.0,3.0,2.0,SIRA
1.0,1.0,1.0,1.0,1.0,1.0,1.0,1.0,2.0,4.0,5.0,4.0,5.0,5.0,4.0,4.0,SIRA
1.0,1.0,2.0,0.0,2.0,2.0,1.0,1.0,4.0,4.0,5.0,3.0,6.0,4.0,3.0,4.0,SIRA
1.0,2.0,2.0,0.0,2.0,2.0,1.0,1.0,2.0,4.0,4.0,3.0,6.0,3.0,3.0,4.0,SIRA
1.0,2.0,3.0,0.0,3.0,3.0,1.0,1.0,4.0,2.0,4.0,2.0,6.0,3.0,2.0,3.0,SIRA
1.0,1.0,1.0,1.0,1.0,1.0,1.0,1.0,5.0,4.0,5.0,4.0,5.0,5.0,4.0,4.0,SIRA
1.0,1.0,1.0,1.0,1.0,1.0,1.0,1.0,5.0,4.0,5.0,4.0,5.0,5.0,4.0,4.0,SIRA
1.0,1.0,1.0,1.0,1.0,1.0,1.0,1.0,4.0,4.0,5.0,4.0,5.0,5.0,4.0,6.0,SIRA
1.0,2.0,2.0,0.0,2.0,2.0,1.0,1.0,5.0,4.0,4.0,3.0,6.0,4.0,3.0,4.0,SIRA
1.0,2.0,1.0,1.0,1.0,1.0,1.0,1.0,4.0,4.0,5.0,4.0,5.0,5.0,4.0,4.0,SIRA
1.0,2.0,3.0,0.0,2.0,2.0,1.0,1.0,5.0,4.0,4.0,3.0,6.0,3.0,3.0,5.0,SIRA
1.0,1.0,1.0,1.0,1.0,1.0,1.0,1.0,4.0,4.0,5.0,4.0,5.0,5.0,4.0,4.0,SIRA
1.0,1.0,1.0,1.0,1.0,1.0,1.0,1.0,4.0,4.0,5.0,4.0,5.0,5.0,4.0,4.0,SIRA
1.0,2.0,3.0,0.0,3.0,3.0,1.0,1.0,5.0,4.0,4.0,3.0,6.0,3.0,3.0,4.0,SIRA
1.0,2.0,2.0,0.0,2.0,2.0,1.0,1.0,5.0,3.0,4.0,3.0,6.0,4.0,3.0,2.0,SIRA
1.0,1.0,1.0,1.0,1.0,1.0,1.0,1.0,4.0,4.0,5.0,4.0,5.0,5.0,4.0,4.0,SIRA
1.0,2.0,1.0,1.0,1.0,1.0,1.0,1.0,4.0,2.0,2.0,4.0,5.0,5.0,4.0,4.0,SIRA
1.0,2.0,3.0,0.0,4.0,4.0,1.0,1.0,2.0,4.0,4.0,1.0,6.0,3.0,1.0,3.0,SIRA
1.0,2.0,1.0,1.0,1.0,1.0,1.0,1.0,1.0,4.0,4.0,4.0,5.0,5.0,4.0,4.0,SIRA
1.0,2.0,2.0,0.0,2.0,2.0,1.0,1.0,2.0,4.0,4.0,3.0,6.0,4.0,3.0,4.0,SIRA
1.0,1.0,1.0,1.0,1.0,1.0,1.0,1.0,5.0,4.0,5.0,4.0,5.0,5.0,4.0,4.0,SIRA
1.0,2.0,1.0,1.0,1.0,1.0,1.0,1.0,4.0,4.0,4.0,4.0,5.0,5.0,4.0,4.0,SIRA
1.0,1.0,1.0,1.0,1.0,1.0,1.0,1.0,4.0,4.0,5.0,4.0,5.0,5.0,4.0,4.0,SIRA
1.0,2.0,1.0,1.0,1.0,1.0,1.0,1.0,4.0,4.0,5.0,4.0,5.0,5.0,4.0,6.0,SIRA
1.0,2.0,3.0,0.0,4.0,4.0,1.0,1.0,2.0,4.0,3.0,1.0,6.0,3.0,1.0,4.0,SIRA
1.0,2.0,1.0,1.0,1.0,1.0,1.0,1.0,2.0,1.0,0.0,4.0,5.0,5.0,4.0,1.0,SIRA
1.0,1.0,1.0,1.0,1.0,1.0,1.0,1.0,5.0,4.0,5.0,4.0,5.0,5.0,4.0,5.0,SIRA
1.0,2.0,3.0,0.0,2.0,2.0,1.0,1.0,3.0,4.0,4.0,3.0,6.0,3.0,3.0,3.0,SIRA
1.0,2.0,1.0,1.0,1.0,1.0,1.0,1.0,3.0,4.0,5.0,4.0,5.0,5.0,4.0,4.0,SIRA
1.0,2.0,1.0,1.0,1.0,1.0,1.0,1.0,4.0,4.0,4.0,4.0,5.0,5.0,4.0,4.0,SIRA
1.0,2.0,2.0,1.0,2.0,2.0,1.0,1.0,5.0,4.0,4.0,3.0,5.0,4.0,3.0,3.0,SIRA
1.0,2.0,1.0,1.0,1.0,1.0,1.0,1.0,2.0,4.0,4.0,4.0,5.0,5.0,4.0,4.0,SIRA
1.0,1.0,2.0,1.0,1.0,1.0,1.0,1.0,4.0,5.0,5.0,4.0,5.0,4.0,4.0,2.0,SIRA
1.0,2.0,1.0,1.0,1.0,1.0,1.0,1.0,2.0,4.0,5.0,4.0,5.0,5.0,4.0,4.0,SIRA
1.0,2.0,1.0,1.0,1.0,1.0,1.0,1.0,2.0,4.0,5.0,4.0,5.0,5.0,4.0,4.0,SIRA
1.0,2.0,1.0,1.0,1.0,1.0,1.0,1.0,5.0,3.0,5.0,4.0,5.0,5.0,4.0,1.0,SIRA
1.0,1.0,1.0,1.0,1.0,1.0,1.0,1.0,4.0,5.0,5.0,4.0,5.0,5.0,4.0,4.0,SIRA
1.0,2.0,1.0,1.0,1.0,1.0,1.0,1.0,2.0,4.0,4.0,4.0,5.0,5.0,4.0,3.0,SIRA
1.0,1.0,1.0,1.0,1.0,1.0,1.0,1.0,2.0,4.0,5.0,4.0,5.0,5.0,4.0,2.0,SIRA
1.0,1.0,2.0,1.0,1.0,1.0,1.0,1.0,4.0,4.0,5.0,4.0,5.0,5.0,4.0,4.0,SIRA
1.0,2.0,1.0,1.0,1.0,1.0,1.0,1.0,4.0,4.0,4.0,4.0,5.0,5.0,4.0,3.0,SIRA
1.0,2.0,2.0,1.0,2.0,2.0,1.0,1.0,5.0,4.0,5.0,3.0,5.0,4.0,3.0,4.0,SIRA
1.0,1.0,2.0,0.0,2.0,2.0,1.0,1.0,4.0,4.0,5.0,3.0,6.0,4.0,3.0,3.0,SIRA
1.0,2.0,3.0,0.0,4.0,4.0,1.0,1.0,2.0,4.0,4.0,1.0,6.0,3.0,1.0,4.0,SIRA
1.0,1.0,1.0,1.0,1.0,1.0,1.0,1.0,2.0,4.0,5.0,4.0,5.0,5.0,4.0,3.0,SIRA
1.0,2.0,3.0,0.0,2.0,2.0,1.0,1.0,5.0,3.0,4.0,3.0,6.0,3.0,3.0,1.0,SIRA
1.0,2.0,2.0,0.0,2.0,2.0,1.0,1.0,4.0,4.0,4.0,3.0,6.0,4.0,3.0,4.0,SIRA
1.0,2.0,3.0,0.0,4.0,4.0,1.0,1.0,1.0,2.0,1.0,1.0,6.0,3.0,1.0,2.0,SIRA
1.0,2.0,1.0,1.0,1.0,1.0,1.0,1.0,2.0,2.0,1.0,4.0,5.0,5.0,4.0,4.0,SIRA
1.0,2.0,2.0,0.0,2.0,2.0,1.0,1.0,5.0,4.0,5.0,3.0,5.0,4.0,3.0,4.0,SIRA
1.0,2.0,1.0,1.0,1.0,1.0,1.0,1.0,5.0,4.0,4.0,4.0,5.0,5.0,4.0,4.0,SIRA
1.0,2.0,2.0,1.0,2.0,2.0,1.0,1.0,2.0,4.0,5.0,3.0,5.0,4.0,3.0,4.0,SIRA
1.0,2.0,2.0,0.0,2.0,2.0,1.0,1.0,2.0,4.0,4.0,3.0,6.0,4.0,3.0,3.0,SIRA
1.0,2.0,1.0,1.0,1.0,1.0,1.0,1.0,4.0,4.0,5.0,4.0,5.0,5.0,4.0,4.0,SIRA
1.0,2.0,2.0,1.0,2.0,2.0,1.0,1.0,4.0,3.0,4.0,3.0,5.0,4.0,3.0,3.0,SIRA
1.0,2.0,1.0,1.0,1.0,1.0,1.0,1.0,4.0,4.0,4.0,4.0,5.0,5.0,4.0,3.0,SIRA
1.0,2.0,3.0,0.0,3.0,3.0,1.0,1.0,4.0,4.0,5.0,2.0,6.0,3.0,2.0,4.0,SIRA
1.0,2.0,1.0,1.0,1.0,1.0,1.0,1.0,2.0,2.0,5.0,4.0,5.0,5.0,4.0,3.0,SIRA
1.0,2.0,2.0,1.0,1.0,1.0,1.0,1.0,2.0,4.0,4.0,4.0,5.0,5.0,4.0,4.0,SIRA
1.0,2.0,1.0,1.0,1.0,1.0,1.0,1.0,2.0,4.0,4.0,4.0,5.0,5.0,4.0,1.0,SIRA
1.0,2.0,3.0,0.0,2.0,2.0,1.0,1.0,5.0,4.0,4.0,3.0,6.0,3.0,3.0,4.0,SIRA
1.0,1.0,1.0,1.0,1.0,1.0,1.0,1.0,4.0,4.0,5.0,4.0,5.0,5.0,4.0,3.0,SIRA
1.0,1.0,2.0,1.0,1.0,1.0,1.0,1.0,4.0,4.0,5.0,4.0,5.0,5.0,4.0,4.0,SIRA
1.0,2.0,3.0,0.0,2.0,2.0,1.0,1.0,3.0,4.0,4.0,3.0,6.0,3.0,3.0,4.0,SIRA
1.0,2.0,3.0,0.0,2.0,2.0,2.0,1.0,1.0,1.0,3.0,3.0,6.0,3.0,3.0,1.0,SIRA
1.0,2.0,1.0,1.0,1.0,1.0,1.0,1.0,4.0,4.0,5.0,4.0,5.0,5.0,4.0,4.0,SIRA
1.0,2.0,3.0,0.0,3.0,3.0,1.0,1.0,1.0,3.0,4.0,3.0,6.0,3.0,3.0,4.0,SIRA
1.0,2.0,2.0,1.0,1.0,1.0,1.0,1.0,2.0,4.0,4.0,4.0,5.0,4.0,4.0,3.0,SIRA
1.0,2.0,1.0,1.0,1.0,1.0,1.0,1.0,4.0,4.0,5.0,4.0,5.0,5.0,4.0,3.0,SIRA
1.0,2.0,2.0,1.0,2.0,2.0,1.0,1.0,2.0,2.0,1.0,4.0,5.0,4.0,4.0,4.0,SIRA
1.0,2.0,2.0,1.0,1.0,1.0,1.0,1.0,2.0,4.0,4.0,4.0,5.0,5.0,4.0,4.0,SIRA
1.0,2.0,1.0,1.0,1.0,1.0,1.0,1.0,5.0,2.0,4.0,4.0,5.0,5.0,4.0,3.0,SIRA
1.0,2.0,2.0,1.0,1.0,1.0,1.0,1.0,5.0,4.0,5.0,4.0,5.0,5.0,4.0,2.0,SIRA
1.0,2.0,2.0,0.0,2.0,2.0,1.0,1.0,1.0,3.0,4.0,3.0,6.0,4.0,3.0,4.0,SIRA
1.0,2.0,2.0,1.0,1.0,1.0,1.0,1.0,4.0,4.0,5.0,4.0,5.0,5.0,4.0,1.0,SIRA
1.0,1.0,1.0,1.0,1.0,1.0,1.0,1.0,5.0,4.0,5.0,4.0,5.0,5.0,4.0,4.0,SIRA
1.0,2.0,3.0,0.0,2.0,2.0,1.0,1.0,1.0,2.0,3.0,3.0,6.0,3.0,3.0,1.0,SIRA
1.0,2.0,3.0,0.0,3.0,3.0,1.0,1.0,2.0,4.0,3.0,2.0,6.0,3.0,2.0,3.0,SIRA
1.0,2.0,1.0,1.0,1.0,1.0,1.0,1.0,1.0,4.0,4.0,4.0,5.0,5.0,4.0,2.0,SIRA
1.0,2.0,3.0,0.0,2.0,2.0,1.0,1.0,5.0,4.0,4.0,3.0,6.0,3.0,3.0,3.0,SIRA
1.0,1.0,1.0,1.0,1.0,1.0,1.0,1.0,4.0,4.0,5.0,4.0,5.0,5.0,4.0,5.0,SIRA
1.0,2.0,1.0,1.0,1.0,1.0,1.0,1.0,2.0,4.0,5.0,4.0,5.0,5.0,4.0,3.0,SIRA
1.0,2.0,2.0,0.0,2.0,2.0,1.0,1.0,2.0,2.0,4.0,3.0,6.0,4.0,3.0,3.0,SIRA
1.0,2.0,2.0,1.0,1.0,1.0,2.0,1.0,5.0,1.0,4.0,3.0,5.0,4.0,3.0,1.0,SIRA
1.0,2.0,3.0,0.0,2.0,2.0,1.0,1.0,5.0,4.0,4.0,3.0,6.0,3.0,3.0,4.0,SIRA
1.0,2.0,2.0,1.0,1.0,1.0,1.0,1.0,2.0,4.0,4.0,4.0,5.0,4.0,4.0,4.0,SIRA
1.0,2.0,2.0,1.0,2.0,2.0,1.0,1.0,4.0,4.0,5.0,3.0,5.0,4.0,3.0,3.0,SIRA
1.0,2.0,2.0,1.0,1.0,1.0,1.0,1.0,1.0,4.0,4.0,4.0,5.0,4.0,4.0,2.0,SIRA
1.0,2.0,2.0,1.0,2.0,2.0,1.0,1.0,4.0,2.0,4.0,3.0,5.0,4.0,3.0,3.0,SIRA
1.0,2.0,3.0,0.0,4.0,4.0,1.0,1.0,0.0,4.0,3.0,1.0,6.0,3.0,1.0,4.0,SIRA
1.0,2.0,2.0,1.0,1.0,1.0,1.0,1.0,1.0,4.0,3.0,4.0,5.0,4.0,4.0,2.0,SIRA
1.0,2.0,2.0,1.0,1.0,1.0,1.0,1.0,5.0,4.0,5.0,4.0,5.0,4.0,4.0,4.0,SIRA
1.0,2.0,3.0,0.0,3.0,3.0,1.0,1.0,1.0,4.0,4.0,2.0,6.0,3.0,2.0,2.0,SIRA
1.0,2.0,3.0,0.0,2.0,2.0,1.0,1.0,1.0,6.0,5.0,3.0,6.0,3.0,3.0,4.0,SIRA
1.0,2.0,1.0,1.0,1.0,1.0,1.0,1.0,3.0,3.0,4.0,4.0,5.0,5.0,4.0,3.0,SIRA
1.0,1.0,1.0,1.0,1.0,1.0,1.0,1.0,4.0,4.0,5.0,4.0,5.0,5.0,4.0,4.0,SIRA
1.0,2.0,2.0,1.0,1.0,1.0,1.0,1.0,4.0,4.0,5.0,4.0,5.0,4.0,4.0,4.0,SIRA
1.0,2.0,1.0,1.0,1.0,1.0,1.0,1.0,2.0,4.0,4.0,4.0,5.0,5.0,4.0,4.0,SIRA
1.0,2.0,2.0,0.0,2.0,2.0,2.0,1.0,2.0,2.0,3.0,3.0,6.0,4.0,3.0,2.0,SIRA
1.0,2.0,2.0,1.0,1.0,1.0,1.0,1.0,5.0,4.0,4.0,4.0,5.0,4.0,4.0,4.0,SIRA
1.0,2.0,1.0,1.0,1.0,1.0,1.0,1.0,4.0,3.0,5.0,4.0,5.0,5.0,4.0,3.0,SIRA
1.0,1.0,1.0,1.0,1.0,1.0,1.0,1.0,4.0,4.0,5.0,4.0,5.0,5.0,4.0,1.0,SIRA
1.0,2.0,2.0,1.0,1.0,1.0,1.0,1.0,5.0,4.0,5.0,4.0,5.0,5.0,4.0,4.0,SIRA
1.0,2.0,2.0,1.0,1.0,1.0,1.0,1.0,4.0,4.0,5.0,4.0,5.0,4.0,4.0,3.0,SIRA
1.0,1.0,1.0,1.0,1.0,1.0,1.0,1.0,2.0,4.0,5.0,4.0,5.0,5.0,4.0,4.0,SIRA
1.0,2.0,1.0,1.0,1.0,1.0,1.0,1.0,2.0,4.0,4.0,4.0,5.0,5.0,4.0,3.0,SIRA
1.0,2.0,2.0,1.0,2.0,2.0,1.0,1.0,4.0,4.0,4.0,3.0,5.0,4.0,3.0,3.0,SIRA
1.0,2.0,2.0,1.0,1.0,1.0,1.0,1.0,2.0,5.0,5.0,4.0,5.0,4.0,4.0,4.0,SIRA
1.0,2.0,3.0,0.0,2.0,2.0,1.0,1.0,1.0,4.0,4.0,3.0,6.0,3.0,3.0,2.0,SIRA
1.0,2.0,1.0,1.0,1.0,1.0,2.0,1.0,1.0,2.0,4.0,4.0,5.0,5.0,4.0,1.0,SIRA
1.0,2.0,2.0,1.0,1.0,1.0,1.0,1.0,2.0,4.0,4.0,4.0,5.0,4.0,4.0,3.0,SIRA
1.0,2.0,2.0,1.0,2.0,2.0,2.0,1.0,2.0,2.0,4.0,3.0,5.0,4.0,3.0,3.0,SIRA
1.0,2.0,2.0,1.0,2.0,2.0,1.0,1.0,3.0,4.0,5.0,3.0,5.0,4.0,3.0,3.0,SIRA
1.0,2.0,1.0,1.0,1.0,1.0,1.0,1.0,4.0,4.0,5.0,4.0,5.0,5.0,4.0,2.0,SIRA
1.0,1.0,1.0,1.0,1.0,1.0,1.0,1.0,4.0,5.0,5.0,4.0,5.0,5.0,4.0,4.0,SIRA
1.0,2.0,3.0,0.0,3.0,3.0,1.0,1.0,6.0,4.0,4.0,2.0,6.0,3.0,2.0,4.0,SIRA
1.0,2.0,3.0,0.0,2.0,2.0,2.0,1.0,1.0,4.0,4.0,3.0,6.0,3.0,3.0,2.0,SIRA
1.0,2.0,3.0,1.0,2.0,2.0,2.0,1.0,2.0,3.0,4.0,3.0,6.0,3.0,3.0,1.0,SIRA
1.0,2.0,2.0,1.0,1.0,1.0,2.0,1.0,1.0,4.0,4.0,4.0,5.0,4.0,4.0,1.0,SIRA
1.0,2.0,3.0,0.0,2.0,2.0,2.0,1.0,3.0,4.0,4.0,3.0,6.0,3.0,3.0,4.0,SIRA
1.0,2.0,3.0,0.0,4.0,4.0,2.0,1.0,2.0,4.0,3.0,1.0,6.0,3.0,1.0,2.0,SIRA
1.0,2.0,2.0,1.0,1.0,1.0,2.0,1.0,2.0,3.0,4.0,4.0,5.0,5.0,4.0,4.0,SIRA
1.0,2.0,3.0,0.0,2.0,2.0,2.0,1.0,5.0,4.0,4.0,3.0,6.0,3.0,3.0,2.0,SIRA
1.0,2.0,2.0,1.0,2.0,2.0,2.0,1.0,2.0,4.0,4.0,3.0,5.0,4.0,3.0,3.0,SIRA
1.0,2.0,1.0,1.0,1.0,1.0,2.0,1.0,2.0,2.0,2.0,4.0,5.0,5.0,4.0,3.0,SIRA
1.0,2.0,2.0,1.0,2.0,2.0,2.0,1.0,4.0,2.0,4.0,3.0,5.0,4.0,3.0,2.0,SIRA
1.0,2.0,2.0,1.0,1.0,1.0,2.0,1.0,5.0,4.0,4.0,4.0,5.0,4.0,4.0,4.0,SIRA
1.0,2.0,2.0,1.0,1.0,1.0,1.0,1.0,4.0,4.0,5.0,4.0,5.0,5.0,4.0,4.0,SIRA
1.0,2.0,2.0,1.0,1.0,1.0,2.0,1.0,5.0,4.0,5.0,4.0,5.0,5.0,4.0,3.0,SIRA
1.0,2.0,1.0,1.0,1.0,1.0,2.0,1.0,2.0,4.0,4.0,4.0,5.0,5.0,4.0,4.0,SIRA
1.0,2.0,1.0,1.0,1.0,1.0,2.0,1.0,2.0,4.0,4.0,4.0,5.0,5.0,4.0,4.0,SIRA
1.0,2.0,1.0,1.0,1.0,1.0,2.0,1.0,4.0,4.0,5.0,4.0,5.0,5.0,4.0,4.0,SIRA
1.0,2.0,2.0,1.0,1.0,1.0,2.0,1.0,2.0,2.0,4.0,4.0,5.0,5.0,4.0,2.0,SIRA
1.0,2.0,2.0,1.0,2.0,2.0,2.0,1.0,5.0,4.0,4.0,3.0,5.0,4.0,3.0,4.0,SIRA
1.0,2.0,3.0,0.0,2.0,2.0,2.0,1.0,4.0,4.0,4.0,3.0,6.0,3.0,3.0,4.0,SIRA
1.0,2.0,3.0,0.0,2.0,2.0,2.0,1.0,2.0,2.0,3.0,3.0,6.0,3.0,3.0,3.0,SIRA
1.0,2.0,2.0,1.0,2.0,2.0,2.0,1.0,4.0,4.0,5.0,3.0,5.0,4.0,3.0,3.0,SIRA
1.0,2.0,1.0,1.0,0.0,0.0,2.0,1.0,4.0,4.0,5.0,4.0,5.0,5.0,4.0,2.0,SIRA
1.0,2.0,3.0,1.0,2.0,2.0,2.0,1.0,5.0,2.0,4.0,3.0,5.0,4.0,3.0,3.0,SIRA
1.0,2.0,2.0,1.0,1.0,1.0,2.0,1.0,6.0,4.0,4.0,4.0,5.0,4.0,4.0,4.0,SIRA
1.0,2.0,1.0,1.0,1.0,1.0,2.0,1.0,4.0,4.0,5.0,4.0,5.0,5.0,4.0,4.0,SIRA
1.0,2.0,2.0,1.0,1.0,1.0,2.0,1.0,2.0,4.0,5.0,4.0,5.0,5.0,4.0,4.0,SIRA
1.0,2.0,3.0,0.0,2.0,2.0,2.0,1.0,4.0,3.0,4.0,3.0,6.0,3.0,3.0,2.0,SIRA
1.0,2.0,1.0,1.0,1.0,1.0,2.0,1.0,4.0,4.0,5.0,4.0,5.0,5.0,4.0,4.0,SIRA
1.0,2.0,2.0,1.0,1.0,1.0,2.0,1.0,2.0,4.0,4.0,4.0,5.0,4.0,4.0,3.0,SIRA
1.0,2.0,2.0,1.0,1.0,1.0,2.0,1.0,4.0,4.0,5.0,4.0,5.0,5.0,4.0,4.0,SIRA
1.0,2.0,3.0,0.0,2.0,2.0,2.0,1.0,5.0,3.0,4.0,3.0,6.0,3.0,3.0,3.0,SIRA
1.0,2.0,2.0,1.0,2.0,2.0,2.0,1.0,5.0,4.0,4.0,3.0,5.0,4.0,3.0,4.0,SIRA
1.0,2.0,2.0,1.0,2.0,2.0,2.0,1.0,2.0,3.0,4.0,3.0,5.0,4.0,3.0,3.0,SIRA
1.0,2.0,1.0,1.0,1.0,1.0,2.0,1.0,4.0,2.0,5.0,4.0,5.0,5.0,4.0,3.0,SIRA
1.0,2.0,3.0,0.0,2.0,2.0,2.0,1.0,2.0,4.0,4.0,3.0,6.0,3.0,3.0,3.0,SIRA
1.0,2.0,2.0,1.0,1.0,1.0,2.0,1.0,2.0,2.0,4.0,4.0,5.0,5.0,4.0,2.0,SIRA
1.0,2.0,3.0,0.0,2.0,2.0,2.0,1.0,2.0,4.0,4.0,3.0,6.0,3.0,3.0,3.0,SIRA
1.0,2.0,3.0,0.0,3.0,3.0,2.0,1.0,1.0,2.0,3.0,2.0,6.0,3.0,2.0,1.0,SIRA
1.0,2.0,3.0,1.0,2.0,2.0,2.0,1.0,4.0,4.0,4.0,3.0,5.0,3.0,3.0,3.0,SIRA
1.0,2.0,3.0,1.0,2.0,2.0,2.0,1.0,4.0,4.0,4.0,3.0,5.0,4.0,3.0,4.0,SIRA
1.0,2.0,2.0,1.0,1.0,1.0,2.0,1.0,4.0,3.0,3.0,4.0,5.0,4.0,4.0,4.0,SIRA
1.0,2.0,1.0,1.0,1.0,1.0,2.0,1.0,2.0,4.0,5.0,4.0,5.0,5.0,4.0,4.0,SIRA
1.0,2.0,2.0,1.0,2.0,2.0,2.0,1.0,1.0,4.0,5.0,3.0,5.0,4.0,3.0,4.0,SIRA
1.0,2.0,3.0,1.0,2.0,2.0,2.0,1.0,3.0,4.0,5.0,3.0,5.0,4.0,3.0,4.0,SIRA
1.0,2.0,3.0,0.0,2.0,2.0,2.0,1.0,4.0,4.0,4.0,3.0,6.0,3.0,3.0,4.0,SIRA
1.0,2.0,2.0,1.0,1.0,1.0,2.0,1.0,5.0,5.0,5.0,4.0,5.0,4.0,4.0,4.0,SIRA
1.0,2.0,3.0,0.0,4.0,4.0,2.0,1.0,4.0,4.0,4.0,1.0,6.0,3.0,1.0,2.0,SIRA
1.0,2.0,2.0,1.0,1.0,1.0,2.0,1.0,1.0,4.0,4.0,4.0,5.0,5.0,4.0,1.0,SIRA
1.0,1.0,1.0,1.0,1.0,1.0,2.0,1.0,6.0,4.0,5.0,4.0,5.0,5.0,4.0,3.0,SIRA
1.0,2.0,3.0,1.0,2.0,2.0,2.0,1.0,1.0,4.0,4.0,3.0,5.0,3.0,3.0,1.0,SIRA
1.0,2.0,3.0,1.0,2.0,2.0,2.0,1.0,4.0,4.0,4.0,3.0,5.0,4.0,3.0,3.0,SIRA
1.0,2.0,1.0,1.0,1.0,1.0,2.0,1.0,4.0,2.0,5.0,4.0,5.0,5.0,4.0,3.0,SIRA
1.0,2.0,2.0,1.0,1.0,1.0,2.0,1.0,4.0,4.0,5.0,4.0,5.0,4.0,4.0,4.0,SIRA
1.0,2.0,1.0,1.0,1.0,1.0,2.0,1.0,2.0,4.0,4.0,4.0,5.0,5.0,4.0,4.0,SIRA
1.0,2.0,2.0,1.0,1.0,1.0,2.0,1.0,4.0,4.0,4.0,4.0,5.0,4.0,4.0,4.0,SIRA
1.0,2.0,3.0,1.0,2.0,2.0,2.0,1.0,2.0,2.0,4.0,3.0,5.0,3.0,3.0,2.0,SIRA
1.0,2.0,2.0,1.0,1.0,1.0,2.0,1.0,2.0,4.0,5.0,4.0,5.0,4.0,4.0,2.0,SIRA
1.0,2.0,1.0,1.0,0.0,0.0,2.0,1.0,4.0,4.0,5.0,5.0,5.0,5.0,5.0,4.0,SIRA
1.0,2.0,3.0,1.0,2.0,2.0,2.0,1.0,2.0,2.0,4.0,3.0,6.0,3.0,3.0,1.0,SIRA
1.0,2.0,3.0,0.0,2.0,2.0,2.0,1.0,4.0,4.0,4.0,3.0,6.0,3.0,3.0,4.0,SIRA
1.0,2.0,3.0,1.0,2.0,2.0,2.0,1.0,5.0,4.0,4.0,3.0,5.0,3.0,3.0,4.0,SIRA
1.0,2.0,1.0,1.0,1.0,1.0,2.0,1.0,3.0,4.0,5.0,4.0,5.0,5.0,4.0,3.0,SIRA
1.0,2.0,1.0,1.0,1.0,1.0,2.0,1.0,1.0,4.0,4.0,4.0,5.0,5.0,4.0,1.0,SIRA
1.0,2.0,3.0,1.0,2.0,2.0,2.0,1.0,4.0,4.0,4.0,3.0,5.0,4.0,3.0,4.0,SIRA
1.0,2.0,3.0,0.0,4.0,4.0,2.0,1.0,5.0,4.0,4.0,1.0,6.0,3.0,1.0,4.0,SIRA
1.0,2.0,2.0,1.0,2.0,2.0,2.0,1.0,4.0,4.0,5.0,3.0,5.0,4.0,3.0,4.0,SIRA
1.0,2.0,3.0,0.0,2.0,2.0,2.0,1.0,1.0,4.0,4.0,3.0,6.0,3.0,3.0,2.0,SIRA
1.0,2.0,2.0,1.0,1.0,1.0,2.0,1.0,2.0,4.0,5.0,4.0,5.0,4.0,4.0,3.0,SIRA
1.0,2.0,3.0,0.0,3.0,3.0,2.0,1.0,6.0,4.0,4.0,2.0,6.0,3.0,2.0,2.0,SIRA
1.0,2.0,2.0,1.0,1.0,1.0,2.0,1.0,5.0,4.0,4.0,4.0,5.0,5.0,4.0,4.0,SIRA
1.0,2.0,3.0,0.0,2.0,2.0,2.0,1.0,1.0,3.0,4.0,3.0,6.0,3.0,3.0,3.0,SIRA
1.0,2.0,1.0,1.0,1.0,1.0,2.0,1.0,2.0,4.0,5.0,4.0,5.0,5.0,4.0,6.0,SIRA
1.0,2.0,3.0,1.0,2.0,2.0,2.0,1.0,1.0,4.0,4.0,3.0,6.0,3.0,3.0,2.0,SIRA
1.0,2.0,1.0,1.0,1.0,1.0,2.0,1.0,4.0,4.0,4.0,4.0,5.0,5.0,4.0,2.0,SIRA
1.0,2.0,2.0,1.0,1.0,1.0,2.0,1.0,4.0,4.0,5.0,4.0,5.0,5.0,4.0,3.0,SIRA
1.0,2.0,2.0,1.0,1.0,1.0,2.0,1.0,5.0,5.0,5.0,4.0,5.0,4.0,4.0,4.0,SIRA
1.0,2.0,2.0,1.0,1.0,1.0,2.0,1.0,2.0,3.0,4.0,4.0,5.0,4.0,4.0,2.0,SIRA
1.0,2.0,1.0,1.0,1.0,1.0,2.0,1.0,2.0,4.0,5.0,4.0,5.0,5.0,4.0,3.0,SIRA
1.0,2.0,2.0,1.0,1.0,1.0,2.0,1.0,1.0,4.0,4.0,4.0,5.0,5.0,4.0,1.0,SIRA
1.0,2.0,3.0,0.0,2.0,2.0,2.0,1.0,4.0,4.0,4.0,3.0,6.0,3.0,3.0,3.0,SIRA
1.0,2.0,2.0,1.0,1.0,1.0,2.0,1.0,4.0,4.0,5.0,4.0,5.0,5.0,4.0,4.0,SIRA
1.0,2.0,2.0,1.0,1.0,1.0,2.0,1.0,4.0,2.0,4.0,4.0,5.0,4.0,4.0,2.0,SIRA
1.0,1.0,1.0,1.0,1.0,1.0,2.0,1.0,4.0,4.0,5.0,4.0,5.0,5.0,4.0,4.0,SIRA
1.0,2.0,2.0,1.0,2.0,2.0,2.0,1.0,4.0,4.0,4.0,3.0,5.0,4.0,3.0,4.0,SIRA
1.0,2.0,1.0,1.0,1.0,1.0,2.0,1.0,4.0,4.0,5.0,4.0,5.0,5.0,4.0,5.0,SIRA
1.0,2.0,1.0,1.0,1.0,1.0,2.0,1.0,2.0,4.0,5.0,4.0,5.0,5.0,4.0,4.0,SIRA
1.0,2.0,2.0,1.0,2.0,2.0,2.0,1.0,4.0,4.0,4.0,3.0,5.0,4.0,3.0,4.0,SIRA
1.0,2.0,2.0,1.0,1.0,1.0,2.0,1.0,3.0,4.0,5.0,4.0,5.0,5.0,4.0,5.0,SIRA
1.0,2.0,2.0,1.0,1.0,1.0,2.0,1.0,5.0,4.0,4.0,4.0,5.0,4.0,4.0,3.0,SIRA
1.0,2.0,2.0,1.0,1.0,1.0,2.0,1.0,4.0,2.0,3.0,4.0,5.0,4.0,4.0,4.0,SIRA
1.0,2.0,3.0,1.0,2.0,2.0,2.0,1.0,5.0,2.0,4.0,3.0,5.0,3.0,3.0,1.0,SIRA
1.0,2.0,2.0,1.0,1.0,1.0,2.0,1.0,5.0,4.0,5.0,4.0,5.0,5.0,4.0,4.0,SIRA
1.0,1.0,1.0,1.0,1.0,1.0,2.0,1.0,3.0,4.0,6.0,4.0,5.0,5.0,4.0,4.0,SIRA
1.0,2.0,3.0,1.0,2.0,2.0,2.0,1.0,4.0,4.0,4.0,3.0,5.0,3.0,3.0,6.0,SIRA
1.0,2.0,2.0,1.0,1.0,1.0,2.0,1.0,2.0,4.0,4.0,4.0,5.0,4.0,4.0,4.0,SIRA
1.0,2.0,2.0,1.0,1.0,1.0,2.0,1.0,4.0,4.0,5.0,4.0,5.0,4.0,4.0,4.0,SIRA
1.0,2.0,2.0,1.0,1.0,1.0,2.0,1.0,1.0,4.0,4.0,4.0,5.0,5.0,4.0,2.0,SIRA
1.0,2.0,2.0,1.0,1.0,1.0,2.0,1.0,5.0,4.0,5.0,4.0,5.0,4.0,4.0,3.0,SIRA
1.0,2.0,2.0,1.0,1.0,1.0,2.0,1.0,2.0,2.0,4.0,4.0,5.0,4.0,4.0,4.0,SIRA
1.0,2.0,1.0,1.0,1.0,1.0,2.0,1.0,2.0,3.0,5.0,4.0,5.0,5.0,4.0,2.0,SIRA
1.0,2.0,3.0,0.0,4.0,4.0,2.0,1.0,1.0,4.0,3.0,1.0,6.0,3.0,1.0,4.0,SIRA
1.0,2.0,2.0,1.0,1.0,1.0,2.0,1.0,2.0,4.0,5.0,4.0,5.0,5.0,4.0,4.0,SIRA
1.0,2.0,3.0,0.0,4.0,4.0,2.0,1.0,1.0,4.0,3.0,1.0,6.0,3.0,1.0,4.0,SIRA
1.0,2.0,3.0,0.0,2.0,2.0,2.0,1.0,1.0,2.0,3.0,3.0,6.0,3.0,3.0,2.0,SIRA
1.0,2.0,3.0,1.0,2.0,2.0,2.0,1.0,4.0,4.0,4.0,3.0,5.0,3.0,3.0,4.0,SIRA
1.0,2.0,3.0,0.0,2.0,2.0,2.0,1.0,1.0,4.0,4.0,3.0,6.0,3.0,3.0,3.0,SIRA
1.0,2.0,3.0,1.0,2.0,2.0,2.0,1.0,1.0,4.0,4.0,3.0,5.0,4.0,3.0,4.0,SIRA
1.0,2.0,3.0,1.0,2.0,2.0,2.0,1.0,2.0,4.0,5.0,3.0,5.0,4.0,3.0,4.0,SIRA
1.0,2.0,3.0,0.0,2.0,2.0,2.0,1.0,1.0,2.0,3.0,2.0,6.0,3.0,2.0,1.0,SIRA
1.0,2.0,3.0,1.0,2.0,2.0,2.0,1.0,4.0,4.0,4.0,3.0,5.0,3.0,3.0,1.0,SIRA
1.0,2.0,1.0,1.0,1.0,1.0,2.0,1.0,4.0,4.0,5.0,4.0,5.0,5.0,4.0,4.0,SIRA
1.0,2.0,1.0,1.0,0.0,0.0,2.0,1.0,2.0,2.0,4.0,4.0,5.0,5.0,4.0,1.0,SIRA
1.0,2.0,3.0,1.0,2.0,2.0,2.0,1.0,4.0,4.0,5.0,3.0,5.0,4.0,3.0,2.0,SIRA
1.0,2.0,2.0,1.0,1.0,1.0,2.0,1.0,5.0,5.0,5.0,4.0,5.0,4.0,4.0,4.0,SIRA
1.0,2.0,3.0,0.0,3.0,3.0,2.0,1.0,2.0,4.0,4.0,2.0,6.0,3.0,2.0,4.0,SIRA
1.0,2.0,3.0,1.0,2.0,2.0,2.0,1.0,4.0,4.0,4.0,3.0,5.0,3.0,3.0,2.0,SIRA
1.0,2.0,2.0,1.0,1.0,1.0,2.0,1.0,4.0,4.0,5.0,4.0,5.0,5.0,4.0,4.0,SIRA
1.0,2.0,2.0,1.0,1.0,1.0,2.0,1.0,5.0,4.0,4.0,4.0,5.0,5.0,4.0,4.0,SIRA
1.0,2.0,2.0,1.0,1.0,1.0,2.0,1.0,2.0,5.0,5.0,4.0,5.0,5.0,4.0,4.0,SIRA
1.0,2.0,2.0,1.0,1.0,1.0,2.0,1.0,5.0,4.0,5.0,4.0,5.0,4.0,4.0,5.0,SIRA
1.0,2.0,1.0,1.0,1.0,1.0,2.0,1.0,6.0,4.0,5.0,4.0,5.0,5.0,4.0,4.0,SIRA
1.0,2.0,3.0,1.0,2.0,2.0,2.0,1.0,5.0,4.0,4.0,3.0,5.0,4.0,3.0,3.0,SIRA
1.0,2.0,2.0,1.0,1.0,1.0,2.0,1.0,5.0,4.0,4.0,4.0,5.0,4.0,4.0,2.0,SIRA
1.0,2.0,3.0,1.0,2.0,2.0,2.0,1.0,5.0,4.0,4.0,3.0,5.0,3.0,3.0,2.0,SIRA
1.0,2.0,3.0,0.0,4.0,4.0,2.0,1.0,1.0,2.0,3.0,1.0,6.0,3.0,1.0,1.0,SIRA
1.0,2.0,2.0,1.0,1.0,1.0,2.0,1.0,4.0,4.0,4.0,4.0,5.0,4.0,4.0,4.0,SIRA
1.0,2.0,3.0,1.0,2.0,2.0,2.0,1.0,4.0,4.0,4.0,3.0,5.0,4.0,3.0,5.0,SIRA
1.0,2.0,2.0,1.0,1.0,1.0,2.0,1.0,5.0,4.0,5.0,4.0,5.0,4.0,4.0,3.0,SIRA
1.0,2.0,3.0,1.0,2.0,2.0,2.0,1.0,5.0,4.0,4.0,3.0,5.0,3.0,3.0,1.0,SIRA
1.0,2.0,2.0,1.0,2.0,2.0,2.0,1.0,4.0,5.0,5.0,3.0,5.0,4.0,3.0,6.0,SIRA
1.0,2.0,2.0,1.0,1.0,1.0,2.0,1.0,5.0,3.0,5.0,4.0,5.0,5.0,4.0,3.0,SIRA
1.0,2.0,2.0,1.0,1.0,1.0,2.0,1.0,5.0,4.0,4.0,4.0,5.0,4.0,4.0,4.0,SIRA
1.0,2.0,3.0,1.0,2.0,2.0,2.0,1.0,5.0,4.0,5.0,3.0,5.0,3.0,3.0,4.0,SIRA
1.0,2.0,2.0,1.0,1.0,1.0,2.0,1.0,4.0,4.0,5.0,4.0,5.0,5.0,4.0,4.0,SIRA
1.0,2.0,3.0,1.0,2.0,2.0,2.0,1.0,2.0,4.0,4.0,3.0,5.0,3.0,3.0,2.0,SIRA
1.0,2.0,1.0,1.0,1.0,1.0,2.0,1.0,5.0,4.0,5.0,4.0,5.0,5.0,4.0,5.0,SIRA
1.0,2.0,3.0,1.0,2.0,2.0,2.0,1.0,2.0,4.0,4.0,3.0,5.0,3.0,3.0,5.0,SIRA
2.0,2.0,2.0,1.0,1.0,1.0,2.0,2.0,3.0,4.0,5.0,4.0,5.0,5.0,4.0,3.0,SIRA
2.0,2.0,1.0,1.0,1.0,1.0,2.0,2.0,2.0,3.0,5.0,4.0,5.0,5.0,4.0,3.0,SIRA
2.0,2.0,3.0,0.0,3.0,3.0,2.0,2.0,4.0,3.0,4.0,2.0,6.0,3.0,2.0,1.0,SIRA
2.0,2.0,3.0,1.0,2.0,2.0,2.0,2.0,2.0,4.0,4.0,3.0,5.0,3.0,3.0,3.0,SIRA
2.0,2.0,1.0,1.0,1.0,1.0,2.0,2.0,2.0,4.0,5.0,4.0,5.0,5.0,4.0,3.0,SIRA
2.0,2.0,2.0,1.0,2.0,2.0,2.0,2.0,4.0,4.0,4.0,3.0,5.0,4.0,3.0,4.0,SIRA
2.0,2.0,1.0,1.0,1.0,1.0,2.0,2.0,4.0,4.0,5.0,4.0,5.0,5.0,4.0,4.0,SIRA
2.0,2.0,1.0,1.0,1.0,1.0,2.0,2.0,2.0,4.0,5.0,4.0,5.0,5.0,4.0,4.0,SIRA
2.0,2.0,2.0,1.0,1.0,1.0,2.0,2.0,5.0,3.0,4.0,4.0,5.0,5.0,4.0,3.0,SIRA
2.0,2.0,3.0,1.0,2.0,2.0,2.0,2.0,1.0,4.0,4.0,3.0,5.0,4.0,3.0,3.0,SIRA
2.0,2.0,2.0,1.0,1.0,1.0,2.0,2.0,4.0,4.0,4.0,4.0,5.0,4.0,4.0,4.0,SIRA
2.0,2.0,3.0,0.0,4.0,4.0,2.0,2.0,1.0,4.0,4.0,1.0,6.0,3.0,1.0,1.0,SIRA
2.0,2.0,3.0,0.0,4.0,4.0,2.0,2.0,5.0,4.0,4.0,1.0,6.0,3.0,1.0,4.0,SIRA
2.0,2.0,3.0,0.0,3.0,3.0,2.0,2.0,6.0,4.0,4.0,2.0,6.0,3.0,2.0,4.0,SIRA
2.0,2.0,3.0,0.0,3.0,3.0,2.0,2.0,5.0,5.0,4.0,3.0,6.0,3.0,3.0,4.0,SIRA
2.0,2.0,2.0,1.0,1.0,1.0,2.0,2.0,4.0,3.0,5.0,3.0,5.0,4.0,3.0,1.0,SIRA
2.0,2.0,3.0,1.0,2.0,2.0,2.0,2.0,4.0,5.0,4.0,3.0,5.0,3.0,3.0,4.0,SIRA
2.0,2.0,2.0,1.0,1.0,1.0,2.0,2.0,5.0,4.0,5.0,4.0,5.0,4.0,4.0,4.0,SIRA
2.0,2.0,2.0,1.0,1.0,1.0,2.0,2.0,5.0,4.0,5.0,4.0,5.0,5.0,4.0,3.0,SIRA
2.0,2.0,1.0,1.0,1.0,1.0,2.0,2.0,5.0,4.0,5.0,4.0,5.0,5.0,4.0,5.0,SIRA
2.0,2.0,3.0,0.0,4.0,4.0,2.0,2.0,2.0,4.0,3.0,1.0,6.0,3.0,1.0,4.0,SIRA
2.0,2.0,2.0,1.0,1.0,1.0,2.0,2.0,2.0,4.0,4.0,4.0,5.0,5.0,4.0,3.0,SIRA
2.0,2.0,2.0,1.0,1.0,1.0,2.0,2.0,2.0,4.0,5.0,4.0,5.0,5.0,4.0,4.0,SIRA
2.0,2.0,3.0,1.0,2.0,2.0,2.0,2.0,2.0,4.0,4.0,3.0,5.0,3.0,3.0,4.0,SIRA
2.0,2.0,3.0,1.0,2.0,2.0,2.0,2.0,4.0,4.0,4.0,3.0,5.0,3.0,3.0,2.0,SIRA
2.0,2.0,3.0,0.0,2.0,2.0,2.0,2.0,5.0,4.0,4.0,3.0,6.0,3.0,3.0,4.0,SIRA
2.0,2.0,3.0,0.0,3.0,3.0,2.0,2.0,1.0,2.0,3.0,2.0,6.0,3.0,2.0,3.0,SIRA
2.0,2.0,3.0,0.0,2.0,2.0,2.0,2.0,1.0,2.0,3.0,3.0,6.0,3.0,3.0,3.0,SIRA
2.0,2.0,2.0,1.0,1.0,1.0,2.0,2.0,2.0,4.0,5.0,4.0,5.0,5.0,4.0,6.0,SIRA
2.0,2.0,1.0,1.0,1.0,1.0,2.0,2.0,2.0,2.0,4.0,4.0,5.0,5.0,4.0,1.0,SIRA
2.0,2.0,1.0,1.0,1.0,1.0,2.0,2.0,4.0,3.0,4.0,4.0,5.0,5.0,4.0,1.0,SIRA
2.0,2.0,2.0,1.0,1.0,1.0,2.0,2.0,4.0,4.0,5.0,4.0,5.0,4.0,4.0,4.0,SIRA
2.0,2.0,1.0,1.0,1.0,1.0,2.0,2.0,4.0,4.0,5.0,4.0,5.0,5.0,4.0,4.0,SIRA
2.0,2.0,2.0,1.0,1.0,1.0,2.0,2.0,3.0,4.0,5.0,4.0,5.0,5.0,4.0,4.0,SIRA
2.0,2.0,2.0,1.0,1.0,1.0,2.0,2.0,4.0,2.0,4.0,4.0,5.0,4.0,4.0,1.0,SIRA
2.0,2.0,3.0,1.0,2.0,2.0,2.0,2.0,4.0,4.0,4.0,3.0,5.0,4.0,3.0,4.0,SIRA
2.0,2.0,3.0,1.0,1.0,1.0,2.0,2.0,2.0,2.0,4.0,3.0,5.0,4.0,3.0,1.0,SIRA
2.0,2.0,2.0,1.0,1.0,1.0,2.0,2.0,4.0,4.0,5.0,4.0,5.0,4.0,4.0,4.0,SIRA
2.0,2.0,2.0,1.0,1.0,1.0,2.0,2.0,4.0,5.0,5.0,4.0,5.0,5.0,4.0,3.0,SIRA
2.0,2.0,2.0,1.0,1.0,1.0,2.0,2.0,5.0,4.0,5.0,4.0,5.0,5.0,4.0,4.0,SIRA
2.0,2.0,1.0,1.0,1.0,1.0,2.0,2.0,2.0,4.0,5.0,4.0,5.0,5.0,4.0,4.0,SIRA
2.0,2.0,2.0,1.0,1.0,1.0,2.0,2.0,4.0,3.0,3.0,4.0,5.0,4.0,4.0,4.0,SIRA
2.0,2.0,2.0,1.0,1.0,1.0,2.0,2.0,5.0,4.0,5.0,4.0,5.0,4.0,4.0,2.0,SIRA
2.0,2.0,3.0,1.0,1.0,1.0,2.0,2.0,5.0,2.0,5.0,3.0,5.0,4.0,3.0,3.0,SIRA
2.0,2.0,1.0,1.0,1.0,1.0,2.0,2.0,4.0,4.0,5.0,4.0,5.0,5.0,4.0,4.0,SIRA
2.0,2.0,3.0,0.0,4.0,4.0,2.0,2.0,2.0,4.0,3.0,1.0,6.0,3.0,1.0,6.0,SIRA
2.0,2.0,2.0,1.0,1.0,1.0,2.0,2.0,4.0,4.0,4.0,4.0,5.0,4.0,4.0,2.0,SIRA
2.0,2.0,2.0,1.0,1.0,1.0,2.0,2.0,2.0,4.0,5.0,4.0,5.0,5.0,4.0,4.0,SIRA
2.0,2.0,3.0,1.0,2.0,2.0,2.0,2.0,2.0,4.0,5.0,3.0,5.0,4.0,3.0,3.0,SIRA
2.0,2.0,2.0,1.0,1.0,1.0,2.0,2.0,3.0,4.0,4.0,4.0,5.0,5.0,4.0,4.0,SIRA
2.0,2.0,2.0,1.0,1.0,1.0,2.0,2.0,4.0,4.0,5.0,4.0,5.0,4.0,4.0,3.0,SIRA
2.0,2.0,2.0,1.0,1.0,1.0,2.0,2.0,4.0,4.0,5.0,4.0,5.0,5.0,4.0,4.0,SIRA
2.0,2.0,3.0,1.0,1.0,1.0,2.0,2.0,5.0,4.0,5.0,3.0,5.0,4.0,3.0,2.0,SIRA
2.0,2.0,2.0,1.0,1.0,1.0,2.0,2.0,2.0,4.0,5.0,4.0,5.0,5.0,4.0,4.0,SIRA
2.0,2.0,3.0,0.0,3.0,3.0,2.0,2.0,2.0,4.0,4.0,2.0,6.0,3.0,2.0,4.0,SIRA
2.0,2.0,2.0,1.0,1.0,1.0,2.0,2.0,5.0,2.0,4.0,4.0,5.0,5.0,4.0,1.0,SIRA
2.0,2.0,3.0,1.0,2.0,2.0,2.0,2.0,2.0,3.0,4.0,3.0,5.0,3.0,3.0,4.0,SIRA
2.0,2.0,2.0,1.0,1.0,1.0,2.0,2.0,4.0,4.0,4.0,4.0,5.0,4.0,4.0,2.0,SIRA
2.0,2.0,3.0,1.0,2.0,2.0,2.0,2.0,5.0,4.0,5.0,3.0,5.0,4.0,3.0,4.0,SIRA
2.0,2.0,2.0,1.0,1.0,1.0,2.0,2.0,5.0,4.0,5.0,4.0,5.0,5.0,4.0,3.0,SIRA
2.0,2.0,2.0,1.0,1.0,1.0,2.0,2.0,5.0,5.0,5.0,4.0,5.0,4.0,4.0,4.0,SIRA
2.0,2.0,3.0,1.0,2.0,2.0,2.0,2.0,2.0,4.0,4.0,3.0,5.0,3.0,3.0,3.0,SIRA
2.0,2.0,3.0,1.0,2.0,2.0,2.0,2.0,2.0,4.0,4.0,3.0,5.0,4.0,3.0,2.0,SIRA
2.0,2.0,3.0,1.0,2.0,2.0,2.0,2.0,5.0,4.0,5.0,3.0,5.0,4.0,3.0,3.0,SIRA
2.0,2.0,2.0,1.0,1.0,1.0,2.0,2.0,2.0,4.0,4.0,4.0,5.0,5.0,4.0,3.0,SIRA
2.0,2.0,2.0,1.0,1.0,1.0,2.0,2.0,2.0,1.0,4.0,4.0,5.0,4.0,4.0,1.0,SIRA
2.0,2.0,3.0,1.0,2.0,2.0,2.0,2.0,1.0,4.0,4.0,3.0,5.0,3.0,3.0,4.0,SIRA
2.0,2.0,1.0,1.0,1.0,1.0,2.0,2.0,4.0,4.0,4.0,4.0,5.0,5.0,4.0,5.0,SIRA
2.0,2.0,1.0,1.0,1.0,1.0,2.0,2.0,4.0,4.0,5.0,4.0,5.0,5.0,4.0,5.0,SIRA
2.0,2.0,3.0,0.0,3.0,3.0,2.0,2.0,4.0,4.0,4.0,2.0,6.0,3.0,2.0,1.0,SIRA
2.0,2.0,3.0,1.0,2.0,2.0,2.0,2.0,1.0,4.0,4.0,3.0,5.0,4.0,3.0,3.0,SIRA
2.0,2.0,3.0,0.0,3.0,3.0,2.0,2.0,4.0,4.0,4.0,2.0,6.0,3.0,2.0,4.0,SIRA
2.0,2.0,3.0,1.0,2.0,2.0,2.0,2.0,4.0,4.0,5.0,3.0,5.0,3.0,3.0,4.0,SIRA
2.0,2.0,2.0,1.0,1.0,1.0,2.0,2.0,4.0,2.0,5.0,4.0,5.0,4.0,4.0,2.0,SIRA
2.0,2.0,3.0,1.0,2.0,2.0,2.0,2.0,4.0,4.0,4.0,3.0,5.0,3.0,3.0,3.0,SIRA
2.0,2.0,3.0,1.0,2.0,2.0,2.0,2.0,5.0,3.0,5.0,3.0,5.0,4.0,3.0,3.0,SIRA
2.0,2.0,1.0,1.0,1.0,1.0,2.0,2.0,4.0,4.0,4.0,4.0,5.0,5.0,4.0,3.0,SIRA
2.0,2.0,2.0,1.0,1.0,1.0,2.0,2.0,2.0,4.0,5.0,4.0,5.0,5.0,4.0,4.0,SIRA
2.0,2.0,3.0,0.0,2.0,2.0,2.0,2.0,1.0,4.0,3.0,3.0,6.0,3.0,3.0,4.0,SIRA
2.0,2.0,3.0,0.0,3.0,3.0,2.0,2.0,4.0,4.0,4.0,2.0,6.0,3.0,2.0,3.0,SIRA
2.0,2.0,3.0,1.0,2.0,2.0,2.0,2.0,4.0,4.0,4.0,3.0,5.0,4.0,3.0,5.0,SIRA
2.0,2.0,2.0,1.0,1.0,1.0,2.0,2.0,2.0,4.0,5.0,4.0,5.0,4.0,4.0,5.0,SIRA
2.0,2.0,3.0,0.0,2.0,2.0,2.0,2.0,2.0,4.0,4.0,3.0,6.0,3.0,3.0,4.0,SIRA
2.0,2.0,3.0,1.0,2.0,2.0,2.0,2.0,4.0,3.0,4.0,3.0,5.0,4.0,3.0,3.0,SIRA
2.0,2.0,1.0,1.0,1.0,1.0,2.0,2.0,2.0,4.0,5.0,4.0,5.0,5.0,4.0,2.0,SIRA
2.0,2.0,3.0,0.0,3.0,3.0,2.0,2.0,4.0,2.0,3.0,2.0,6.0,3.0,2.0,1.0,SIRA
2.0,2.0,3.0,1.0,2.0,2.0,2.0,2.0,4.0,4.0,4.0,3.0,5.0,4.0,3.0,3.0,SIRA
2.0,2.0,3.0,1.0,2.0,2.0,2.0,2.0,2.0,4.0,4.0,3.0,5.0,3.0,3.0,4.0,SIRA
2.0,2.0,3.0,1.0,1.0,1.0,2.0,2.0,5.0,4.0,5.0,3.0,5.0,4.0,3.0,3.0,SIRA
2.0,2.0,3.0,1.0,2.0,2.0,2.0,2.0,4.0,4.0,4.0,3.0,5.0,3.0,3.0,4.0,SIRA
2.0,2.0,2.0,1.0,1.0,1.0,2.0,2.0,2.0,2.0,5.0,4.0,5.0,4.0,4.0,3.0,SIRA
2.0,2.0,3.0,1.0,2.0,2.0,2.0,2.0,1.0,3.0,3.0,3.0,5.0,3.0,3.0,4.0,SIRA
2.0,2.0,3.0,0.0,4.0,4.0,2.0,2.0,2.0,4.0,3.0,1.0,6.0,3.0,1.0,5.0,SIRA
2.0,2.0,3.0,0.0,3.0,3.0,2.0,2.0,2.0,3.0,3.0,2.0,6.0,3.0,2.0,4.0,SIRA
2.0,2.0,2.0,1.0,1.0,1.0,2.0,2.0,2.0,5.0,5.0,4.0,5.0,5.0,4.0,4.0,SIRA
2.0,2.0,2.0,1.0,1.0,1.0,2.0,2.0,4.0,5.0,5.0,4.0,5.0,4.0,4.0,4.0,SIRA
2.0,2.0,3.0,1.0,2.0,2.0,2.0,2.0,2.0,2.0,4.0,3.0,5.0,3.0,3.0,1.0,SIRA
2.0,2.0,3.0,1.0,2.0,2.0,2.0,2.0,4.0,4.0,5.0,3.0,5.0,4.0,3.0,5.0,SIRA
2.0,2.0,3.0,1.0,2.0,2.0,2.0,2.0,5.0,4.0,4.0,3.0,5.0,4.0,3.0,4.0,SIRA
2.0,2.0,3.0,1.0,1.0,1.0,2.0,2.0,2.0,2.0,3.0,3.0,5.0,4.0,3.0,1.0,SIRA
2.0,2.0,3.0,1.0,2.0,2.0,2.0,2.0,2.0,2.0,4.0,3.0,6.0,3.0,3.0,1.0,SIRA
2.0,2.0,3.0,0.0,4.0,4.0,2.0,2.0,4.0,2.0,1.0,1.0,6.0,3.0,1.0,2.0,SIRA
2.0,2.0,3.0,1.0,2.0,2.0,2.0,2.0,2.0,3.0,4.0,3.0,5.0,3.0,3.0,2.0,SIRA
2.0,2.0,2.0,1.0,1.0,1.0,2.0,2.0,2.0,4.0,5.0,4.0,5.0,5.0,4.0,4.0,SIRA
2.0,2.0,3.0,1.0,2.0,2.0,2.0,2.0,2.0,3.0,4.0,3.0,5.0,3.0,3.0,2.0,SIRA
2.0,2.0,2.0,1.0,1.0,1.0,2.0,2.0,4.0,4.0,5.0,4.0,5.0,5.0,4.0,6.0,SIRA
2.0,2.0,1.0,1.0,1.0,1.0,2.0,2.0,4.0,4.0,5.0,4.0,5.0,5.0,4.0,4.0,SIRA
2.0,2.0,3.0,0.0,4.0,4.0,2.0,2.0,5.0,4.0,4.0,1.0,6.0,3.0,1.0,4.0,SIRA
2.0,2.0,3.0,1.0,2.0,2.0,2.0,2.0,2.0,4.0,4.0,3.0,5.0,3.0,3.0,4.0,SIRA
2.0,2.0,1.0,1.0,1.0,1.0,2.0,2.0,4.0,4.0,5.0,4.0,5.0,5.0,4.0,4.0,SIRA
2.0,2.0,2.0,1.0,1.0,1.0,2.0,2.0,4.0,3.0,4.0,4.0,5.0,5.0,4.0,1.0,SIRA
2.0,2.0,1.0,1.0,1.0,1.0,2.0,2.0,4.0,2.0,4.0,4.0,5.0,5.0,4.0,1.0,SIRA
2.0,2.0,3.0,1.0,2.0,2.0,2.0,2.0,5.0,4.0,5.0,3.0,5.0,4.0,3.0,3.0,SIRA
2.0,2.0,3.0,1.0,2.0,2.0,2.0,2.0,5.0,4.0,4.0,3.0,5.0,3.0,3.0,4.0,SIRA
2.0,2.0,3.0,1.0,2.0,2.0,2.0,2.0,5.0,4.0,4.0,3.0,5.0,4.0,3.0,4.0,SIRA
2.0,2.0,2.0,1.0,1.0,1.0,2.0,2.0,2.0,4.0,5.0,4.0,5.0,4.0,4.0,4.0,SIRA
2.0,2.0,2.0,1.0,1.0,1.0,2.0,2.0,3.0,4.0,5.0,4.0,5.0,5.0,4.0,3.0,SIRA
2.0,2.0,2.0,1.0,1.0,1.0,2.0,2.0,4.0,4.0,4.0,4.0,5.0,5.0,4.0,3.0,SIRA
2.0,2.0,3.0,1.0,2.0,2.0,2.0,2.0,5.0,4.0,4.0,3.0,5.0,3.0,3.0,3.0,SIRA
2.0,2.0,2.0,1.0,1.0,1.0,2.0,2.0,5.0,4.0,5.0,4.0,5.0,5.0,4.0,2.0,SIRA
2.0,2.0,2.0,1.0,1.0,1.0,2.0,2.0,5.0,4.0,5.0,4.0,5.0,5.0,4.0,4.0,SIRA
2.0,2.0,3.0,1.0,2.0,2.0,2.0,2.0,4.0,4.0,4.0,3.0,5.0,3.0,3.0,3.0,SIRA
2.0,2.0,2.0,1.0,1.0,1.0,2.0,2.0,4.0,3.0,4.0,4.0,5.0,5.0,4.0,2.0,SIRA
2.0,2.0,3.0,1.0,1.0,1.0,2.0,2.0,6.0,4.0,4.0,4.0,5.0,4.0,4.0,3.0,SIRA
2.0,2.0,3.0,1.0,2.0,2.0,2.0,2.0,4.0,4.0,5.0,3.0,5.0,3.0,3.0,2.0,SIRA
2.0,2.0,2.0,1.0,1.0,1.0,2.0,2.0,2.0,2.0,4.0,4.0,5.0,4.0,4.0,4.0,SIRA
2.0,2.0,3.0,0.0,4.0,4.0,2.0,2.0,5.0,4.0,3.0,1.0,6.0,3.0,1.0,4.0,SIRA
2.0,2.0,3.0,1.0,2.0,2.0,2.0,2.0,5.0,4.0,4.0,3.0,5.0,4.0,3.0,4.0,SIRA
2.0,2.0,3.0,1.0,2.0,2.0,2.0,2.0,2.0,4.0,5.0,3.0,5.0,3.0,3.0,2.0,SIRA
2.0,2.0,3.0,1.0,2.0,2.0,2.0,2.0,1.0,4.0,4.0,3.0,5.0,3.0,3.0,4.0,SIRA
2.0,2.0,2.0,1.0,1.0,1.0,2.0,2.0,2.0,4.0,5.0,4.0,5.0,5.0,4.0,3.0,SIRA
2.0,2.0,3.0,1.0,2.0,2.0,2.0,2.0,5.0,3.0,4.0,3.0,5.0,3.0,3.0,3.0,SIRA
2.0,2.0,3.0,1.0,2.0,2.0,2.0,2.0,2.0,3.0,4.0,3.0,5.0,4.0,3.0,1.0,SIRA
2.0,2.0,3.0,1.0,2.0,2.0,2.0,2.0,5.0,4.0,5.0,3.0,5.0,4.0,3.0,4.0,SIRA
2.0,2.0,3.0,0.0,4.0,4.0,2.0,2.0,4.0,4.0,3.0,1.0,6.0,3.0,1.0,4.0,SIRA
2.0,2.0,3.0,0.0,3.0,3.0,2.0,2.0,5.0,4.0,4.0,2.0,6.0,3.0,2.0,3.0,SIRA
2.0,2.0,2.0,1.0,1.0,1.0,2.0,2.0,4.0,4.0,5.0,4.0,5.0,4.0,4.0,3.0,SIRA
2.0,2.0,3.0,1.0,2.0,2.0,2.0,2.0,2.0,2.0,4.0,3.0,6.0,3.0,3.0,1.0,SIRA
2.0,2.0,1.0,2.0,0.0,0.0,2.0,2.0,5.0,4.0,5.0,4.0,4.0,5.0,4.0,1.0,SIRA
2.0,2.0,3.0,1.0,2.0,2.0,2.0,2.0,2.0,3.0,4.0,3.0,5.0,3.0,3.0,4.0,SIRA
2.0,2.0,3.0,1.0,2.0,2.0,2.0,2.0,1.0,4.0,4.0,3.0,5.0,3.0,3.0,3.0,SIRA
2.0,2.0,3.0,0.0,4.0,4.0,2.0,2.0,2.0,3.0,3.0,1.0,6.0,3.0,1.0,4.0,SIRA
2.0,2.0,3.0,1.0,2.0,2.0,2.0,2.0,2.0,4.0,4.0,3.0,5.0,3.0,3.0,3.0,SIRA
2.0,2.0,3.0,1.0,2.0,2.0,2.0,2.0,1.0,3.0,4.0,3.0,5.0,3.0,3.0,3.0,SIRA
2.0,2.0,3.0,1.0,2.0,2.0,2.0,2.0,2.0,4.0,4.0,3.0,5.0,4.0,3.0,2.0,SIRA
2.0,2.0,3.0,1.0,2.0,2.0,2.0,2.0,1.0,4.0,4.0,3.0,5.0,3.0,3.0,4.0,SIRA
2.0,2.0,3.0,1.0,2.0,2.0,2.0,2.0,6.0,4.0,4.0,3.0,5.0,3.0,3.0,3.0,SIRA
2.0,2.0,2.0,1.0,1.0,1.0,2.0,2.0,5.0,4.0,4.0,4.0,5.0,4.0,4.0,2.0,SIRA
2.0,2.0,3.0,0.0,3.0,3.0,2.0,2.0,6.0,4.0,4.0,2.0,6.0,3.0,2.0,1.0,SIRA
2.0,2.0,3.0,1.0,1.0,1.0,2.0,2.0,4.0,4.0,5.0,4.0,5.0,4.0,4.0,4.0,SIRA
2.0,2.0,2.0,1.0,1.0,1.0,2.0,2.0,1.0,2.0,4.0,4.0,5.0,4.0,4.0,1.0,SIRA
2.0,2.0,3.0,1.0,2.0,2.0,2.0,2.0,2.0,3.0,3.0,3.0,5.0,3.0,3.0,3.0,SIRA
2.0,2.0,3.0,0.0,4.0,4.0,2.0,2.0,5.0,4.0,4.0,1.0,6.0,3.0,1.0,3.0,SIRA
2.0,2.0,3.0,1.0,2.0,2.0,2.0,2.0,6.0,4.0,4.0,3.0,5.0,3.0,3.0,4.0,SIRA
2.0,2.0,1.0,1.0,1.0,1.0,2.0,2.0,4.0,4.0,5.0,4.0,5.0,5.0,4.0,2.0,SIRA
2.0,2.0,2.0,1.0,1.0,1.0,2.0,2.0,3.0,4.0,5.0,4.0,5.0,5.0,4.0,4.0,SIRA
2.0,2.0,2.0,1.0,1.0,1.0,2.0,2.0,2.0,4.0,4.0,4.0,5.0,5.0,4.0,4.0,SIRA
2.0,2.0,3.0,1.0,2.0,2.0,2.0,2.0,4.0,3.0,4.0,3.0,5.0,4.0,3.0,4.0,SIRA
2.0,2.0,3.0,1.0,2.0,2.0,2.0,2.0,2.0,4.0,5.0,3.0,5.0,4.0,3.0,4.0,SIRA
2.0,2.0,3.0,1.0,2.0,2.0,2.0,2.0,4.0,4.0,4.0,3.0,5.0,3.0,3.0,3.0,SIRA
2.0,2.0,3.0,1.0,1.0,1.0,2.0,2.0,2.0,4.0,5.0,4.0,5.0,4.0,4.0,4.0,SIRA
2.0,2.0,2.0,1.0,1.0,1.0,2.0,2.0,5.0,4.0,5.0,4.0,5.0,5.0,4.0,4.0,SIRA
2.0,2.0,2.0,1.0,1.0,1.0,2.0,2.0,2.0,4.0,4.0,4.0,5.0,4.0,4.0,5.0,SIRA
2.0,2.0,2.0,1.0,1.0,1.0,2.0,2.0,4.0,4.0,5.0,4.0,5.0,5.0,4.0,3.0,SIRA
2.0,2.0,3.0,1.0,2.0,2.0,2.0,2.0,1.0,4.0,4.0,3.0,5.0,3.0,3.0,2.0,SIRA
2.0,2.0,3.0,1.0,2.0,2.0,2.0,2.0,5.0,4.0,4.0,3.0,5.0,3.0,3.0,4.0,SIRA
2.0,2.0,3.0,0.0,4.0,4.0,2.0,2.0,4.0,4.0,4.0,1.0,6.0,3.0,1.0,2.0,SIRA
2.0,2.0,3.0,1.0,1.0,1.0,2.0,2.0,4.0,4.0,5.0,4.0,5.0,4.0,4.0,3.0,SIRA
2.0,2.0,3.0,1.0,2.0,2.0,2.0,2.0,3.0,4.0,5.0,3.0,5.0,3.0,3.0,4.0,SIRA
2.0,2.0,3.0,1.0,2.0,2.0,2.0,2.0,6.0,4.0,4.0,3.0,5.0,3.0,3.0,2.0,SIRA
2.0,2.0,2.0,1.0,1.0,1.0,2.0,2.0,4.0,4.0,5.0,4.0,5.0,5.0,4.0,4.0,SIRA
2.0,2.0,3.0,1.0,1.0,1.0,2.0,2.0,2.0,4.0,5.0,4.0,5.0,4.0,4.0,4.0,SIRA
2.0,2.0,3.0,1.0,3.0,3.0,2.0,2.0,1.0,2.0,3.0,1.0,6.0,3.0,1.0,0.0,SIRA
2.0,2.0,3.0,1.0,2.0,2.0,2.0,2.0,2.0,2.0,4.0,3.0,5.0,3.0,3.0,2.0,SIRA
2.0,2.0,3.0,1.0,1.0,1.0,2.0,2.0,5.0,4.0,5.0,4.0,5.0,4.0,4.0,1.0,SIRA
2.0,2.0,2.0,1.0,1.0,1.0,2.0,2.0,5.0,4.0,5.0,4.0,5.0,4.0,4.0,4.0,SIRA
2.0,2.0,2.0,1.0,1.0,1.0,2.0,2.0,3.0,2.0,4.0,4.0,5.0,4.0,4.0,1.0,SIRA
2.0,2.0,3.0,1.0,2.0,2.0,2.0,2.0,1.0,3.0,5.0,3.0,5.0,3.0,3.0,2.0,SIRA
2.0,2.0,3.0,1.0,2.0,2.0,2.0,2.0,3.0,4.0,4.0,3.0,5.0,3.0,3.0,4.0,SIRA
2.0,2.0,2.0,1.0,1.0,1.0,2.0,2.0,5.0,4.0,5.0,4.0,5.0,5.0,4.0,4.0,SIRA
2.0,2.0,1.0,1.0,1.0,1.0,2.0,2.0,5.0,4.0,5.0,4.0,5.0,5.0,4.0,4.0,SIRA
2.0,2.0,2.0,1.0,1.0,1.0,2.0,2.0,2.0,3.0,4.0,4.0,5.0,4.0,4.0,4.0,SIRA
2.0,2.0,2.0,1.0,1.0,1.0,2.0,2.0,5.0,4.0,5.0,4.0,5.0,4.0,4.0,4.0,SIRA
2.0,2.0,3.0,1.0,2.0,2.0,2.0,2.0,2.0,3.0,4.0,3.0,5.0,3.0,3.0,3.0,SIRA
2.0,2.0,3.0,1.0,1.0,1.0,2.0,2.0,2.0,4.0,4.0,4.0,5.0,4.0,4.0,4.0,SIRA
2.0,2.0,3.0,0.0,4.0,4.0,2.0,2.0,1.0,3.0,1.0,1.0,6.0,3.0,1.0,4.0,SIRA
2.0,2.0,3.0,1.0,2.0,2.0,2.0,2.0,2.0,4.0,4.0,3.0,5.0,3.0,3.0,3.0,SIRA
2.0,2.0,3.0,1.0,2.0,2.0,2.0,2.0,5.0,4.0,4.0,3.0,5.0,3.0,3.0,3.0,SIRA
2.0,2.0,2.0,1.0,1.0,1.0,2.0,2.0,3.0,2.0,4.0,4.0,5.0,4.0,4.0,3.0,SIRA
2.0,2.0,2.0,1.0,1.0,1.0,2.0,2.0,4.0,6.0,5.0,4.0,5.0,5.0,4.0,4.0,SIRA
2.0,2.0,2.0,1.0,1.0,1.0,2.0,2.0,4.0,4.0,5.0,4.0,5.0,5.0,4.0,6.0,SIRA
2.0,2.0,3.0,1.0,1.0,1.0,2.0,2.0,4.0,4.0,4.0,4.0,5.0,4.0,4.0,3.0,SIRA
2.0,2.0,3.0,1.0,2.0,2.0,2.0,2.0,3.0,4.0,5.0,3.0,5.0,4.0,3.0,4.0,SIRA
2.0,2.0,3.0,0.0,4.0,4.0,2.0,2.0,2.0,4.0,4.0,1.0,6.0,3.0,1.0,3.0,SIRA
2.0,2.0,3.0,1.0,2.0,2.0,2.0,2.0,4.0,4.0,4.0,3.0,5.0,3.0,3.0,4.0,SIRA
2.0,2.0,3.0,1.0,2.0,2.0,2.0,2.0,1.0,4.0,5.0,3.0,5.0,3.0,3.0,3.0,SIRA
2.0,2.0,3.0,1.0,2.0,2.0,2.0,2.0,2.0,5.0,4.0,3.0,5.0,4.0,3.0,4.0,SIRA
2.0,2.0,3.0,0.0,4.0,4.0,2.0,2.0,4.0,4.0,3.0,1.0,6.0,2.0,1.0,2.0,SIRA
2.0,2.0,3.0,1.0,1.0,1.0,2.0,2.0,1.0,2.0,4.0,4.0,5.0,4.0,4.0,1.0,SIRA
2.0,2.0,3.0,0.0,4.0,4.0,2.0,2.0,0.0,4.0,4.0,1.0,6.0,3.0,1.0,3.0,SIRA
2.0,2.0,3.0,1.0,2.0,2.0,2.0,2.0,2.0,3.0,4.0,3.0,5.0,4.0,3.0,1.0,SIRA
2.0,2.0,3.0,1.0,2.0,2.0,2.0,2.0,2.0,4.0,4.0,3.0,5.0,3.0,3.0,2.0,SIRA
2.0,2.0,3.0,1.0,1.0,1.0,2.0,2.0,1.0,4.0,5.0,4.0,5.0,4.0,4.0,2.0,SIRA
2.0,2.0,3.0,1.0,2.0,2.0,2.0,2.0,4.0,3.0,4.0,3.0,5.0,3.0,3.0,1.0,SIRA
2.0,2.0,3.0,1.0,1.0,1.0,2.0,2.0,4.0,5.0,5.0,4.0,5.0,4.0,4.0,5.0,SIRA
2.0,2.0,3.0,0.0,4.0,4.0,2.0,2.0,5.0,4.0,4.0,1.0,6.0,3.0,1.0,4.0,SIRA
2.0,2.0,3.0,1.0,1.0,1.0,2.0,2.0,4.0,4.0,4.0,4.0,5.0,4.0,4.0,2.0,SIRA
2.0,2.0,2.0,1.0,1.0,1.0,2.0,2.0,5.0,4.0,4.0,4.0,5.0,5.0,4.0,3.0,SIRA
2.0,2.0,3.0,1.0,1.0,1.0,2.0,2.0,5.0,4.0,5.0,4.0,5.0,4.0,4.0,2.0,SIRA
2.0,2.0,2.0,1.0,1.0,1.0,2.0,2.0,2.0,4.0,4.0,4.0,5.0,4.0,4.0,3.0,SIRA
2.0,2.0,3.0,1.0,2.0,2.0,2.0,2.0,5.0,1.0,4.0,3.0,5.0,3.0,3.0,1.0,SIRA
2.0,2.0,3.0,1.0,2.0,2.0,2.0,2.0,4.0,4.0,4.0,3.0,5.0,3.0,3.0,4.0,SIRA
2.0,2.0,3.0,1.0,1.0,1.0,2.0,2.0,2.0,4.0,4.0,4.0,5.0,4.0,4.0,3.0,SIRA
2.0,2.0,2.0,1.0,1.0,1.0,2.0,2.0,1.0,4.0,5.0,4.0,5.0,5.0,4.0,3.0,SIRA
2.0,2.0,3.0,1.0,2.0,2.0,2.0,2.0,2.0,4.0,4.0,3.0,5.0,4.0,3.0,4.0,SIRA
2.0,2.0,3.0,0.0,4.0,4.0,2.0,2.0,1.0,1.0,2.0,1.0,6.0,3.0,1.0,1.0,SIRA
2.0,2.0,3.0,1.0,2.0,2.0,2.0,2.0,4.0,4.0,4.0,3.0,5.0,3.0,3.0,2.0,SIRA
2.0,2.0,2.0,1.0,1.0,1.0,2.0,2.0,4.0,4.0,5.0,4.0,5.0,5.0,4.0,4.0,SIRA
2.0,2.0,2.0,1.0,1.0,1.0,2.0,2.0,2.0,4.0,5.0,4.0,5.0,5.0,4.0,4.0,SIRA
2.0,2.0,2.0,1.0,1.0,1.0,2.0,2.0,2.0,2.0,3.0,4.0,5.0,5.0,4.0,3.0,SIRA
2.0,2.0,1.0,1.0,1.0,1.0,2.0,2.0,4.0,2.0,5.0,4.0,5.0,5.0,4.0,1.0,SIRA
2.0,2.0,3.0,1.0,1.0,1.0,2.0,2.0,2.0,4.0,5.0,4.0,5.0,4.0,4.0,4.0,SIRA
2.0,2.0,2.0,1.0,1.0,1.0,2.0,2.0,4.0,4.0,5.0,4.0,5.0,5.0,4.0,6.0,SIRA
2.0,2.0,2.0,1.0,1.0,1.0,2.0,2.0,2.0,4.0,5.0,4.0,5.0,5.0,4.0,4.0,SIRA
2.0,2.0,3.0,1.0,1.0,1.0,2.0,2.0,2.0,4.0,5.0,4.0,5.0,4.0,4.0,4.0,SIRA
2.0,2.0,3.0,1.0,2.0,2.0,2.0,2.0,1.0,2.0,4.0,3.0,5.0,3.0,3.0,1.0,SIRA
2.0,2.0,3.0,1.0,2.0,2.0,2.0,2.0,4.0,4.0,4.0,3.0,5.0,3.0,3.0,3.0,SIRA
2.0,2.0,3.0,1.0,2.0,2.0,2.0,2.0,5.0,6.0,5.0,3.0,5.0,3.0,3.0,4.0,SIRA
2.0,2.0,2.0,1.0,1.0,1.0,2.0,2.0,4.0,2.0,4.0,4.0,5.0,4.0,4.0,1.0,SIRA
2.0,2.0,3.0,0.0,3.0,3.0,2.0,2.0,1.0,4.0,4.0,2.0,6.0,3.0,2.0,4.0,SIRA
2.0,2.0,3.0,1.0,2.0,2.0,2.0,2.0,4.0,5.0,5.0,3.0,5.0,3.0,3.0,3.0,SIRA
2.0,2.0,3.0,1.0,1.0,1.0,2.0,2.0,4.0,4.0,5.0,4.0,5.0,4.0,4.0,4.0,SIRA
2.0,2.0,2.0,1.0,1.0,1.0,2.0,2.0,5.0,4.0,4.0,4.0,5.0,5.0,4.0,4.0,SIRA
2.0,2.0,3.0,1.0,2.0,2.0,2.0,2.0,5.0,4.0,5.0,3.0,5.0,3.0,3.0,4.0,SIRA
2.0,2.0,3.0,1.0,2.0,2.0,2.0,2.0,5.0,5.0,4.0,3.0,5.0,3.0,3.0,4.0,SIRA
2.0,2.0,3.0,1.0,2.0,2.0,2.0,2.0,4.0,4.0,4.0,3.0,5.0,4.0,3.0,3.0,SIRA
2.0,3.0,3.0,0.0,4.0,4.0,2.0,2.0,1.0,2.0,0.0,1.0,6.0,3.0,1.0,4.0,SIRA
2.0,2.0,3.0,1.0,1.0,1.0,2.0,2.0,5.0,4.0,5.0,4.0,5.0,4.0,4.0,1.0,SIRA
2.0,2.0,3.0,1.0,2.0,2.0,2.0,2.0,4.0,4.0,4.0,3.0,5.0,3.0,3.0,1.0,SIRA
2.0,2.0,3.0,1.0,1.0,1.0,2.0,2.0,2.0,4.0,4.0,4.0,5.0,4.0,4.0,3.0,SIRA
2.0,2.0,3.0,1.0,1.0,1.0,2.0,2.0,2.0,3.0,5.0,4.0,5.0,4.0,4.0,3.0,SIRA
2.0,2.0,2.0,1.0,1.0,1.0,2.0,2.0,2.0,3.0,5.0,4.0,5.0,5.0,4.0,4.0,SIRA
2.0,2.0,3.0,1.0,2.0,2.0,2.0,2.0,1.0,4.0,3.0,3.0,5.0,3.0,3.0,3.0,SIRA
2.0,2.0,3.0,1.0,2.0,2.0,2.0,2.0,2.0,4.0,4.0,3.0,5.0,3.0,3.0,4.0,SIRA
2.0,2.0,3.0,1.0,2.0,2.0,2.0,2.0,1.0,4.0,4.0,3.0,5.0,3.0,3.0,3.0,SIRA
2.0,2.0,3.0,1.0,1.0,1.0,2.0,2.0,4.0,4.0,5.0,4.0,5.0,4.0,4.0,3.0,SIRA
2.0,2.0,3.0,1.0,1.0,1.0,2.0,2.0,5.0,6.0,5.0,4.0,5.0,4.0,4.0,3.0,SIRA
2.0,2.0,2.0,1.0,1.0,1.0,2.0,2.0,2.0,4.0,5.0,4.0,5.0,5.0,4.0,3.0,SIRA
2.0,2.0,3.0,0.0,3.0,3.0,2.0,2.0,2.0,4.0,3.0,2.0,6.0,3.0,2.0,4.0,SIRA
2.0,2.0,3.0,1.0,1.0,1.0,2.0,2.0,4.0,4.0,5.0,4.0,5.0,4.0,4.0,3.0,SIRA
2.0,2.0,3.0,1.0,2.0,2.0,2.0,2.0,4.0,4.0,4.0,3.0,5.0,3.0,3.0,4.0,SIRA
2.0,2.0,3.0,1.0,2.0,2.0,2.0,2.0,4.0,4.0,5.0,3.0,5.0,3.0,3.0,2.0,SIRA
2.0,2.0,2.0,1.0,1.0,1.0,2.0,2.0,4.0,4.0,5.0,4.0,5.0,4.0,4.0,4.0,SIRA
2.0,2.0,3.0,1.0,1.0,1.0,2.0,2.0,4.0,2.0,5.0,3.0,5.0,4.0,3.0,2.0,SIRA
2.0,2.0,3.0,1.0,2.0,2.0,2.0,2.0,5.0,4.0,4.0,3.0,5.0,4.0,3.0,3.0,SIRA
2.0,2.0,3.0,1.0,2.0,2.0,2.0,2.0,2.0,4.0,4.0,3.0,5.0,4.0,3.0,5.0,SIRA
2.0,2.0,3.0,1.0,2.0,2.0,2.0,2.0,4.0,3.0,4.0,3.0,5.0,3.0,3.0,4.0,SIRA
2.0,2.0,2.0,1.0,1.0,1.0,2.0,2.0,2.0,4.0,5.0,4.0,5.0,4.0,4.0,3.0,SIRA
2.0,2.0,3.0,1.0,2.0,2.0,2.0,2.0,4.0,4.0,4.0,3.0,5.0,3.0,3.0,3.0,SIRA
2.0,2.0,3.0,1.0,1.0,1.0,2.0,2.0,2.0,4.0,4.0,4.0,5.0,4.0,4.0,4.0,SIRA
2.0,2.0,3.0,1.0,2.0,2.0,2.0,2.0,5.0,4.0,4.0,3.0,5.0,3.0,3.0,3.0,SIRA
2.0,2.0,3.0,1.0,2.0,2.0,2.0,2.0,2.0,4.0,4.0,3.0,5.0,3.0,3.0,4.0,SIRA
2.0,2.0,3.0,1.0,2.0,2.0,2.0,2.0,1.0,4.0,3.0,3.0,5.0,3.0,3.0,4.0,SIRA
2.0,2.0,3.0,1.0,1.0,1.0,2.0,2.0,5.0,4.0,4.0,4.0,5.0,4.0,4.0,3.0,SIRA
2.0,2.0,3.0,0.0,3.0,3.0,2.0,2.0,4.0,4.0,4.0,2.0,6.0,3.0,2.0,2.0,SIRA
2.0,2.0,3.0,0.0,4.0,4.0,2.0,2.0,2.0,4.0,3.0,1.0,6.0,3.0,1.0,1.0,SIRA
2.0,2.0,3.0,1.0,1.0,1.0,2.0,2.0,4.0,2.0,4.0,4.0,5.0,4.0,4.0,1.0,SIRA
2.0,2.0,3.0,1.0,1.0,1.0,2.0,2.0,2.0,4.0,4.0,4.0,5.0,4.0,4.0,5.0,SIRA
2.0,2.0,1.0,2.0,0.0,0.0,2.0,2.0,4.0,5.0,6.0,5.0,4.0,5.0,5.0,6.0,SIRA
2.0,2.0,3.0,1.0,3.0,3.0,2.0,2.0,4.0,4.0,4.0,2.0,5.0,3.0,2.0,3.0,SIRA
2.0,2.0,3.0,1.0,2.0,2.0,2.0,2.0,2.0,4.0,4.0,3.0,5.0,3.0,3.0,3.0,SIRA
2.0,2.0,2.0,1.0,1.0,1.0,2.0,2.0,5.0,4.0,5.0,4.0,5.0,5.0,4.0,4.0,SIRA
2.0,2.0,3.0,1.0,2.0,2.0,2.0,2.0,1.0,4.0,4.0,3.0,5.0,3.0,3.0,4.0,SIRA
2.0,2.0,2.0,1.0,1.0,1.0,2.0,2.0,2.0,4.0,4.0,4.0,5.0,5.0,4.0,4.0,SIRA
2.0,2.0,3.0,1.0,2.0,2.0,2.0,2.0,2.0,4.0,4.0,3.0,5.0,3.0,3.0,4.0,SIRA
2.0,2.0,3.0,0.0,4.0,4.0,2.0,2.0,5.0,4.0,3.0,1.0,6.0,2.0,1.0,3.0,SIRA
2.0,2.0,1.0,1.0,1.0,1.0,2.0,2.0,2.0,4.0,5.0,4.0,5.0,5.0,4.0,3.0,SIRA
2.0,2.0,3.0,1.0,2.0,2.0,2.0,2.0,2.0,4.0,4.0,3.0,5.0,3.0,3.0,3.0,SIRA
2.0,2.0,3.0,1.0,2.0,2.0,2.0,2.0,4.0,4.0,5.0,3.0,5.0,3.0,3.0,3.0,SIRA
2.0,2.0,3.0,1.0,3.0,3.0,2.0,2.0,2.0,4.0,4.0,2.0,5.0,3.0,2.0,4.0,SIRA
2.0,2.0,3.0,1.0,2.0,2.0,2.0,2.0,2.0,4.0,4.0,3.0,5.0,3.0,3.0,4.0,SIRA
2.0,2.0,3.0,1.0,2.0,2.0,2.0,2.0,1.0,2.0,4.0,3.0,5.0,3.0,3.0,2.0,SIRA
2.0,2.0,3.0,1.0,1.0,1.0,2.0,2.0,2.0,4.0,4.0,4.0,5.0,4.0,4.0,2.0,SIRA
2.0,2.0,3.0,1.0,2.0,2.0,2.0,2.0,1.0,3.0,4.0,3.0,5.0,4.0,3.0,3.0,SIRA
2.0,2.0,3.0,1.0,2.0,2.0,2.0,2.0,1.0,3.0,4.0,3.0,5.0,3.0,3.0,3.0,SIRA
2.0,2.0,3.0,1.0,1.0,1.0,2.0,2.0,6.0,4.0,5.0,4.0,5.0,4.0,4.0,2.0,SIRA
2.0,2.0,3.0,1.0,2.0,2.0,2.0,2.0,4.0,4.0,5.0,3.0,5.0,3.0,3.0,4.0,SIRA
2.0,2.0,3.0,1.0,2.0,2.0,2.0,2.0,1.0,6.0,4.0,3.0,5.0,3.0,3.0,3.0,SIRA
2.0,2.0,3.0,1.0,1.0,1.0,2.0,2.0,5.0,4.0,4.0,3.0,5.0,4.0,3.0,2.0,SIRA
2.0,2.0,3.0,1.0,2.0,2.0,2.0,2.0,4.0,4.0,4.0,3.0,5.0,3.0,3.0,4.0,SIRA
2.0,2.0,3.0,1.0,2.0,2.0,2.0,2.0,6.0,4.0,4.0,3.0,5.0,4.0,3.0,2.0,SIRA
2.0,2.0,2.0,1.0,1.0,1.0,2.0,2.0,2.0,4.0,5.0,4.0,5.0,5.0,4.0,4.0,SIRA
2.0,2.0,3.0,1.0,2.0,2.0,2.0,2.0,5.0,4.0,5.0,3.0,5.0,4.0,3.0,4.0,SIRA
2.0,2.0,3.0,1.0,2.0,2.0,2.0,2.0,1.0,4.0,4.0,3.0,5.0,3.0,3.0,3.0,SIRA
2.0,2.0,3.0,1.0,2.0,2.0,2.0,2.0,2.0,4.0,4.0,3.0,5.0,4.0,3.0,3.0,SIRA
2.0,2.0,3.0,0.0,4.0,4.0,2.0,2.0,2.0,4.0,4.0,1.0,6.0,3.0,1.0,4.0,SIRA
2.0,2.0,2.0,1.0,1.0,1.0,2.0,2.0,2.0,4.0,4.0,4.0,5.0,5.0,4.0,3.0,SIRA
2.0,2.0,3.0,0.0,4.0,4.0,2.0,2.0,2.0,4.0,4.0,2.0,6.0,3.0,2.0,4.0,SIRA
2.0,2.0,3.0,1.0,1.0,1.0,2.0,2.0,4.0,4.0,5.0,4.0,5.0,4.0,4.0,4.0,SIRA
2.0,2.0,3.0,1.0,1.0,1.0,2.0,2.0,2.0,4.0,4.0,4.0,5.0,4.0,4.0,4.0,SIRA
2.0,2.0,2.0,1.0,1.0,1.0,2.0,2.0,4.0,4.0,5.0,4.0,5.0,4.0,4.0,4.0,SIRA
2.0,2.0,3.0,1.0,1.0,1.0,2.0,2.0,6.0,3.0,4.0,4.0,5.0,4.0,4.0,1.0,SIRA
2.0,2.0,3.0,1.0,2.0,2.0,2.0,2.0,3.0,3.0,4.0,3.0,5.0,3.0,3.0,3.0,SIRA
2.0,2.0,3.0,1.0,2.0,2.0,2.0,2.0,4.0,4.0,4.0,3.0,5.0,3.0,3.0,3.0,SIRA
2.0,2.0,3.0,1.0,3.0,3.0,2.0,2.0,4.0,4.0,4.0,2.0,6.0,3.0,2.0,1.0,SIRA
2.0,2.0,2.0,1.0,1.0,1.0,2.0,2.0,4.0,4.0,5.0,4.0,5.0,5.0,4.0,4.0,SIRA
2.0,2.0,3.0,1.0,1.0,1.0,2.0,2.0,5.0,4.0,5.0,4.0,5.0,4.0,4.0,3.0,SIRA
2.0,2.0,3.0,1.0,2.0,2.0,2.0,2.0,4.0,3.0,4.0,3.0,5.0,3.0,3.0,3.0,SIRA
2.0,2.0,3.0,1.0,2.0,2.0,2.0,2.0,4.0,4.0,4.0,3.0,5.0,3.0,3.0,4.0,SIRA
2.0,2.0,3.0,1.0,2.0,2.0,2.0,2.0,2.0,4.0,5.0,3.0,5.0,4.0,3.0,4.0,SIRA
2.0,2.0,3.0,1.0,1.0,1.0,2.0,2.0,4.0,4.0,5.0,4.0,5.0,4.0,4.0,4.0,SIRA
2.0,2.0,2.0,1.0,1.0,1.0,2.0,2.0,4.0,4.0,5.0,4.0,5.0,5.0,4.0,1.0,SIRA
2.0,2.0,3.0,1.0,2.0,2.0,2.0,2.0,2.0,2.0,3.0,3.0,5.0,3.0,3.0,3.0,SIRA
2.0,2.0,3.0,0.0,4.0,4.0,2.0,2.0,1.0,4.0,3.0,1.0,6.0,3.0,1.0,4.0,SIRA
2.0,2.0,3.0,0.0,3.0,3.0,2.0,2.0,1.0,4.0,3.0,2.0,6.0,3.0,2.0,4.0,SIRA
2.0,2.0,3.0,1.0,1.0,1.0,2.0,2.0,4.0,4.0,5.0,4.0,5.0,4.0,4.0,4.0,SIRA
2.0,2.0,3.0,1.0,2.0,2.0,2.0,2.0,4.0,4.0,4.0,3.0,5.0,3.0,3.0,4.0,SIRA
2.0,2.0,3.0,1.0,1.0,1.0,2.0,2.0,2.0,3.0,4.0,4.0,5.0,4.0,4.0,2.0,SIRA
2.0,2.0,1.0,1.0,1.0,1.0,2.0,2.0,2.0,4.0,5.0,4.0,5.0,5.0,4.0,4.0,SIRA
2.0,2.0,3.0,1.0,1.0,1.0,2.0,2.0,2.0,3.0,5.0,4.0,5.0,4.0,4.0,2.0,SIRA
2.0,2.0,3.0,1.0,2.0,2.0,2.0,2.0,5.0,4.0,4.0,3.0,5.0,3.0,3.0,1.0,SIRA
2.0,2.0,2.0,1.0,1.0,1.0,2.0,2.0,5.0,4.0,5.0,4.0,5.0,5.0,4.0,3.0,SIRA
2.0,2.0,3.0,0.0,4.0,4.0,2.0,2.0,2.0,4.0,4.0,1.0,6.0,3.0,1.0,4.0,SIRA
2.0,2.0,2.0,1.0,1.0,1.0,2.0,2.0,4.0,4.0,5.0,4.0,5.0,5.0,4.0,2.0,SIRA
2.0,2.0,3.0,1.0,1.0,1.0,2.0,2.0,5.0,4.0,4.0,4.0,5.0,4.0,4.0,3.0,SIRA
2.0,2.0,3.0,0.0,4.0,4.0,2.0,2.0,2.0,3.0,2.0,1.0,6.0,3.0,1.0,2.0,SIRA
2.0,2.0,3.0,0.0,4.0,4.0,2.0,2.0,4.0,6.0,4.0,1.0,6.0,3.0,1.0,4.0,SIRA
2.0,2.0,3.0,1.0,2.0,2.0,2.0,2.0,1.0,4.0,4.0,3.0,5.0,4.0,3.0,4.0,SIRA
2.0,2.0,3.0,1.0,2.0,2.0,2.0,2.0,5.0,2.0,4.0,3.0,5.0,3.0,3.0,1.0,SIRA
2.0,2.0,2.0,1.0,1.0,1.0,2.0,2.0,2.0,4.0,4.0,4.0,5.0,5.0,4.0,4.0,SIRA
2.0,2.0,3.0,1.0,2.0,2.0,2.0,2.0,2.0,3.0,4.0,3.0,5.0,3.0,3.0,4.0,SIRA
2.0,2.0,2.0,1.0,1.0,1.0,2.0,2.0,4.0,4.0,5.0,4.0,5.0,5.0,4.0,4.0,SIRA
2.0,2.0,3.0,1.0,2.0,2.0,2.0,2.0,4.0,4.0,5.0,3.0,5.0,3.0,3.0,4.0,SIRA
2.0,2.0,3.0,1.0,2.0,2.0,2.0,2.0,2.0,3.0,4.0,3.0,5.0,4.0,3.0,1.0,SIRA
2.0,2.0,3.0,1.0,2.0,2.0,2.0,2.0,2.0,3.0,4.0,3.0,5.0,3.0,3.0,3.0,SIRA
2.0,2.0,3.0,1.0,2.0,2.0,2.0,2.0,5.0,4.0,4.0,3.0,5.0,3.0,3.0,2.0,SIRA
2.0,2.0,3.0,1.0,3.0,3.0,2.0,2.0,6.0,4.0,4.0,3.0,5.0,3.0,3.0,4.0,SIRA
2.0,2.0,3.0,1.0,2.0,2.0,2.0,2.0,2.0,4.0,4.0,3.0,5.0,4.0,3.0,3.0,SIRA
2.0,2.0,2.0,1.0,1.0,1.0,2.0,2.0,2.0,4.0,5.0,4.0,5.0,5.0,4.0,4.0,SIRA
2.0,2.0,2.0,1.0,1.0,1.0,2.0,2.0,6.0,4.0,5.0,4.0,5.0,5.0,4.0,3.0,SIRA
2.0,2.0,3.0,1.0,2.0,2.0,2.0,2.0,4.0,4.0,4.0,3.0,5.0,3.0,3.0,1.0,SIRA
2.0,2.0,3.0,1.0,1.0,1.0,2.0,2.0,4.0,4.0,4.0,4.0,5.0,4.0,4.0,4.0,SIRA
2.0,2.0,3.0,1.0,2.0,2.0,2.0,2.0,1.0,4.0,4.0,3.0,5.0,3.0,3.0,4.0,SIRA
2.0,2.0,2.0,1.0,1.0,1.0,2.0,2.0,4.0,4.0,4.0,4.0,5.0,4.0,4.0,3.0,SIRA
2.0,2.0,3.0,1.0,2.0,2.0,2.0,2.0,1.0,4.0,3.0,3.0,5.0,3.0,3.0,4.0,SIRA
2.0,2.0,3.0,1.0,1.0,1.0,2.0,2.0,2.0,4.0,4.0,4.0,5.0,4.0,4.0,3.0,SIRA
2.0,2.0,3.0,1.0,3.0,3.0,2.0,2.0,1.0,4.0,3.0,2.0,6.0,3.0,2.0,1.0,SIRA
2.0,2.0,3.0,1.0,2.0,2.0,2.0,2.0,1.0,4.0,4.0,3.0,5.0,3.0,3.0,4.0,SIRA
2.0,2.0,3.0,1.0,2.0,2.0,2.0,2.0,1.0,4.0,3.0,3.0,5.0,3.0,3.0,2.0,SIRA
2.0,2.0,3.0,1.0,1.0,1.0,2.0,2.0,4.0,4.0,5.0,4.0,5.0,4.0,4.0,4.0,SIRA
2.0,2.0,3.0,1.0,2.0,2.0,2.0,2.0,6.0,4.0,4.0,3.0,5.0,3.0,3.0,2.0,SIRA
2.0,2.0,2.0,1.0,1.0,1.0,2.0,2.0,2.0,4.0,5.0,4.0,5.0,5.0,4.0,4.0,SIRA
2.0,2.0,3.0,1.0,2.0,2.0,2.0,2.0,5.0,3.0,4.0,3.0,5.0,3.0,3.0,2.0,SIRA
2.0,2.0,3.0,0.0,4.0,4.0,2.0,2.0,1.0,2.0,3.0,1.0,6.0,3.0,1.0,1.0,SIRA
2.0,2.0,3.0,1.0,1.0,1.0,2.0,2.0,2.0,3.0,5.0,4.0,5.0,4.0,4.0,2.0,SIRA
2.0,2.0,3.0,1.0,1.0,1.0,2.0,2.0,2.0,4.0,5.0,4.0,5.0,4.0,4.0,4.0,SIRA
2.0,2.0,3.0,1.0,1.0,1.0,2.0,2.0,5.0,4.0,5.0,4.0,5.0,4.0,4.0,5.0,SIRA
2.0,2.0,3.0,1.0,2.0,2.0,2.0,2.0,4.0,4.0,4.0,3.0,5.0,4.0,3.0,3.0,SIRA
2.0,2.0,3.0,1.0,1.0,1.0,2.0,2.0,4.0,4.0,4.0,4.0,5.0,4.0,4.0,4.0,SIRA
2.0,2.0,3.0,1.0,2.0,2.0,2.0,2.0,5.0,4.0,4.0,3.0,5.0,3.0,3.0,3.0,SIRA
2.0,2.0,3.0,1.0,1.0,1.0,2.0,2.0,1.0,4.0,4.0,4.0,5.0,4.0,4.0,4.0,SIRA
2.0,2.0,3.0,1.0,3.0,3.0,2.0,2.0,4.0,3.0,4.0,2.0,6.0,3.0,2.0,1.0,SIRA
2.0,2.0,3.0,1.0,2.0,2.0,2.0,2.0,2.0,4.0,5.0,3.0,5.0,4.0,3.0,4.0,SIRA
2.0,2.0,3.0,0.0,4.0,4.0,2.0,2.0,6.0,2.0,3.0,1.0,6.0,3.0,1.0,1.0,SIRA
2.0,2.0,3.0,1.0,2.0,2.0,2.0,2.0,4.0,4.0,4.0,3.0,5.0,4.0,3.0,4.0,SIRA
2.0,2.0,3.0,1.0,2.0,2.0,2.0,2.0,5.0,4.0,4.0,3.0,5.0,3.0,3.0,3.0,SIRA
2.0,2.0,3.0,1.0,2.0,2.0,2.0,2.0,5.0,4.0,4.0,3.0,5.0,3.0,3.0,4.0,SIRA
2.0,2.0,3.0,1.0,1.0,1.0,2.0,2.0,4.0,4.0,4.0,3.0,5.0,4.0,3.0,2.0,SIRA
2.0,2.0,3.0,1.0,2.0,2.0,2.0,2.0,2.0,4.0,5.0,3.0,5.0,4.0,3.0,5.0,SIRA
2.0,2.0,3.0,1.0,2.0,2.0,2.0,2.0,2.0,4.0,4.0,3.0,5.0,3.0,3.0,5.0,SIRA
2.0,2.0,3.0,1.0,2.0,2.0,2.0,2.0,4.0,4.0,4.0,3.0,5.0,4.0,3.0,4.0,SIRA
2.0,2.0,3.0,1.0,1.0,1.0,2.0,2.0,4.0,4.0,5.0,4.0,5.0,4.0,4.0,4.0,SIRA
2.0,2.0,3.0,1.0,1.0,1.0,2.0,2.0,1.0,2.0,4.0,4.0,5.0,4.0,4.0,3.0,SIRA
2.0,2.0,3.0,1.0,1.0,1.0,2.0,2.0,2.0,4.0,5.0,4.0,5.0,4.0,4.0,4.0,SIRA
2.0,2.0,3.0,1.0,2.0,2.0,2.0,2.0,2.0,4.0,4.0,3.0,5.0,3.0,3.0,6.0,SIRA
2.0,2.0,3.0,1.0,2.0,2.0,2.0,2.0,1.0,4.0,4.0,3.0,5.0,3.0,3.0,4.0,SIRA
2.0,2.0,2.0,1.0,1.0,1.0,2.0,2.0,4.0,4.0,5.0,4.0,5.0,5.0,4.0,3.0,SIRA
2.0,2.0,2.0,1.0,1.0,1.0,2.0,2.0,4.0,4.0,5.0,4.0,5.0,5.0,4.0,4.0,SIRA
2.0,2.0,3.0,1.0,1.0,1.0,2.0,2.0,4.0,4.0,5.0,4.0,5.0,4.0,4.0,1.0,SIRA
2.0,2.0,3.0,1.0,1.0,1.0,2.0,2.0,4.0,4.0,5.0,4.0,5.0,4.0,4.0,2.0,SIRA
2.0,2.0,3.0,1.0,2.0,2.0,2.0,2.0,4.0,5.0,5.0,3.0,5.0,3.0,3.0,3.0,SIRA
2.0,2.0,2.0,1.0,1.0,1.0,2.0,2.0,2.0,4.0,5.0,4.0,5.0,5.0,4.0,3.0,SIRA
2.0,2.0,3.0,1.0,2.0,2.0,2.0,2.0,4.0,2.0,3.0,2.0,5.0,3.0,2.0,1.0,SIRA
2.0,2.0,3.0,1.0,1.0,1.0,2.0,2.0,6.0,4.0,5.0,4.0,5.0,4.0,4.0,4.0,SIRA
2.0,2.0,3.0,1.0,2.0,2.0,2.0,2.0,2.0,4.0,4.0,3.0,5.0,3.0,3.0,3.0,SIRA
2.0,2.0,3.0,1.0,2.0,2.0,2.0,2.0,4.0,4.0,4.0,3.0,5.0,3.0,3.0,4.0,SIRA
2.0,2.0,3.0,1.0,2.0,2.0,2.0,2.0,4.0,4.0,3.0,3.0,5.0,3.0,3.0,3.0,SIRA
2.0,2.0,3.0,1.0,2.0,2.0,2.0,2.0,3.0,4.0,4.0,3.0,5.0,4.0,3.0,3.0,SIRA
2.0,2.0,3.0,1.0,1.0,1.0,2.0,2.0,4.0,2.0,5.0,4.0,5.0,4.0,4.0,1.0,SIRA
2.0,2.0,3.0,0.0,4.0,4.0,2.0,2.0,2.0,2.0,3.0,1.0,6.0,2.0,1.0,4.0,SIRA
2.0,2.0,2.0,1.0,1.0,1.0,2.0,2.0,2.0,2.0,4.0,4.0,5.0,5.0,4.0,1.0,SIRA
2.0,2.0,3.0,1.0,1.0,1.0,2.0,2.0,4.0,3.0,5.0,4.0,5.0,4.0,4.0,4.0,SIRA
2.0,2.0,3.0,0.0,3.0,3.0,2.0,2.0,2.0,4.0,4.0,2.0,6.0,3.0,2.0,4.0,SIRA
2.0,2.0,3.0,1.0,1.0,1.0,2.0,2.0,5.0,4.0,4.0,4.0,5.0,5.0,4.0,3.0,SIRA
2.0,2.0,3.0,0.0,4.0,4.0,2.0,2.0,4.0,2.0,3.0,1.0,6.0,3.0,1.0,1.0,SIRA
2.0,2.0,2.0,1.0,1.0,1.0,2.0,2.0,2.0,3.0,4.0,4.0,5.0,5.0,4.0,3.0,SIRA
2.0,2.0,2.0,1.0,1.0,1.0,2.0,2.0,2.0,4.0,4.0,4.0,5.0,5.0,4.0,1.0,SIRA
2.0,2.0,3.0,1.0,2.0,2.0,2.0,2.0,5.0,4.0,5.0,3.0,5.0,3.0,3.0,3.0,SIRA
2.0,2.0,3.0,1.0,2.0,2.0,2.0,2.0,2.0,4.0,4.0,3.0,5.0,4.0,3.0,4.0,SIRA
2.0,2.0,3.0,1.0,2.0,2.0,2.0,2.0,2.0,3.0,4.0,3.0,5.0,3.0,3.0,3.0,SIRA
2.0,2.0,3.0,1.0,2.0,2.0,2.0,2.0,5.0,6.0,5.0,3.0,5.0,4.0,3.0,4.0,SIRA
2.0,2.0,3.0,1.0,2.0,2.0,2.0,2.0,4.0,4.0,4.0,3.0,5.0,3.0,3.0,4.0,SIRA
2.0,2.0,3.0,1.0,2.0,2.0,2.0,2.0,2.0,2.0,4.0,3.0,5.0,3.0,3.0,3.0,SIRA
2.0,2.0,3.0,1.0,1.0,1.0,2.0,2.0,1.0,4.0,5.0,4.0,5.0,4.0,4.0,2.0,SIRA
2.0,2.0,2.0,1.0,1.0,1.0,2.0,2.0,2.0,3.0,4.0,4.0,5.0,5.0,4.0,1.0,SIRA
2.0,2.0,3.0,1.0,2.0,2.0,2.0,2.0,4.0,4.0,5.0,3.0,5.0,4.0,3.0,5.0,SIRA
2.0,2.0,2.0,1.0,1.0,1.0,2.0,2.0,2.0,4.0,5.0,4.0,5.0,5.0,4.0,3.0,SIRA
2.0,2.0,3.0,1.0,2.0,2.0,2.0,2.0,4.0,4.0,4.0,3.0,5.0,3.0,3.0,3.0,SIRA
2.0,2.0,2.0,1.0,1.0,1.0,2.0,2.0,2.0,4.0,5.0,4.0,5.0,5.0,4.0,2.0,SIRA
2.0,2.0,2.0,1.0,1.0,1.0,2.0,2.0,2.0,4.0,5.0,4.0,5.0,5.0,4.0,3.0,SIRA
2.0,2.0,3.0,1.0,2.0,2.0,2.0,2.0,2.0,4.0,4.0,3.0,5.0,3.0,3.0,3.0,SIRA
2.0,2.0,3.0,1.0,2.0,2.0,2.0,2.0,5.0,5.0,5.0,3.0,5.0,3.0,3.0,4.0,SIRA
2.0,2.0,3.0,1.0,2.0,2.0,2.0,2.0,5.0,4.0,5.0,3.0,5.0,3.0,3.0,4.0,SIRA
2.0,2.0,3.0,1.0,1.0,1.0,2.0,2.0,2.0,4.0,5.0,4.0,5.0,4.0,4.0,4.0,SIRA
2.0,2.0,2.0,1.0,1.0,1.0,2.0,2.0,4.0,4.0,5.0,4.0,5.0,5.0,4.0,4.0,SIRA
2.0,2.0,3.0,1.0,1.0,1.0,2.0,2.0,2.0,5.0,5.0,4.0,5.0,4.0,4.0,4.0,SIRA
2.0,2.0,2.0,1.0,1.0,1.0,2.0,2.0,5.0,4.0,5.0,4.0,5.0,5.0,4.0,3.0,SIRA
2.0,2.0,3.0,1.0,1.0,1.0,2.0,2.0,1.0,4.0,5.0,4.0,5.0,4.0,4.0,2.0,SIRA
2.0,2.0,3.0,1.0,2.0,2.0,2.0,2.0,4.0,4.0,4.0,3.0,5.0,3.0,3.0,2.0,SIRA
2.0,2.0,3.0,1.0,1.0,1.0,2.0,2.0,5.0,4.0,5.0,4.0,5.0,4.0,4.0,4.0,SIRA
2.0,2.0,3.0,1.0,1.0,1.0,2.0,2.0,4.0,4.0,4.0,4.0,5.0,4.0,4.0,2.0,SIRA
2.0,2.0,3.0,1.0,2.0,2.0,2.0,2.0,5.0,4.0,4.0,3.0,5.0,3.0,3.0,4.0,SIRA
2.0,2.0,2.0,1.0,1.0,1.0,2.0,2.0,4.0,4.0,5.0,4.0,5.0,5.0,4.0,5.0,SIRA
2.0,2.0,3.0,0.0,4.0,4.0,2.0,2.0,4.0,4.0,4.0,1.0,6.0,3.0,1.0,5.0,SIRA
2.0,2.0,1.0,2.0,1.0,1.0,2.0,2.0,5.0,4.0,5.0,4.0,4.0,5.0,4.0,3.0,SIRA
2.0,2.0,3.0,1.0,2.0,2.0,2.0,2.0,1.0,4.0,4.0,3.0,5.0,3.0,3.0,4.0,SIRA
2.0,2.0,3.0,0.0,4.0,4.0,2.0,2.0,1.0,4.0,4.0,1.0,6.0,3.0,1.0,2.0,SIRA
2.0,2.0,3.0,1.0,1.0,1.0,2.0,2.0,2.0,4.0,5.0,4.0,5.0,4.0,4.0,4.0,SIRA
2.0,2.0,3.0,1.0,2.0,2.0,2.0,2.0,2.0,4.0,4.0,3.0,5.0,3.0,3.0,3.0,SIRA
2.0,2.0,3.0,1.0,1.0,1.0,2.0,2.0,2.0,3.0,4.0,4.0,5.0,4.0,4.0,4.0,SIRA
2.0,2.0,3.0,1.0,1.0,1.0,2.0,2.0,4.0,4.0,4.0,4.0,5.0,4.0,4.0,4.0,SIRA
2.0,2.0,3.0,1.0,2.0,2.0,2.0,2.0,5.0,4.0,4.0,3.0,5.0,3.0,3.0,4.0,SIRA
2.0,2.0,3.0,1.0,2.0,2.0,2.0,2.0,4.0,5.0,5.0,3.0,5.0,3.0,3.0,4.0,SIRA
2.0,2.0,3.0,0.0,4.0,4.0,2.0,2.0,3.0,4.0,4.0,1.0,6.0,3.0,1.0,3.0,SIRA
2.0,2.0,3.0,1.0,2.0,2.0,2.0,2.0,2.0,4.0,4.0,3.0,5.0,3.0,3.0,4.0,SIRA
2.0,2.0,3.0,0.0,4.0,4.0,2.0,2.0,2.0,4.0,3.0,1.0,6.0,3.0,1.0,3.0,SIRA
2.0,2.0,3.0,1.0,2.0,2.0,2.0,2.0,5.0,4.0,4.0,3.0,5.0,3.0,3.0,1.0,SIRA
2.0,2.0,3.0,1.0,2.0,2.0,2.0,2.0,2.0,4.0,4.0,3.0,5.0,3.0,3.0,2.0,SIRA
2.0,2.0,2.0,1.0,1.0,1.0,2.0,2.0,5.0,5.0,5.0,4.0,5.0,5.0,4.0,4.0,SIRA
2.0,2.0,3.0,1.0,3.0,3.0,2.0,2.0,2.0,2.0,1.0,2.0,5.0,3.0,2.0,2.0,SIRA
2.0,2.0,3.0,1.0,3.0,3.0,2.0,2.0,5.0,4.0,4.0,2.0,5.0,3.0,2.0,2.0,SIRA
2.0,2.0,3.0,1.0,2.0,2.0,2.0,2.0,5.0,4.0,5.0,3.0,5.0,3.0,3.0,4.0,SIRA
2.0,2.0,3.0,1.0,2.0,2.0,2.0,2.0,1.0,4.0,4.0,3.0,5.0,3.0,3.0,4.0,SIRA
2.0,2.0,3.0,1.0,2.0,2.0,2.0,2.0,2.0,4.0,3.0,3.0,5.0,3.0,3.0,4.0,SIRA
2.0,2.0,3.0,1.0,1.0,1.0,2.0,2.0,2.0,4.0,4.0,4.0,5.0,4.0,4.0,3.0,SIRA
2.0,2.0,3.0,1.0,2.0,2.0,2.0,2.0,5.0,4.0,5.0,3.0,5.0,3.0,3.0,4.0,SIRA
2.0,2.0,3.0,1.0,1.0,1.0,2.0,2.0,4.0,2.0,4.0,4.0,5.0,4.0,4.0,1.0,SIRA
2.0,2.0,2.0,1.0,1.0,1.0,2.0,2.0,4.0,4.0,5.0,4.0,5.0,5.0,4.0,4.0,SIRA
2.0,2.0,3.0,1.0,2.0,2.0,2.0,2.0,4.0,4.0,4.0,3.0,5.0,3.0,3.0,4.0,SIRA
2.0,2.0,3.0,1.0,2.0,2.0,2.0,2.0,4.0,4.0,5.0,3.0,5.0,3.0,3.0,4.0,SIRA
2.0,2.0,3.0,1.0,1.0,1.0,2.0,2.0,2.0,4.0,5.0,4.0,5.0,4.0,4.0,4.0,SIRA
2.0,2.0,3.0,1.0,2.0,2.0,2.0,2.0,2.0,4.0,4.0,3.0,5.0,3.0,3.0,2.0,SIRA
2.0,2.0,2.0,1.0,1.0,1.0,2.0,2.0,4.0,4.0,5.0,4.0,5.0,5.0,4.0,4.0,SIRA
2.0,2.0,3.0,1.0,1.0,1.0,2.0,2.0,5.0,4.0,4.0,4.0,5.0,4.0,4.0,4.0,SIRA
2.0,2.0,3.0,1.0,2.0,2.0,2.0,2.0,1.0,3.0,4.0,3.0,5.0,3.0,3.0,3.0,SIRA
2.0,2.0,3.0,0.0,4.0,4.0,2.0,2.0,5.0,4.0,4.0,1.0,6.0,3.0,1.0,3.0,SIRA
2.0,2.0,3.0,1.0,1.0,1.0,2.0,2.0,5.0,4.0,4.0,4.0,5.0,5.0,4.0,4.0,SIRA
2.0,2.0,3.0,1.0,1.0,1.0,2.0,2.0,4.0,4.0,5.0,4.0,5.0,4.0,4.0,3.0,SIRA
2.0,2.0,3.0,1.0,2.0,2.0,2.0,2.0,2.0,2.0,3.0,3.0,5.0,3.0,3.0,3.0,SIRA
2.0,2.0,3.0,1.0,2.0,2.0,2.0,2.0,1.0,4.0,4.0,3.0,5.0,3.0,3.0,2.0,SIRA
2.0,2.0,3.0,1.0,2.0,2.0,2.0,2.0,1.0,2.0,4.0,3.0,5.0,3.0,3.0,2.0,SIRA
2.0,2.0,3.0,1.0,2.0,2.0,2.0,2.0,4.0,4.0,4.0,3.0,5.0,3.0,3.0,4.0,SIRA
2.0,2.0,3.0,1.0,1.0,1.0,2.0,2.0,4.0,2.0,4.0,4.0,5.0,4.0,4.0,3.0,SIRA
2.0,2.0,2.0,1.0,1.0,1.0,2.0,2.0,4.0,4.0,4.0,4.0,5.0,5.0,4.0,4.0,SIRA
2.0,2.0,3.0,1.0,2.0,2.0,2.0,2.0,2.0,4.0,4.0,3.0,5.0,3.0,3.0,2.0,SIRA
2.0,2.0,3.0,1.0,2.0,2.0,2.0,2.0,4.0,4.0,4.0,3.0,5.0,3.0,3.0,4.0,SIRA
2.0,2.0,3.0,1.0,1.0,1.0,2.0,2.0,4.0,4.0,5.0,4.0,5.0,4.0,4.0,4.0,SIRA
2.0,2.0,3.0,1.0,2.0,2.0,2.0,2.0,2.0,4.0,4.0,3.0,5.0,3.0,3.0,3.0,SIRA
2.0,2.0,3.0,1.0,2.0,2.0,2.0,2.0,1.0,4.0,4.0,3.0,5.0,3.0,3.0,4.0,SIRA
2.0,2.0,3.0,1.0,1.0,1.0,2.0,2.0,2.0,5.0,5.0,4.0,5.0,4.0,4.0,4.0,SIRA
2.0,2.0,2.0,1.0,1.0,1.0,2.0,2.0,4.0,4.0,5.0,4.0,5.0,5.0,4.0,4.0,SIRA
2.0,2.0,2.0,1.0,1.0,1.0,2.0,2.0,5.0,4.0,5.0,4.0,5.0,5.0,4.0,4.0,SIRA
2.0,2.0,3.0,1.0,1.0,1.0,2.0,2.0,4.0,2.0,5.0,3.0,5.0,4.0,3.0,2.0,SIRA
2.0,2.0,3.0,1.0,1.0,1.0,2.0,2.0,4.0,4.0,4.0,4.0,5.0,4.0,4.0,1.0,SIRA
2.0,2.0,3.0,1.0,2.0,2.0,2.0,2.0,4.0,4.0,4.0,3.0,5.0,3.0,3.0,3.0,SIRA
2.0,2.0,3.0,1.0,2.0,2.0,2.0,2.0,2.0,2.0,4.0,3.0,5.0,3.0,3.0,3.0,SIRA
2.0,2.0,3.0,1.0,1.0,1.0,2.0,2.0,5.0,4.0,5.0,4.0,5.0,5.0,4.0,4.0,SIRA
2.0,2.0,3.0,1.0,2.0,2.0,2.0,2.0,2.0,4.0,4.0,3.0,5.0,3.0,3.0,1.0,SIRA
2.0,2.0,3.0,1.0,1.0,1.0,2.0,2.0,2.0,2.0,4.0,4.0,5.0,4.0,4.0,1.0,SIRA
2.0,2.0,3.0,1.0,2.0,2.0,2.0,2.0,4.0,2.0,3.0,3.0,5.0,3.0,3.0,3.0,SIRA
2.0,2.0,3.0,1.0,2.0,2.0,2.0,2.0,4.0,4.0,5.0,3.0,5.0,3.0,3.0,4.0,SIRA
2.0,2.0,3.0,1.0,2.0,2.0,2.0,2.0,4.0,5.0,5.0,3.0,5.0,3.0,3.0,4.0,SIRA
2.0,2.0,3.0,1.0,2.0,2.0,2.0,2.0,4.0,4.0,4.0,3.0,5.0,3.0,3.0,4.0,SIRA
2.0,2.0,3.0,1.0,2.0,2.0,2.0,2.0,2.0,6.0,5.0,3.0,5.0,3.0,3.0,4.0,SIRA
2.0,2.0,3.0,1.0,2.0,2.0,2.0,2.0,4.0,4.0,4.0,3.0,5.0,3.0,3.0,4.0,SIRA
2.0,2.0,3.0,1.0,2.0,2.0,2.0,2.0,2.0,4.0,4.0,3.0,5.0,3.0,3.0,4.0,SIRA
2.0,2.0,3.0,1.0,1.0,1.0,2.0,2.0,4.0,4.0,5.0,4.0,5.0,4.0,4.0,2.0,SIRA
2.0,2.0,3.0,1.0,2.0,2.0,2.0,2.0,4.0,4.0,4.0,3.0,5.0,3.0,3.0,3.0,SIRA
2.0,2.0,3.0,0.0,4.0,4.0,2.0,2.0,4.0,2.0,3.0,1.0,6.0,3.0,1.0,1.0,SIRA
2.0,2.0,3.0,1.0,2.0,2.0,2.0,2.0,2.0,4.0,5.0,3.0,5.0,3.0,3.0,4.0,SIRA
2.0,2.0,3.0,0.0,4.0,4.0,2.0,2.0,1.0,2.0,1.0,1.0,6.0,3.0,1.0,3.0,SIRA
2.0,2.0,3.0,1.0,1.0,1.0,2.0,2.0,4.0,4.0,5.0,4.0,5.0,4.0,4.0,5.0,SIRA
2.0,2.0,3.0,1.0,2.0,2.0,2.0,2.0,1.0,4.0,5.0,3.0,5.0,3.0,3.0,4.0,SIRA
2.0,2.0,3.0,1.0,2.0,2.0,2.0,2.0,2.0,4.0,4.0,3.0,5.0,3.0,3.0,3.0,SIRA
2.0,2.0,3.0,0.0,4.0,4.0,2.0,2.0,6.0,4.0,4.0,1.0,6.0,3.0,1.0,4.0,SIRA
2.0,2.0,3.0,1.0,2.0,2.0,2.0,2.0,2.0,4.0,4.0,3.0,5.0,3.0,3.0,4.0,SIRA
2.0,2.0,3.0,1.0,1.0,1.0,2.0,2.0,2.0,2.0,4.0,4.0,5.0,5.0,4.0,1.0,SIRA
2.0,2.0,3.0,1.0,3.0,3.0,2.0,2.0,1.0,4.0,4.0,2.0,5.0,3.0,2.0,4.0,SIRA
2.0,2.0,2.0,1.0,1.0,1.0,2.0,2.0,2.0,4.0,5.0,4.0,5.0,5.0,4.0,3.0,SIRA
2.0,2.0,3.0,1.0,1.0,1.0,2.0,2.0,2.0,4.0,5.0,4.0,5.0,4.0,4.0,4.0,SIRA
2.0,2.0,3.0,1.0,3.0,3.0,2.0,2.0,5.0,4.0,3.0,2.0,5.0,3.0,2.0,3.0,SIRA
2.0,2.0,2.0,1.0,1.0,1.0,2.0,2.0,6.0,4.0,4.0,4.0,5.0,5.0,4.0,3.0,SIRA
2.0,2.0,3.0,1.0,2.0,2.0,2.0,2.0,5.0,2.0,4.0,3.0,5.0,3.0,3.0,2.0,SIRA
2.0,2.0,3.0,1.0,1.0,1.0,2.0,2.0,1.0,2.0,4.0,3.0,5.0,4.0,3.0,1.0,SIRA
2.0,2.0,3.0,0.0,4.0,4.0,2.0,2.0,0.0,3.0,4.0,1.0,6.0,3.0,1.0,1.0,SIRA
2.0,2.0,3.0,1.0,2.0,2.0,2.0,2.0,4.0,4.0,4.0,3.0,5.0,3.0,3.0,3.0,SIRA
2.0,2.0,2.0,1.0,1.0,1.0,2.0,2.0,4.0,4.0,4.0,4.0,5.0,5.0,4.0,4.0,SIRA
2.0,2.0,3.0,1.0,3.0,3.0,2.0,2.0,2.0,4.0,4.0,2.0,5.0,3.0,2.0,4.0,SIRA
2.0,2.0,3.0,1.0,2.0,2.0,2.0,2.0,4.0,3.0,4.0,3.0,5.0,3.0,3.0,1.0,SIRA
2.0,2.0,3.0,1.0,1.0,1.0,2.0,2.0,4.0,3.0,4.0,4.0,5.0,4.0,4.0,1.0,SIRA
2.0,2.0,3.0,1.0,2.0,2.0,2.0,2.0,1.0,4.0,4.0,3.0,5.0,3.0,3.0,2.0,SIRA
2.0,2.0,2.0,1.0,1.0,1.0,2.0,2.0,4.0,4.0,5.0,4.0,5.0,5.0,4.0,4.0,SIRA
2.0,2.0,3.0,1.0,2.0,2.0,2.0,2.0,1.0,4.0,4.0,3.0,5.0,3.0,3.0,3.0,SIRA
2.0,2.0,3.0,1.0,3.0,3.0,2.0,2.0,4.0,4.0,4.0,2.0,5.0,3.0,2.0,3.0,SIRA
2.0,2.0,3.0,1.0,2.0,2.0,2.0,2.0,2.0,4.0,4.0,3.0,5.0,3.0,3.0,1.0,SIRA
2.0,2.0,2.0,1.0,1.0,1.0,2.0,2.0,4.0,4.0,4.0,4.0,5.0,5.0,4.0,4.0,SIRA
2.0,2.0,2.0,1.0,1.0,1.0,2.0,2.0,4.0,4.0,5.0,4.0,5.0,5.0,4.0,2.0,SIRA
2.0,2.0,3.0,1.0,3.0,3.0,2.0,2.0,4.0,4.0,4.0,2.0,5.0,3.0,2.0,3.0,SIRA
2.0,2.0,3.0,1.0,1.0,1.0,2.0,2.0,5.0,5.0,5.0,4.0,5.0,5.0,4.0,4.0,SIRA
2.0,2.0,3.0,1.0,1.0,1.0,2.0,2.0,5.0,4.0,5.0,4.0,5.0,4.0,4.0,4.0,SIRA
2.0,2.0,3.0,1.0,1.0,1.0,2.0,2.0,2.0,2.0,4.0,3.0,5.0,4.0,3.0,2.0,SIRA
2.0,2.0,3.0,1.0,2.0,2.0,2.0,2.0,6.0,4.0,4.0,3.0,5.0,3.0,3.0,3.0,SIRA
2.0,2.0,3.0,1.0,1.0,1.0,2.0,2.0,5.0,4.0,5.0,4.0,5.0,4.0,4.0,3.0,SIRA
2.0,2.0,3.0,1.0,2.0,2.0,2.0,2.0,5.0,6.0,5.0,3.0,5.0,3.0,3.0,4.0,SIRA
2.0,2.0,3.0,0.0,5.0,5.0,2.0,2.0,5.0,1.0,2.0,0.0,6.0,2.0,0.0,1.0,SIRA
2.0,2.0,3.0,1.0,1.0,1.0,2.0,2.0,2.0,2.0,3.0,4.0,5.0,4.0,4.0,1.0,SIRA
2.0,2.0,3.0,1.0,1.0,1.0,2.0,2.0,2.0,4.0,4.0,4.0,5.0,4.0,4.0,4.0,SIRA
2.0,2.0,3.0,1.0,2.0,2.0,2.0,2.0,4.0,4.0,4.0,3.0,5.0,4.0,3.0,4.0,SIRA
2.0,2.0,3.0,0.0,4.0,4.0,2.0,2.0,5.0,4.0,3.0,1.0,6.0,3.0,1.0,2.0,SIRA
2.0,2.0,3.0,1.0,1.0,1.0,2.0,2.0,4.0,4.0,4.0,4.0,5.0,4.0,4.0,3.0,SIRA
2.0,2.0,3.0,1.0,2.0,2.0,2.0,2.0,2.0,4.0,4.0,3.0,5.0,3.0,3.0,4.0,SIRA
2.0,2.0,3.0,1.0,2.0,2.0,2.0,2.0,5.0,2.0,3.0,3.0,5.0,3.0,3.0,1.0,SIRA
2.0,2.0,3.0,1.0,1.0,1.0,2.0,2.0,4.0,4.0,4.0,4.0,5.0,4.0,4.0,3.0,SIRA
2.0,2.0,3.0,1.0,1.0,1.0,2.0,2.0,5.0,4.0,4.0,4.0,5.0,4.0,4.0,2.0,SIRA
2.0,2.0,3.0,1.0,1.0,1.0,2.0,2.0,2.0,4.0,5.0,4.0,5.0,4.0,4.0,4.0,SIRA
2.0,2.0,3.0,1.0,2.0,2.0,2.0,2.0,4.0,4.0,5.0,3.0,5.0,3.0,3.0,3.0,SIRA
2.0,2.0,3.0,1.0,2.0,2.0,2.0,2.0,2.0,4.0,4.0,3.0,5.0,3.0,3.0,2.0,SIRA
2.0,2.0,3.0,1.0,2.0,2.0,2.0,2.0,5.0,4.0,4.0,3.0,5.0,3.0,3.0,4.0,SIRA
2.0,2.0,3.0,1.0,2.0,2.0,2.0,2.0,1.0,4.0,4.0,3.0,5.0,3.0,3.0,2.0,SIRA
2.0,2.0,2.0,2.0,1.0,1.0,2.0,2.0,4.0,3.0,5.0,4.0,4.0,5.0,4.0,2.0,SIRA
2.0,2.0,3.0,1.0,2.0,2.0,2.0,2.0,2.0,3.0,4.0,3.0,5.0,3.0,3.0,1.0,SIRA
2.0,2.0,3.0,1.0,1.0,1.0,2.0,2.0,6.0,4.0,5.0,4.0,5.0,5.0,4.0,4.0,SIRA
2.0,2.0,3.0,1.0,1.0,1.0,2.0,2.0,5.0,4.0,5.0,4.0,5.0,4.0,4.0,4.0,SIRA
2.0,2.0,3.0,1.0,2.0,2.0,2.0,2.0,5.0,4.0,4.0,3.0,5.0,3.0,3.0,3.0,SIRA
2.0,2.0,3.0,1.0,1.0,1.0,2.0,2.0,5.0,5.0,5.0,4.0,5.0,4.0,4.0,4.0,SIRA
2.0,2.0,3.0,0.0,4.0,4.0,2.0,2.0,2.0,4.0,4.0,1.0,6.0,3.0,1.0,3.0,SIRA
2.0,2.0,3.0,1.0,2.0,2.0,2.0,2.0,5.0,4.0,4.0,3.0,5.0,3.0,3.0,4.0,SIRA
2.0,2.0,3.0,1.0,2.0,2.0,2.0,2.0,1.0,4.0,4.0,3.0,5.0,3.0,3.0,4.0,SIRA
2.0,2.0,3.0,1.0,2.0,2.0,2.0,2.0,2.0,2.0,4.0,3.0,5.0,3.0,3.0,1.0,SIRA
2.0,2.0,3.0,1.0,2.0,2.0,2.0,2.0,2.0,5.0,4.0,3.0,5.0,3.0,3.0,4.0,SIRA
2.0,2.0,3.0,1.0,1.0,1.0,2.0,2.0,2.0,4.0,5.0,4.0,5.0,4.0,4.0,3.0,SIRA
2.0,2.0,3.0,1.0,1.0,1.0,2.0,2.0,2.0,3.0,4.0,4.0,5.0,4.0,4.0,4.0,SIRA
2.0,2.0,3.0,1.0,2.0,2.0,2.0,2.0,2.0,4.0,4.0,3.0,5.0,3.0,3.0,4.0,SIRA
2.0,2.0,3.0,1.0,2.0,2.0,2.0,2.0,0.0,3.0,4.0,3.0,5.0,3.0,3.0,1.0,SIRA
2.0,2.0,3.0,1.0,3.0,3.0,2.0,2.0,1.0,4.0,4.0,2.0,5.0,3.0,2.0,2.0,SIRA
2.0,2.0,3.0,1.0,1.0,1.0,2.0,2.0,5.0,4.0,5.0,4.0,5.0,4.0,4.0,3.0,SIRA
2.0,2.0,3.0,1.0,2.0,2.0,2.0,2.0,1.0,4.0,4.0,3.0,5.0,3.0,3.0,4.0,SIRA
2.0,2.0,3.0,1.0,2.0,2.0,2.0,2.0,5.0,2.0,4.0,3.0,5.0,3.0,3.0,1.0,SIRA
2.0,2.0,3.0,1.0,1.0,1.0,2.0,2.0,2.0,3.0,4.0,4.0,5.0,4.0,4.0,2.0,SIRA
2.0,2.0,3.0,1.0,4.0,4.0,2.0,2.0,4.0,4.0,4.0,2.0,5.0,3.0,2.0,4.0,SIRA
2.0,2.0,3.0,1.0,2.0,2.0,2.0,2.0,2.0,4.0,4.0,3.0,5.0,3.0,3.0,4.0,SIRA
2.0,2.0,3.0,1.0,2.0,2.0,2.0,2.0,1.0,4.0,4.0,3.0,5.0,3.0,3.0,4.0,SIRA
2.0,2.0,3.0,1.0,3.0,3.0,2.0,2.0,2.0,4.0,4.0,2.0,5.0,3.0,2.0,3.0,SIRA
2.0,2.0,3.0,1.0,2.0,2.0,2.0,2.0,2.0,4.0,4.0,3.0,5.0,3.0,3.0,2.0,SIRA
2.0,2.0,3.0,1.0,2.0,2.0,2.0,2.0,2.0,3.0,5.0,3.0,5.0,4.0,3.0,3.0,SIRA
2.0,2.0,3.0,1.0,3.0,3.0,2.0,2.0,4.0,5.0,4.0,2.0,5.0,3.0,2.0,4.0,SIRA
2.0,2.0,3.0,1.0,2.0,2.0,2.0,2.0,4.0,4.0,4.0,3.0,5.0,3.0,3.0,3.0,SIRA
2.0,2.0,3.0,1.0,2.0,2.0,2.0,2.0,4.0,2.0,4.0,3.0,5.0,3.0,3.0,3.0,SIRA
2.0,2.0,3.0,1.0,1.0,1.0,2.0,2.0,2.0,3.0,5.0,4.0,5.0,5.0,4.0,2.0,SIRA
2.0,2.0,3.0,1.0,2.0,2.0,2.0,2.0,2.0,5.0,5.0,3.0,5.0,3.0,3.0,5.0,SIRA
2.0,2.0,3.0,1.0,2.0,2.0,2.0,2.0,5.0,5.0,4.0,3.0,5.0,3.0,3.0,4.0,SIRA
2.0,2.0,3.0,1.0,1.0,1.0,2.0,2.0,4.0,4.0,5.0,4.0,5.0,4.0,4.0,2.0,SIRA
2.0,2.0,3.0,1.0,1.0,1.0,2.0,2.0,2.0,4.0,5.0,4.0,5.0,4.0,4.0,4.0,SIRA
2.0,2.0,3.0,1.0,2.0,2.0,2.0,2.0,2.0,4.0,4.0,3.0,5.0,3.0,3.0,2.0,SIRA
2.0,2.0,3.0,1.0,2.0,2.0,2.0,2.0,4.0,2.0,4.0,3.0,5.0,3.0,3.0,3.0,SIRA
2.0,2.0,3.0,1.0,2.0,2.0,2.0,2.0,2.0,2.0,4.0,3.0,5.0,3.0,3.0,1.0,SIRA
2.0,2.0,3.0,1.0,2.0,2.0,2.0,2.0,5.0,3.0,5.0,3.0,5.0,3.0,3.0,2.0,SIRA
2.0,2.0,3.0,1.0,2.0,2.0,2.0,2.0,4.0,5.0,5.0,3.0,5.0,3.0,3.0,5.0,SIRA
2.0,2.0,3.0,1.0,1.0,1.0,2.0,2.0,2.0,3.0,3.0,4.0,5.0,4.0,4.0,3.0,SIRA
2.0,2.0,3.0,1.0,1.0,1.0,2.0,2.0,3.0,1.0,4.0,4.0,5.0,5.0,4.0,1.0,SIRA
2.0,2.0,2.0,1.0,1.0,1.0,2.0,2.0,4.0,4.0,5.0,4.0,5.0,5.0,4.0,2.0,SIRA
2.0,2.0,3.0,1.0,1.0,1.0,2.0,2.0,5.0,4.0,4.0,4.0,5.0,4.0,4.0,4.0,SIRA
2.0,2.0,3.0,1.0,1.0,1.0,2.0,2.0,2.0,2.0,3.0,4.0,5.0,4.0,4.0,1.0,SIRA
2.0,2.0,3.0,1.0,2.0,2.0,2.0,2.0,2.0,4.0,4.0,3.0,5.0,3.0,3.0,4.0,SIRA
2.0,2.0,3.0,1.0,2.0,2.0,2.0,2.0,2.0,4.0,5.0,3.0,5.0,4.0,3.0,4.0,SIRA
2.0,2.0,2.0,2.0,1.0,1.0,2.0,2.0,5.0,4.0,5.0,4.0,4.0,5.0,4.0,3.0,SIRA
2.0,2.0,3.0,1.0,3.0,3.0,2.0,2.0,3.0,5.0,4.0,2.0,5.0,3.0,2.0,4.0,SIRA
2.0,2.0,3.0,1.0,1.0,1.0,2.0,2.0,4.0,4.0,5.0,4.0,5.0,4.0,4.0,4.0,SIRA
2.0,2.0,3.0,1.0,2.0,2.0,2.0,2.0,5.0,4.0,4.0,3.0,5.0,3.0,3.0,4.0,SIRA
2.0,2.0,3.0,1.0,3.0,3.0,2.0,2.0,5.0,4.0,4.0,2.0,5.0,3.0,2.0,4.0,SIRA
2.0,2.0,3.0,1.0,2.0,2.0,2.0,2.0,2.0,4.0,4.0,3.0,5.0,3.0,3.0,3.0,SIRA
2.0,2.0,3.0,1.0,1.0,1.0,2.0,2.0,2.0,2.0,3.0,4.0,5.0,4.0,4.0,4.0,SIRA
2.0,2.0,3.0,1.0,2.0,2.0,2.0,2.0,2.0,4.0,4.0,3.0,5.0,3.0,3.0,4.0,SIRA
2.0,2.0,3.0,1.0,1.0,1.0,2.0,2.0,4.0,4.0,5.0,4.0,5.0,4.0,4.0,4.0,SIRA
2.0,2.0,3.0,1.0,2.0,2.0,2.0,2.0,1.0,4.0,4.0,3.0,5.0,3.0,3.0,4.0,SIRA
2.0,2.0,3.0,1.0,3.0,3.0,2.0,2.0,2.0,3.0,4.0,2.0,5.0,3.0,2.0,3.0,SIRA
2.0,2.0,3.0,1.0,1.0,1.0,2.0,2.0,6.0,4.0,4.0,4.0,5.0,4.0,4.0,2.0,SIRA
2.0,2.0,3.0,1.0,2.0,2.0,2.0,2.0,1.0,3.0,4.0,3.0,5.0,3.0,3.0,4.0,SIRA
2.0,2.0,3.0,1.0,3.0,3.0,2.0,2.0,6.0,5.0,4.0,2.0,5.0,3.0,2.0,2.0,SIRA
2.0,2.0,3.0,1.0,1.0,1.0,2.0,2.0,2.0,4.0,5.0,4.0,5.0,4.0,4.0,4.0,SIRA
2.0,2.0,3.0,1.0,2.0,2.0,2.0,2.0,4.0,4.0,4.0,3.0,5.0,3.0,3.0,4.0,SIRA
2.0,2.0,2.0,2.0,1.0,1.0,2.0,2.0,4.0,4.0,5.0,4.0,4.0,5.0,4.0,3.0,SIRA
2.0,2.0,3.0,1.0,2.0,2.0,2.0,2.0,0.0,4.0,3.0,3.0,5.0,3.0,3.0,3.0,SIRA
2.0,2.0,3.0,1.0,2.0,2.0,2.0,2.0,1.0,4.0,4.0,3.0,5.0,3.0,3.0,1.0,SIRA
2.0,2.0,3.0,1.0,2.0,2.0,2.0,2.0,1.0,4.0,4.0,3.0,5.0,3.0,3.0,3.0,SIRA
2.0,2.0,3.0,1.0,2.0,2.0,2.0,2.0,2.0,4.0,5.0,3.0,5.0,4.0,3.0,4.0,SIRA
2.0,2.0,3.0,1.0,1.0,1.0,2.0,2.0,2.0,4.0,4.0,4.0,5.0,4.0,4.0,4.0,SIRA
2.0,2.0,3.0,1.0,1.0,1.0,2.0,2.0,4.0,4.0,5.0,4.0,5.0,4.0,4.0,4.0,SIRA
2.0,2.0,3.0,1.0,2.0,2.0,2.0,2.0,5.0,3.0,4.0,3.0,5.0,3.0,3.0,2.0,SIRA
2.0,2.0,3.0,1.0,2.0,2.0,2.0,2.0,2.0,4.0,5.0,3.0,5.0,3.0,3.0,4.0,SIRA
2.0,2.0,2.0,1.0,1.0,1.0,2.0,2.0,2.0,4.0,5.0,4.0,5.0,5.0,4.0,4.0,SIRA
2.0,2.0,3.0,1.0,4.0,4.0,2.0,2.0,4.0,4.0,4.0,1.0,5.0,3.0,1.0,3.0,SIRA
2.0,2.0,3.0,1.0,2.0,2.0,2.0,2.0,4.0,4.0,4.0,3.0,5.0,3.0,3.0,3.0,SIRA
2.0,2.0,3.0,1.0,1.0,1.0,2.0,2.0,4.0,4.0,5.0,4.0,5.0,4.0,4.0,3.0,SIRA
2.0,2.0,3.0,1.0,2.0,2.0,2.0,2.0,1.0,3.0,4.0,3.0,5.0,3.0,3.0,1.0,SIRA
2.0,2.0,3.0,1.0,2.0,2.0,2.0,2.0,4.0,4.0,4.0,3.0,5.0,3.0,3.0,3.0,SIRA
2.0,2.0,3.0,1.0,1.0,1.0,2.0,2.0,2.0,2.0,4.0,4.0,5.0,4.0,4.0,1.0,SIRA
2.0,2.0,3.0,1.0,2.0,2.0,2.0,2.0,4.0,4.0,4.0,3.0,5.0,3.0,3.0,4.0,SIRA
2.0,2.0,2.0,1.0,1.0,1.0,2.0,2.0,2.0,4.0,5.0,4.0,5.0,5.0,4.0,2.0,SIRA
2.0,2.0,3.0,1.0,2.0,2.0,2.0,2.0,2.0,2.0,4.0,3.0,5.0,3.0,3.0,3.0,SIRA
2.0,2.0,3.0,1.0,2.0,2.0,2.0,2.0,2.0,4.0,4.0,3.0,5.0,3.0,3.0,2.0,SIRA
2.0,2.0,3.0,1.0,1.0,1.0,2.0,2.0,5.0,4.0,5.0,4.0,5.0,4.0,4.0,4.0,SIRA
2.0,2.0,3.0,1.0,1.0,1.0,2.0,2.0,4.0,4.0,5.0,4.0,5.0,4.0,4.0,3.0,SIRA
2.0,2.0,3.0,1.0,3.0,3.0,2.0,2.0,1.0,4.0,4.0,2.0,5.0,3.0,2.0,4.0,SIRA
2.0,2.0,3.0,1.0,1.0,1.0,2.0,2.0,5.0,4.0,4.0,4.0,5.0,4.0,4.0,1.0,SIRA
2.0,2.0,3.0,1.0,1.0,1.0,2.0,2.0,2.0,1.0,1.0,4.0,5.0,5.0,4.0,3.0,SIRA
2.0,2.0,3.0,1.0,2.0,2.0,2.0,2.0,2.0,4.0,3.0,3.0,5.0,3.0,3.0,4.0,SIRA
2.0,2.0,3.0,1.0,2.0,2.0,2.0,2.0,2.0,4.0,4.0,3.0,5.0,3.0,3.0,4.0,SIRA
2.0,2.0,3.0,1.0,2.0,2.0,2.0,2.0,1.0,4.0,4.0,3.0,5.0,3.0,3.0,4.0,SIRA
2.0,2.0,3.0,1.0,3.0,3.0,2.0,2.0,1.0,4.0,3.0,2.0,5.0,3.0,2.0,4.0,SIRA
2.0,2.0,3.0,0.0,4.0,4.0,2.0,2.0,6.0,6.0,4.0,1.0,6.0,3.0,1.0,2.0,SIRA
2.0,2.0,3.0,1.0,1.0,1.0,2.0,2.0,4.0,4.0,4.0,3.0,5.0,4.0,3.0,4.0,SIRA
2.0,2.0,3.0,1.0,2.0,2.0,2.0,2.0,1.0,4.0,4.0,3.0,5.0,3.0,3.0,2.0,SIRA
2.0,2.0,3.0,1.0,1.0,1.0,2.0,2.0,2.0,5.0,5.0,4.0,5.0,4.0,4.0,4.0,SIRA
2.0,2.0,3.0,1.0,2.0,2.0,2.0,2.0,2.0,4.0,5.0,3.0,5.0,3.0,3.0,3.0,SIRA
2.0,2.0,3.0,1.0,1.0,1.0,2.0,2.0,4.0,4.0,5.0,4.0,5.0,4.0,4.0,4.0,SIRA
2.0,2.0,3.0,1.0,2.0,2.0,2.0,2.0,2.0,4.0,5.0,3.0,5.0,3.0,3.0,3.0,SIRA
2.0,2.0,3.0,1.0,1.0,1.0,2.0,2.0,5.0,3.0,5.0,4.0,5.0,4.0,4.0,1.0,SIRA
2.0,2.0,3.0,1.0,2.0,2.0,2.0,2.0,4.0,4.0,4.0,3.0,5.0,3.0,3.0,4.0,SIRA
2.0,2.0,3.0,1.0,2.0,2.0,2.0,2.0,1.0,4.0,4.0,3.0,5.0,3.0,3.0,4.0,SIRA
2.0,2.0,3.0,1.0,1.0,1.0,2.0,2.0,5.0,4.0,5.0,4.0,5.0,5.0,4.0,2.0,SIRA
2.0,2.0,3.0,1.0,1.0,1.0,2.0,2.0,3.0,4.0,5.0,4.0,5.0,4.0,4.0,3.0,SIRA
2.0,3.0,3.0,1.0,1.0,1.0,2.0,2.0,4.0,2.0,0.0,4.0,5.0,5.0,4.0,4.0,SIRA
2.0,2.0,3.0,1.0,1.0,1.0,2.0,2.0,2.0,3.0,4.0,4.0,5.0,4.0,4.0,2.0,SIRA
2.0,2.0,3.0,1.0,2.0,2.0,2.0,2.0,5.0,4.0,5.0,3.0,5.0,3.0,3.0,3.0,SIRA
2.0,2.0,3.0,1.0,1.0,1.0,2.0,2.0,2.0,4.0,5.0,4.0,5.0,4.0,4.0,4.0,SIRA
2.0,2.0,3.0,1.0,1.0,1.0,2.0,2.0,4.0,4.0,5.0,4.0,5.0,4.0,4.0,4.0,SIRA
2.0,2.0,3.0,1.0,1.0,1.0,2.0,2.0,4.0,4.0,5.0,4.0,5.0,4.0,4.0,3.0,SIRA
2.0,2.0,3.0,1.0,4.0,4.0,2.0,2.0,5.0,4.0,3.0,1.0,5.0,3.0,1.0,2.0,SIRA
2.0,2.0,3.0,1.0,2.0,2.0,2.0,2.0,1.0,2.0,3.0,3.0,5.0,3.0,3.0,1.0,SIRA
2.0,2.0,3.0,1.0,3.0,3.0,2.0,2.0,2.0,2.0,4.0,2.0,5.0,3.0,2.0,1.0,SIRA
2.0,2.0,3.0,1.0,2.0,2.0,2.0,2.0,5.0,4.0,4.0,3.0,5.0,3.0,3.0,3.0,SIRA
2.0,2.0,3.0,1.0,2.0,2.0,2.0,2.0,2.0,4.0,4.0,3.0,5.0,3.0,3.0,4.0,SIRA
2.0,2.0,3.0,1.0,4.0,4.0,2.0,2.0,1.0,4.0,4.0,2.0,5.0,3.0,2.0,3.0,SIRA
2.0,2.0,3.0,1.0,1.0,1.0,2.0,2.0,6.0,4.0,5.0,4.0,5.0,5.0,4.0,2.0,SIRA
2.0,2.0,3.0,0.0,4.0,4.0,2.0,2.0,2.0,4.0,3.0,1.0,6.0,3.0,1.0,4.0,SIRA
2.0,2.0,3.0,1.0,1.0,1.0,2.0,2.0,5.0,4.0,5.0,4.0,5.0,5.0,4.0,4.0,SIRA
2.0,2.0,3.0,1.0,1.0,1.0,2.0,2.0,2.0,3.0,4.0,4.0,5.0,4.0,4.0,1.0,SIRA
2.0,2.0,3.0,1.0,3.0,3.0,2.0,2.0,4.0,2.0,3.0,2.0,5.0,3.0,2.0,1.0,SIRA
2.0,2.0,3.0,1.0,1.0,1.0,2.0,2.0,2.0,4.0,4.0,4.0,5.0,5.0,4.0,2.0,SIRA
2.0,2.0,3.0,1.0,2.0,2.0,2.0,2.0,5.0,4.0,4.0,3.0,5.0,3.0,3.0,1.0,SIRA
2.0,2.0,3.0,1.0,1.0,1.0,2.0,2.0,4.0,4.0,5.0,4.0,5.0,4.0,4.0,4.0,SIRA
2.0,2.0,3.0,1.0,2.0,2.0,2.0,2.0,6.0,4.0,4.0,3.0,5.0,3.0,3.0,3.0,SIRA
2.0,2.0,3.0,1.0,1.0,1.0,2.0,2.0,2.0,2.0,4.0,4.0,5.0,4.0,4.0,1.0,SIRA
2.0,2.0,3.0,1.0,1.0,1.0,2.0,2.0,2.0,4.0,5.0,4.0,5.0,4.0,4.0,4.0,SIRA
2.0,2.0,3.0,1.0,1.0,1.0,2.0,2.0,5.0,4.0,5.0,4.0,5.0,4.0,4.0,1.0,SIRA
2.0,2.0,3.0,1.0,2.0,2.0,2.0,2.0,2.0,4.0,3.0,3.0,5.0,3.0,3.0,1.0,SIRA
2.0,2.0,3.0,1.0,2.0,2.0,2.0,2.0,4.0,4.0,4.0,3.0,5.0,3.0,3.0,2.0,SIRA
2.0,2.0,3.0,1.0,1.0,1.0,2.0,2.0,2.0,4.0,5.0,4.0,5.0,4.0,4.0,3.0,SIRA
2.0,2.0,3.0,1.0,4.0,4.0,2.0,2.0,4.0,4.0,4.0,2.0,5.0,3.0,2.0,2.0,SIRA
2.0,2.0,3.0,1.0,2.0,2.0,2.0,2.0,3.0,4.0,4.0,3.0,5.0,3.0,3.0,4.0,SIRA
2.0,2.0,3.0,1.0,1.0,1.0,2.0,2.0,4.0,4.0,4.0,4.0,5.0,4.0,4.0,4.0,SIRA
2.0,2.0,3.0,0.0,4.0,4.0,2.0,2.0,4.0,2.0,3.0,1.0,6.0,3.0,1.0,4.0,SIRA
2.0,2.0,3.0,1.0,1.0,1.0,2.0,2.0,2.0,3.0,4.0,4.0,5.0,4.0,4.0,3.0,SIRA
2.0,2.0,3.0,1.0,2.0,2.0,2.0,2.0,1.0,4.0,4.0,3.0,5.0,3.0,3.0,4.0,SIRA
2.0,2.0,3.0,1.0,1.0,1.0,2.0,2.0,2.0,4.0,4.0,4.0,5.0,4.0,4.0,2.0,SIRA
2.0,2.0,3.0,1.0,2.0,2.0,2.0,2.0,4.0,4.0,4.0,3.0,5.0,3.0,3.0,3.0,SIRA
2.0,2.0,3.0,1.0,1.0,1.0,2.0,2.0,2.0,4.0,4.0,4.0,5.0,4.0,4.0,2.0,SIRA
2.0,2.0,3.0,1.0,2.0,2.0,2.0,2.0,1.0,3.0,3.0,3.0,5.0,3.0,3.0,4.0,SIRA
2.0,2.0,3.0,1.0,1.0,1.0,2.0,2.0,3.0,4.0,5.0,4.0,5.0,5.0,4.0,3.0,SIRA
2.0,2.0,3.0,1.0,2.0,2.0,2.0,2.0,2.0,2.0,5.0,3.0,5.0,3.0,3.0,1.0,SIRA
2.0,2.0,3.0,1.0,1.0,1.0,2.0,2.0,5.0,4.0,4.0,4.0,5.0,4.0,4.0,2.0,SIRA
2.0,2.0,3.0,1.0,1.0,1.0,2.0,2.0,2.0,4.0,4.0,4.0,5.0,3.0,4.0,3.0,SIRA
2.0,2.0,3.0,1.0,1.0,1.0,2.0,2.0,2.0,4.0,5.0,4.0,5.0,4.0,4.0,4.0,SIRA
2.0,2.0,3.0,1.0,2.0,2.0,2.0,2.0,4.0,4.0,5.0,3.0,5.0,3.0,3.0,4.0,SIRA
2.0,2.0,3.0,1.0,4.0,4.0,2.0,2.0,2.0,4.0,4.0,1.0,5.0,3.0,1.0,3.0,SIRA
2.0,2.0,3.0,1.0,1.0,1.0,2.0,2.0,2.0,4.0,4.0,4.0,5.0,4.0,4.0,3.0,SIRA
2.0,2.0,3.0,1.0,2.0,2.0,2.0,2.0,5.0,3.0,4.0,3.0,5.0,3.0,3.0,2.0,SIRA
2.0,2.0,3.0,1.0,2.0,2.0,2.0,2.0,1.0,4.0,4.0,3.0,5.0,3.0,3.0,3.0,SIRA
2.0,2.0,3.0,1.0,2.0,2.0,2.0,2.0,4.0,2.0,4.0,3.0,5.0,3.0,3.0,1.0,SIRA
2.0,2.0,3.0,1.0,1.0,1.0,2.0,2.0,1.0,3.0,4.0,4.0,5.0,4.0,4.0,3.0,SIRA
2.0,2.0,3.0,1.0,1.0,1.0,2.0,2.0,4.0,4.0,4.0,4.0,5.0,5.0,4.0,4.0,SIRA
2.0,2.0,3.0,1.0,2.0,2.0,2.0,2.0,5.0,2.0,4.0,3.0,5.0,3.0,3.0,1.0,SIRA
2.0,2.0,3.0,1.0,1.0,1.0,2.0,2.0,2.0,3.0,4.0,4.0,5.0,4.0,4.0,4.0,SIRA
2.0,2.0,3.0,1.0,2.0,2.0,2.0,2.0,5.0,4.0,4.0,3.0,5.0,3.0,3.0,3.0,SIRA
2.0,2.0,3.0,1.0,4.0,4.0,2.0,2.0,2.0,2.0,3.0,2.0,5.0,3.0,2.0,2.0,SIRA
2.0,2.0,3.0,1.0,2.0,2.0,2.0,2.0,2.0,4.0,4.0,3.0,5.0,3.0,3.0,4.0,SIRA
2.0,2.0,3.0,1.0,2.0,2.0,2.0,2.0,1.0,5.0,4.0,3.0,5.0,3.0,3.0,4.0,SIRA
2.0,2.0,3.0,1.0,2.0,2.0,2.0,2.0,4.0,3.0,3.0,3.0,5.0,3.0,3.0,4.0,SIRA
2.0,2.0,3.0,1.0,3.0,3.0,2.0,2.0,2.0,4.0,4.0,2.0,5.0,3.0,2.0,3.0,SIRA
2.0,2.0,3.0,1.0,2.0,2.0,2.0,2.0,5.0,4.0,4.0,3.0,5.0,3.0,3.0,3.0,SIRA
2.0,2.0,3.0,1.0,2.0,2.0,2.0,2.0,5.0,4.0,5.0,3.0,5.0,3.0,3.0,4.0,SIRA
2.0,2.0,3.0,1.0,1.0,1.0,2.0,2.0,4.0,4.0,5.0,4.0,5.0,4.0,4.0,3.0,SIRA
2.0,2.0,3.0,1.0,2.0,2.0,2.0,2.0,2.0,6.0,5.0,3.0,5.0,3.0,3.0,4.0,SIRA
2.0,2.0,3.0,1.0,2.0,2.0,2.0,2.0,4.0,4.0,4.0,3.0,5.0,3.0,3.0,4.0,SIRA
2.0,2.0,3.0,1.0,2.0,2.0,2.0,2.0,1.0,4.0,3.0,3.0,5.0,3.0,3.0,3.0,SIRA
2.0,2.0,3.0,1.0,2.0,2.0,2.0,2.0,1.0,4.0,4.0,3.0,5.0,3.0,3.0,4.0,SIRA
2.0,2.0,3.0,1.0,1.0,1.0,2.0,2.0,2.0,4.0,5.0,4.0,5.0,5.0,4.0,5.0,SIRA
2.0,2.0,3.0,1.0,2.0,2.0,2.0,2.0,5.0,4.0,4.0,3.0,5.0,3.0,3.0,2.0,SIRA
2.0,2.0,3.0,1.0,2.0,2.0,2.0,2.0,2.0,3.0,3.0,3.0,5.0,3.0,3.0,2.0,SIRA
2.0,2.0,3.0,1.0,1.0,1.0,2.0,2.0,5.0,3.0,5.0,4.0,5.0,4.0,4.0,1.0,SIRA
2.0,2.0,3.0,1.0,1.0,1.0,2.0,2.0,4.0,4.0,5.0,4.0,5.0,4.0,4.0,1.0,SIRA
2.0,2.0,3.0,1.0,3.0,3.0,2.0,2.0,1.0,4.0,4.0,2.0,5.0,3.0,2.0,3.0,SIRA
2.0,2.0,3.0,1.0,2.0,2.0,2.0,2.0,3.0,4.0,5.0,3.0,5.0,3.0,3.0,4.0,SIRA
2.0,2.0,2.0,2.0,1.0,1.0,2.0,2.0,2.0,4.0,5.0,4.0,4.0,5.0,4.0,4.0,SIRA
2.0,2.0,3.0,1.0,1.0,1.0,2.0,2.0,2.0,4.0,5.0,4.0,5.0,4.0,4.0,4.0,SIRA
2.0,2.0,3.0,1.0,1.0,1.0,2.0,2.0,2.0,4.0,5.0,4.0,5.0,4.0,4.0,4.0,SIRA
2.0,2.0,3.0,1.0,4.0,4.0,2.0,2.0,5.0,3.0,3.0,2.0,5.0,3.0,2.0,2.0,SIRA
2.0,2.0,3.0,1.0,2.0,2.0,2.0,2.0,4.0,4.0,4.0,3.0,5.0,3.0,3.0,4.0,SIRA
2.0,2.0,3.0,1.0,2.0,2.0,2.0,2.0,2.0,6.0,5.0,3.0,5.0,3.0,3.0,4.0,SIRA
2.0,2.0,3.0,1.0,3.0,3.0,2.0,2.0,2.0,4.0,4.0,2.0,5.0,3.0,2.0,3.0,SIRA
2.0,2.0,3.0,1.0,2.0,2.0,2.0,2.0,1.0,4.0,4.0,3.0,5.0,3.0,3.0,3.0,SIRA
2.0,2.0,3.0,1.0,2.0,2.0,2.0,2.0,1.0,2.0,3.0,3.0,5.0,3.0,3.0,1.0,SIRA
2.0,2.0,3.0,1.0,2.0,2.0,2.0,2.0,5.0,5.0,5.0,3.0,5.0,3.0,3.0,4.0,SIRA
2.0,2.0,3.0,1.0,4.0,4.0,2.0,2.0,0.0,4.0,3.0,1.0,5.0,3.0,1.0,4.0,SIRA
2.0,2.0,3.0,1.0,2.0,2.0,2.0,2.0,4.0,4.0,4.0,3.0,5.0,3.0,3.0,3.0,SIRA
2.0,2.0,3.0,1.0,1.0,1.0,2.0,2.0,2.0,2.0,4.0,4.0,5.0,4.0,4.0,1.0,SIRA
2.0,2.0,3.0,1.0,1.0,1.0,2.0,2.0,3.0,5.0,5.0,4.0,5.0,4.0,4.0,3.0,SIRA
2.0,2.0,3.0,1.0,2.0,2.0,2.0,2.0,5.0,4.0,4.0,3.0,5.0,3.0,3.0,4.0,SIRA
2.0,2.0,3.0,0.0,4.0,4.0,2.0,2.0,0.0,4.0,3.0,1.0,6.0,2.0,1.0,3.0,SIRA
2.0,2.0,3.0,1.0,1.0,1.0,2.0,2.0,4.0,4.0,5.0,4.0,5.0,4.0,4.0,3.0,SIRA
2.0,2.0,3.0,1.0,2.0,2.0,2.0,2.0,5.0,4.0,4.0,3.0,5.0,3.0,3.0,1.0,SIRA
2.0,2.0,3.0,1.0,2.0,2.0,2.0,2.0,1.0,4.0,4.0,3.0,5.0,3.0,3.0,4.0,SIRA
2.0,2.0,3.0,1.0,2.0,2.0,2.0,2.0,4.0,4.0,5.0,3.0,5.0,3.0,3.0,4.0,SIRA
2.0,2.0,3.0,1.0,2.0,2.0,2.0,2.0,5.0,4.0,4.0,3.0,5.0,3.0,3.0,4.0,SIRA
2.0,2.0,3.0,1.0,2.0,2.0,2.0,2.0,4.0,4.0,4.0,3.0,5.0,3.0,3.0,4.0,SIRA
2.0,2.0,3.0,1.0,1.0,1.0,2.0,2.0,4.0,4.0,4.0,4.0,5.0,4.0,4.0,4.0,SIRA
2.0,2.0,3.0,1.0,1.0,1.0,2.0,2.0,4.0,2.0,4.0,4.0,5.0,4.0,4.0,4.0,SIRA
2.0,2.0,3.0,1.0,2.0,2.0,2.0,2.0,2.0,4.0,4.0,3.0,5.0,3.0,3.0,4.0,SIRA
2.0,2.0,3.0,1.0,2.0,2.0,2.0,2.0,4.0,1.0,3.0,3.0,5.0,3.0,3.0,1.0,SIRA
2.0,2.0,3.0,1.0,2.0,2.0,2.0,2.0,5.0,4.0,4.0,3.0,5.0,3.0,3.0,3.0,SIRA
2.0,2.0,3.0,1.0,3.0,3.0,2.0,2.0,1.0,2.0,1.0,2.0,5.0,3.0,2.0,4.0,SIRA
2.0,2.0,3.0,1.0,2.0,2.0,2.0,2.0,6.0,4.0,5.0,3.0,5.0,3.0,3.0,3.0,SIRA
2.0,2.0,3.0,1.0,1.0,1.0,2.0,2.0,4.0,4.0,5.0,4.0,5.0,4.0,4.0,3.0,SIRA
2.0,2.0,3.0,1.0,1.0,1.0,2.0,2.0,2.0,4.0,5.0,4.0,5.0,5.0,4.0,4.0,SIRA
2.0,2.0,3.0,1.0,2.0,2.0,2.0,2.0,4.0,4.0,4.0,3.0,5.0,3.0,3.0,4.0,SIRA
2.0,2.0,3.0,1.0,1.0,1.0,2.0,2.0,2.0,2.0,4.0,4.0,5.0,5.0,4.0,1.0,SIRA
2.0,2.0,3.0,1.0,1.0,1.0,2.0,2.0,1.0,4.0,4.0,3.0,5.0,3.0,3.0,1.0,SIRA
2.0,2.0,3.0,1.0,1.0,1.0,2.0,2.0,2.0,4.0,5.0,4.0,5.0,4.0,4.0,3.0,SIRA
2.0,2.0,3.0,1.0,2.0,2.0,2.0,2.0,4.0,3.0,4.0,3.0,5.0,3.0,3.0,1.0,SIRA
2.0,2.0,3.0,1.0,2.0,2.0,2.0,2.0,4.0,4.0,4.0,3.0,5.0,3.0,3.0,3.0,SIRA
2.0,2.0,3.0,1.0,1.0,1.0,2.0,2.0,2.0,5.0,5.0,4.0,5.0,4.0,4.0,4.0,SIRA
2.0,2.0,3.0,1.0,2.0,2.0,2.0,2.0,5.0,4.0,5.0,3.0,5.0,3.0,3.0,4.0,SIRA
2.0,2.0,3.0,1.0,2.0,2.0,2.0,2.0,2.0,4.0,4.0,3.0,5.0,3.0,3.0,4.0,SIRA
2.0,2.0,3.0,1.0,2.0,2.0,2.0,2.0,1.0,4.0,4.0,3.0,5.0,3.0,3.0,4.0,SIRA
2.0,2.0,3.0,1.0,3.0,3.0,2.0,2.0,4.0,3.0,4.0,2.0,5.0,3.0,2.0,1.0,SIRA
2.0,2.0,3.0,1.0,2.0,2.0,2.0,2.0,2.0,4.0,4.0,3.0,5.0,3.0,3.0,3.0,SIRA
2.0,2.0,3.0,1.0,2.0,2.0,2.0,2.0,5.0,6.0,5.0,3.0,5.0,3.0,3.0,4.0,SIRA
2.0,2.0,3.0,1.0,2.0,2.0,2.0,2.0,4.0,4.0,5.0,3.0,5.0,3.0,3.0,3.0,SIRA
2.0,2.0,3.0,1.0,2.0,2.0,2.0,2.0,4.0,5.0,5.0,3.0,5.0,3.0,3.0,4.0,SIRA
2.0,2.0,3.0,1.0,2.0,2.0,2.0,2.0,4.0,4.0,5.0,3.0,5.0,3.0,3.0,4.0,SIRA
2.0,2.0,3.0,1.0,1.0,1.0,2.0,2.0,4.0,4.0,4.0,4.0,5.0,4.0,4.0,4.0,SIRA
2.0,2.0,3.0,1.0,2.0,2.0,2.0,2.0,4.0,5.0,5.0,3.0,5.0,3.0,3.0,4.0,SIRA
2.0,2.0,3.0,1.0,1.0,1.0,2.0,2.0,4.0,4.0,5.0,4.0,5.0,5.0,4.0,4.0,SIRA
2.0,2.0,3.0,1.0,2.0,2.0,2.0,2.0,2.0,4.0,4.0,3.0,5.0,3.0,3.0,1.0,SIRA
2.0,2.0,3.0,1.0,1.0,1.0,2.0,2.0,4.0,4.0,5.0,4.0,5.0,5.0,4.0,2.0,SIRA
2.0,2.0,3.0,1.0,2.0,2.0,2.0,2.0,4.0,4.0,4.0,3.0,5.0,3.0,3.0,2.0,SIRA
2.0,2.0,3.0,2.0,1.0,1.0,2.0,2.0,2.0,4.0,5.0,4.0,5.0,5.0,4.0,1.0,SIRA
2.0,2.0,3.0,1.0,1.0,1.0,2.0,2.0,4.0,4.0,5.0,4.0,5.0,4.0,4.0,3.0,SIRA
2.0,2.0,3.0,1.0,1.0,1.0,2.0,2.0,4.0,2.0,5.0,4.0,5.0,4.0,4.0,2.0,SIRA
2.0,2.0,3.0,1.0,2.0,2.0,2.0,2.0,4.0,4.0,4.0,3.0,5.0,3.0,3.0,2.0,SIRA
2.0,2.0,3.0,1.0,3.0,3.0,2.0,2.0,2.0,4.0,4.0,2.0,5.0,3.0,2.0,3.0,SIRA
2.0,2.0,3.0,1.0,2.0,2.0,2.0,2.0,1.0,4.0,4.0,3.0,5.0,3.0,3.0,2.0,SIRA
2.0,2.0,2.0,2.0,1.0,1.0,2.0,2.0,4.0,4.0,5.0,4.0,4.0,5.0,4.0,4.0,SIRA
2.0,2.0,3.0,1.0,2.0,2.0,2.0,2.0,2.0,6.0,5.0,3.0,5.0,3.0,3.0,4.0,SIRA
2.0,2.0,3.0,1.0,4.0,4.0,2.0,2.0,2.0,4.0,3.0,1.0,5.0,3.0,1.0,4.0,SIRA
2.0,2.0,3.0,1.0,1.0,1.0,2.0,2.0,4.0,4.0,4.0,4.0,5.0,4.0,4.0,4.0,SIRA
2.0,2.0,3.0,1.0,3.0,3.0,2.0,2.0,1.0,3.0,3.0,2.0,5.0,3.0,2.0,4.0,SIRA
2.0,2.0,3.0,1.0,2.0,2.0,2.0,2.0,1.0,3.0,4.0,3.0,5.0,3.0,3.0,2.0,SIRA
2.0,2.0,3.0,1.0,1.0,1.0,2.0,2.0,2.0,4.0,5.0,4.0,5.0,4.0,4.0,3.0,SIRA
2.0,2.0,3.0,1.0,4.0,4.0,2.0,2.0,2.0,4.0,3.0,1.0,5.0,3.0,1.0,3.0,SIRA
2.0,2.0,3.0,1.0,1.0,1.0,2.0,2.0,4.0,4.0,5.0,4.0,5.0,4.0,4.0,4.0,SIRA
2.0,2.0,3.0,1.0,2.0,2.0,2.0,2.0,5.0,4.0,5.0,3.0,5.0,3.0,3.0,4.0,SIRA
2.0,2.0,3.0,1.0,1.0,1.0,2.0,2.0,2.0,3.0,4.0,4.0,5.0,4.0,4.0,3.0,SIRA
2.0,2.0,3.0,1.0,2.0,2.0,2.0,2.0,2.0,4.0,4.0,3.0,5.0,3.0,3.0,4.0,SIRA
2.0,2.0,3.0,1.0,2.0,2.0,2.0,2.0,4.0,4.0,4.0,3.0,5.0,3.0,3.0,3.0,SIRA
2.0,2.0,2.0,2.0,1.0,1.0,2.0,2.0,2.0,4.0,5.0,4.0,4.0,5.0,4.0,3.0,SIRA
2.0,2.0,3.0,1.0,2.0,2.0,2.0,2.0,2.0,4.0,5.0,3.0,5.0,3.0,3.0,4.0,SIRA
2.0,2.0,3.0,1.0,4.0,4.0,2.0,2.0,2.0,4.0,4.0,1.0,5.0,3.0,1.0,3.0,SIRA
2.0,2.0,3.0,1.0,2.0,2.0,2.0,2.0,1.0,4.0,4.0,3.0,5.0,3.0,3.0,4.0,SIRA
2.0,2.0,3.0,1.0,2.0,2.0,2.0,2.0,2.0,3.0,4.0,3.0,5.0,3.0,3.0,3.0,SIRA
2.0,2.0,3.0,1.0,2.0,2.0,2.0,2.0,2.0,4.0,4.0,3.0,5.0,3.0,3.0,4.0,SIRA
2.0,2.0,3.0,1.0,2.0,2.0,2.0,2.0,1.0,3.0,4.0,3.0,5.0,3.0,3.0,3.0,SIRA
2.0,2.0,3.0,1.0,2.0,2.0,2.0,2.0,3.0,2.0,4.0,3.0,5.0,3.0,3.0,3.0,SIRA
2.0,2.0,3.0,1.0,2.0,2.0,2.0,2.0,5.0,4.0,5.0,3.0,5.0,3.0,3.0,4.0,SIRA
2.0,2.0,3.0,1.0,1.0,1.0,2.0,2.0,4.0,5.0,5.0,4.0,5.0,4.0,4.0,4.0,SIRA
2.0,2.0,2.0,2.0,1.0,1.0,2.0,2.0,2.0,2.0,5.0,4.0,4.0,5.0,4.0,1.0,SIRA
2.0,2.0,3.0,1.0,2.0,2.0,2.0,2.0,2.0,2.0,3.0,3.0,5.0,3.0,3.0,1.0,SIRA
2.0,2.0,3.0,1.0,2.0,2.0,2.0,2.0,2.0,3.0,4.0,3.0,5.0,3.0,3.0,3.0,SIRA
2.0,2.0,3.0,1.0,2.0,2.0,2.0,2.0,5.0,4.0,5.0,3.0,5.0,3.0,3.0,2.0,SIRA
2.0,2.0,3.0,1.0,2.0,2.0,2.0,2.0,3.0,2.0,4.0,3.0,5.0,3.0,3.0,1.0,SIRA
2.0,2.0,3.0,1.0,3.0,3.0,2.0,2.0,4.0,4.0,4.0,2.0,5.0,3.0,2.0,4.0,SIRA
2.0,2.0,3.0,1.0,2.0,2.0,2.0,2.0,5.0,4.0,4.0,3.0,5.0,3.0,3.0,4.0,SIRA
2.0,2.0,3.0,1.0,1.0,1.0,2.0,2.0,4.0,4.0,5.0,4.0,5.0,4.0,4.0,4.0,SIRA
2.0,2.0,3.0,1.0,2.0,2.0,2.0,2.0,2.0,4.0,4.0,3.0,5.0,3.0,3.0,4.0,SIRA
2.0,2.0,3.0,1.0,2.0,2.0,2.0,2.0,2.0,3.0,4.0,3.0,5.0,3.0,3.0,3.0,SIRA
2.0,2.0,3.0,2.0,1.0,1.0,2.0,2.0,2.0,4.0,5.0,4.0,5.0,5.0,4.0,1.0,SIRA
2.0,2.0,3.0,1.0,2.0,2.0,2.0,2.0,5.0,4.0,4.0,3.0,5.0,3.0,3.0,4.0,SIRA
2.0,2.0,3.0,1.0,3.0,3.0,2.0,2.0,5.0,4.0,4.0,2.0,5.0,3.0,2.0,2.0,SIRA
2.0,2.0,3.0,1.0,1.0,1.0,2.0,2.0,5.0,4.0,4.0,3.0,5.0,3.0,3.0,1.0,SIRA
2.0,2.0,3.0,1.0,1.0,1.0,2.0,2.0,4.0,4.0,5.0,4.0,5.0,4.0,4.0,4.0,SIRA
2.0,2.0,3.0,1.0,4.0,4.0,2.0,2.0,4.0,4.0,4.0,1.0,5.0,3.0,1.0,4.0,SIRA
2.0,2.0,3.0,1.0,2.0,2.0,2.0,2.0,5.0,4.0,4.0,3.0,5.0,3.0,3.0,3.0,SIRA
2.0,2.0,3.0,1.0,1.0,1.0,2.0,2.0,2.0,4.0,5.0,4.0,5.0,4.0,4.0,4.0,SIRA
2.0,2.0,3.0,1.0,1.0,1.0,2.0,2.0,2.0,4.0,4.0,4.0,5.0,4.0,4.0,4.0,SIRA
2.0,2.0,3.0,1.0,1.0,1.0,2.0,2.0,2.0,2.0,5.0,4.0,5.0,4.0,4.0,2.0,SIRA
2.0,2.0,3.0,1.0,1.0,1.0,2.0,2.0,2.0,4.0,4.0,4.0,5.0,4.0,4.0,4.0,SIRA
2.0,2.0,3.0,1.0,2.0,2.0,2.0,2.0,4.0,4.0,4.0,3.0,5.0,3.0,3.0,3.0,SIRA
2.0,2.0,3.0,1.0,1.0,1.0,2.0,2.0,4.0,4.0,4.0,4.0,5.0,4.0,4.0,4.0,SIRA
2.0,2.0,3.0,1.0,3.0,3.0,2.0,2.0,2.0,4.0,4.0,2.0,5.0,3.0,2.0,3.0,SIRA
2.0,2.0,3.0,1.0,2.0,2.0,2.0,2.0,2.0,3.0,3.0,3.0,5.0,3.0,3.0,2.0,SIRA
2.0,2.0,3.0,1.0,4.0,4.0,2.0,2.0,2.0,4.0,4.0,1.0,5.0,3.0,1.0,3.0,SIRA
2.0,2.0,3.0,1.0,2.0,2.0,2.0,2.0,4.0,4.0,4.0,3.0,5.0,3.0,3.0,5.0,SIRA
2.0,2.0,3.0,1.0,2.0,2.0,2.0,2.0,2.0,4.0,4.0,3.0,5.0,3.0,3.0,4.0,SIRA
2.0,2.0,3.0,1.0,1.0,1.0,2.0,2.0,2.0,4.0,5.0,4.0,5.0,4.0,4.0,4.0,SIRA
2.0,2.0,3.0,1.0,2.0,2.0,2.0,2.0,1.0,3.0,4.0,2.0,5.0,3.0,2.0,1.0,SIRA
2.0,2.0,3.0,1.0,3.0,3.0,2.0,2.0,4.0,4.0,4.0,2.0,5.0,3.0,2.0,3.0,SIRA
2.0,2.0,3.0,1.0,1.0,1.0,2.0,2.0,5.0,4.0,5.0,4.0,5.0,4.0,4.0,4.0,SIRA
2.0,2.0,3.0,1.0,2.0,2.0,2.0,2.0,4.0,4.0,4.0,3.0,5.0,3.0,3.0,4.0,SIRA
2.0,2.0,3.0,1.0,2.0,2.0,2.0,2.0,4.0,3.0,3.0,2.0,5.0,3.0,2.0,1.0,SIRA
2.0,2.0,3.0,1.0,2.0,2.0,2.0,2.0,4.0,4.0,4.0,3.0,5.0,3.0,3.0,3.0,SIRA
2.0,2.0,3.0,1.0,2.0,2.0,2.0,2.0,1.0,4.0,4.0,3.0,5.0,3.0,3.0,4.0,SIRA
2.0,2.0,3.0,1.0,2.0,2.0,2.0,2.0,2.0,3.0,3.0,3.0,5.0,3.0,3.0,2.0,SIRA
2.0,2.0,2.0,2.0,1.0,1.0,2.0,2.0,2.0,3.0,5.0,4.0,4.0,5.0,4.0,4.0,SIRA
2.0,2.0,3.0,1.0,2.0,2.0,2.0,2.0,5.0,4.0,5.0,3.0,5.0,3.0,3.0,4.0,SIRA
2.0,2.0,3.0,1.0,1.0,1.0,2.0,2.0,5.0,4.0,4.0,4.0,5.0,4.0,4.0,4.0,SIRA
2.0,2.0,3.0,1.0,4.0,4.0,2.0,2.0,4.0,4.0,4.0,1.0,5.0,3.0,1.0,3.0,SIRA
2.0,2.0,3.0,0.0,4.0,4.0,2.0,2.0,4.0,3.0,3.0,1.0,6.0,2.0,1.0,4.0,SIRA
2.0,2.0,3.0,1.0,2.0,2.0,2.0,2.0,1.0,2.0,4.0,3.0,5.0,3.0,3.0,1.0,SIRA
2.0,2.0,3.0,0.0,4.0,4.0,2.0,2.0,0.0,4.0,3.0,1.0,6.0,2.0,1.0,4.0,SIRA
2.0,2.0,3.0,1.0,1.0,1.0,2.0,2.0,2.0,4.0,5.0,4.0,5.0,4.0,4.0,3.0,SIRA
2.0,2.0,3.0,1.0,2.0,2.0,2.0,2.0,6.0,3.0,4.0,3.0,5.0,3.0,3.0,3.0,SIRA
2.0,2.0,3.0,1.0,2.0,2.0,2.0,2.0,5.0,4.0,4.0,3.0,5.0,3.0,3.0,4.0,SIRA
2.0,2.0,3.0,1.0,1.0,1.0,2.0,2.0,5.0,4.0,5.0,4.0,5.0,4.0,4.0,4.0,SIRA
2.0,2.0,3.0,2.0,1.0,1.0,2.0,2.0,4.0,4.0,5.0,4.0,4.0,5.0,4.0,4.0,SIRA
2.0,2.0,3.0,1.0,2.0,2.0,2.0,2.0,2.0,4.0,4.0,3.0,5.0,3.0,3.0,4.0,SIRA
2.0,2.0,3.0,1.0,2.0,2.0,2.0,2.0,1.0,4.0,5.0,3.0,5.0,3.0,3.0,3.0,SIRA
2.0,2.0,3.0,1.0,2.0,2.0,2.0,2.0,2.0,4.0,4.0,3.0,5.0,3.0,3.0,4.0,SIRA
2.0,2.0,2.0,2.0,1.0,1.0,2.0,2.0,4.0,4.0,5.0,4.0,4.0,5.0,4.0,4.0,SIRA
2.0,2.0,3.0,1.0,1.0,1.0,2.0,2.0,4.0,4.0,4.0,4.0,5.0,4.0,4.0,1.0,SIRA
2.0,2.0,3.0,1.0,2.0,2.0,2.0,2.0,2.0,4.0,5.0,3.0,5.0,3.0,3.0,4.0,SIRA
2.0,2.0,3.0,1.0,2.0,2.0,2.0,2.0,5.0,4.0,5.0,3.0,5.0,3.0,3.0,4.0,SIRA
2.0,2.0,3.0,1.0,2.0,2.0,2.0,2.0,5.0,4.0,4.0,3.0,5.0,3.0,3.0,4.0,SIRA
2.0,2.0,3.0,1.0,2.0,2.0,2.0,2.0,5.0,3.0,4.0,3.0,5.0,3.0,3.0,3.0,SIRA
2.0,2.0,2.0,2.0,1.0,1.0,2.0,2.0,4.0,4.0,5.0,4.0,4.0,5.0,4.0,2.0,SIRA
2.0,2.0,3.0,1.0,2.0,2.0,2.0,2.0,6.0,4.0,4.0,3.0,5.0,3.0,3.0,3.0,SIRA
2.0,2.0,3.0,1.0,2.0,2.0,2.0,2.0,2.0,4.0,5.0,3.0,5.0,3.0,3.0,4.0,SIRA
2.0,2.0,3.0,1.0,2.0,2.0,2.0,2.0,2.0,4.0,4.0,3.0,5.0,3.0,3.0,2.0,SIRA
2.0,2.0,3.0,1.0,2.0,2.0,2.0,2.0,1.0,4.0,4.0,3.0,5.0,3.0,3.0,3.0,SIRA
2.0,2.0,3.0,1.0,4.0,4.0,2.0,2.0,1.0,4.0,3.0,1.0,5.0,3.0,1.0,1.0,SIRA
2.0,2.0,3.0,1.0,2.0,2.0,2.0,2.0,4.0,4.0,4.0,3.0,5.0,3.0,3.0,1.0,SIRA
2.0,2.0,3.0,1.0,1.0,1.0,2.0,2.0,6.0,4.0,5.0,4.0,5.0,4.0,4.0,2.0,SIRA
2.0,2.0,3.0,1.0,1.0,1.0,2.0,2.0,4.0,4.0,5.0,4.0,5.0,4.0,4.0,3.0,SIRA
2.0,2.0,3.0,1.0,2.0,2.0,2.0,2.0,4.0,4.0,4.0,3.0,5.0,3.0,3.0,4.0,SIRA
2.0,2.0,3.0,1.0,1.0,1.0,2.0,2.0,1.0,4.0,4.0,4.0,5.0,3.0,4.0,4.0,SIRA
2.0,2.0,3.0,1.0,2.0,2.0,2.0,2.0,4.0,4.0,4.0,3.0,5.0,3.0,3.0,3.0,SIRA
2.0,2.0,3.0,1.0,1.0,1.0,2.0,2.0,5.0,4.0,5.0,4.0,5.0,4.0,4.0,3.0,SIRA
2.0,2.0,3.0,1.0,2.0,2.0,2.0,2.0,2.0,4.0,4.0,3.0,5.0,3.0,3.0,3.0,SIRA
2.0,2.0,3.0,1.0,4.0,4.0,2.0,2.0,0.0,2.0,3.0,1.0,5.0,3.0,1.0,1.0,SIRA
2.0,2.0,3.0,1.0,4.0,4.0,2.0,2.0,1.0,4.0,3.0,1.0,5.0,3.0,1.0,4.0,SIRA
2.0,2.0,3.0,1.0,2.0,2.0,2.0,2.0,5.0,4.0,4.0,3.0,5.0,3.0,3.0,3.0,SIRA
2.0,2.0,2.0,2.0,1.0,1.0,2.0,2.0,5.0,4.0,5.0,4.0,4.0,5.0,4.0,5.0,SIRA
2.0,2.0,3.0,1.0,4.0,4.0,2.0,2.0,5.0,3.0,3.0,1.0,5.0,3.0,1.0,2.0,SIRA
2.0,2.0,3.0,1.0,2.0,2.0,2.0,2.0,4.0,4.0,5.0,3.0,5.0,3.0,3.0,4.0,SIRA
2.0,2.0,3.0,1.0,4.0,4.0,2.0,2.0,2.0,4.0,3.0,1.0,5.0,3.0,1.0,4.0,SIRA
2.0,2.0,3.0,1.0,1.0,1.0,2.0,2.0,2.0,3.0,4.0,4.0,5.0,4.0,4.0,3.0,SIRA
2.0,2.0,3.0,1.0,4.0,4.0,2.0,2.0,2.0,3.0,2.0,1.0,5.0,3.0,1.0,3.0,SIRA
2.0,2.0,3.0,1.0,3.0,3.0,2.0,2.0,4.0,4.0,4.0,2.0,5.0,3.0,2.0,3.0,SIRA
2.0,2.0,3.0,1.0,2.0,2.0,2.0,2.0,5.0,4.0,4.0,3.0,5.0,3.0,3.0,4.0,SIRA
2.0,2.0,3.0,1.0,2.0,2.0,2.0,2.0,2.0,4.0,4.0,3.0,5.0,3.0,3.0,3.0,SIRA
2.0,2.0,3.0,1.0,1.0,1.0,2.0,2.0,2.0,4.0,5.0,4.0,5.0,4.0,4.0,4.0,SIRA
2.0,2.0,3.0,0.0,4.0,4.0,2.0,2.0,1.0,4.0,3.0,1.0,6.0,3.0,1.0,3.0,SIRA
2.0,2.0,3.0,1.0,1.0,1.0,2.0,2.0,5.0,4.0,5.0,4.0,5.0,4.0,4.0,4.0,SIRA
2.0,2.0,3.0,1.0,1.0,1.0,2.0,2.0,1.0,4.0,3.0,4.0,5.0,4.0,4.0,1.0,SIRA
2.0,2.0,3.0,1.0,4.0,4.0,2.0,2.0,5.0,4.0,4.0,1.0,5.0,3.0,1.0,3.0,SIRA
2.0,2.0,3.0,1.0,2.0,2.0,2.0,2.0,1.0,4.0,4.0,3.0,5.0,3.0,3.0,2.0,SIRA
2.0,2.0,3.0,1.0,2.0,2.0,2.0,2.0,5.0,6.0,4.0,3.0,5.0,3.0,3.0,4.0,SIRA
2.0,2.0,3.0,1.0,1.0,1.0,2.0,2.0,6.0,4.0,5.0,4.0,5.0,4.0,4.0,4.0,SIRA
2.0,2.0,3.0,1.0,2.0,2.0,2.0,2.0,4.0,3.0,4.0,3.0,5.0,3.0,3.0,1.0,SIRA
2.0,2.0,3.0,1.0,4.0,4.0,2.0,2.0,4.0,3.0,4.0,1.0,5.0,3.0,1.0,2.0,SIRA
2.0,2.0,3.0,1.0,2.0,2.0,2.0,2.0,4.0,5.0,4.0,3.0,5.0,3.0,3.0,4.0,SIRA
2.0,2.0,3.0,1.0,1.0,1.0,2.0,2.0,5.0,3.0,4.0,4.0,5.0,4.0,4.0,3.0,SIRA
2.0,2.0,3.0,1.0,2.0,2.0,2.0,2.0,2.0,4.0,4.0,3.0,5.0,3.0,3.0,3.0,SIRA
2.0,2.0,3.0,1.0,2.0,2.0,2.0,2.0,1.0,4.0,4.0,3.0,5.0,3.0,3.0,4.0,SIRA
2.0,2.0,3.0,1.0,2.0,2.0,2.0,2.0,2.0,4.0,5.0,3.0,5.0,3.0,3.0,4.0,SIRA
2.0,2.0,3.0,2.0,1.0,1.0,2.0,2.0,1.0,2.0,4.0,4.0,4.0,5.0,4.0,1.0,SIRA
2.0,2.0,3.0,1.0,2.0,2.0,2.0,2.0,2.0,2.0,2.0,3.0,5.0,3.0,3.0,3.0,SIRA
2.0,2.0,3.0,1.0,1.0,1.0,2.0,2.0,2.0,4.0,4.0,4.0,5.0,3.0,4.0,4.0,SIRA
2.0,2.0,3.0,1.0,1.0,1.0,2.0,2.0,6.0,4.0,5.0,4.0,5.0,3.0,4.0,3.0,SIRA
2.0,2.0,3.0,1.0,1.0,1.0,2.0,2.0,4.0,4.0,5.0,4.0,5.0,4.0,4.0,4.0,SIRA
2.0,2.0,3.0,1.0,2.0,2.0,2.0,2.0,4.0,4.0,3.0,3.0,5.0,3.0,3.0,4.0,SIRA
2.0,2.0,3.0,1.0,2.0,2.0,2.0,2.0,4.0,4.0,4.0,3.0,5.0,3.0,3.0,1.0,SIRA
2.0,2.0,3.0,1.0,3.0,3.0,2.0,2.0,5.0,5.0,4.0,2.0,5.0,3.0,2.0,4.0,SIRA
2.0,2.0,3.0,1.0,4.0,4.0,2.0,2.0,5.0,4.0,3.0,1.0,5.0,3.0,1.0,2.0,SIRA
2.0,2.0,3.0,1.0,1.0,1.0,2.0,2.0,5.0,2.0,5.0,4.0,5.0,3.0,4.0,2.0,SIRA
2.0,2.0,3.0,1.0,2.0,2.0,2.0,2.0,4.0,4.0,5.0,3.0,5.0,3.0,3.0,3.0,SIRA
2.0,2.0,3.0,1.0,2.0,2.0,2.0,2.0,4.0,4.0,4.0,3.0,5.0,3.0,3.0,2.0,SIRA
2.0,2.0,3.0,1.0,1.0,1.0,2.0,2.0,5.0,4.0,4.0,4.0,5.0,4.0,4.0,4.0,SIRA
2.0,2.0,3.0,1.0,1.0,1.0,2.0,2.0,4.0,4.0,5.0,4.0,5.0,3.0,4.0,4.0,SIRA
2.0,2.0,3.0,0.0,4.0,4.0,2.0,2.0,5.0,4.0,3.0,1.0,6.0,2.0,1.0,4.0,SIRA
2.0,2.0,3.0,1.0,1.0,1.0,2.0,2.0,2.0,3.0,5.0,3.0,5.0,3.0,3.0,1.0,SIRA
2.0,2.0,3.0,1.0,2.0,2.0,2.0,2.0,5.0,4.0,5.0,3.0,5.0,3.0,3.0,4.0,SIRA
2.0,2.0,3.0,1.0,1.0,1.0,2.0,2.0,5.0,4.0,5.0,4.0,5.0,4.0,4.0,4.0,SIRA
2.0,2.0,3.0,1.0,1.0,1.0,2.0,2.0,4.0,4.0,5.0,4.0,5.0,4.0,4.0,4.0,SIRA
2.0,2.0,3.0,1.0,4.0,4.0,2.0,2.0,5.0,4.0,4.0,2.0,5.0,3.0,2.0,3.0,SIRA
2.0,2.0,3.0,1.0,4.0,4.0,2.0,2.0,1.0,4.0,3.0,1.0,5.0,3.0,1.0,4.0,SIRA
2.0,2.0,3.0,1.0,3.0,3.0,2.0,2.0,4.0,4.0,4.0,2.0,5.0,3.0,2.0,3.0,SIRA
2.0,2.0,3.0,1.0,2.0,2.0,2.0,2.0,1.0,2.0,3.0,3.0,5.0,3.0,3.0,1.0,SIRA
2.0,2.0,3.0,1.0,2.0,2.0,2.0,2.0,2.0,3.0,3.0,3.0,5.0,3.0,3.0,4.0,SIRA
2.0,2.0,3.0,2.0,1.0,1.0,2.0,2.0,5.0,4.0,5.0,4.0,4.0,5.0,4.0,4.0,SIRA
2.0,2.0,3.0,1.0,2.0,2.0,2.0,2.0,4.0,4.0,4.0,3.0,5.0,3.0,3.0,3.0,SIRA
2.0,2.0,3.0,1.0,1.0,1.0,2.0,2.0,5.0,4.0,5.0,4.0,5.0,4.0,4.0,4.0,SIRA
2.0,2.0,3.0,1.0,2.0,2.0,2.0,2.0,2.0,3.0,4.0,3.0,5.0,3.0,3.0,2.0,SIRA
2.0,2.0,3.0,1.0,4.0,4.0,2.0,2.0,4.0,2.0,3.0,1.0,5.0,3.0,1.0,4.0,SIRA
2.0,2.0,3.0,0.0,5.0,5.0,2.0,2.0,1.0,4.0,2.0,1.0,6.0,2.0,1.0,4.0,SIRA
2.0,2.0,3.0,1.0,1.0,1.0,2.0,2.0,5.0,6.0,5.0,4.0,5.0,4.0,4.0,4.0,SIRA
2.0,2.0,3.0,1.0,4.0,4.0,2.0,2.0,2.0,4.0,3.0,1.0,5.0,3.0,1.0,4.0,SIRA
2.0,2.0,3.0,1.0,2.0,2.0,2.0,2.0,2.0,5.0,5.0,3.0,5.0,3.0,3.0,4.0,SIRA
2.0,2.0,3.0,1.0,1.0,1.0,2.0,2.0,2.0,4.0,4.0,4.0,5.0,4.0,4.0,6.0,SIRA
2.0,2.0,3.0,1.0,1.0,1.0,2.0,2.0,2.0,4.0,4.0,4.0,5.0,4.0,4.0,4.0,SIRA
2.0,2.0,3.0,1.0,1.0,1.0,2.0,2.0,2.0,1.0,4.0,4.0,5.0,3.0,4.0,1.0,SIRA
2.0,2.0,3.0,1.0,2.0,2.0,2.0,2.0,1.0,2.0,4.0,3.0,5.0,3.0,3.0,1.0,SIRA
2.0,2.0,3.0,1.0,4.0,4.0,2.0,2.0,3.0,4.0,3.0,1.0,5.0,3.0,1.0,4.0,SIRA
2.0,2.0,3.0,1.0,1.0,1.0,2.0,2.0,2.0,4.0,5.0,4.0,5.0,4.0,4.0,4.0,SIRA
2.0,2.0,3.0,1.0,4.0,4.0,2.0,2.0,0.0,4.0,4.0,1.0,5.0,3.0,1.0,1.0,SIRA
2.0,2.0,3.0,1.0,2.0,2.0,2.0,2.0,2.0,4.0,4.0,3.0,5.0,3.0,3.0,3.0,SIRA
2.0,2.0,3.0,1.0,2.0,2.0,2.0,2.0,2.0,4.0,4.0,3.0,5.0,3.0,3.0,4.0,SIRA
2.0,2.0,3.0,1.0,1.0,1.0,2.0,2.0,2.0,4.0,5.0,4.0,5.0,4.0,4.0,4.0,SIRA
2.0,2.0,3.0,1.0,1.0,1.0,2.0,2.0,2.0,4.0,5.0,4.0,5.0,4.0,4.0,4.0,SIRA
2.0,2.0,3.0,2.0,1.0,1.0,2.0,2.0,5.0,4.0,5.0,4.0,4.0,5.0,4.0,4.0,SIRA
2.0,2.0,3.0,1.0,2.0,2.0,2.0,2.0,2.0,2.0,4.0,3.0,5.0,3.0,3.0,1.0,SIRA
2.0,2.0,3.0,1.0,2.0,2.0,2.0,2.0,4.0,4.0,4.0,3.0,5.0,3.0,3.0,3.0,SIRA
2.0,2.0,3.0,1.0,2.0,2.0,2.0,2.0,4.0,5.0,4.0,3.0,5.0,3.0,3.0,4.0,SIRA
2.0,2.0,3.0,1.0,3.0,3.0,2.0,2.0,6.0,5.0,4.0,2.0,5.0,3.0,2.0,2.0,SIRA
2.0,2.0,3.0,1.0,3.0,3.0,2.0,2.0,5.0,4.0,4.0,2.0,5.0,3.0,2.0,2.0,SIRA
2.0,2.0,3.0,1.0,4.0,4.0,2.0,2.0,1.0,4.0,3.0,2.0,5.0,3.0,2.0,3.0,SIRA
2.0,2.0,3.0,1.0,2.0,2.0,2.0,2.0,5.0,4.0,4.0,3.0,5.0,3.0,3.0,4.0,SIRA
2.0,2.0,3.0,1.0,3.0,3.0,2.0,2.0,5.0,4.0,4.0,2.0,5.0,3.0,2.0,3.0,SIRA
2.0,2.0,3.0,1.0,2.0,2.0,2.0,2.0,4.0,4.0,5.0,3.0,5.0,3.0,3.0,4.0,SIRA
2.0,2.0,3.0,1.0,1.0,1.0,2.0,2.0,4.0,4.0,5.0,4.0,5.0,4.0,4.0,4.0,SIRA
2.0,2.0,3.0,1.0,2.0,2.0,2.0,2.0,2.0,4.0,4.0,3.0,5.0,3.0,3.0,4.0,SIRA
2.0,2.0,3.0,1.0,2.0,2.0,2.0,2.0,4.0,4.0,4.0,3.0,5.0,3.0,3.0,3.0,SIRA
2.0,2.0,3.0,1.0,2.0,2.0,2.0,2.0,5.0,3.0,4.0,3.0,5.0,3.0,3.0,3.0,SIRA
2.0,2.0,3.0,1.0,3.0,3.0,2.0,2.0,6.0,4.0,4.0,2.0,5.0,3.0,2.0,4.0,SIRA
2.0,2.0,3.0,1.0,1.0,1.0,2.0,2.0,5.0,4.0,4.0,4.0,5.0,3.0,4.0,4.0,SIRA
2.0,2.0,3.0,1.0,1.0,1.0,2.0,2.0,4.0,4.0,5.0,4.0,5.0,4.0,4.0,3.0,SIRA
2.0,2.0,3.0,1.0,2.0,2.0,2.0,2.0,4.0,4.0,5.0,3.0,5.0,3.0,3.0,3.0,SIRA
2.0,2.0,3.0,1.0,1.0,1.0,2.0,2.0,4.0,4.0,5.0,4.0,5.0,4.0,4.0,6.0,SIRA
2.0,2.0,3.0,1.0,2.0,2.0,2.0,2.0,2.0,3.0,4.0,3.0,5.0,3.0,3.0,4.0,SIRA
2.0,2.0,3.0,1.0,2.0,2.0,2.0,2.0,1.0,4.0,4.0,3.0,5.0,3.0,3.0,4.0,SIRA
2.0,2.0,3.0,1.0,2.0,2.0,2.0,2.0,4.0,4.0,4.0,3.0,5.0,3.0,3.0,4.0,SIRA
2.0,2.0,3.0,2.0,1.0,1.0,2.0,2.0,2.0,5.0,5.0,4.0,4.0,5.0,4.0,4.0,SIRA
2.0,2.0,3.0,1.0,2.0,2.0,2.0,2.0,5.0,6.0,4.0,3.0,5.0,3.0,3.0,4.0,SIRA
2.0,2.0,3.0,1.0,2.0,2.0,2.0,2.0,2.0,4.0,4.0,3.0,5.0,3.0,3.0,4.0,SIRA
2.0,2.0,3.0,1.0,2.0,2.0,2.0,2.0,5.0,4.0,4.0,3.0,5.0,3.0,3.0,3.0,SIRA
2.0,2.0,3.0,1.0,2.0,2.0,2.0,2.0,2.0,4.0,4.0,3.0,5.0,3.0,3.0,5.0,SIRA
2.0,2.0,3.0,1.0,1.0,1.0,2.0,2.0,5.0,4.0,4.0,4.0,5.0,4.0,4.0,4.0,SIRA
2.0,2.0,3.0,1.0,2.0,2.0,2.0,2.0,2.0,4.0,4.0,3.0,5.0,3.0,3.0,3.0,SIRA
2.0,2.0,3.0,1.0,1.0,1.0,2.0,2.0,4.0,4.0,4.0,4.0,5.0,4.0,4.0,4.0,SIRA
2.0,2.0,3.0,1.0,4.0,4.0,2.0,2.0,1.0,4.0,3.0,1.0,5.0,3.0,1.0,2.0,SIRA
2.0,2.0,3.0,1.0,1.0,1.0,2.0,2.0,2.0,4.0,5.0,4.0,5.0,4.0,4.0,2.0,SIRA
2.0,2.0,3.0,1.0,1.0,1.0,2.0,2.0,4.0,5.0,5.0,4.0,5.0,4.0,4.0,4.0,SIRA
2.0,2.0,3.0,1.0,2.0,2.0,2.0,2.0,2.0,4.0,4.0,3.0,5.0,3.0,3.0,4.0,SIRA
2.0,2.0,3.0,1.0,2.0,2.0,2.0,2.0,2.0,4.0,4.0,3.0,5.0,3.0,3.0,4.0,SIRA
2.0,2.0,3.0,1.0,1.0,1.0,2.0,2.0,4.0,4.0,5.0,4.0,5.0,4.0,4.0,3.0,SIRA
2.0,2.0,3.0,1.0,1.0,1.0,2.0,2.0,4.0,5.0,5.0,4.0,5.0,4.0,4.0,4.0,SIRA
2.0,2.0,3.0,1.0,4.0,4.0,2.0,2.0,1.0,4.0,4.0,1.0,5.0,3.0,1.0,2.0,SIRA
2.0,2.0,3.0,1.0,2.0,2.0,2.0,2.0,1.0,4.0,4.0,3.0,5.0,3.0,3.0,3.0,SIRA
2.0,2.0,3.0,1.0,3.0,3.0,2.0,2.0,2.0,4.0,4.0,2.0,5.0,3.0,2.0,5.0,SIRA
2.0,2.0,3.0,1.0,1.0,1.0,2.0,2.0,5.0,5.0,5.0,4.0,5.0,4.0,4.0,4.0,SIRA
2.0,2.0,3.0,1.0,4.0,4.0,2.0,2.0,4.0,4.0,4.0,1.0,5.0,3.0,1.0,2.0,SIRA
2.0,2.0,3.0,1.0,2.0,2.0,2.0,2.0,2.0,4.0,4.0,3.0,5.0,3.0,3.0,3.0,SIRA
2.0,2.0,3.0,1.0,1.0,1.0,2.0,2.0,4.0,5.0,5.0,4.0,5.0,3.0,4.0,4.0,SIRA
2.0,2.0,3.0,1.0,3.0,3.0,2.0,2.0,4.0,4.0,4.0,2.0,5.0,3.0,2.0,2.0,SIRA
2.0,2.0,3.0,1.0,2.0,2.0,2.0,2.0,4.0,5.0,4.0,3.0,5.0,3.0,3.0,5.0,SIRA
2.0,2.0,3.0,1.0,3.0,3.0,2.0,2.0,5.0,4.0,4.0,2.0,5.0,3.0,2.0,4.0,SIRA
2.0,2.0,3.0,1.0,3.0,3.0,2.0,2.0,2.0,4.0,4.0,2.0,5.0,3.0,2.0,4.0,SIRA
2.0,2.0,3.0,1.0,3.0,3.0,2.0,2.0,4.0,4.0,4.0,2.0,5.0,3.0,2.0,2.0,SIRA
2.0,2.0,3.0,1.0,2.0,2.0,2.0,2.0,1.0,4.0,4.0,3.0,5.0,3.0,3.0,1.0,SIRA
2.0,2.0,3.0,1.0,4.0,4.0,2.0,2.0,0.0,4.0,3.0,1.0,5.0,3.0,1.0,3.0,SIRA
2.0,2.0,3.0,1.0,2.0,2.0,2.0,2.0,4.0,5.0,5.0,3.0,5.0,3.0,3.0,4.0,SIRA
2.0,2.0,3.0,1.0,3.0,3.0,2.0,2.0,2.0,4.0,3.0,2.0,5.0,3.0,2.0,4.0,SIRA
2.0,2.0,3.0,1.0,2.0,2.0,2.0,2.0,2.0,4.0,4.0,3.0,5.0,3.0,3.0,4.0,SIRA
2.0,2.0,3.0,1.0,2.0,2.0,2.0,2.0,5.0,5.0,5.0,3.0,5.0,3.0,3.0,3.0,SIRA
2.0,2.0,3.0,1.0,2.0,2.0,2.0,2.0,4.0,4.0,4.0,3.0,5.0,3.0,3.0,4.0,SIRA
2.0,2.0,3.0,1.0,2.0,2.0,2.0,2.0,5.0,5.0,4.0,3.0,5.0,3.0,3.0,5.0,SIRA
2.0,2.0,3.0,1.0,1.0,1.0,2.0,2.0,2.0,4.0,4.0,4.0,5.0,4.0,4.0,3.0,SIRA
2.0,2.0,3.0,1.0,2.0,2.0,2.0,2.0,5.0,4.0,4.0,3.0,5.0,3.0,3.0,2.0,SIRA
2.0,2.0,3.0,1.0,2.0,2.0,2.0,2.0,3.0,4.0,5.0,3.0,5.0,3.0,3.0,3.0,SIRA
2.0,2.0,3.0,1.0,1.0,1.0,2.0,2.0,2.0,4.0,4.0,4.0,5.0,4.0,4.0,5.0,SIRA
2.0,2.0,3.0,1.0,4.0,4.0,2.0,2.0,5.0,2.0,4.0,2.0,5.0,3.0,2.0,1.0,SIRA
2.0,2.0,3.0,1.0,2.0,2.0,2.0,2.0,1.0,4.0,4.0,3.0,5.0,3.0,3.0,4.0,SIRA
2.0,2.0,3.0,1.0,1.0,1.0,2.0,2.0,4.0,4.0,5.0,4.0,5.0,3.0,4.0,3.0,SIRA
2.0,2.0,3.0,1.0,1.0,1.0,2.0,2.0,2.0,4.0,5.0,4.0,5.0,4.0,4.0,3.0,SIRA
2.0,2.0,3.0,1.0,2.0,2.0,2.0,2.0,2.0,5.0,4.0,3.0,5.0,3.0,3.0,4.0,SIRA
2.0,2.0,3.0,1.0,3.0,3.0,2.0,2.0,4.0,2.0,1.0,2.0,5.0,3.0,2.0,1.0,SIRA
2.0,2.0,3.0,1.0,2.0,2.0,2.0,2.0,4.0,4.0,4.0,3.0,5.0,3.0,3.0,3.0,SIRA
2.0,2.0,3.0,1.0,2.0,2.0,2.0,2.0,4.0,4.0,5.0,3.0,5.0,3.0,3.0,3.0,SIRA
2.0,2.0,3.0,1.0,4.0,4.0,2.0,2.0,1.0,4.0,4.0,1.0,5.0,3.0,1.0,1.0,SIRA
2.0,2.0,3.0,1.0,1.0,1.0,2.0,2.0,2.0,4.0,5.0,4.0,5.0,4.0,4.0,4.0,SIRA
2.0,2.0,3.0,1.0,3.0,3.0,2.0,2.0,4.0,4.0,4.0,2.0,5.0,3.0,2.0,4.0,SIRA
2.0,2.0,3.0,1.0,2.0,2.0,2.0,2.0,2.0,4.0,5.0,3.0,5.0,3.0,3.0,4.0,SIRA
2.0,2.0,3.0,1.0,2.0,2.0,2.0,2.0,4.0,4.0,4.0,3.0,5.0,3.0,3.0,4.0,SIRA
2.0,2.0,3.0,1.0,4.0,4.0,2.0,2.0,4.0,4.0,4.0,2.0,5.0,3.0,2.0,3.0,SIRA
2.0,2.0,3.0,1.0,1.0,1.0,2.0,2.0,4.0,2.0,4.0,4.0,5.0,4.0,4.0,1.0,SIRA
2.0,2.0,3.0,1.0,2.0,2.0,2.0,2.0,3.0,2.0,3.0,3.0,5.0,3.0,3.0,1.0,SIRA
2.0,2.0,3.0,1.0,2.0,2.0,2.0,2.0,4.0,5.0,4.0,3.0,5.0,3.0,3.0,4.0,SIRA
2.0,2.0,3.0,1.0,1.0,1.0,2.0,2.0,2.0,4.0,4.0,4.0,5.0,4.0,4.0,4.0,SIRA
2.0,2.0,3.0,1.0,2.0,2.0,2.0,2.0,4.0,4.0,4.0,3.0,5.0,3.0,3.0,3.0,SIRA
2.0,2.0,3.0,1.0,1.0,1.0,2.0,2.0,5.0,4.0,4.0,4.0,5.0,3.0,4.0,3.0,SIRA
2.0,2.0,3.0,1.0,1.0,1.0,2.0,2.0,2.0,4.0,5.0,4.0,5.0,3.0,4.0,3.0,SIRA
2.0,2.0,3.0,1.0,2.0,2.0,2.0,2.0,5.0,4.0,4.0,3.0,5.0,3.0,3.0,2.0,SIRA
2.0,2.0,3.0,1.0,2.0,2.0,2.0,2.0,2.0,4.0,5.0,3.0,5.0,3.0,3.0,4.0,SIRA
2.0,2.0,2.0,2.0,1.0,1.0,2.0,2.0,2.0,4.0,4.0,4.0,4.0,5.0,4.0,4.0,SIRA
2.0,2.0,3.0,1.0,2.0,2.0,2.0,2.0,5.0,4.0,3.0,3.0,5.0,3.0,3.0,3.0,SIRA
2.0,2.0,3.0,1.0,2.0,2.0,2.0,2.0,2.0,4.0,4.0,3.0,5.0,3.0,3.0,4.0,SIRA
2.0,2.0,3.0,1.0,2.0,2.0,2.0,2.0,2.0,4.0,4.0,3.0,5.0,3.0,3.0,4.0,SIRA
2.0,2.0,3.0,0.0,4.0,4.0,2.0,2.0,4.0,4.0,3.0,1.0,5.0,2.0,1.0,4.0,SIRA
2.0,2.0,3.0,2.0,1.0,1.0,2.0,2.0,2.0,2.0,4.0,4.0,4.0,5.0,4.0,4.0,SIRA
2.0,2.0,3.0,1.0,1.0,1.0,2.0,2.0,2.0,4.0,5.0,4.0,5.0,4.0,4.0,3.0,SIRA
2.0,2.0,3.0,2.0,1.0,1.0,2.0,2.0,4.0,4.0,5.0,4.0,5.0,4.0,4.0,3.0,SIRA
2.0,2.0,3.0,1.0,2.0,2.0,2.0,2.0,1.0,4.0,4.0,3.0,5.0,3.0,3.0,1.0,SIRA
2.0,2.0,3.0,2.0,1.0,1.0,2.0,2.0,2.0,3.0,5.0,4.0,4.0,5.0,4.0,1.0,SIRA
2.0,2.0,3.0,1.0,3.0,3.0,2.0,2.0,4.0,5.0,4.0,2.0,5.0,3.0,2.0,4.0,SIRA
2.0,2.0,3.0,1.0,2.0,2.0,2.0,2.0,2.0,3.0,4.0,3.0,5.0,3.0,3.0,2.0,SIRA
2.0,2.0,3.0,1.0,3.0,3.0,2.0,2.0,5.0,3.0,4.0,2.0,5.0,3.0,2.0,3.0,SIRA
2.0,2.0,3.0,1.0,2.0,2.0,2.0,2.0,4.0,4.0,4.0,3.0,5.0,3.0,3.0,2.0,SIRA
2.0,2.0,3.0,1.0,2.0,2.0,2.0,2.0,2.0,4.0,5.0,3.0,5.0,3.0,3.0,4.0,SIRA
2.0,2.0,3.0,1.0,2.0,2.0,2.0,2.0,2.0,4.0,5.0,3.0,5.0,3.0,3.0,4.0,SIRA
2.0,2.0,3.0,1.0,2.0,2.0,2.0,2.0,4.0,2.0,4.0,3.0,5.0,3.0,3.0,2.0,SIRA
2.0,2.0,3.0,1.0,1.0,1.0,2.0,2.0,4.0,4.0,5.0,4.0,5.0,4.0,4.0,4.0,SIRA
2.0,2.0,3.0,1.0,3.0,3.0,2.0,2.0,1.0,4.0,4.0,2.0,5.0,3.0,2.0,3.0,SIRA
2.0,2.0,3.0,1.0,2.0,2.0,2.0,2.0,4.0,6.0,5.0,3.0,5.0,3.0,3.0,4.0,SIRA
2.0,2.0,3.0,1.0,1.0,1.0,2.0,2.0,2.0,4.0,5.0,4.0,5.0,3.0,4.0,4.0,SIRA
2.0,2.0,3.0,1.0,2.0,2.0,2.0,2.0,4.0,4.0,4.0,3.0,5.0,3.0,3.0,3.0,SIRA
2.0,2.0,3.0,1.0,2.0,2.0,2.0,2.0,5.0,6.0,5.0,3.0,5.0,3.0,3.0,4.0,SIRA
2.0,2.0,3.0,0.0,4.0,4.0,2.0,2.0,0.0,4.0,3.0,1.0,6.0,2.0,1.0,3.0,SIRA
2.0,2.0,3.0,1.0,1.0,1.0,2.0,2.0,5.0,4.0,4.0,4.0,5.0,4.0,4.0,3.0,SIRA
2.0,2.0,3.0,1.0,2.0,2.0,2.0,2.0,4.0,2.0,4.0,3.0,5.0,3.0,3.0,3.0,SIRA
2.0,2.0,3.0,1.0,2.0,2.0,2.0,2.0,2.0,4.0,4.0,4.0,5.0,3.0,4.0,4.0,SIRA
2.0,2.0,3.0,1.0,1.0,1.0,2.0,2.0,2.0,4.0,5.0,4.0,5.0,4.0,4.0,4.0,SIRA
2.0,2.0,3.0,1.0,2.0,2.0,2.0,2.0,1.0,4.0,4.0,3.0,5.0,3.0,3.0,4.0,SIRA
2.0,2.0,3.0,1.0,2.0,2.0,2.0,2.0,5.0,5.0,5.0,3.0,5.0,3.0,3.0,4.0,SIRA
2.0,2.0,3.0,1.0,2.0,2.0,2.0,2.0,4.0,4.0,4.0,3.0,5.0,3.0,3.0,4.0,SIRA
2.0,2.0,3.0,1.0,2.0,2.0,2.0,2.0,1.0,4.0,4.0,3.0,5.0,3.0,3.0,2.0,SIRA
2.0,2.0,3.0,1.0,2.0,2.0,2.0,2.0,2.0,4.0,4.0,3.0,5.0,3.0,3.0,4.0,SIRA
2.0,2.0,3.0,1.0,2.0,2.0,2.0,2.0,4.0,3.0,4.0,3.0,5.0,3.0,3.0,3.0,SIRA
2.0,2.0,3.0,1.0,2.0,2.0,2.0,2.0,4.0,4.0,4.0,3.0,5.0,3.0,3.0,3.0,SIRA
2.0,2.0,3.0,1.0,2.0,2.0,2.0,2.0,5.0,4.0,4.0,3.0,5.0,3.0,3.0,4.0,SIRA
2.0,2.0,3.0,2.0,1.0,1.0,2.0,2.0,4.0,4.0,5.0,4.0,4.0,4.0,4.0,3.0,SIRA
2.0,2.0,3.0,1.0,1.0,1.0,2.0,2.0,2.0,4.0,5.0,4.0,5.0,4.0,4.0,1.0,SIRA
2.0,2.0,3.0,1.0,3.0,3.0,2.0,2.0,2.0,4.0,4.0,2.0,5.0,3.0,2.0,4.0,SIRA
2.0,2.0,3.0,1.0,2.0,2.0,2.0,2.0,4.0,4.0,4.0,3.0,5.0,3.0,3.0,4.0,SIRA
2.0,2.0,3.0,1.0,1.0,1.0,2.0,2.0,4.0,4.0,5.0,4.0,5.0,4.0,4.0,4.0,SIRA
2.0,2.0,3.0,1.0,2.0,2.0,2.0,2.0,2.0,4.0,4.0,3.0,5.0,3.0,3.0,3.0,SIRA
2.0,2.0,3.0,1.0,1.0,1.0,2.0,2.0,4.0,4.0,5.0,4.0,5.0,4.0,4.0,4.0,SIRA
2.0,2.0,3.0,1.0,1.0,1.0,2.0,2.0,2.0,5.0,5.0,4.0,5.0,4.0,4.0,4.0,SIRA
2.0,2.0,3.0,2.0,1.0,1.0,2.0,2.0,1.0,4.0,4.0,4.0,4.0,4.0,4.0,1.0,SIRA
2.0,2.0,3.0,1.0,2.0,2.0,2.0,2.0,4.0,2.0,3.0,3.0,5.0,3.0,3.0,1.0,SIRA
2.0,2.0,3.0,1.0,2.0,2.0,2.0,2.0,2.0,4.0,4.0,3.0,5.0,3.0,3.0,3.0,SIRA
2.0,2.0,3.0,1.0,2.0,2.0,2.0,2.0,4.0,4.0,4.0,3.0,5.0,3.0,3.0,1.0,SIRA
2.0,2.0,3.0,1.0,1.0,1.0,2.0,2.0,3.0,4.0,5.0,4.0,5.0,4.0,4.0,4.0,SIRA
2.0,2.0,3.0,1.0,2.0,2.0,2.0,2.0,5.0,2.0,4.0,2.0,5.0,3.0,2.0,1.0,SIRA
2.0,2.0,3.0,1.0,1.0,1.0,2.0,2.0,4.0,4.0,4.0,4.0,5.0,4.0,4.0,3.0,SIRA
2.0,2.0,3.0,1.0,2.0,2.0,2.0,2.0,2.0,4.0,4.0,3.0,5.0,3.0,3.0,2.0,SIRA
2.0,2.0,3.0,1.0,1.0,1.0,2.0,2.0,4.0,2.0,4.0,4.0,5.0,3.0,4.0,1.0,SIRA
2.0,2.0,3.0,1.0,1.0,1.0,2.0,2.0,1.0,2.0,3.0,3.0,5.0,3.0,3.0,1.0,SIRA
2.0,2.0,3.0,1.0,2.0,2.0,2.0,2.0,4.0,4.0,4.0,3.0,5.0,3.0,3.0,3.0,SIRA
2.0,2.0,3.0,1.0,2.0,2.0,2.0,2.0,4.0,3.0,4.0,3.0,5.0,3.0,3.0,2.0,SIRA
2.0,2.0,3.0,1.0,1.0,1.0,2.0,2.0,5.0,4.0,5.0,4.0,5.0,4.0,4.0,3.0,SIRA
2.0,2.0,3.0,1.0,3.0,3.0,2.0,2.0,4.0,4.0,4.0,2.0,5.0,3.0,2.0,1.0,SIRA
2.0,2.0,3.0,0.0,4.0,4.0,2.0,2.0,0.0,2.0,2.0,1.0,6.0,2.0,1.0,4.0,SIRA
2.0,2.0,3.0,1.0,2.0,2.0,2.0,2.0,3.0,4.0,4.0,3.0,5.0,3.0,3.0,4.0,SIRA
2.0,2.0,3.0,0.0,4.0,4.0,2.0,2.0,2.0,2.0,2.0,1.0,6.0,2.0,1.0,1.0,SIRA
2.0,2.0,3.0,1.0,1.0,1.0,2.0,2.0,4.0,4.0,5.0,4.0,5.0,4.0,4.0,3.0,SIRA
2.0,2.0,3.0,1.0,2.0,2.0,2.0,2.0,4.0,4.0,4.0,3.0,5.0,3.0,3.0,4.0,SIRA
2.0,2.0,3.0,1.0,3.0,3.0,2.0,2.0,4.0,5.0,4.0,2.0,5.0,3.0,2.0,5.0,SIRA
2.0,2.0,3.0,1.0,2.0,2.0,2.0,2.0,1.0,4.0,3.0,3.0,5.0,3.0,3.0,1.0,SIRA
2.0,2.0,3.0,1.0,2.0,2.0,2.0,2.0,4.0,5.0,4.0,3.0,5.0,3.0,3.0,3.0,SIRA
2.0,2.0,3.0,1.0,4.0,4.0,2.0,2.0,1.0,6.0,4.0,1.0,5.0,3.0,1.0,4.0,SIRA
2.0,2.0,3.0,2.0,1.0,1.0,2.0,2.0,4.0,4.0,5.0,4.0,4.0,5.0,4.0,5.0,SIRA
2.0,2.0,3.0,1.0,2.0,2.0,2.0,2.0,5.0,4.0,4.0,3.0,5.0,3.0,3.0,3.0,SIRA
2.0,2.0,3.0,1.0,2.0,2.0,2.0,2.0,4.0,5.0,5.0,3.0,5.0,3.0,3.0,4.0,SIRA
2.0,2.0,3.0,1.0,1.0,1.0,2.0,2.0,4.0,4.0,5.0,4.0,5.0,4.0,4.0,4.0,SIRA
2.0,2.0,3.0,1.0,1.0,1.0,2.0,2.0,4.0,4.0,5.0,4.0,5.0,3.0,4.0,3.0,SIRA
2.0,2.0,3.0,1.0,4.0,4.0,2.0,2.0,2.0,1.0,3.0,1.0,5.0,3.0,1.0,1.0,SIRA
2.0,2.0,3.0,1.0,2.0,2.0,2.0,2.0,3.0,6.0,5.0,3.0,5.0,3.0,3.0,4.0,SIRA
2.0,2.0,3.0,1.0,2.0,2.0,2.0,2.0,2.0,4.0,4.0,3.0,5.0,3.0,3.0,3.0,SIRA
2.0,2.0,3.0,1.0,2.0,2.0,2.0,2.0,2.0,2.0,4.0,3.0,5.0,3.0,3.0,2.0,SIRA
2.0,2.0,3.0,2.0,1.0,1.0,2.0,2.0,4.0,4.0,5.0,4.0,4.0,5.0,4.0,4.0,SIRA
2.0,2.0,3.0,1.0,4.0,4.0,2.0,2.0,3.0,4.0,4.0,1.0,5.0,3.0,1.0,1.0,SIRA
2.0,2.0,3.0,1.0,2.0,2.0,2.0,2.0,2.0,2.0,4.0,3.0,5.0,3.0,3.0,1.0,SIRA
2.0,2.0,3.0,1.0,4.0,4.0,2.0,2.0,1.0,4.0,3.0,1.0,5.0,3.0,1.0,5.0,SIRA
2.0,2.0,3.0,1.0,4.0,4.0,2.0,2.0,1.0,2.0,3.0,1.0,5.0,3.0,1.0,3.0,SIRA
2.0,2.0,3.0,1.0,2.0,2.0,2.0,2.0,2.0,4.0,4.0,3.0,5.0,3.0,3.0,3.0,SIRA
2.0,2.0,3.0,1.0,1.0,1.0,2.0,2.0,4.0,5.0,5.0,4.0,5.0,3.0,4.0,4.0,SIRA
2.0,2.0,3.0,1.0,2.0,2.0,2.0,2.0,2.0,4.0,4.0,3.0,5.0,3.0,3.0,3.0,SIRA
2.0,2.0,3.0,1.0,4.0,4.0,2.0,2.0,1.0,6.0,4.0,1.0,5.0,3.0,1.0,5.0,SIRA
2.0,2.0,3.0,1.0,2.0,2.0,2.0,2.0,3.0,2.0,4.0,3.0,5.0,3.0,3.0,1.0,SIRA
2.0,2.0,3.0,1.0,2.0,2.0,2.0,2.0,2.0,4.0,5.0,3.0,5.0,3.0,3.0,2.0,SIRA
2.0,2.0,3.0,1.0,2.0,2.0,2.0,2.0,1.0,2.0,3.0,2.0,5.0,3.0,2.0,1.0,SIRA
2.0,2.0,3.0,2.0,1.0,1.0,2.0,2.0,4.0,5.0,5.0,4.0,4.0,5.0,4.0,4.0,SIRA
2.0,2.0,3.0,1.0,2.0,2.0,2.0,2.0,4.0,3.0,4.0,3.0,5.0,3.0,3.0,1.0,SIRA
2.0,2.0,3.0,1.0,2.0,2.0,2.0,2.0,4.0,4.0,4.0,3.0,5.0,3.0,3.0,4.0,SIRA
2.0,2.0,3.0,1.0,2.0,2.0,2.0,2.0,1.0,2.0,1.0,3.0,5.0,3.0,3.0,4.0,SIRA
2.0,2.0,3.0,1.0,2.0,2.0,2.0,2.0,5.0,4.0,5.0,3.0,5.0,3.0,3.0,3.0,SIRA
2.0,2.0,3.0,1.0,1.0,1.0,2.0,2.0,2.0,4.0,5.0,4.0,5.0,4.0,4.0,4.0,SIRA
2.0,2.0,3.0,1.0,1.0,1.0,2.0,2.0,4.0,4.0,5.0,4.0,5.0,4.0,4.0,4.0,SIRA
2.0,2.0,3.0,1.0,1.0,1.0,2.0,2.0,4.0,4.0,4.0,4.0,5.0,3.0,4.0,4.0,SIRA
2.0,2.0,3.0,1.0,2.0,2.0,2.0,2.0,2.0,4.0,5.0,3.0,5.0,3.0,3.0,4.0,SIRA
2.0,2.0,3.0,1.0,2.0,2.0,2.0,2.0,2.0,4.0,4.0,3.0,5.0,3.0,3.0,2.0,SIRA
2.0,2.0,3.0,1.0,2.0,2.0,2.0,2.0,3.0,4.0,4.0,3.0,5.0,3.0,3.0,2.0,SIRA
2.0,2.0,3.0,1.0,2.0,2.0,2.0,2.0,2.0,4.0,4.0,3.0,5.0,3.0,3.0,2.0,SIRA
2.0,2.0,3.0,1.0,3.0,3.0,2.0,2.0,2.0,5.0,4.0,2.0,5.0,3.0,2.0,3.0,SIRA
2.0,2.0,3.0,1.0,3.0,3.0,2.0,2.0,2.0,4.0,4.0,2.0,5.0,3.0,2.0,2.0,SIRA
2.0,2.0,3.0,1.0,2.0,2.0,2.0,2.0,5.0,4.0,4.0,3.0,5.0,3.0,3.0,4.0,SIRA
2.0,2.0,3.0,1.0,2.0,2.0,2.0,2.0,5.0,4.0,4.0,3.0,5.0,3.0,3.0,3.0,SIRA
2.0,2.0,3.0,1.0,4.0,4.0,2.0,2.0,5.0,4.0,4.0,1.0,5.0,3.0,1.0,4.0,SIRA
2.0,2.0,3.0,1.0,2.0,2.0,2.0,2.0,4.0,4.0,4.0,3.0,5.0,3.0,3.0,4.0,SIRA
2.0,2.0,3.0,1.0,2.0,2.0,2.0,2.0,5.0,4.0,4.0,3.0,5.0,3.0,3.0,4.0,SIRA
2.0,2.0,3.0,2.0,1.0,1.0,2.0,2.0,4.0,4.0,5.0,4.0,4.0,4.0,4.0,4.0,SIRA
2.0,2.0,3.0,1.0,1.0,1.0,2.0,2.0,4.0,5.0,5.0,4.0,5.0,4.0,4.0,5.0,SIRA
2.0,2.0,3.0,1.0,2.0,2.0,2.0,2.0,2.0,4.0,4.0,3.0,5.0,3.0,3.0,1.0,SIRA
2.0,2.0,3.0,1.0,1.0,1.0,2.0,2.0,4.0,4.0,5.0,4.0,5.0,3.0,4.0,3.0,SIRA
2.0,2.0,3.0,1.0,1.0,1.0,2.0,2.0,2.0,4.0,4.0,4.0,5.0,3.0,4.0,3.0,SIRA
2.0,2.0,3.0,2.0,1.0,1.0,2.0,2.0,2.0,4.0,5.0,4.0,4.0,5.0,4.0,4.0,SIRA
2.0,2.0,3.0,1.0,2.0,2.0,2.0,2.0,6.0,5.0,4.0,3.0,5.0,3.0,3.0,3.0,SIRA
2.0,2.0,3.0,1.0,2.0,2.0,2.0,2.0,5.0,4.0,4.0,3.0,5.0,3.0,3.0,4.0,SIRA
2.0,2.0,3.0,1.0,2.0,2.0,2.0,2.0,2.0,3.0,3.0,3.0,5.0,3.0,3.0,2.0,SIRA
2.0,2.0,3.0,1.0,4.0,4.0,2.0,2.0,4.0,4.0,4.0,2.0,5.0,3.0,2.0,2.0,SIRA
2.0,2.0,3.0,1.0,2.0,2.0,2.0,2.0,5.0,4.0,4.0,3.0,5.0,3.0,3.0,3.0,SIRA
2.0,2.0,3.0,1.0,3.0,3.0,2.0,2.0,2.0,2.0,4.0,2.0,5.0,3.0,2.0,1.0,SIRA
2.0,2.0,3.0,1.0,2.0,2.0,2.0,2.0,4.0,4.0,4.0,3.0,5.0,3.0,3.0,2.0,SIRA
2.0,2.0,3.0,1.0,1.0,1.0,2.0,2.0,1.0,3.0,4.0,4.0,5.0,4.0,4.0,1.0,SIRA
2.0,2.0,3.0,1.0,4.0,4.0,2.0,2.0,5.0,4.0,4.0,1.0,5.0,3.0,1.0,4.0,SIRA
2.0,2.0,3.0,1.0,1.0,1.0,2.0,2.0,3.0,4.0,5.0,4.0,5.0,3.0,4.0,1.0,SIRA
2.0,2.0,3.0,1.0,3.0,3.0,2.0,2.0,1.0,4.0,4.0,2.0,5.0,3.0,2.0,3.0,SIRA
2.0,2.0,3.0,1.0,2.0,2.0,2.0,2.0,1.0,4.0,4.0,3.0,5.0,3.0,3.0,4.0,SIRA
2.0,2.0,3.0,1.0,1.0,1.0,2.0,2.0,5.0,5.0,5.0,4.0,5.0,4.0,4.0,4.0,SIRA
2.0,2.0,3.0,1.0,2.0,2.0,2.0,2.0,1.0,4.0,4.0,3.0,5.0,3.0,3.0,4.0,SIRA
2.0,2.0,3.0,1.0,2.0,2.0,2.0,2.0,4.0,4.0,4.0,3.0,5.0,3.0,3.0,4.0,SIRA
2.0,2.0,3.0,1.0,4.0,4.0,2.0,2.0,1.0,2.0,3.0,1.0,5.0,2.0,1.0,1.0,SIRA
2.0,2.0,3.0,1.0,1.0,1.0,2.0,2.0,3.0,4.0,5.0,4.0,5.0,3.0,4.0,4.0,SIRA
2.0,2.0,3.0,1.0,2.0,2.0,2.0,2.0,2.0,4.0,4.0,3.0,5.0,3.0,3.0,4.0,SIRA
2.0,2.0,3.0,1.0,2.0,2.0,2.0,2.0,3.0,4.0,4.0,3.0,5.0,3.0,3.0,3.0,SIRA
2.0,2.0,3.0,2.0,1.0,1.0,2.0,2.0,2.0,4.0,5.0,4.0,4.0,4.0,4.0,4.0,SIRA
2.0,2.0,3.0,1.0,3.0,3.0,2.0,2.0,3.0,3.0,4.0,2.0,5.0,3.0,2.0,3.0,SIRA
2.0,2.0,3.0,1.0,4.0,4.0,2.0,2.0,1.0,3.0,3.0,1.0,5.0,3.0,1.0,2.0,SIRA
2.0,2.0,3.0,2.0,1.0,1.0,2.0,2.0,3.0,4.0,5.0,4.0,4.0,5.0,4.0,4.0,SIRA
2.0,2.0,3.0,1.0,2.0,2.0,2.0,2.0,4.0,4.0,4.0,3.0,5.0,3.0,3.0,4.0,SIRA
2.0,2.0,3.0,2.0,1.0,1.0,2.0,2.0,2.0,4.0,5.0,4.0,4.0,5.0,4.0,5.0,SIRA
2.0,2.0,3.0,1.0,2.0,2.0,2.0,2.0,5.0,4.0,4.0,3.0,5.0,3.0,3.0,4.0,SIRA
2.0,2.0,3.0,2.0,1.0,1.0,2.0,2.0,1.0,4.0,4.0,4.0,5.0,4.0,4.0,2.0,SIRA
2.0,2.0,3.0,1.0,2.0,2.0,2.0,2.0,6.0,4.0,4.0,3.0,5.0,3.0,3.0,3.0,SIRA
2.0,2.0,3.0,1.0,2.0,2.0,2.0,2.0,1.0,4.0,4.0,3.0,5.0,3.0,3.0,3.0,SIRA
2.0,2.0,3.0,1.0,3.0,3.0,2.0,2.0,1.0,4.0,4.0,2.0,5.0,3.0,2.0,1.0,SIRA
2.0,2.0,3.0,1.0,1.0,1.0,2.0,2.0,2.0,4.0,4.0,4.0,5.0,3.0,4.0,4.0,SIRA
2.0,2.0,3.0,1.0,2.0,2.0,2.0,2.0,3.0,4.0,4.0,3.0,5.0,3.0,3.0,4.0,SIRA
2.0,2.0,3.0,2.0,1.0,1.0,2.0,2.0,1.0,4.0,4.0,4.0,4.0,4.0,4.0,3.0,SIRA
2.0,2.0,3.0,1.0,2.0,2.0,2.0,2.0,3.0,2.0,3.0,3.0,5.0,3.0,3.0,2.0,SIRA
2.0,2.0,3.0,1.0,2.0,2.0,2.0,2.0,2.0,4.0,4.0,3.0,5.0,3.0,3.0,3.0,SIRA
2.0,2.0,3.0,1.0,2.0,2.0,2.0,2.0,2.0,4.0,4.0,3.0,5.0,3.0,3.0,1.0,SIRA
2.0,2.0,3.0,1.0,3.0,3.0,2.0,2.0,4.0,5.0,4.0,3.0,5.0,3.0,3.0,4.0,SIRA
2.0,2.0,3.0,1.0,1.0,1.0,2.0,2.0,4.0,5.0,5.0,3.0,5.0,3.0,3.0,1.0,SIRA
2.0,2.0,3.0,1.0,3.0,3.0,2.0,2.0,5.0,4.0,4.0,2.0,5.0,3.0,2.0,3.0,SIRA
2.0,2.0,3.0,1.0,2.0,2.0,2.0,2.0,5.0,4.0,4.0,3.0,5.0,3.0,3.0,3.0,SIRA
2.0,2.0,3.0,1.0,4.0,4.0,2.0,2.0,5.0,4.0,4.0,1.0,5.0,3.0,1.0,4.0,SIRA
2.0,2.0,3.0,1.0,3.0,3.0,2.0,2.0,2.0,5.0,4.0,2.0,5.0,3.0,2.0,4.0,SIRA
2.0,2.0,3.0,1.0,2.0,2.0,2.0,2.0,1.0,4.0,4.0,3.0,5.0,3.0,3.0,4.0,SIRA
2.0,2.0,3.0,2.0,1.0,1.0,2.0,2.0,4.0,4.0,5.0,4.0,4.0,5.0,4.0,4.0,SIRA
2.0,2.0,3.0,1.0,2.0,2.0,2.0,2.0,1.0,4.0,4.0,3.0,5.0,3.0,3.0,4.0,SIRA
2.0,2.0,3.0,1.0,2.0,2.0,2.0,2.0,5.0,2.0,4.0,3.0,5.0,3.0,3.0,1.0,SIRA
2.0,2.0,3.0,1.0,2.0,2.0,2.0,2.0,5.0,2.0,4.0,3.0,5.0,3.0,3.0,1.0,SIRA
2.0,2.0,3.0,1.0,4.0,4.0,2.0,2.0,1.0,4.0,3.0,1.0,5.0,2.0,1.0,4.0,SIRA
2.0,2.0,3.0,1.0,2.0,2.0,2.0,2.0,5.0,6.0,5.0,3.0,5.0,3.0,3.0,4.0,SIRA
2.0,2.0,3.0,1.0,2.0,2.0,2.0,2.0,5.0,5.0,5.0,3.0,5.0,3.0,3.0,3.0,SIRA
2.0,2.0,3.0,1.0,2.0,2.0,2.0,2.0,3.0,4.0,4.0,3.0,5.0,3.0,3.0,3.0,SIRA
2.0,2.0,3.0,1.0,2.0,2.0,2.0,2.0,6.0,4.0,5.0,3.0,5.0,3.0,3.0,3.0,SIRA
2.0,2.0,3.0,1.0,2.0,2.0,2.0,2.0,5.0,4.0,4.0,3.0,5.0,3.0,3.0,4.0,SIRA
2.0,2.0,3.0,1.0,4.0,4.0,2.0,2.0,4.0,4.0,4.0,1.0,5.0,3.0,1.0,2.0,SIRA
2.0,2.0,3.0,1.0,2.0,2.0,2.0,2.0,4.0,4.0,4.0,3.0,5.0,3.0,3.0,5.0,SIRA
2.0,2.0,3.0,1.0,4.0,4.0,2.0,2.0,2.0,4.0,4.0,1.0,5.0,3.0,1.0,3.0,SIRA
2.0,2.0,3.0,1.0,1.0,1.0,2.0,2.0,4.0,4.0,5.0,4.0,5.0,3.0,4.0,4.0,SIRA
2.0,2.0,3.0,1.0,2.0,2.0,2.0,2.0,1.0,5.0,4.0,3.0,5.0,3.0,3.0,4.0,SIRA
2.0,2.0,3.0,1.0,2.0,2.0,2.0,2.0,1.0,4.0,4.0,3.0,5.0,3.0,3.0,1.0,SIRA
2.0,2.0,3.0,1.0,2.0,2.0,2.0,2.0,6.0,3.0,4.0,3.0,5.0,3.0,3.0,1.0,SIRA
2.0,2.0,3.0,1.0,4.0,4.0,2.0,2.0,1.0,2.0,3.0,2.0,5.0,3.0,2.0,3.0,SIRA
2.0,2.0,3.0,1.0,2.0,2.0,2.0,2.0,5.0,4.0,5.0,3.0,5.0,3.0,3.0,4.0,SIRA
2.0,2.0,3.0,1.0,1.0,1.0,2.0,2.0,2.0,4.0,4.0,4.0,5.0,4.0,4.0,4.0,SIRA
2.0,2.0,3.0,1.0,2.0,2.0,2.0,2.0,1.0,4.0,3.0,3.0,5.0,3.0,3.0,4.0,SIRA
2.0,2.0,3.0,1.0,2.0,2.0,2.0,2.0,2.0,4.0,4.0,3.0,5.0,3.0,3.0,4.0,SIRA
2.0,2.0,3.0,1.0,2.0,2.0,2.0,2.0,2.0,4.0,5.0,3.0,5.0,3.0,3.0,3.0,SIRA
2.0,2.0,3.0,1.0,2.0,2.0,2.0,2.0,1.0,4.0,4.0,3.0,5.0,3.0,3.0,4.0,SIRA
2.0,2.0,3.0,1.0,2.0,2.0,2.0,2.0,3.0,3.0,4.0,3.0,5.0,3.0,3.0,3.0,SIRA
2.0,2.0,3.0,1.0,2.0,2.0,2.0,2.0,5.0,4.0,4.0,3.0,5.0,3.0,3.0,3.0,SIRA
2.0,2.0,3.0,1.0,2.0,2.0,2.0,2.0,2.0,5.0,5.0,3.0,5.0,3.0,3.0,4.0,SIRA
2.0,2.0,3.0,1.0,2.0,2.0,2.0,2.0,2.0,5.0,4.0,4.0,5.0,3.0,4.0,4.0,SIRA
2.0,2.0,3.0,1.0,1.0,1.0,2.0,2.0,1.0,4.0,4.0,4.0,5.0,3.0,4.0,1.0,SIRA
2.0,2.0,3.0,2.0,1.0,1.0,2.0,2.0,3.0,4.0,4.0,4.0,4.0,5.0,4.0,4.0,SIRA
2.0,2.0,3.0,2.0,1.0,1.0,2.0,2.0,4.0,4.0,5.0,4.0,4.0,4.0,4.0,4.0,SIRA
2.0,2.0,3.0,2.0,1.0,1.0,2.0,2.0,1.0,4.0,4.0,4.0,5.0,4.0,4.0,2.0,SIRA
2.0,2.0,3.0,1.0,2.0,2.0,2.0,2.0,1.0,4.0,4.0,3.0,5.0,3.0,3.0,4.0,SIRA
2.0,2.0,3.0,1.0,2.0,2.0,2.0,2.0,4.0,4.0,4.0,3.0,5.0,3.0,3.0,4.0,SIRA
2.0,2.0,3.0,1.0,2.0,2.0,2.0,2.0,5.0,5.0,4.0,3.0,5.0,3.0,3.0,1.0,SIRA
2.0,2.0,3.0,1.0,2.0,2.0,2.0,2.0,2.0,5.0,5.0,3.0,5.0,3.0,3.0,4.0,SIRA
2.0,2.0,3.0,1.0,2.0,2.0,2.0,2.0,1.0,4.0,4.0,3.0,5.0,3.0,3.0,3.0,SIRA
2.0,2.0,3.0,1.0,1.0,1.0,2.0,2.0,2.0,4.0,5.0,4.0,5.0,4.0,4.0,4.0,SIRA
2.0,2.0,3.0,1.0,2.0,2.0,2.0,2.0,3.0,4.0,5.0,3.0,5.0,3.0,3.0,4.0,SIRA
2.0,2.0,3.0,1.0,1.0,1.0,2.0,2.0,5.0,5.0,5.0,4.0,5.0,3.0,4.0,3.0,SIRA
2.0,2.0,3.0,1.0,2.0,2.0,2.0,2.0,1.0,4.0,3.0,3.0,5.0,3.0,3.0,2.0,SIRA
2.0,2.0,3.0,1.0,4.0,4.0,2.0,2.0,0.0,4.0,4.0,1.0,5.0,3.0,1.0,1.0,SIRA
2.0,2.0,3.0,1.0,3.0,3.0,2.0,2.0,2.0,2.0,4.0,2.0,5.0,3.0,2.0,1.0,SIRA
2.0,2.0,3.0,1.0,1.0,1.0,2.0,2.0,4.0,4.0,4.0,4.0,5.0,3.0,4.0,2.0,SIRA
2.0,2.0,3.0,2.0,1.0,1.0,2.0,2.0,2.0,4.0,5.0,4.0,4.0,4.0,4.0,4.0,SIRA
2.0,2.0,3.0,1.0,2.0,2.0,2.0,2.0,5.0,5.0,5.0,3.0,5.0,3.0,3.0,3.0,SIRA
2.0,2.0,3.0,2.0,1.0,1.0,2.0,2.0,2.0,4.0,5.0,4.0,4.0,5.0,4.0,4.0,SIRA
2.0,2.0,3.0,1.0,2.0,2.0,2.0,2.0,4.0,3.0,4.0,3.0,5.0,3.0,3.0,2.0,SIRA
2.0,2.0,3.0,1.0,2.0,2.0,2.0,2.0,2.0,4.0,4.0,3.0,5.0,3.0,3.0,4.0,SIRA
2.0,2.0,3.0,1.0,1.0,1.0,2.0,2.0,2.0,4.0,5.0,4.0,4.0,4.0,4.0,4.0,SIRA
2.0,2.0,3.0,1.0,3.0,3.0,2.0,2.0,4.0,5.0,4.0,2.0,5.0,3.0,2.0,4.0,SIRA
2.0,2.0,3.0,1.0,2.0,2.0,2.0,2.0,2.0,4.0,4.0,3.0,5.0,3.0,3.0,4.0,SIRA
2.0,2.0,3.0,1.0,2.0,2.0,2.0,2.0,4.0,4.0,4.0,3.0,5.0,3.0,3.0,4.0,SIRA
2.0,2.0,3.0,1.0,1.0,1.0,2.0,2.0,2.0,4.0,5.0,4.0,5.0,3.0,4.0,4.0,SIRA
2.0,2.0,3.0,2.0,1.0,1.0,2.0,2.0,2.0,4.0,5.0,4.0,4.0,4.0,4.0,4.0,SIRA
2.0,2.0,3.0,1.0,2.0,2.0,2.0,2.0,4.0,5.0,5.0,3.0,5.0,3.0,3.0,3.0,SIRA
2.0,2.0,3.0,1.0,4.0,4.0,2.0,2.0,5.0,4.0,4.0,2.0,5.0,3.0,2.0,3.0,SIRA
2.0,2.0,3.0,1.0,4.0,4.0,2.0,2.0,2.0,4.0,3.0,1.0,5.0,3.0,1.0,2.0,SIRA
2.0,2.0,3.0,1.0,2.0,2.0,2.0,2.0,5.0,4.0,4.0,3.0,5.0,3.0,3.0,3.0,SIRA
2.0,2.0,3.0,2.0,1.0,1.0,2.0,2.0,5.0,4.0,5.0,4.0,4.0,4.0,4.0,4.0,SIRA
2.0,2.0,3.0,1.0,1.0,1.0,2.0,2.0,4.0,1.0,4.0,3.0,5.0,3.0,3.0,1.0,SIRA
2.0,2.0,3.0,1.0,2.0,2.0,2.0,2.0,2.0,5.0,5.0,3.0,5.0,3.0,3.0,4.0,SIRA
2.0,2.0,3.0,1.0,2.0,2.0,2.0,2.0,2.0,4.0,4.0,3.0,5.0,3.0,3.0,2.0,SIRA
2.0,2.0,3.0,1.0,2.0,2.0,2.0,2.0,2.0,4.0,5.0,3.0,5.0,3.0,3.0,3.0,SIRA
2.0,2.0,3.0,1.0,4.0,4.0,2.0,2.0,2.0,4.0,4.0,1.0,5.0,3.0,1.0,3.0,SIRA
2.0,2.0,3.0,1.0,2.0,2.0,2.0,2.0,1.0,4.0,3.0,3.0,5.0,3.0,3.0,3.0,SIRA
2.0,2.0,3.0,2.0,1.0,1.0,2.0,2.0,2.0,4.0,4.0,4.0,4.0,4.0,4.0,1.0,SIRA
2.0,2.0,3.0,1.0,4.0,4.0,2.0,2.0,4.0,3.0,3.0,1.0,5.0,3.0,1.0,1.0,SIRA
2.0,2.0,3.0,1.0,2.0,2.0,2.0,2.0,1.0,4.0,4.0,3.0,5.0,3.0,3.0,3.0,SIRA
2.0,2.0,3.0,1.0,1.0,1.0,2.0,2.0,2.0,4.0,4.0,4.0,5.0,3.0,4.0,4.0,SIRA
2.0,2.0,3.0,1.0,2.0,2.0,2.0,2.0,4.0,4.0,4.0,3.0,5.0,3.0,3.0,1.0,SIRA
2.0,2.0,3.0,1.0,2.0,2.0,2.0,2.0,1.0,3.0,3.0,3.0,5.0,3.0,3.0,2.0,SIRA
2.0,2.0,3.0,1.0,4.0,4.0,2.0,2.0,0.0,2.0,3.0,1.0,5.0,3.0,1.0,1.0,SIRA
2.0,2.0,3.0,1.0,1.0,1.0,2.0,2.0,3.0,4.0,4.0,3.0,5.0,3.0,3.0,2.0,SIRA
2.0,2.0,3.0,1.0,4.0,4.0,2.0,2.0,4.0,4.0,4.0,2.0,5.0,3.0,2.0,4.0,SIRA
2.0,2.0,3.0,1.0,1.0,1.0,2.0,2.0,4.0,4.0,5.0,4.0,5.0,3.0,4.0,4.0,SIRA
2.0,2.0,3.0,1.0,2.0,2.0,2.0,2.0,2.0,4.0,3.0,3.0,5.0,3.0,3.0,2.0,SIRA
2.0,2.0,3.0,1.0,2.0,2.0,2.0,2.0,2.0,3.0,4.0,3.0,5.0,3.0,3.0,4.0,SIRA
2.0,2.0,3.0,1.0,1.0,1.0,2.0,2.0,2.0,4.0,5.0,4.0,5.0,3.0,4.0,4.0,SIRA
2.0,2.0,3.0,1.0,2.0,2.0,2.0,2.0,4.0,4.0,5.0,3.0,5.0,3.0,3.0,4.0,SIRA
2.0,2.0,3.0,1.0,2.0,2.0,2.0,2.0,2.0,4.0,4.0,3.0,5.0,3.0,3.0,3.0,SIRA
2.0,2.0,3.0,1.0,3.0,3.0,2.0,2.0,5.0,3.0,4.0,3.0,5.0,3.0,3.0,3.0,SIRA
2.0,2.0,3.0,1.0,2.0,2.0,2.0,2.0,4.0,4.0,5.0,3.0,5.0,3.0,3.0,3.0,SIRA
2.0,2.0,2.0,3.0,1.0,1.0,2.0,2.0,2.0,4.0,5.0,4.0,3.0,5.0,4.0,2.0,SIRA
2.0,2.0,3.0,1.0,4.0,4.0,2.0,2.0,2.0,4.0,4.0,1.0,5.0,3.0,1.0,3.0,SIRA
2.0,2.0,3.0,2.0,1.0,1.0,2.0,2.0,4.0,2.0,5.0,4.0,4.0,5.0,4.0,1.0,SIRA
2.0,2.0,3.0,1.0,1.0,1.0,2.0,2.0,2.0,4.0,4.0,4.0,5.0,3.0,4.0,3.0,SIRA
2.0,2.0,3.0,1.0,1.0,1.0,2.0,2.0,4.0,4.0,5.0,4.0,5.0,3.0,4.0,3.0,SIRA
2.0,2.0,3.0,1.0,4.0,4.0,2.0,2.0,4.0,3.0,4.0,2.0,5.0,3.0,2.0,1.0,SIRA
2.0,2.0,3.0,2.0,1.0,1.0,2.0,2.0,2.0,4.0,5.0,4.0,4.0,5.0,4.0,3.0,SIRA
2.0,2.0,3.0,1.0,3.0,3.0,2.0,2.0,1.0,4.0,4.0,2.0,5.0,3.0,2.0,3.0,SIRA
2.0,2.0,3.0,2.0,1.0,1.0,2.0,2.0,2.0,4.0,5.0,4.0,4.0,4.0,4.0,4.0,SIRA
2.0,2.0,3.0,1.0,2.0,2.0,2.0,2.0,2.0,4.0,5.0,3.0,5.0,3.0,3.0,3.0,SIRA
2.0,2.0,3.0,1.0,2.0,2.0,2.0,2.0,4.0,5.0,5.0,3.0,5.0,3.0,3.0,4.0,SIRA
2.0,2.0,3.0,1.0,1.0,1.0,2.0,2.0,2.0,4.0,5.0,4.0,5.0,3.0,4.0,3.0,SIRA
2.0,2.0,3.0,1.0,2.0,2.0,2.0,2.0,4.0,4.0,4.0,3.0,5.0,3.0,3.0,6.0,SIRA
2.0,2.0,3.0,1.0,2.0,2.0,2.0,2.0,2.0,4.0,4.0,3.0,5.0,3.0,3.0,4.0,SIRA
2.0,2.0,3.0,1.0,1.0,1.0,2.0,2.0,4.0,4.0,5.0,4.0,5.0,3.0,4.0,4.0,SIRA
2.0,2.0,3.0,1.0,2.0,2.0,2.0,2.0,4.0,4.0,4.0,3.0,5.0,3.0,3.0,1.0,SIRA
2.0,2.0,3.0,1.0,2.0,2.0,2.0,2.0,2.0,3.0,4.0,3.0,5.0,3.0,3.0,3.0,SIRA
2.0,2.0,3.0,2.0,1.0,1.0,2.0,2.0,2.0,4.0,5.0,4.0,4.0,3.0,4.0,3.0,SIRA
2.0,2.0,3.0,2.0,1.0,1.0,2.0,2.0,4.0,2.0,4.0,4.0,4.0,4.0,4.0,2.0,SIRA
2.0,2.0,3.0,1.0,3.0,3.0,2.0,2.0,4.0,4.0,4.0,2.0,5.0,3.0,2.0,1.0,SIRA
2.0,2.0,3.0,1.0,2.0,2.0,2.0,2.0,5.0,4.0,4.0,3.0,5.0,3.0,3.0,4.0,SIRA
2.0,2.0,3.0,1.0,2.0,2.0,2.0,2.0,3.0,1.0,3.0,3.0,5.0,3.0,3.0,1.0,SIRA
2.0,2.0,3.0,1.0,2.0,2.0,2.0,2.0,2.0,4.0,4.0,3.0,5.0,3.0,3.0,2.0,SIRA
2.0,2.0,3.0,1.0,1.0,1.0,2.0,2.0,5.0,4.0,5.0,4.0,5.0,3.0,4.0,4.0,SIRA
2.0,2.0,3.0,1.0,1.0,1.0,2.0,2.0,2.0,3.0,4.0,4.0,5.0,3.0,4.0,2.0,SIRA
2.0,2.0,3.0,1.0,2.0,2.0,2.0,2.0,3.0,3.0,4.0,3.0,5.0,3.0,3.0,1.0,SIRA
2.0,2.0,3.0,1.0,3.0,3.0,2.0,2.0,4.0,4.0,4.0,2.0,5.0,3.0,2.0,3.0,SIRA
2.0,2.0,3.0,1.0,2.0,2.0,2.0,2.0,4.0,4.0,4.0,3.0,5.0,3.0,3.0,4.0,SIRA
2.0,2.0,3.0,1.0,4.0,4.0,2.0,2.0,1.0,2.0,3.0,1.0,5.0,3.0,1.0,1.0,SIRA
2.0,2.0,3.0,1.0,2.0,2.0,2.0,2.0,1.0,4.0,4.0,3.0,5.0,3.0,3.0,1.0,SIRA
2.0,3.0,3.0,1.0,2.0,2.0,2.0,2.0,4.0,2.0,1.0,3.0,5.0,3.0,3.0,1.0,SIRA
2.0,2.0,3.0,2.0,1.0,1.0,2.0,2.0,4.0,4.0,5.0,4.0,4.0,4.0,4.0,3.0,SIRA
2.0,2.0,3.0,1.0,2.0,2.0,2.0,2.0,1.0,4.0,3.0,3.0,5.0,3.0,3.0,2.0,SIRA
2.0,2.0,3.0,1.0,2.0,2.0,2.0,2.0,5.0,6.0,4.0,3.0,5.0,3.0,3.0,4.0,SIRA
2.0,2.0,3.0,1.0,2.0,2.0,2.0,2.0,2.0,2.0,4.0,3.0,5.0,3.0,3.0,3.0,SIRA
2.0,2.0,3.0,1.0,2.0,2.0,2.0,2.0,6.0,6.0,5.0,3.0,5.0,3.0,3.0,4.0,SIRA
2.0,2.0,3.0,1.0,4.0,4.0,2.0,2.0,4.0,2.0,3.0,1.0,5.0,3.0,1.0,1.0,SIRA
2.0,2.0,3.0,1.0,2.0,2.0,2.0,2.0,5.0,3.0,4.0,3.0,5.0,3.0,3.0,3.0,SIRA
2.0,2.0,3.0,1.0,2.0,2.0,2.0,2.0,4.0,4.0,4.0,3.0,5.0,3.0,3.0,4.0,SIRA
2.0,2.0,3.0,1.0,1.0,1.0,2.0,2.0,5.0,4.0,4.0,4.0,5.0,3.0,4.0,3.0,SIRA
2.0,2.0,3.0,1.0,3.0,3.0,2.0,2.0,4.0,5.0,4.0,2.0,5.0,3.0,2.0,4.0,SIRA
2.0,2.0,3.0,1.0,3.0,3.0,2.0,2.0,4.0,4.0,4.0,2.0,5.0,3.0,2.0,5.0,SIRA
2.0,2.0,3.0,1.0,3.0,3.0,2.0,2.0,4.0,4.0,4.0,3.0,5.0,3.0,3.0,6.0,SIRA
2.0,2.0,3.0,2.0,1.0,1.0,2.0,2.0,4.0,4.0,5.0,4.0,4.0,4.0,4.0,4.0,SIRA
2.0,2.0,3.0,1.0,2.0,2.0,2.0,2.0,2.0,2.0,4.0,3.0,5.0,3.0,3.0,3.0,SIRA
2.0,2.0,3.0,1.0,1.0,1.0,2.0,2.0,5.0,5.0,5.0,4.0,5.0,3.0,4.0,4.0,SIRA
2.0,2.0,3.0,2.0,1.0,1.0,2.0,2.0,5.0,4.0,5.0,4.0,4.0,4.0,4.0,1.0,SIRA
2.0,2.0,3.0,1.0,4.0,4.0,2.0,2.0,4.0,3.0,4.0,1.0,5.0,3.0,1.0,3.0,SIRA
2.0,2.0,3.0,1.0,2.0,2.0,2.0,2.0,4.0,4.0,4.0,3.0,5.0,3.0,3.0,4.0,SIRA
2.0,2.0,3.0,1.0,2.0,2.0,2.0,2.0,5.0,4.0,5.0,3.0,5.0,3.0,3.0,3.0,SIRA
2.0,2.0,3.0,1.0,2.0,2.0,2.0,2.0,4.0,5.0,4.0,3.0,5.0,3.0,3.0,6.0,SIRA
2.0,2.0,3.0,1.0,1.0,1.0,2.0,2.0,2.0,3.0,4.0,4.0,5.0,3.0,4.0,4.0,SIRA
2.0,2.0,3.0,1.0,2.0,2.0,2.0,2.0,2.0,4.0,4.0,3.0,5.0,3.0,3.0,6.0,SIRA
2.0,2.0,3.0,1.0,2.0,2.0,2.0,2.0,2.0,2.0,4.0,3.0,5.0,3.0,3.0,2.0,SIRA
2.0,2.0,3.0,2.0,1.0,1.0,2.0,2.0,4.0,4.0,5.0,4.0,4.0,5.0,4.0,4.0,SIRA
2.0,2.0,3.0,1.0,2.0,2.0,2.0,2.0,2.0,3.0,3.0,3.0,5.0,3.0,3.0,4.0,SIRA
2.0,2.0,3.0,2.0,1.0,1.0,2.0,2.0,2.0,4.0,5.0,4.0,4.0,4.0,4.0,4.0,SIRA
2.0,2.0,3.0,1.0,2.0,2.0,2.0,2.0,3.0,4.0,4.0,3.0,5.0,3.0,3.0,3.0,SIRA
2.0,2.0,3.0,1.0,3.0,3.0,2.0,2.0,4.0,4.0,4.0,2.0,5.0,3.0,2.0,3.0,SIRA
2.0,2.0,3.0,1.0,4.0,4.0,2.0,2.0,1.0,2.0,3.0,1.0,5.0,2.0,1.0,1.0,SIRA
2.0,2.0,3.0,1.0,3.0,3.0,2.0,2.0,2.0,3.0,3.0,2.0,5.0,3.0,2.0,4.0,SIRA
2.0,2.0,3.0,2.0,1.0,1.0,2.0,2.0,4.0,4.0,5.0,4.0,4.0,4.0,4.0,4.0,SIRA
2.0,2.0,3.0,1.0,3.0,3.0,2.0,2.0,4.0,4.0,4.0,3.0,5.0,3.0,3.0,4.0,SIRA
2.0,2.0,3.0,1.0,2.0,2.0,2.0,2.0,2.0,4.0,5.0,3.0,5.0,3.0,3.0,4.0,SIRA
2.0,2.0,3.0,1.0,2.0,2.0,2.0,2.0,2.0,3.0,4.0,3.0,5.0,3.0,3.0,1.0,SIRA
2.0,2.0,3.0,1.0,4.0,4.0,2.0,2.0,1.0,6.0,3.0,1.0,5.0,2.0,1.0,5.0,SIRA
2.0,2.0,3.0,2.0,1.0,1.0,2.0,2.0,4.0,4.0,5.0,4.0,5.0,3.0,4.0,3.0,SIRA
2.0,2.0,3.0,1.0,4.0,4.0,2.0,2.0,4.0,4.0,3.0,1.0,5.0,3.0,1.0,4.0,SIRA
2.0,2.0,3.0,1.0,2.0,2.0,2.0,2.0,4.0,4.0,5.0,3.0,5.0,3.0,3.0,4.0,SIRA
2.0,2.0,3.0,1.0,2.0,2.0,2.0,2.0,1.0,4.0,5.0,3.0,5.0,3.0,3.0,3.0,SIRA
2.0,2.0,3.0,1.0,4.0,4.0,2.0,2.0,1.0,4.0,3.0,1.0,5.0,2.0,1.0,4.0,SIRA
2.0,2.0,3.0,1.0,2.0,2.0,2.0,2.0,5.0,4.0,4.0,3.0,5.0,3.0,3.0,4.0,SIRA
2.0,2.0,3.0,2.0,1.0,1.0,2.0,2.0,5.0,4.0,5.0,4.0,4.0,4.0,4.0,4.0,SIRA
2.0,2.0,3.0,1.0,4.0,4.0,2.0,2.0,5.0,4.0,4.0,2.0,5.0,3.0,2.0,3.0,SIRA
2.0,2.0,3.0,1.0,2.0,2.0,2.0,2.0,5.0,4.0,5.0,3.0,5.0,3.0,3.0,2.0,SIRA
2.0,2.0,3.0,1.0,2.0,2.0,2.0,2.0,5.0,4.0,4.0,3.0,5.0,3.0,3.0,2.0,SIRA
2.0,2.0,3.0,1.0,2.0,2.0,2.0,2.0,2.0,4.0,4.0,3.0,5.0,3.0,3.0,2.0,SIRA
2.0,2.0,3.0,1.0,2.0,2.0,2.0,2.0,1.0,4.0,4.0,3.0,5.0,3.0,3.0,3.0,SIRA
2.0,2.0,3.0,1.0,2.0,2.0,2.0,2.0,4.0,5.0,5.0,3.0,5.0,3.0,3.0,4.0,SIRA
2.0,2.0,3.0,2.0,1.0,1.0,2.0,2.0,4.0,4.0,5.0,4.0,4.0,3.0,4.0,4.0,SIRA
2.0,2.0,3.0,2.0,1.0,1.0,2.0,2.0,2.0,4.0,5.0,4.0,4.0,4.0,4.0,4.0,SIRA
2.0,2.0,3.0,2.0,1.0,1.0,2.0,2.0,2.0,4.0,4.0,4.0,4.0,3.0,4.0,2.0,SIRA
2.0,2.0,3.0,1.0,2.0,2.0,2.0,2.0,1.0,4.0,4.0,3.0,5.0,3.0,3.0,4.0,SIRA
2.0,2.0,3.0,1.0,1.0,1.0,2.0,2.0,2.0,2.0,1.0,4.0,5.0,3.0,4.0,3.0,SIRA
2.0,2.0,3.0,1.0,2.0,2.0,2.0,2.0,5.0,5.0,5.0,3.0,5.0,3.0,3.0,4.0,SIRA
2.0,2.0,3.0,1.0,2.0,2.0,2.0,2.0,1.0,4.0,4.0,3.0,5.0,3.0,3.0,3.0,SIRA
2.0,2.0,3.0,1.0,3.0,3.0,2.0,2.0,4.0,4.0,3.0,2.0,5.0,3.0,2.0,3.0,SIRA
2.0,2.0,3.0,2.0,1.0,1.0,2.0,2.0,5.0,4.0,5.0,4.0,4.0,3.0,4.0,3.0,SIRA
2.0,2.0,3.0,1.0,2.0,2.0,2.0,2.0,5.0,4.0,4.0,3.0,5.0,3.0,3.0,4.0,SIRA
2.0,2.0,3.0,1.0,3.0,3.0,2.0,2.0,2.0,4.0,4.0,3.0,5.0,3.0,3.0,4.0,SIRA
2.0,2.0,3.0,1.0,2.0,2.0,2.0,2.0,2.0,4.0,4.0,3.0,5.0,3.0,3.0,3.0,SIRA
2.0,2.0,3.0,1.0,2.0,2.0,2.0,2.0,1.0,4.0,4.0,3.0,5.0,3.0,3.0,1.0,SIRA
2.0,2.0,3.0,1.0,2.0,2.0,2.0,2.0,2.0,4.0,4.0,3.0,5.0,3.0,3.0,4.0,SIRA
2.0,2.0,3.0,1.0,3.0,3.0,2.0,2.0,5.0,4.0,4.0,2.0,5.0,3.0,2.0,4.0,SIRA
2.0,2.0,3.0,1.0,3.0,3.0,2.0,2.0,5.0,4.0,4.0,2.0,5.0,3.0,2.0,3.0,SIRA
2.0,2.0,3.0,1.0,2.0,2.0,2.0,2.0,4.0,5.0,4.0,3.0,5.0,3.0,3.0,6.0,SIRA
2.0,2.0,3.0,1.0,4.0,4.0,2.0,2.0,1.0,4.0,3.0,2.0,5.0,3.0,2.0,4.0,SIRA
2.0,2.0,3.0,1.0,4.0,4.0,2.0,2.0,2.0,4.0,4.0,1.0,5.0,3.0,1.0,4.0,SIRA
2.0,2.0,3.0,2.0,1.0,1.0,2.0,2.0,1.0,4.0,4.0,4.0,4.0,3.0,4.0,3.0,SIRA
2.0,2.0,3.0,2.0,1.0,1.0,2.0,2.0,2.0,2.0,4.0,4.0,5.0,3.0,4.0,3.0,SIRA
2.0,2.0,3.0,1.0,2.0,2.0,2.0,2.0,4.0,4.0,4.0,3.0,5.0,3.0,3.0,4.0,SIRA
2.0,2.0,3.0,2.0,1.0,1.0,2.0,2.0,4.0,4.0,5.0,4.0,4.0,4.0,4.0,4.0,SIRA
2.0,2.0,3.0,1.0,2.0,2.0,2.0,2.0,2.0,4.0,4.0,3.0,5.0,3.0,3.0,4.0,SIRA
2.0,2.0,3.0,1.0,2.0,2.0,2.0,2.0,2.0,4.0,4.0,3.0,5.0,3.0,3.0,4.0,SIRA
2.0,2.0,3.0,2.0,1.0,1.0,2.0,2.0,4.0,4.0,5.0,4.0,4.0,4.0,4.0,4.0,SIRA
2.0,2.0,3.0,1.0,2.0,2.0,2.0,2.0,3.0,4.0,4.0,3.0,5.0,3.0,3.0,4.0,SIRA
2.0,2.0,3.0,1.0,4.0,4.0,2.0,2.0,4.0,4.0,4.0,1.0,5.0,3.0,1.0,3.0,SIRA
2.0,2.0,3.0,1.0,2.0,2.0,2.0,2.0,5.0,4.0,4.0,3.0,5.0,3.0,3.0,4.0,SIRA
2.0,2.0,3.0,1.0,4.0,4.0,2.0,2.0,4.0,5.0,4.0,1.0,5.0,3.0,1.0,4.0,SIRA
2.0,2.0,3.0,1.0,2.0,2.0,2.0,2.0,2.0,4.0,4.0,3.0,5.0,3.0,3.0,4.0,SIRA
2.0,2.0,3.0,1.0,1.0,1.0,2.0,2.0,2.0,4.0,4.0,4.0,5.0,3.0,4.0,3.0,SIRA
2.0,2.0,3.0,1.0,3.0,3.0,2.0,2.0,5.0,4.0,4.0,2.0,5.0,3.0,2.0,3.0,SIRA
2.0,2.0,3.0,1.0,2.0,2.0,2.0,2.0,5.0,4.0,4.0,3.0,5.0,3.0,3.0,3.0,SIRA
2.0,2.0,3.0,1.0,4.0,4.0,2.0,2.0,5.0,4.0,4.0,1.0,5.0,3.0,1.0,3.0,SIRA
2.0,2.0,3.0,1.0,4.0,4.0,2.0,2.0,4.0,4.0,3.0,2.0,5.0,3.0,2.0,4.0,SIRA
2.0,2.0,3.0,1.0,3.0,3.0,2.0,2.0,4.0,4.0,4.0,2.0,5.0,3.0,2.0,2.0,SIRA
2.0,2.0,3.0,2.0,1.0,1.0,2.0,2.0,4.0,4.0,4.0,4.0,5.0,3.0,4.0,2.0,SIRA
2.0,2.0,3.0,1.0,4.0,4.0,2.0,2.0,4.0,4.0,4.0,1.0,5.0,3.0,1.0,4.0,SIRA
2.0,2.0,3.0,1.0,2.0,2.0,2.0,2.0,1.0,4.0,4.0,3.0,5.0,3.0,3.0,4.0,SIRA
2.0,2.0,3.0,1.0,2.0,2.0,2.0,2.0,1.0,4.0,4.0,3.0,5.0,3.0,3.0,3.0,SIRA
2.0,2.0,3.0,1.0,2.0,2.0,2.0,2.0,5.0,5.0,5.0,3.0,5.0,3.0,3.0,4.0,SIRA
2.0,2.0,3.0,2.0,1.0,1.0,2.0,2.0,2.0,4.0,5.0,4.0,4.0,4.0,4.0,4.0,SIRA
2.0,2.0,3.0,2.0,1.0,1.0,2.0,2.0,2.0,4.0,5.0,4.0,4.0,4.0,4.0,4.0,SIRA
2.0,2.0,3.0,2.0,1.0,1.0,2.0,2.0,2.0,4.0,4.0,4.0,4.0,4.0,4.0,3.0,SIRA
2.0,2.0,3.0,2.0,1.0,1.0,2.0,2.0,5.0,4.0,5.0,4.0,4.0,4.0,4.0,2.0,SIRA
2.0,2.0,3.0,1.0,2.0,2.0,2.0,2.0,2.0,2.0,3.0,3.0,5.0,3.0,3.0,3.0,SIRA
2.0,2.0,3.0,1.0,2.0,2.0,2.0,2.0,1.0,4.0,4.0,3.0,5.0,3.0,3.0,3.0,SIRA
2.0,2.0,3.0,1.0,4.0,4.0,2.0,2.0,1.0,4.0,3.0,1.0,5.0,3.0,1.0,4.0,SIRA
2.0,2.0,3.0,1.0,2.0,2.0,2.0,2.0,2.0,4.0,4.0,3.0,5.0,3.0,3.0,4.0,SIRA
2.0,2.0,3.0,1.0,4.0,4.0,2.0,2.0,5.0,6.0,4.0,1.0,5.0,3.0,1.0,3.0,SIRA
2.0,2.0,3.0,1.0,2.0,2.0,2.0,2.0,4.0,4.0,5.0,3.0,5.0,3.0,3.0,3.0,SIRA
2.0,2.0,3.0,2.0,1.0,1.0,2.0,2.0,5.0,4.0,4.0,4.0,4.0,3.0,4.0,4.0,SIRA
2.0,2.0,3.0,1.0,2.0,2.0,2.0,2.0,2.0,4.0,4.0,3.0,5.0,3.0,3.0,4.0,SIRA
2.0,2.0,3.0,1.0,2.0,2.0,2.0,2.0,5.0,4.0,5.0,3.0,5.0,3.0,3.0,3.0,SIRA
2.0,2.0,3.0,1.0,3.0,3.0,2.0,2.0,2.0,4.0,4.0,2.0,5.0,3.0,2.0,1.0,SIRA
2.0,2.0,3.0,1.0,2.0,2.0,2.0,2.0,5.0,6.0,5.0,3.0,5.0,3.0,3.0,4.0,SIRA
2.0,2.0,3.0,2.0,1.0,1.0,2.0,2.0,5.0,5.0,5.0,4.0,4.0,3.0,4.0,4.0,SIRA
2.0,2.0,3.0,1.0,2.0,2.0,2.0,2.0,2.0,4.0,4.0,3.0,5.0,3.0,3.0,4.0,SIRA
2.0,2.0,3.0,1.0,2.0,2.0,2.0,2.0,4.0,4.0,5.0,3.0,5.0,3.0,3.0,2.0,SIRA
2.0,2.0,3.0,1.0,2.0,2.0,2.0,2.0,5.0,4.0,4.0,3.0,5.0,3.0,3.0,3.0,SIRA
2.0,2.0,3.0,1.0,2.0,2.0,2.0,2.0,2.0,5.0,4.0,3.0,5.0,3.0,3.0,4.0,SIRA
2.0,2.0,3.0,2.0,1.0,1.0,2.0,2.0,2.0,4.0,5.0,4.0,4.0,3.0,4.0,4.0,SIRA
2.0,2.0,3.0,1.0,2.0,2.0,2.0,2.0,2.0,4.0,5.0,3.0,5.0,3.0,3.0,4.0,SIRA
2.0,2.0,3.0,1.0,2.0,2.0,2.0,2.0,2.0,5.0,4.0,3.0,5.0,3.0,3.0,4.0,SIRA
2.0,2.0,3.0,1.0,2.0,2.0,2.0,2.0,5.0,4.0,4.0,3.0,5.0,3.0,3.0,3.0,SIRA
2.0,2.0,3.0,1.0,4.0,4.0,2.0,2.0,0.0,2.0,1.0,1.0,5.0,2.0,1.0,1.0,SIRA
2.0,2.0,3.0,1.0,4.0,4.0,2.0,2.0,4.0,4.0,4.0,2.0,5.0,3.0,2.0,3.0,SIRA
2.0,2.0,3.0,1.0,2.0,2.0,2.0,2.0,4.0,4.0,4.0,3.0,5.0,3.0,3.0,1.0,SIRA
2.0,2.0,3.0,1.0,3.0,3.0,2.0,2.0,2.0,4.0,4.0,2.0,5.0,3.0,2.0,4.0,SIRA
2.0,2.0,3.0,1.0,2.0,2.0,2.0,2.0,1.0,4.0,5.0,3.0,5.0,3.0,3.0,4.0,SIRA
2.0,2.0,3.0,1.0,2.0,2.0,2.0,2.0,4.0,2.0,4.0,3.0,5.0,3.0,3.0,2.0,SIRA
2.0,2.0,3.0,1.0,4.0,4.0,2.0,2.0,6.0,4.0,4.0,1.0,5.0,3.0,1.0,3.0,SIRA
2.0,2.0,3.0,1.0,3.0,3.0,2.0,2.0,3.0,3.0,4.0,2.0,5.0,3.0,2.0,1.0,SIRA
2.0,2.0,3.0,1.0,2.0,2.0,2.0,2.0,2.0,5.0,4.0,3.0,5.0,3.0,3.0,4.0,SIRA
2.0,2.0,3.0,2.0,1.0,1.0,2.0,2.0,4.0,4.0,5.0,4.0,4.0,3.0,4.0,4.0,SIRA
2.0,2.0,3.0,1.0,3.0,3.0,2.0,2.0,4.0,4.0,4.0,2.0,5.0,3.0,2.0,4.0,SIRA
2.0,2.0,3.0,2.0,1.0,1.0,2.0,2.0,2.0,4.0,4.0,4.0,4.0,3.0,4.0,4.0,SIRA
2.0,2.0,3.0,1.0,2.0,2.0,2.0,2.0,4.0,4.0,4.0,3.0,5.0,3.0,3.0,4.0,SIRA
2.0,2.0,3.0,2.0,1.0,1.0,2.0,2.0,5.0,4.0,5.0,4.0,4.0,4.0,4.0,4.0,SIRA
2.0,2.0,3.0,2.0,1.0,1.0,2.0,2.0,2.0,4.0,4.0,4.0,4.0,3.0,4.0,4.0,SIRA
2.0,2.0,3.0,2.0,1.0,1.0,2.0,2.0,2.0,4.0,5.0,4.0,4.0,3.0,4.0,4.0,SIRA
2.0,2.0,3.0,2.0,1.0,1.0,2.0,2.0,2.0,4.0,5.0,4.0,4.0,4.0,4.0,4.0,SIRA
2.0,2.0,3.0,1.0,2.0,2.0,2.0,2.0,4.0,3.0,4.0,3.0,5.0,3.0,3.0,3.0,SIRA
2.0,2.0,3.0,2.0,1.0,1.0,2.0,2.0,4.0,4.0,4.0,4.0,4.0,4.0,4.0,3.0,SIRA
2.0,2.0,3.0,2.0,1.0,1.0,2.0,2.0,2.0,5.0,5.0,4.0,4.0,3.0,4.0,4.0,SIRA
2.0,2.0,3.0,1.0,4.0,4.0,2.0,2.0,1.0,4.0,3.0,2.0,5.0,3.0,2.0,4.0,SIRA
2.0,2.0,3.0,1.0,4.0,4.0,2.0,2.0,2.0,2.0,3.0,1.0,5.0,2.0,1.0,1.0,SIRA
2.0,2.0,3.0,1.0,2.0,2.0,2.0,2.0,5.0,4.0,4.0,3.0,5.0,3.0,3.0,3.0,SIRA
2.0,2.0,3.0,1.0,2.0,2.0,2.0,2.0,5.0,4.0,4.0,3.0,5.0,3.0,3.0,3.0,SIRA
2.0,2.0,3.0,2.0,1.0,1.0,2.0,2.0,2.0,4.0,5.0,4.0,4.0,4.0,4.0,6.0,SIRA
2.0,2.0,3.0,2.0,1.0,1.0,2.0,2.0,2.0,4.0,4.0,4.0,4.0,3.0,4.0,4.0,SIRA
2.0,2.0,3.0,1.0,2.0,2.0,2.0,2.0,5.0,5.0,5.0,3.0,5.0,3.0,3.0,4.0,SIRA
2.0,2.0,3.0,2.0,1.0,1.0,2.0,2.0,2.0,4.0,5.0,4.0,4.0,5.0,4.0,4.0,SIRA
2.0,2.0,3.0,1.0,2.0,2.0,2.0,2.0,5.0,3.0,4.0,3.0,5.0,3.0,3.0,1.0,SIRA
2.0,2.0,3.0,1.0,2.0,2.0,2.0,2.0,5.0,4.0,4.0,3.0,5.0,3.0,3.0,2.0,SIRA
2.0,2.0,3.0,2.0,1.0,1.0,2.0,2.0,1.0,4.0,4.0,4.0,5.0,3.0,4.0,3.0,SIRA
2.0,2.0,3.0,2.0,1.0,1.0,2.0,2.0,5.0,4.0,5.0,4.0,4.0,4.0,4.0,4.0,SIRA
2.0,2.0,3.0,1.0,2.0,2.0,2.0,2.0,2.0,2.0,3.0,3.0,5.0,3.0,3.0,3.0,SIRA
2.0,2.0,3.0,2.0,1.0,1.0,2.0,2.0,1.0,4.0,4.0,3.0,5.0,3.0,3.0,3.0,SIRA
2.0,2.0,3.0,2.0,1.0,1.0,2.0,2.0,4.0,3.0,5.0,4.0,4.0,4.0,4.0,2.0,SIRA
2.0,2.0,3.0,2.0,1.0,1.0,2.0,2.0,4.0,6.0,5.0,4.0,4.0,4.0,4.0,3.0,SIRA
2.0,2.0,3.0,1.0,2.0,2.0,2.0,2.0,5.0,4.0,4.0,3.0,5.0,3.0,3.0,1.0,SIRA
2.0,2.0,3.0,1.0,2.0,2.0,2.0,2.0,4.0,4.0,4.0,3.0,5.0,3.0,3.0,3.0,SIRA
2.0,2.0,3.0,1.0,2.0,2.0,2.0,2.0,6.0,4.0,4.0,3.0,5.0,3.0,3.0,2.0,SIRA
2.0,2.0,3.0,1.0,4.0,4.0,2.0,2.0,1.0,4.0,4.0,1.0,5.0,3.0,1.0,1.0,SIRA
2.0,2.0,3.0,1.0,4.0,4.0,2.0,2.0,4.0,3.0,4.0,1.0,5.0,3.0,1.0,2.0,SIRA
2.0,2.0,3.0,2.0,2.0,2.0,2.0,2.0,5.0,4.0,4.0,3.0,4.0,3.0,3.0,4.0,SIRA
2.0,2.0,3.0,2.0,1.0,1.0,2.0,2.0,2.0,4.0,5.0,4.0,4.0,4.0,4.0,4.0,SIRA
2.0,2.0,3.0,1.0,2.0,2.0,2.0,2.0,2.0,4.0,4.0,3.0,5.0,3.0,3.0,4.0,SIRA
2.0,2.0,3.0,1.0,2.0,2.0,2.0,2.0,2.0,4.0,4.0,3.0,5.0,3.0,3.0,1.0,SIRA
2.0,2.0,3.0,1.0,4.0,4.0,2.0,2.0,4.0,3.0,3.0,1.0,5.0,3.0,1.0,2.0,SIRA
2.0,2.0,3.0,1.0,3.0,3.0,2.0,2.0,1.0,4.0,4.0,2.0,5.0,3.0,2.0,4.0,SIRA
2.0,2.0,3.0,1.0,2.0,2.0,2.0,2.0,2.0,4.0,4.0,3.0,5.0,3.0,3.0,3.0,SIRA
2.0,2.0,3.0,1.0,4.0,4.0,2.0,2.0,3.0,2.0,4.0,1.0,5.0,3.0,1.0,2.0,SIRA
2.0,2.0,3.0,2.0,1.0,1.0,2.0,2.0,2.0,4.0,4.0,4.0,4.0,3.0,4.0,4.0,SIRA
2.0,2.0,3.0,1.0,4.0,4.0,2.0,2.0,4.0,4.0,4.0,1.0,5.0,3.0,1.0,3.0,SIRA
2.0,2.0,3.0,1.0,4.0,4.0,2.0,2.0,4.0,4.0,4.0,2.0,5.0,3.0,2.0,3.0,SIRA
2.0,2.0,3.0,1.0,2.0,2.0,2.0,2.0,5.0,4.0,5.0,3.0,5.0,3.0,3.0,3.0,SIRA
2.0,2.0,3.0,1.0,2.0,2.0,2.0,2.0,4.0,2.0,4.0,3.0,5.0,3.0,3.0,1.0,SIRA
2.0,2.0,3.0,1.0,4.0,4.0,2.0,2.0,4.0,4.0,4.0,1.0,5.0,3.0,1.0,4.0,SIRA
2.0,2.0,3.0,1.0,3.0,3.0,2.0,2.0,1.0,4.0,4.0,2.0,5.0,3.0,2.0,3.0,SIRA
2.0,2.0,3.0,2.0,1.0,1.0,2.0,2.0,5.0,4.0,5.0,3.0,4.0,3.0,3.0,3.0,SIRA
2.0,2.0,3.0,2.0,1.0,1.0,2.0,2.0,2.0,6.0,5.0,4.0,4.0,3.0,4.0,4.0,SIRA
2.0,2.0,3.0,1.0,2.0,2.0,2.0,2.0,2.0,4.0,4.0,3.0,5.0,3.0,3.0,3.0,SIRA
2.0,2.0,3.0,2.0,1.0,1.0,2.0,2.0,5.0,2.0,3.0,3.0,4.0,3.0,3.0,1.0,SIRA
2.0,2.0,3.0,1.0,2.0,2.0,2.0,2.0,1.0,5.0,4.0,3.0,5.0,3.0,3.0,2.0,SIRA
2.0,2.0,3.0,1.0,2.0,2.0,2.0,2.0,4.0,4.0,4.0,3.0,5.0,3.0,3.0,2.0,SIRA
2.0,2.0,3.0,1.0,2.0,2.0,2.0,2.0,2.0,3.0,4.0,3.0,5.0,3.0,3.0,3.0,SIRA
2.0,2.0,3.0,1.0,2.0,2.0,2.0,2.0,4.0,4.0,4.0,3.0,5.0,3.0,3.0,4.0,SIRA
2.0,2.0,3.0,3.0,1.0,1.0,2.0,2.0,4.0,4.0,5.0,4.0,3.0,5.0,4.0,3.0,SIRA
2.0,2.0,3.0,1.0,2.0,2.0,2.0,2.0,4.0,4.0,5.0,3.0,5.0,3.0,3.0,4.0,SIRA
2.0,2.0,3.0,1.0,2.0,2.0,2.0,2.0,3.0,4.0,4.0,3.0,5.0,3.0,3.0,4.0,SIRA
2.0,2.0,3.0,1.0,4.0,4.0,2.0,2.0,5.0,2.0,4.0,1.0,5.0,3.0,1.0,2.0,SIRA
2.0,2.0,3.0,1.0,4.0,4.0,2.0,2.0,5.0,4.0,4.0,1.0,5.0,3.0,1.0,4.0,SIRA
2.0,2.0,3.0,1.0,2.0,2.0,2.0,2.0,6.0,4.0,4.0,3.0,5.0,3.0,3.0,2.0,SIRA
2.0,2.0,3.0,1.0,2.0,2.0,2.0,2.0,5.0,4.0,4.0,3.0,5.0,3.0,3.0,1.0,SIRA
2.0,2.0,3.0,2.0,1.0,1.0,2.0,2.0,4.0,4.0,5.0,4.0,4.0,4.0,4.0,4.0,SIRA
2.0,2.0,3.0,1.0,4.0,4.0,2.0,2.0,1.0,4.0,3.0,1.0,5.0,2.0,1.0,2.0,SIRA
2.0,2.0,3.0,1.0,2.0,2.0,2.0,2.0,4.0,4.0,4.0,3.0,5.0,3.0,3.0,3.0,SIRA
2.0,2.0,3.0,2.0,1.0,1.0,2.0,2.0,2.0,4.0,4.0,4.0,4.0,4.0,4.0,2.0,SIRA
2.0,2.0,3.0,1.0,2.0,2.0,2.0,2.0,2.0,4.0,4.0,3.0,5.0,3.0,3.0,2.0,SIRA
2.0,2.0,3.0,1.0,2.0,2.0,2.0,2.0,5.0,5.0,4.0,3.0,5.0,3.0,3.0,4.0,SIRA
2.0,2.0,3.0,1.0,4.0,4.0,2.0,2.0,4.0,5.0,4.0,1.0,5.0,2.0,1.0,6.0,SIRA
2.0,2.0,3.0,2.0,1.0,1.0,2.0,2.0,2.0,4.0,4.0,4.0,4.0,3.0,4.0,3.0,SIRA
2.0,2.0,3.0,1.0,2.0,2.0,2.0,2.0,1.0,4.0,4.0,3.0,5.0,3.0,3.0,4.0,SIRA
2.0,2.0,3.0,1.0,2.0,2.0,2.0,2.0,4.0,3.0,4.0,3.0,5.0,3.0,3.0,1.0,SIRA
2.0,2.0,3.0,2.0,2.0,2.0,2.0,2.0,1.0,2.0,3.0,3.0,5.0,3.0,3.0,1.0,SIRA
2.0,2.0,3.0,1.0,2.0,2.0,2.0,2.0,1.0,5.0,4.0,3.0,5.0,3.0,3.0,3.0,SIRA
2.0,2.0,3.0,2.0,1.0,1.0,2.0,2.0,1.0,4.0,4.0,4.0,4.0,3.0,4.0,3.0,SIRA
2.0,2.0,3.0,2.0,1.0,1.0,2.0,2.0,2.0,4.0,4.0,4.0,4.0,4.0,4.0,3.0,SIRA
2.0,2.0,3.0,1.0,2.0,2.0,2.0,2.0,2.0,5.0,4.0,3.0,5.0,3.0,3.0,4.0,SIRA
2.0,2.0,3.0,1.0,2.0,2.0,2.0,2.0,5.0,4.0,4.0,3.0,5.0,3.0,3.0,4.0,SIRA
2.0,2.0,3.0,1.0,4.0,4.0,2.0,2.0,2.0,2.0,1.0,1.0,5.0,2.0,1.0,1.0,SIRA
2.0,2.0,3.0,2.0,1.0,1.0,2.0,2.0,2.0,4.0,4.0,4.0,4.0,3.0,4.0,2.0,SIRA
2.0,2.0,3.0,1.0,2.0,2.0,2.0,2.0,2.0,4.0,4.0,3.0,5.0,3.0,3.0,4.0,SIRA
2.0,2.0,3.0,1.0,2.0,2.0,2.0,2.0,5.0,4.0,4.0,3.0,5.0,3.0,3.0,3.0,SIRA
2.0,2.0,3.0,2.0,2.0,2.0,2.0,2.0,2.0,4.0,4.0,3.0,4.0,3.0,3.0,4.0,SIRA
2.0,2.0,3.0,1.0,4.0,4.0,2.0,2.0,0.0,4.0,3.0,1.0,5.0,2.0,1.0,4.0,SIRA
2.0,2.0,3.0,1.0,3.0,3.0,2.0,2.0,5.0,3.0,4.0,2.0,5.0,3.0,2.0,1.0,SIRA
2.0,2.0,3.0,1.0,2.0,2.0,2.0,2.0,5.0,4.0,4.0,3.0,5.0,3.0,3.0,3.0,SIRA
2.0,2.0,3.0,1.0,2.0,2.0,2.0,2.0,1.0,2.0,4.0,3.0,5.0,3.0,3.0,3.0,SIRA
2.0,2.0,3.0,1.0,3.0,3.0,2.0,2.0,1.0,4.0,4.0,2.0,5.0,3.0,2.0,3.0,SIRA
2.0,2.0,3.0,1.0,2.0,2.0,2.0,2.0,2.0,4.0,4.0,3.0,5.0,3.0,3.0,4.0,SIRA
2.0,2.0,3.0,2.0,1.0,1.0,2.0,2.0,2.0,4.0,5.0,4.0,4.0,3.0,4.0,4.0,SIRA
2.0,2.0,3.0,2.0,1.0,1.0,2.0,2.0,5.0,4.0,5.0,4.0,4.0,3.0,4.0,4.0,SIRA
2.0,2.0,3.0,2.0,2.0,2.0,2.0,2.0,5.0,4.0,4.0,3.0,5.0,3.0,3.0,3.0,SIRA
2.0,2.0,3.0,1.0,2.0,2.0,2.0,2.0,1.0,3.0,4.0,3.0,5.0,3.0,3.0,2.0,SIRA
2.0,2.0,3.0,1.0,2.0,2.0,2.0,2.0,1.0,2.0,4.0,3.0,5.0,3.0,3.0,2.0,SIRA
2.0,2.0,3.0,1.0,3.0,3.0,2.0,2.0,2.0,2.0,4.0,2.0,5.0,3.0,2.0,1.0,SIRA
2.0,2.0,3.0,2.0,1.0,1.0,2.0,2.0,2.0,4.0,4.0,4.0,4.0,3.0,4.0,2.0,SIRA
2.0,2.0,3.0,1.0,2.0,2.0,2.0,2.0,1.0,4.0,4.0,3.0,5.0,3.0,3.0,3.0,SIRA
2.0,2.0,3.0,2.0,1.0,1.0,2.0,2.0,4.0,4.0,5.0,4.0,4.0,4.0,4.0,2.0,SIRA
2.0,2.0,3.0,1.0,2.0,2.0,2.0,2.0,1.0,4.0,3.0,2.0,5.0,3.0,2.0,3.0,SIRA
2.0,2.0,3.0,2.0,2.0,2.0,2.0,2.0,1.0,4.0,4.0,3.0,4.0,3.0,3.0,3.0,SIRA
2.0,2.0,3.0,2.0,1.0,1.0,2.0,2.0,4.0,5.0,5.0,4.0,4.0,3.0,4.0,4.0,SIRA
2.0,2.0,3.0,2.0,1.0,1.0,2.0,2.0,4.0,2.0,4.0,3.0,4.0,3.0,3.0,2.0,SIRA
2.0,2.0,3.0,1.0,4.0,4.0,2.0,2.0,1.0,3.0,4.0,1.0,5.0,3.0,1.0,1.0,SIRA
2.0,2.0,3.0,2.0,1.0,1.0,2.0,2.0,2.0,4.0,4.0,4.0,4.0,4.0,4.0,4.0,SIRA
2.0,2.0,3.0,1.0,4.0,4.0,2.0,2.0,2.0,3.0,3.0,1.0,5.0,3.0,1.0,3.0,SIRA
2.0,2.0,3.0,1.0,2.0,2.0,2.0,2.0,5.0,4.0,4.0,3.0,5.0,3.0,3.0,3.0,SIRA
2.0,2.0,3.0,2.0,1.0,1.0,2.0,2.0,2.0,3.0,5.0,4.0,4.0,3.0,4.0,3.0,SIRA
2.0,2.0,3.0,2.0,2.0,2.0,2.0,2.0,2.0,3.0,4.0,3.0,4.0,3.0,3.0,2.0,SIRA
2.0,2.0,3.0,2.0,1.0,1.0,2.0,2.0,2.0,3.0,4.0,4.0,4.0,3.0,4.0,2.0,SIRA
2.0,2.0,3.0,2.0,1.0,1.0,2.0,2.0,5.0,4.0,5.0,4.0,4.0,3.0,4.0,4.0,SIRA
2.0,2.0,3.0,2.0,1.0,1.0,2.0,2.0,5.0,5.0,5.0,4.0,4.0,3.0,4.0,5.0,SIRA
2.0,2.0,3.0,1.0,2.0,2.0,2.0,2.0,2.0,4.0,4.0,3.0,5.0,3.0,3.0,4.0,SIRA
2.0,2.0,3.0,1.0,4.0,4.0,2.0,2.0,1.0,4.0,4.0,1.0,5.0,2.0,1.0,3.0,SIRA
2.0,2.0,3.0,2.0,1.0,1.0,2.0,2.0,4.0,4.0,4.0,4.0,4.0,3.0,4.0,1.0,SIRA
2.0,2.0,3.0,3.0,1.0,1.0,2.0,2.0,4.0,4.0,5.0,4.0,3.0,5.0,4.0,4.0,SIRA
2.0,2.0,3.0,1.0,2.0,2.0,2.0,2.0,2.0,4.0,4.0,3.0,5.0,3.0,3.0,4.0,SIRA
2.0,2.0,3.0,1.0,2.0,2.0,2.0,2.0,1.0,4.0,4.0,3.0,5.0,3.0,3.0,4.0,SIRA
2.0,2.0,3.0,1.0,2.0,2.0,2.0,2.0,2.0,2.0,3.0,3.0,5.0,3.0,3.0,3.0,SIRA
2.0,2.0,3.0,1.0,2.0,2.0,2.0,2.0,4.0,4.0,4.0,3.0,5.0,3.0,3.0,3.0,SIRA
2.0,2.0,3.0,1.0,2.0,2.0,2.0,2.0,4.0,3.0,4.0,3.0,5.0,3.0,3.0,1.0,SIRA
2.0,2.0,3.0,1.0,4.0,4.0,2.0,2.0,4.0,4.0,4.0,1.0,5.0,3.0,1.0,2.0,SIRA
2.0,2.0,3.0,2.0,1.0,1.0,2.0,2.0,2.0,4.0,5.0,4.0,4.0,4.0,4.0,3.0,SIRA
2.0,2.0,3.0,1.0,2.0,2.0,2.0,2.0,5.0,4.0,5.0,3.0,5.0,3.0,3.0,3.0,SIRA
2.0,2.0,3.0,1.0,2.0,2.0,2.0,2.0,5.0,4.0,4.0,3.0,5.0,3.0,3.0,4.0,SIRA
2.0,2.0,3.0,1.0,2.0,2.0,2.0,2.0,3.0,4.0,4.0,3.0,5.0,3.0,3.0,4.0,SIRA
2.0,2.0,3.0,1.0,2.0,2.0,2.0,2.0,2.0,4.0,4.0,3.0,5.0,3.0,3.0,3.0,SIRA
2.0,2.0,3.0,1.0,4.0,4.0,2.0,2.0,4.0,1.0,2.0,1.0,5.0,3.0,1.0,1.0,SIRA
2.0,2.0,3.0,1.0,2.0,2.0,2.0,2.0,5.0,4.0,4.0,3.0,5.0,3.0,3.0,4.0,SIRA
2.0,2.0,3.0,1.0,4.0,4.0,2.0,2.0,5.0,2.0,4.0,1.0,5.0,3.0,1.0,3.0,SIRA
2.0,2.0,3.0,1.0,2.0,2.0,2.0,2.0,2.0,4.0,4.0,3.0,5.0,3.0,3.0,4.0,SIRA
2.0,2.0,3.0,1.0,2.0,2.0,2.0,2.0,2.0,4.0,4.0,3.0,5.0,3.0,3.0,4.0,SIRA
2.0,2.0,3.0,1.0,2.0,2.0,2.0,2.0,2.0,4.0,4.0,3.0,5.0,3.0,3.0,3.0,SIRA
2.0,2.0,3.0,1.0,4.0,4.0,2.0,2.0,2.0,4.0,4.0,1.0,5.0,3.0,1.0,3.0,SIRA
2.0,2.0,3.0,1.0,2.0,2.0,2.0,2.0,4.0,4.0,4.0,3.0,5.0,3.0,3.0,4.0,SIRA
2.0,2.0,3.0,2.0,1.0,1.0,2.0,2.0,4.0,3.0,4.0,4.0,4.0,3.0,4.0,3.0,SIRA
2.0,2.0,3.0,1.0,4.0,4.0,2.0,2.0,1.0,4.0,4.0,1.0,5.0,2.0,1.0,3.0,SIRA
2.0,2.0,3.0,1.0,2.0,2.0,2.0,2.0,1.0,4.0,4.0,3.0,5.0,3.0,3.0,1.0,SIRA
2.0,2.0,3.0,1.0,3.0,3.0,2.0,2.0,1.0,2.0,3.0,2.0,5.0,3.0,2.0,1.0,SIRA
2.0,3.0,3.0,1.0,4.0,4.0,2.0,2.0,0.0,2.0,1.0,1.0,5.0,2.0,1.0,1.0,SIRA
2.0,2.0,3.0,1.0,2.0,2.0,2.0,2.0,4.0,4.0,4.0,3.0,5.0,3.0,3.0,4.0,SIRA
2.0,2.0,3.0,1.0,2.0,2.0,2.0,2.0,4.0,4.0,4.0,3.0,5.0,3.0,3.0,3.0,SIRA
2.0,2.0,3.0,3.0,1.0,1.0,2.0,2.0,3.0,4.0,5.0,4.0,3.0,5.0,4.0,2.0,SIRA
2.0,2.0,3.0,1.0,2.0,2.0,2.0,2.0,4.0,4.0,5.0,3.0,5.0,3.0,3.0,4.0,SIRA
2.0,2.0,3.0,1.0,2.0,2.0,2.0,2.0,4.0,4.0,4.0,3.0,5.0,3.0,3.0,4.0,SIRA
2.0,2.0,3.0,2.0,1.0,1.0,2.0,2.0,2.0,4.0,5.0,4.0,4.0,3.0,4.0,3.0,SIRA
2.0,2.0,3.0,2.0,2.0,2.0,2.0,2.0,4.0,4.0,5.0,3.0,5.0,3.0,3.0,3.0,SIRA
2.0,2.0,3.0,1.0,2.0,2.0,2.0,2.0,4.0,4.0,4.0,3.0,5.0,3.0,3.0,3.0,SIRA
2.0,2.0,3.0,1.0,3.0,3.0,2.0,2.0,2.0,4.0,4.0,2.0,5.0,3.0,2.0,3.0,SIRA
2.0,3.0,4.0,1.0,4.0,4.0,2.0,2.0,4.0,2.0,1.0,1.0,5.0,2.0,1.0,1.0,SIRA
2.0,2.0,3.0,2.0,1.0,1.0,2.0,2.0,5.0,4.0,4.0,4.0,4.0,3.0,4.0,3.0,SIRA
2.0,2.0,4.0,1.0,4.0,4.0,2.0,2.0,4.0,3.0,3.0,1.0,5.0,2.0,1.0,1.0,SIRA
2.0,2.0,4.0,1.0,4.0,4.0,2.0,2.0,4.0,4.0,3.0,1.0,5.0,2.0,1.0,2.0,SIRA
2.0,2.0,4.0,1.0,4.0,4.0,2.0,2.0,4.0,2.0,3.0,1.0,5.0,2.0,1.0,1.0,SIRA
2.0,2.0,3.0,2.0,2.0,2.0,2.0,2.0,2.0,2.0,3.0,3.0,4.0,3.0,3.0,3.0,SIRA
2.0,2.0,3.0,1.0,2.0,2.0,2.0,2.0,4.0,5.0,5.0,3.0,5.0,3.0,3.0,4.0,SIRA
2.0,2.0,3.0,1.0,2.0,2.0,2.0,2.0,2.0,4.0,4.0,3.0,5.0,3.0,3.0,6.0,SIRA
2.0,2.0,3.0,2.0,1.0,1.0,2.0,2.0,4.0,4.0,5.0,4.0,4.0,3.0,4.0,4.0,SIRA
2.0,2.0,3.0,1.0,2.0,2.0,2.0,2.0,4.0,4.0,4.0,3.0,5.0,3.0,3.0,3.0,SIRA
2.0,2.0,3.0,2.0,2.0,2.0,2.0,2.0,2.0,4.0,4.0,3.0,4.0,3.0,3.0,4.0,SIRA
2.0,2.0,3.0,1.0,3.0,3.0,2.0,2.0,1.0,4.0,4.0,2.0,5.0,3.0,2.0,4.0,SIRA
2.0,2.0,3.0,2.0,2.0,2.0,2.0,2.0,2.0,4.0,4.0,3.0,4.0,3.0,3.0,3.0,SIRA
2.0,2.0,3.0,1.0,4.0,4.0,2.0,2.0,1.0,2.0,3.0,1.0,5.0,3.0,1.0,2.0,SIRA
2.0,2.0,3.0,2.0,1.0,1.0,2.0,2.0,4.0,4.0,5.0,4.0,4.0,3.0,4.0,4.0,SIRA
2.0,2.0,3.0,1.0,2.0,2.0,2.0,2.0,2.0,3.0,4.0,3.0,5.0,3.0,3.0,1.0,SIRA
2.0,2.0,3.0,1.0,4.0,4.0,2.0,2.0,0.0,4.0,3.0,1.0,5.0,2.0,1.0,4.0,SIRA
2.0,2.0,3.0,2.0,2.0,2.0,2.0,2.0,2.0,5.0,5.0,3.0,4.0,3.0,3.0,4.0,SIRA
2.0,2.0,3.0,2.0,1.0,1.0,2.0,2.0,2.0,4.0,4.0,4.0,4.0,3.0,4.0,4.0,SIRA
2.0,2.0,3.0,2.0,1.0,1.0,2.0,2.0,5.0,4.0,5.0,4.0,4.0,3.0,4.0,3.0,SIRA
2.0,2.0,3.0,1.0,2.0,2.0,2.0,2.0,5.0,1.0,3.0,3.0,5.0,3.0,3.0,1.0,SIRA
2.0,2.0,3.0,1.0,4.0,4.0,2.0,2.0,6.0,5.0,4.0,1.0,5.0,2.0,1.0,4.0,SIRA
2.0,2.0,3.0,2.0,2.0,2.0,2.0,2.0,2.0,4.0,4.0,3.0,5.0,3.0,3.0,1.0,SIRA
2.0,2.0,3.0,2.0,1.0,1.0,2.0,2.0,2.0,4.0,5.0,4.0,4.0,4.0,4.0,4.0,SIRA
2.0,2.0,3.0,1.0,2.0,2.0,2.0,2.0,4.0,4.0,4.0,3.0,5.0,3.0,3.0,3.0,SIRA
2.0,2.0,3.0,1.0,4.0,4.0,2.0,2.0,5.0,4.0,4.0,1.0,5.0,3.0,1.0,4.0,SIRA
2.0,2.0,3.0,1.0,3.0,3.0,2.0,2.0,5.0,4.0,3.0,2.0,5.0,3.0,2.0,3.0,SIRA
2.0,2.0,3.0,1.0,2.0,2.0,2.0,2.0,4.0,4.0,5.0,3.0,5.0,3.0,3.0,4.0,SIRA
2.0,2.0,3.0,1.0,2.0,2.0,2.0,2.0,4.0,4.0,4.0,3.0,5.0,3.0,3.0,3.0,SIRA
2.0,2.0,3.0,1.0,2.0,2.0,2.0,2.0,2.0,4.0,4.0,3.0,5.0,3.0,3.0,2.0,SIRA
2.0,2.0,3.0,1.0,4.0,4.0,2.0,2.0,1.0,3.0,4.0,1.0,5.0,3.0,1.0,4.0,SIRA
2.0,2.0,3.0,1.0,2.0,2.0,2.0,2.0,5.0,4.0,4.0,3.0,5.0,3.0,3.0,3.0,SIRA
2.0,2.0,3.0,1.0,2.0,2.0,2.0,2.0,5.0,3.0,4.0,3.0,5.0,3.0,3.0,1.0,SIRA
2.0,2.0,3.0,1.0,4.0,4.0,2.0,2.0,5.0,4.0,4.0,1.0,5.0,3.0,1.0,4.0,SIRA
2.0,2.0,3.0,1.0,2.0,2.0,2.0,2.0,1.0,3.0,4.0,3.0,5.0,3.0,3.0,1.0,SIRA
2.0,2.0,3.0,2.0,1.0,1.0,2.0,2.0,4.0,4.0,5.0,4.0,4.0,4.0,4.0,4.0,SIRA
2.0,2.0,3.0,1.0,2.0,2.0,2.0,2.0,2.0,4.0,4.0,3.0,5.0,3.0,3.0,4.0,SIRA
2.0,2.0,3.0,1.0,2.0,2.0,2.0,2.0,5.0,4.0,4.0,3.0,5.0,3.0,3.0,4.0,SIRA
2.0,2.0,3.0,1.0,2.0,2.0,2.0,2.0,2.0,4.0,3.0,3.0,5.0,3.0,3.0,4.0,SIRA
2.0,2.0,3.0,2.0,2.0,2.0,2.0,2.0,5.0,4.0,4.0,3.0,4.0,3.0,3.0,3.0,SIRA
2.0,2.0,3.0,2.0,2.0,2.0,2.0,2.0,1.0,4.0,4.0,3.0,4.0,3.0,3.0,4.0,SIRA
2.0,2.0,3.0,1.0,2.0,2.0,2.0,2.0,2.0,4.0,4.0,3.0,5.0,3.0,3.0,4.0,SIRA
2.0,2.0,3.0,1.0,2.0,2.0,2.0,2.0,4.0,4.0,4.0,3.0,5.0,3.0,3.0,4.0,SIRA
2.0,3.0,3.0,1.0,4.0,4.0,2.0,2.0,1.0,1.0,1.0,2.0,5.0,3.0,2.0,3.0,SIRA
2.0,2.0,3.0,1.0,2.0,2.0,2.0,2.0,5.0,4.0,4.0,3.0,5.0,3.0,3.0,3.0,SIRA
2.0,2.0,3.0,1.0,3.0,3.0,2.0,2.0,2.0,4.0,5.0,2.0,5.0,3.0,2.0,3.0,SIRA
2.0,2.0,3.0,1.0,2.0,2.0,2.0,2.0,4.0,4.0,5.0,3.0,5.0,3.0,3.0,2.0,SIRA
2.0,2.0,3.0,2.0,2.0,2.0,2.0,2.0,6.0,4.0,5.0,3.0,4.0,3.0,3.0,4.0,SIRA
2.0,2.0,3.0,2.0,1.0,1.0,2.0,2.0,1.0,4.0,5.0,4.0,4.0,3.0,4.0,4.0,SIRA
2.0,2.0,3.0,2.0,2.0,2.0,2.0,2.0,1.0,4.0,4.0,3.0,4.0,3.0,3.0,3.0,SIRA
2.0,2.0,3.0,1.0,3.0,3.0,2.0,2.0,1.0,4.0,3.0,2.0,5.0,3.0,2.0,1.0,SIRA
2.0,2.0,3.0,1.0,3.0,3.0,2.0,2.0,5.0,4.0,4.0,2.0,5.0,3.0,2.0,4.0,SIRA
2.0,2.0,3.0,1.0,2.0,2.0,2.0,2.0,4.0,4.0,4.0,3.0,5.0,3.0,3.0,4.0,SIRA
2.0,2.0,3.0,1.0,2.0,2.0,2.0,2.0,1.0,4.0,4.0,3.0,5.0,3.0,3.0,3.0,SIRA
2.0,2.0,3.0,1.0,3.0,3.0,2.0,2.0,1.0,2.0,3.0,2.0,5.0,3.0,2.0,2.0,SIRA
2.0,2.0,3.0,1.0,2.0,2.0,2.0,2.0,2.0,4.0,4.0,3.0,5.0,3.0,3.0,4.0,SIRA
2.0,2.0,3.0,1.0,2.0,2.0,2.0,2.0,4.0,5.0,4.0,3.0,5.0,3.0,3.0,2.0,SIRA
2.0,2.0,3.0,2.0,1.0,1.0,2.0,2.0,2.0,4.0,5.0,4.0,4.0,3.0,4.0,1.0,SIRA
2.0,2.0,3.0,1.0,2.0,2.0,2.0,2.0,4.0,4.0,4.0,3.0,5.0,3.0,3.0,3.0,SIRA
2.0,2.0,3.0,1.0,3.0,3.0,2.0,2.0,1.0,3.0,4.0,2.0,5.0,3.0,2.0,3.0,SIRA
2.0,2.0,3.0,2.0,1.0,1.0,2.0,2.0,6.0,4.0,5.0,4.0,4.0,3.0,4.0,2.0,SIRA
2.0,2.0,3.0,2.0,1.0,1.0,2.0,2.0,1.0,4.0,4.0,4.0,4.0,4.0,4.0,2.0,SIRA
2.0,2.0,3.0,1.0,2.0,2.0,2.0,2.0,2.0,3.0,4.0,3.0,5.0,3.0,3.0,3.0,SIRA
2.0,2.0,3.0,2.0,2.0,2.0,2.0,2.0,1.0,4.0,4.0,3.0,4.0,3.0,3.0,3.0,SIRA
2.0,2.0,3.0,2.0,2.0,2.0,2.0,2.0,4.0,4.0,5.0,3.0,4.0,3.0,3.0,2.0,SIRA
2.0,2.0,3.0,1.0,4.0,4.0,2.0,2.0,6.0,5.0,4.0,2.0,5.0,3.0,2.0,3.0,SIRA
2.0,2.0,3.0,1.0,4.0,4.0,2.0,2.0,2.0,4.0,3.0,1.0,5.0,2.0,1.0,1.0,SIRA
2.0,2.0,3.0,1.0,2.0,2.0,2.0,2.0,1.0,4.0,4.0,3.0,5.0,3.0,3.0,3.0,SIRA
2.0,2.0,3.0,2.0,1.0,1.0,2.0,2.0,1.0,4.0,4.0,4.0,4.0,3.0,4.0,1.0,SIRA
2.0,2.0,3.0,2.0,2.0,2.0,2.0,2.0,4.0,4.0,4.0,3.0,4.0,3.0,3.0,4.0,SIRA
2.0,2.0,3.0,1.0,2.0,2.0,2.0,2.0,5.0,4.0,5.0,3.0,5.0,3.0,3.0,3.0,SIRA
2.0,2.0,3.0,2.0,2.0,2.0,2.0,2.0,4.0,5.0,5.0,3.0,4.0,3.0,3.0,4.0,SIRA
2.0,2.0,3.0,1.0,4.0,4.0,2.0,2.0,6.0,5.0,4.0,1.0,5.0,3.0,1.0,4.0,SIRA
2.0,2.0,3.0,1.0,2.0,2.0,2.0,2.0,2.0,3.0,4.0,3.0,5.0,3.0,3.0,3.0,SIRA
2.0,2.0,3.0,2.0,1.0,1.0,2.0,2.0,4.0,2.0,4.0,3.0,4.0,3.0,3.0,1.0,SIRA
2.0,2.0,3.0,2.0,1.0,1.0,2.0,2.0,2.0,4.0,5.0,4.0,4.0,4.0,4.0,4.0,SIRA
2.0,2.0,3.0,2.0,2.0,2.0,2.0,2.0,5.0,4.0,4.0,3.0,4.0,3.0,3.0,3.0,SIRA
2.0,2.0,3.0,2.0,1.0,1.0,2.0,2.0,1.0,2.0,4.0,4.0,4.0,3.0,4.0,1.0,SIRA
2.0,2.0,4.0,1.0,4.0,4.0,2.0,2.0,2.0,4.0,3.0,1.0,5.0,2.0,1.0,4.0,SIRA
2.0,2.0,3.0,2.0,1.0,1.0,2.0,2.0,4.0,4.0,4.0,4.0,4.0,4.0,4.0,2.0,SIRA
2.0,2.0,3.0,2.0,1.0,1.0,2.0,2.0,5.0,4.0,4.0,4.0,4.0,4.0,4.0,4.0,SIRA
2.0,2.0,3.0,1.0,2.0,2.0,2.0,2.0,2.0,4.0,4.0,3.0,5.0,3.0,3.0,4.0,SIRA
2.0,2.0,3.0,1.0,3.0,3.0,2.0,2.0,2.0,5.0,4.0,2.0,5.0,3.0,2.0,3.0,SIRA
2.0,2.0,3.0,2.0,1.0,1.0,2.0,2.0,4.0,4.0,5.0,4.0,4.0,3.0,4.0,2.0,SIRA
2.0,2.0,3.0,1.0,2.0,2.0,2.0,2.0,2.0,5.0,4.0,3.0,5.0,3.0,3.0,3.0,SIRA
2.0,2.0,3.0,1.0,4.0,4.0,2.0,2.0,3.0,4.0,3.0,1.0,5.0,3.0,1.0,4.0,SIRA
2.0,2.0,3.0,2.0,2.0,2.0,2.0,2.0,2.0,4.0,4.0,3.0,4.0,3.0,3.0,2.0,SIRA
2.0,2.0,3.0,1.0,4.0,4.0,2.0,2.0,1.0,4.0,3.0,1.0,5.0,3.0,1.0,3.0,SIRA
2.0,2.0,3.0,2.0,1.0,1.0,2.0,2.0,2.0,4.0,4.0,4.0,4.0,4.0,4.0,3.0,SIRA
2.0,2.0,3.0,2.0,2.0,2.0,2.0,2.0,5.0,4.0,5.0,3.0,4.0,3.0,3.0,4.0,SIRA
2.0,2.0,3.0,1.0,2.0,2.0,2.0,2.0,1.0,4.0,4.0,3.0,5.0,3.0,3.0,3.0,SIRA
2.0,2.0,3.0,2.0,1.0,1.0,2.0,2.0,2.0,1.0,4.0,4.0,4.0,3.0,4.0,1.0,SIRA
2.0,2.0,3.0,1.0,2.0,2.0,2.0,2.0,2.0,4.0,4.0,3.0,5.0,3.0,3.0,3.0,SIRA
2.0,2.0,3.0,1.0,2.0,2.0,2.0,2.0,5.0,4.0,4.0,3.0,5.0,3.0,3.0,4.0,SIRA
2.0,2.0,3.0,1.0,4.0,4.0,2.0,2.0,4.0,4.0,4.0,1.0,5.0,3.0,1.0,1.0,SIRA
2.0,2.0,3.0,1.0,2.0,2.0,2.0,2.0,5.0,4.0,4.0,3.0,5.0,3.0,3.0,2.0,SIRA
2.0,2.0,4.0,1.0,4.0,4.0,2.0,2.0,4.0,4.0,3.0,1.0,5.0,2.0,1.0,4.0,SIRA
2.0,2.0,3.0,1.0,3.0,3.0,2.0,2.0,2.0,3.0,3.0,2.0,5.0,3.0,2.0,1.0,SIRA
2.0,2.0,3.0,1.0,2.0,2.0,2.0,2.0,2.0,4.0,4.0,3.0,5.0,3.0,3.0,4.0,SIRA
2.0,2.0,3.0,2.0,2.0,2.0,2.0,2.0,2.0,5.0,5.0,3.0,4.0,3.0,3.0,3.0,SIRA
2.0,2.0,3.0,1.0,2.0,2.0,2.0,2.0,3.0,4.0,4.0,3.0,5.0,3.0,3.0,4.0,SIRA
2.0,2.0,3.0,1.0,4.0,4.0,2.0,2.0,1.0,4.0,4.0,1.0,5.0,3.0,1.0,2.0,SIRA
2.0,2.0,3.0,1.0,2.0,2.0,2.0,2.0,4.0,4.0,4.0,3.0,5.0,3.0,3.0,3.0,SIRA
2.0,3.0,4.0,1.0,4.0,4.0,2.0,2.0,2.0,2.0,1.0,1.0,5.0,2.0,1.0,1.0,SIRA
2.0,2.0,3.0,2.0,1.0,1.0,2.0,2.0,4.0,4.0,5.0,4.0,4.0,3.0,4.0,4.0,SIRA
2.0,2.0,3.0,1.0,3.0,3.0,2.0,2.0,2.0,4.0,4.0,2.0,5.0,3.0,2.0,3.0,SIRA
2.0,2.0,3.0,1.0,2.0,2.0,2.0,2.0,1.0,4.0,4.0,3.0,5.0,3.0,3.0,3.0,SIRA
2.0,2.0,3.0,1.0,2.0,2.0,2.0,2.0,4.0,4.0,4.0,3.0,5.0,3.0,3.0,4.0,SIRA
2.0,2.0,3.0,2.0,1.0,1.0,2.0,2.0,6.0,4.0,4.0,4.0,4.0,3.0,4.0,3.0,SIRA
2.0,2.0,3.0,2.0,1.0,1.0,2.0,2.0,2.0,4.0,4.0,4.0,4.0,3.0,4.0,4.0,SIRA
2.0,2.0,3.0,2.0,1.0,1.0,2.0,2.0,5.0,4.0,5.0,4.0,4.0,3.0,4.0,3.0,SIRA
2.0,2.0,3.0,2.0,2.0,2.0,2.0,2.0,2.0,4.0,5.0,3.0,4.0,3.0,3.0,4.0,SIRA
2.0,3.0,3.0,1.0,4.0,4.0,2.0,2.0,1.0,2.0,3.0,1.0,5.0,2.0,1.0,1.0,SIRA
2.0,2.0,3.0,2.0,1.0,1.0,2.0,2.0,5.0,4.0,5.0,4.0,4.0,3.0,4.0,4.0,SIRA
2.0,2.0,3.0,1.0,4.0,4.0,2.0,2.0,5.0,6.0,4.0,1.0,5.0,3.0,1.0,3.0,SIRA
2.0,2.0,3.0,1.0,2.0,2.0,2.0,2.0,2.0,2.0,3.0,3.0,5.0,3.0,3.0,1.0,SIRA
2.0,2.0,3.0,1.0,2.0,2.0,2.0,2.0,2.0,4.0,4.0,3.0,5.0,3.0,3.0,4.0,SIRA
2.0,2.0,3.0,2.0,2.0,2.0,2.0,2.0,2.0,3.0,5.0,3.0,5.0,3.0,3.0,2.0,SIRA
2.0,2.0,3.0,2.0,2.0,2.0,2.0,2.0,2.0,4.0,4.0,3.0,4.0,3.0,3.0,3.0,SIRA
2.0,2.0,3.0,1.0,4.0,4.0,2.0,2.0,6.0,4.0,4.0,1.0,5.0,3.0,1.0,3.0,SIRA
2.0,2.0,3.0,2.0,1.0,1.0,2.0,2.0,2.0,4.0,4.0,4.0,4.0,3.0,4.0,3.0,SIRA
2.0,2.0,3.0,1.0,4.0,4.0,2.0,2.0,1.0,4.0,4.0,2.0,5.0,3.0,2.0,3.0,SIRA
2.0,2.0,3.0,1.0,2.0,2.0,2.0,2.0,1.0,4.0,3.0,3.0,5.0,3.0,3.0,4.0,SIRA
2.0,2.0,3.0,1.0,3.0,3.0,2.0,2.0,4.0,4.0,3.0,3.0,5.0,3.0,3.0,3.0,SIRA
2.0,2.0,3.0,2.0,2.0,2.0,2.0,2.0,4.0,2.0,4.0,3.0,5.0,3.0,3.0,1.0,SIRA
2.0,2.0,3.0,2.0,2.0,2.0,2.0,2.0,1.0,4.0,5.0,3.0,4.0,3.0,3.0,3.0,SIRA
2.0,2.0,3.0,2.0,1.0,1.0,2.0,2.0,4.0,4.0,5.0,4.0,4.0,3.0,4.0,2.0,SIRA
2.0,2.0,3.0,1.0,3.0,3.0,2.0,2.0,1.0,4.0,4.0,2.0,5.0,3.0,2.0,2.0,SIRA
2.0,2.0,3.0,1.0,4.0,4.0,2.0,2.0,1.0,3.0,3.0,1.0,5.0,2.0,1.0,1.0,SIRA
2.0,2.0,3.0,1.0,2.0,2.0,2.0,2.0,2.0,4.0,4.0,3.0,5.0,3.0,3.0,4.0,SIRA
2.0,2.0,3.0,1.0,3.0,3.0,2.0,2.0,1.0,2.0,3.0,2.0,5.0,3.0,2.0,2.0,SIRA
2.0,2.0,3.0,2.0,2.0,2.0,2.0,2.0,3.0,4.0,5.0,3.0,4.0,3.0,3.0,3.0,SIRA
2.0,2.0,3.0,1.0,2.0,2.0,2.0,2.0,5.0,4.0,4.0,3.0,5.0,3.0,3.0,4.0,SIRA
2.0,2.0,3.0,2.0,1.0,1.0,2.0,2.0,2.0,4.0,5.0,4.0,4.0,3.0,4.0,4.0,SIRA
2.0,2.0,4.0,1.0,4.0,4.0,2.0,2.0,2.0,1.0,3.0,1.0,5.0,2.0,1.0,1.0,SIRA
2.0,2.0,3.0,2.0,1.0,1.0,2.0,2.0,5.0,5.0,5.0,4.0,4.0,3.0,4.0,4.0,SIRA
2.0,2.0,3.0,2.0,1.0,1.0,2.0,2.0,2.0,4.0,5.0,4.0,4.0,3.0,4.0,4.0,SIRA
2.0,2.0,3.0,2.0,1.0,1.0,2.0,2.0,4.0,2.0,4.0,4.0,4.0,3.0,4.0,1.0,SIRA
2.0,2.0,3.0,2.0,2.0,2.0,2.0,2.0,2.0,4.0,4.0,3.0,5.0,3.0,3.0,2.0,SIRA
2.0,2.0,3.0,1.0,3.0,3.0,2.0,2.0,1.0,2.0,4.0,2.0,5.0,3.0,2.0,1.0,SIRA
2.0,2.0,3.0,1.0,2.0,2.0,2.0,2.0,4.0,4.0,4.0,3.0,5.0,3.0,3.0,1.0,SIRA
2.0,2.0,3.0,2.0,1.0,1.0,2.0,2.0,2.0,4.0,4.0,4.0,4.0,3.0,4.0,4.0,SIRA
2.0,2.0,3.0,1.0,2.0,2.0,2.0,2.0,5.0,4.0,4.0,3.0,5.0,3.0,3.0,2.0,SIRA
2.0,2.0,3.0,1.0,2.0,2.0,2.0,2.0,1.0,5.0,4.0,3.0,5.0,3.0,3.0,4.0,SIRA
2.0,2.0,3.0,2.0,2.0,2.0,2.0,2.0,2.0,4.0,4.0,3.0,4.0,3.0,3.0,6.0,SIRA
2.0,2.0,3.0,1.0,4.0,4.0,2.0,2.0,6.0,4.0,4.0,1.0,5.0,3.0,1.0,3.0,SIRA
2.0,2.0,3.0,1.0,4.0,4.0,2.0,2.0,1.0,2.0,4.0,1.0,5.0,2.0,1.0,2.0,SIRA
2.0,2.0,3.0,2.0,2.0,2.0,2.0,2.0,2.0,4.0,4.0,3.0,4.0,3.0,3.0,2.0,SIRA
2.0,2.0,3.0,1.0,2.0,2.0,2.0,2.0,2.0,4.0,4.0,3.0,5.0,3.0,3.0,4.0,SIRA
2.0,2.0,3.0,2.0,2.0,2.0,2.0,2.0,4.0,4.0,5.0,3.0,4.0,3.0,3.0,4.0,SIRA
2.0,2.0,3.0,1.0,2.0,2.0,2.0,2.0,5.0,4.0,4.0,2.0,5.0,3.0,2.0,1.0,SIRA
2.0,2.0,3.0,2.0,1.0,1.0,2.0,2.0,2.0,3.0,4.0,4.0,4.0,4.0,4.0,3.0,SIRA
2.0,2.0,3.0,1.0,2.0,2.0,2.0,2.0,2.0,4.0,4.0,3.0,5.0,3.0,3.0,4.0,SIRA
2.0,2.0,3.0,1.0,2.0,2.0,2.0,2.0,5.0,5.0,4.0,3.0,5.0,3.0,3.0,4.0,SIRA
2.0,2.0,3.0,2.0,1.0,1.0,2.0,2.0,4.0,4.0,5.0,4.0,4.0,3.0,4.0,3.0,SIRA
2.0,2.0,3.0,1.0,2.0,2.0,2.0,2.0,4.0,5.0,5.0,3.0,5.0,3.0,3.0,4.0,SIRA
2.0,2.0,4.0,1.0,4.0,4.0,2.0,2.0,5.0,3.0,3.0,1.0,5.0,2.0,1.0,1.0,SIRA
2.0,2.0,3.0,1.0,4.0,4.0,2.0,2.0,4.0,4.0,4.0,1.0,5.0,3.0,1.0,3.0,SIRA
2.0,2.0,3.0,1.0,2.0,2.0,2.0,2.0,5.0,6.0,5.0,3.0,5.0,3.0,3.0,4.0,SIRA
2.0,2.0,3.0,1.0,2.0,2.0,2.0,2.0,5.0,4.0,4.0,3.0,5.0,3.0,3.0,4.0,SIRA
2.0,2.0,3.0,2.0,1.0,1.0,2.0,2.0,4.0,3.0,3.0,4.0,4.0,3.0,4.0,2.0,SIRA
2.0,2.0,3.0,2.0,2.0,2.0,2.0,2.0,2.0,4.0,4.0,3.0,4.0,3.0,3.0,3.0,SIRA
2.0,2.0,3.0,2.0,1.0,1.0,2.0,2.0,1.0,4.0,4.0,4.0,4.0,3.0,4.0,3.0,SIRA
2.0,2.0,3.0,1.0,2.0,2.0,2.0,2.0,1.0,4.0,4.0,3.0,5.0,3.0,3.0,4.0,SIRA
2.0,2.0,3.0,1.0,4.0,4.0,2.0,2.0,5.0,4.0,3.0,1.0,5.0,3.0,1.0,1.0,SIRA
2.0,2.0,3.0,1.0,4.0,4.0,2.0,2.0,5.0,3.0,3.0,1.0,5.0,3.0,1.0,3.0,SIRA
2.0,2.0,3.0,1.0,2.0,2.0,2.0,2.0,4.0,4.0,4.0,3.0,5.0,3.0,3.0,2.0,SIRA
2.0,2.0,3.0,2.0,1.0,1.0,2.0,2.0,5.0,5.0,5.0,4.0,4.0,3.0,4.0,4.0,SIRA
2.0,2.0,3.0,1.0,4.0,4.0,2.0,2.0,0.0,4.0,3.0,1.0,5.0,2.0,1.0,4.0,SIRA
2.0,2.0,3.0,3.0,1.0,1.0,2.0,2.0,5.0,5.0,5.0,4.0,3.0,4.0,4.0,4.0,SIRA
2.0,2.0,3.0,1.0,2.0,2.0,2.0,2.0,3.0,4.0,4.0,3.0,5.0,3.0,3.0,4.0,SIRA
2.0,2.0,3.0,1.0,2.0,2.0,2.0,2.0,2.0,4.0,4.0,3.0,5.0,3.0,3.0,3.0,SIRA
2.0,2.0,3.0,2.0,2.0,2.0,2.0,2.0,1.0,4.0,5.0,3.0,4.0,3.0,3.0,4.0,SIRA
2.0,2.0,3.0,2.0,2.0,2.0,2.0,2.0,5.0,6.0,5.0,3.0,4.0,3.0,3.0,4.0,SIRA
2.0,2.0,3.0,1.0,3.0,3.0,2.0,2.0,1.0,4.0,3.0,3.0,5.0,3.0,3.0,4.0,SIRA
2.0,2.0,3.0,2.0,2.0,2.0,2.0,2.0,5.0,4.0,4.0,3.0,5.0,3.0,3.0,1.0,SIRA
2.0,2.0,3.0,2.0,2.0,2.0,2.0,2.0,4.0,4.0,4.0,3.0,4.0,3.0,3.0,3.0,SIRA
2.0,2.0,3.0,1.0,4.0,4.0,2.0,2.0,4.0,4.0,4.0,1.0,5.0,3.0,1.0,2.0,SIRA
2.0,2.0,3.0,2.0,2.0,2.0,2.0,2.0,4.0,4.0,4.0,3.0,4.0,3.0,3.0,4.0,SIRA
2.0,2.0,3.0,2.0,2.0,2.0,2.0,2.0,4.0,4.0,4.0,3.0,4.0,3.0,3.0,4.0,SIRA
2.0,2.0,3.0,1.0,4.0,4.0,2.0,2.0,4.0,4.0,3.0,1.0,5.0,3.0,1.0,3.0,SIRA
2.0,2.0,3.0,2.0,2.0,2.0,2.0,2.0,2.0,4.0,4.0,3.0,4.0,3.0,3.0,4.0,SIRA
2.0,2.0,3.0,2.0,1.0,1.0,2.0,2.0,2.0,4.0,4.0,4.0,4.0,3.0,4.0,1.0,SIRA
2.0,2.0,3.0,1.0,4.0,4.0,2.0,2.0,0.0,4.0,4.0,1.0,5.0,2.0,1.0,4.0,SIRA
2.0,2.0,3.0,2.0,2.0,2.0,2.0,2.0,4.0,4.0,4.0,3.0,4.0,3.0,3.0,3.0,SIRA
2.0,2.0,3.0,1.0,4.0,4.0,2.0,2.0,5.0,2.0,3.0,1.0,5.0,3.0,1.0,1.0,SIRA
2.0,2.0,3.0,1.0,2.0,2.0,2.0,2.0,4.0,6.0,4.0,3.0,5.0,3.0,3.0,4.0,SIRA
2.0,2.0,3.0,2.0,1.0,1.0,2.0,2.0,1.0,4.0,4.0,4.0,4.0,3.0,4.0,3.0,SIRA
2.0,2.0,3.0,1.0,3.0,3.0,2.0,2.0,1.0,2.0,4.0,2.0,5.0,3.0,2.0,1.0,SIRA
2.0,2.0,3.0,1.0,4.0,4.0,2.0,2.0,1.0,6.0,4.0,1.0,5.0,3.0,1.0,4.0,SIRA
2.0,2.0,3.0,1.0,4.0,4.0,2.0,2.0,1.0,4.0,3.0,1.0,5.0,2.0,1.0,3.0,SIRA
2.0,2.0,3.0,1.0,4.0,4.0,2.0,2.0,2.0,4.0,4.0,2.0,5.0,3.0,2.0,3.0,SIRA
2.0,2.0,3.0,2.0,2.0,2.0,2.0,2.0,2.0,2.0,4.0,3.0,4.0,3.0,3.0,2.0,SIRA
2.0,2.0,3.0,3.0,1.0,1.0,2.0,2.0,1.0,2.0,4.0,4.0,4.0,4.0,4.0,1.0,SIRA
2.0,2.0,3.0,2.0,2.0,2.0,2.0,2.0,4.0,2.0,4.0,3.0,5.0,3.0,3.0,1.0,SIRA
2.0,2.0,3.0,1.0,3.0,3.0,2.0,2.0,4.0,4.0,4.0,2.0,5.0,3.0,2.0,3.0,SIRA
2.0,2.0,3.0,2.0,2.0,2.0,2.0,2.0,5.0,4.0,5.0,3.0,4.0,3.0,3.0,4.0,SIRA
2.0,2.0,3.0,1.0,3.0,3.0,2.0,2.0,4.0,4.0,4.0,2.0,5.0,3.0,2.0,2.0,SIRA
2.0,2.0,3.0,2.0,1.0,1.0,2.0,2.0,4.0,4.0,4.0,4.0,4.0,3.0,4.0,6.0,SIRA
2.0,2.0,3.0,2.0,1.0,1.0,2.0,2.0,3.0,3.0,4.0,4.0,4.0,3.0,4.0,3.0,SIRA
2.0,2.0,3.0,3.0,1.0,1.0,2.0,2.0,5.0,4.0,5.0,4.0,3.0,5.0,4.0,1.0,SIRA
2.0,2.0,3.0,3.0,1.0,1.0,2.0,2.0,5.0,4.0,5.0,4.0,3.0,5.0,4.0,4.0,SIRA
2.0,3.0,3.0,1.0,4.0,4.0,2.0,2.0,2.0,3.0,3.0,1.0,5.0,2.0,1.0,2.0,SIRA
2.0,2.0,3.0,2.0,1.0,1.0,2.0,2.0,5.0,4.0,5.0,4.0,4.0,3.0,4.0,4.0,SIRA
2.0,2.0,3.0,2.0,2.0,2.0,2.0,2.0,4.0,3.0,4.0,3.0,4.0,3.0,3.0,1.0,SIRA
2.0,2.0,3.0,1.0,4.0,4.0,2.0,2.0,2.0,4.0,4.0,1.0,5.0,2.0,1.0,1.0,SIRA
2.0,2.0,4.0,1.0,4.0,4.0,2.0,2.0,4.0,4.0,3.0,1.0,5.0,2.0,1.0,3.0,SIRA
2.0,2.0,3.0,2.0,2.0,2.0,2.0,2.0,4.0,2.0,4.0,3.0,4.0,3.0,3.0,1.0,SIRA
2.0,2.0,3.0,1.0,2.0,2.0,2.0,2.0,5.0,6.0,4.0,3.0,5.0,3.0,3.0,5.0,SIRA
2.0,2.0,3.0,2.0,1.0,1.0,2.0,2.0,1.0,3.0,4.0,4.0,4.0,3.0,4.0,3.0,SIRA
2.0,2.0,3.0,2.0,1.0,1.0,2.0,2.0,2.0,4.0,5.0,4.0,4.0,3.0,4.0,3.0,SIRA
2.0,2.0,3.0,1.0,3.0,3.0,2.0,2.0,4.0,4.0,4.0,2.0,5.0,3.0,2.0,3.0,SIRA
2.0,2.0,4.0,1.0,4.0,4.0,2.0,2.0,4.0,5.0,4.0,1.0,5.0,2.0,1.0,4.0,SIRA
2.0,3.0,4.0,1.0,4.0,4.0,2.0,2.0,2.0,4.0,3.0,1.0,5.0,2.0,1.0,3.0,SIRA
2.0,2.0,3.0,1.0,3.0,3.0,2.0,2.0,4.0,2.0,3.0,2.0,5.0,3.0,2.0,2.0,SIRA
2.0,2.0,3.0,2.0,1.0,1.0,2.0,2.0,5.0,1.0,4.0,4.0,4.0,3.0,4.0,1.0,SIRA
2.0,2.0,3.0,2.0,2.0,2.0,2.0,2.0,1.0,4.0,4.0,3.0,4.0,3.0,3.0,4.0,SIRA
2.0,2.0,3.0,2.0,2.0,2.0,2.0,2.0,4.0,4.0,5.0,3.0,4.0,3.0,3.0,4.0,SIRA
2.0,2.0,3.0,2.0,2.0,2.0,2.0,2.0,2.0,2.0,4.0,3.0,5.0,3.0,3.0,3.0,SIRA
2.0,2.0,3.0,1.0,4.0,4.0,2.0,2.0,1.0,4.0,4.0,2.0,5.0,3.0,2.0,4.0,SIRA
2.0,2.0,3.0,2.0,2.0,2.0,2.0,2.0,2.0,2.0,4.0,3.0,4.0,3.0,3.0,1.0,SIRA
2.0,2.0,3.0,2.0,2.0,2.0,2.0,2.0,1.0,3.0,5.0,3.0,4.0,3.0,3.0,2.0,SIRA
2.0,2.0,3.0,2.0,1.0,1.0,2.0,2.0,4.0,4.0,4.0,4.0,4.0,3.0,4.0,3.0,SIRA
2.0,2.0,3.0,2.0,1.0,1.0,2.0,2.0,2.0,4.0,4.0,4.0,4.0,3.0,4.0,2.0,SIRA
2.0,2.0,3.0,1.0,3.0,3.0,2.0,2.0,1.0,4.0,4.0,3.0,5.0,3.0,3.0,4.0,SIRA
2.0,2.0,3.0,2.0,2.0,2.0,2.0,2.0,2.0,4.0,4.0,3.0,4.0,3.0,3.0,4.0,SIRA
2.0,3.0,4.0,1.0,4.0,4.0,2.0,2.0,2.0,2.0,1.0,1.0,5.0,2.0,1.0,2.0,SIRA
2.0,2.0,3.0,1.0,2.0,2.0,2.0,2.0,1.0,5.0,5.0,3.0,5.0,3.0,3.0,3.0,SIRA
2.0,2.0,3.0,2.0,1.0,1.0,2.0,2.0,4.0,4.0,4.0,4.0,4.0,3.0,4.0,1.0,SIRA
2.0,2.0,3.0,2.0,1.0,1.0,2.0,2.0,4.0,4.0,5.0,4.0,4.0,3.0,4.0,2.0,SIRA
2.0,2.0,3.0,2.0,2.0,2.0,2.0,2.0,5.0,2.0,4.0,3.0,4.0,3.0,3.0,1.0,SIRA
2.0,2.0,3.0,1.0,2.0,2.0,2.0,2.0,4.0,4.0,4.0,3.0,5.0,3.0,3.0,4.0,SIRA
2.0,2.0,3.0,3.0,1.0,1.0,2.0,2.0,4.0,4.0,4.0,4.0,3.0,4.0,4.0,1.0,SIRA
2.0,2.0,3.0,1.0,3.0,3.0,2.0,2.0,4.0,4.0,4.0,2.0,5.0,3.0,2.0,3.0,SIRA
2.0,2.0,3.0,2.0,1.0,1.0,2.0,2.0,5.0,4.0,4.0,4.0,4.0,4.0,4.0,3.0,SIRA
2.0,3.0,4.0,1.0,4.0,4.0,2.0,2.0,2.0,2.0,1.0,1.0,5.0,2.0,1.0,1.0,SIRA
2.0,2.0,3.0,2.0,2.0,2.0,2.0,2.0,4.0,4.0,4.0,3.0,5.0,3.0,3.0,1.0,SIRA
2.0,2.0,3.0,1.0,2.0,2.0,2.0,2.0,2.0,4.0,4.0,3.0,5.0,3.0,3.0,4.0,SIRA
2.0,2.0,3.0,2.0,1.0,1.0,2.0,2.0,4.0,4.0,4.0,4.0,4.0,3.0,4.0,3.0,SIRA
2.0,2.0,3.0,1.0,4.0,4.0,2.0,2.0,1.0,4.0,4.0,1.0,5.0,3.0,1.0,2.0,SIRA
2.0,2.0,3.0,2.0,2.0,2.0,2.0,2.0,2.0,2.0,3.0,3.0,4.0,3.0,3.0,1.0,SIRA
2.0,2.0,3.0,2.0,2.0,2.0,2.0,2.0,2.0,4.0,4.0,3.0,4.0,3.0,3.0,4.0,SIRA
2.0,2.0,3.0,3.0,1.0,1.0,2.0,2.0,2.0,4.0,5.0,4.0,3.0,4.0,4.0,4.0,SIRA
2.0,2.0,3.0,1.0,3.0,3.0,2.0,2.0,1.0,4.0,4.0,2.0,5.0,3.0,2.0,1.0,SIRA
2.0,2.0,3.0,2.0,2.0,2.0,2.0,2.0,4.0,3.0,4.0,3.0,5.0,3.0,3.0,2.0,SIRA
2.0,2.0,3.0,2.0,2.0,2.0,2.0,2.0,2.0,4.0,4.0,3.0,4.0,3.0,3.0,3.0,SIRA
2.0,2.0,3.0,2.0,2.0,2.0,2.0,2.0,2.0,4.0,5.0,3.0,4.0,3.0,3.0,4.0,SIRA
2.0,2.0,3.0,1.0,4.0,4.0,2.0,2.0,1.0,4.0,4.0,1.0,5.0,3.0,1.0,4.0,SIRA
2.0,2.0,3.0,1.0,4.0,4.0,2.0,2.0,4.0,4.0,4.0,1.0,5.0,3.0,1.0,4.0,SIRA
2.0,2.0,3.0,2.0,2.0,2.0,2.0,2.0,5.0,4.0,4.0,3.0,4.0,3.0,3.0,2.0,SIRA
2.0,2.0,3.0,2.0,2.0,2.0,2.0,2.0,2.0,4.0,4.0,3.0,4.0,3.0,3.0,3.0,SIRA
2.0,2.0,3.0,1.0,3.0,3.0,2.0,2.0,1.0,4.0,4.0,2.0,5.0,3.0,2.0,3.0,SIRA
2.0,2.0,3.0,2.0,2.0,2.0,2.0,2.0,5.0,5.0,4.0,3.0,4.0,3.0,3.0,4.0,SIRA
2.0,2.0,3.0,1.0,2.0,2.0,2.0,2.0,2.0,3.0,4.0,3.0,5.0,3.0,3.0,3.0,SIRA
2.0,3.0,4.0,1.0,4.0,4.0,2.0,2.0,2.0,4.0,3.0,1.0,5.0,2.0,1.0,1.0,SIRA
2.0,2.0,3.0,1.0,2.0,2.0,2.0,2.0,5.0,4.0,4.0,3.0,5.0,3.0,3.0,4.0,SIRA
2.0,2.0,3.0,2.0,2.0,2.0,2.0,2.0,2.0,5.0,4.0,3.0,4.0,3.0,3.0,3.0,SIRA
2.0,2.0,3.0,1.0,3.0,3.0,2.0,2.0,2.0,4.0,4.0,2.0,5.0,3.0,2.0,4.0,SIRA
2.0,2.0,3.0,2.0,1.0,1.0,2.0,2.0,5.0,4.0,5.0,4.0,4.0,3.0,4.0,4.0,SIRA
2.0,2.0,3.0,1.0,4.0,4.0,2.0,2.0,1.0,4.0,3.0,1.0,5.0,3.0,1.0,3.0,SIRA
2.0,2.0,3.0,1.0,3.0,3.0,2.0,2.0,2.0,4.0,4.0,2.0,5.0,3.0,2.0,3.0,SIRA
2.0,2.0,3.0,2.0,2.0,2.0,2.0,2.0,2.0,4.0,4.0,3.0,4.0,3.0,3.0,3.0,SIRA
2.0,2.0,3.0,2.0,2.0,2.0,2.0,2.0,5.0,4.0,4.0,3.0,4.0,3.0,3.0,2.0,SIRA
2.0,2.0,3.0,1.0,2.0,2.0,2.0,2.0,5.0,4.0,4.0,3.0,5.0,3.0,3.0,2.0,SIRA
2.0,2.0,3.0,1.0,2.0,2.0,2.0,2.0,1.0,4.0,4.0,3.0,5.0,3.0,3.0,3.0,SIRA
2.0,2.0,3.0,1.0,4.0,4.0,2.0,2.0,4.0,4.0,4.0,1.0,5.0,3.0,1.0,2.0,SIRA
2.0,2.0,3.0,1.0,2.0,2.0,2.0,2.0,4.0,4.0,4.0,3.0,5.0,3.0,3.0,4.0,SIRA
2.0,2.0,3.0,1.0,2.0,2.0,2.0,2.0,1.0,4.0,4.0,3.0,5.0,3.0,3.0,3.0,SIRA
2.0,2.0,3.0,1.0,3.0,3.0,2.0,2.0,6.0,4.0,4.0,2.0,5.0,3.0,2.0,2.0,SIRA
2.0,4.0,4.0,0.0,6.0,6.0,2.0,2.0,3.0,4.0,1.0,0.0,5.0,2.0,0.0,4.0,SIRA
2.0,2.0,3.0,2.0,2.0,2.0,2.0,2.0,1.0,3.0,4.0,3.0,4.0,3.0,3.0,2.0,SIRA
2.0,3.0,3.0,1.0,2.0,2.0,2.0,2.0,5.0,2.0,3.0,3.0,5.0,3.0,3.0,3.0,SIRA
2.0,2.0,3.0,2.0,2.0,2.0,2.0,2.0,4.0,4.0,4.0,3.0,4.0,3.0,3.0,4.0,SIRA
2.0,2.0,3.0,2.0,2.0,2.0,2.0,2.0,2.0,2.0,4.0,3.0,4.0,3.0,3.0,1.0,SIRA
2.0,2.0,3.0,2.0,2.0,2.0,2.0,2.0,4.0,4.0,5.0,3.0,4.0,3.0,3.0,4.0,SIRA
2.0,3.0,4.0,1.0,4.0,4.0,2.0,2.0,2.0,4.0,3.0,1.0,5.0,2.0,1.0,3.0,SIRA
2.0,3.0,3.0,2.0,2.0,2.0,3.0,2.0,0.0,1.0,1.0,3.0,4.0,3.0,3.0,0.0,SIRA
2.0,3.0,4.0,1.0,4.0,4.0,2.0,2.0,2.0,4.0,3.0,1.0,5.0,2.0,1.0,1.0,SIRA
2.0,2.0,3.0,2.0,2.0,2.0,2.0,2.0,4.0,4.0,4.0,3.0,4.0,3.0,3.0,4.0,SIRA
2.0,2.0,3.0,2.0,1.0,1.0,2.0,2.0,4.0,4.0,5.0,4.0,4.0,3.0,4.0,4.0,SIRA
2.0,2.0,3.0,2.0,2.0,2.0,2.0,2.0,2.0,4.0,4.0,3.0,4.0,3.0,3.0,4.0,SIRA
2.0,3.0,4.0,1.0,4.0,4.0,2.0,2.0,4.0,5.0,3.0,1.0,5.0,2.0,1.0,1.0,SIRA
2.0,2.0,4.0,1.0,4.0,4.0,2.0,2.0,5.0,4.0,4.0,1.0,5.0,2.0,1.0,2.0,SIRA
2.0,2.0,3.0,1.0,4.0,4.0,2.0,2.0,4.0,4.0,3.0,1.0,5.0,3.0,1.0,3.0,SIRA
2.0,2.0,3.0,2.0,2.0,2.0,2.0,2.0,1.0,4.0,4.0,3.0,4.0,3.0,3.0,3.0,SIRA
2.0,2.0,3.0,1.0,2.0,2.0,2.0,2.0,5.0,4.0,4.0,3.0,5.0,3.0,3.0,3.0,SIRA
2.0,2.0,3.0,2.0,2.0,2.0,2.0,2.0,2.0,6.0,5.0,3.0,4.0,3.0,3.0,4.0,SIRA
3.0,2.0,3.0,2.0,2.0,2.0,2.0,3.0,2.0,4.0,4.0,3.0,4.0,3.0,3.0,4.0,SIRA
3.0,2.0,3.0,1.0,3.0,3.0,2.0,3.0,4.0,4.0,4.0,2.0,5.0,3.0,2.0,1.0,SIRA
3.0,2.0,3.0,2.0,2.0,2.0,2.0,3.0,2.0,4.0,5.0,3.0,4.0,3.0,3.0,3.0,SIRA
3.0,2.0,3.0,1.0,4.0,4.0,2.0,3.0,6.0,3.0,4.0,1.0,5.0,3.0,1.0,1.0,SIRA
3.0,2.0,3.0,2.0,2.0,2.0,2.0,3.0,2.0,4.0,4.0,3.0,4.0,3.0,3.0,3.0,SIRA
3.0,2.0,3.0,2.0,1.0,1.0,2.0,3.0,5.0,4.0,5.0,4.0,4.0,3.0,4.0,3.0,SIRA
3.0,2.0,3.0,2.0,2.0,2.0,2.0,3.0,1.0,4.0,4.0,3.0,4.0,3.0,3.0,3.0,SIRA
3.0,3.0,4.0,1.0,4.0,4.0,2.0,3.0,0.0,4.0,3.0,1.0,5.0,2.0,1.0,4.0,SIRA
3.0,2.0,3.0,2.0,2.0,2.0,2.0,3.0,5.0,5.0,4.0,3.0,4.0,3.0,3.0,4.0,SIRA
3.0,2.0,3.0,2.0,1.0,1.0,2.0,3.0,4.0,5.0,5.0,4.0,4.0,3.0,4.0,3.0,SIRA
3.0,2.0,3.0,1.0,2.0,2.0,2.0,3.0,1.0,5.0,4.0,3.0,5.0,3.0,3.0,4.0,SIRA
3.0,2.0,3.0,2.0,1.0,1.0,2.0,3.0,5.0,4.0,5.0,4.0,4.0,3.0,4.0,4.0,SIRA
3.0,2.0,3.0,2.0,1.0,1.0,2.0,3.0,5.0,4.0,5.0,4.0,4.0,3.0,4.0,4.0,SIRA
3.0,2.0,3.0,2.0,2.0,2.0,2.0,3.0,5.0,3.0,4.0,3.0,4.0,3.0,3.0,1.0,SIRA
3.0,2.0,3.0,2.0,2.0,2.0,3.0,3.0,4.0,2.0,4.0,3.0,4.0,3.0,3.0,1.0,SIRA
3.0,2.0,3.0,2.0,2.0,2.0,2.0,3.0,5.0,4.0,4.0,3.0,4.0,3.0,3.0,4.0,SIRA
3.0,2.0,3.0,1.0,2.0,2.0,2.0,3.0,3.0,4.0,4.0,3.0,5.0,3.0,3.0,5.0,SIRA
3.0,3.0,4.0,1.0,5.0,5.0,2.0,3.0,1.0,4.0,3.0,1.0,5.0,2.0,1.0,3.0,SIRA
3.0,4.0,3.0,1.0,2.0,2.0,3.0,3.0,4.0,2.0,0.0,3.0,5.0,3.0,3.0,2.0,SIRA
3.0,2.0,3.0,1.0,4.0,4.0,2.0,3.0,1.0,4.0,4.0,1.0,5.0,3.0,1.0,4.0,SIRA
3.0,3.0,4.0,1.0,4.0,4.0,2.0,3.0,4.0,5.0,4.0,1.0,5.0,2.0,1.0,5.0,SIRA
3.0,2.0,3.0,2.0,2.0,2.0,2.0,3.0,4.0,4.0,4.0,3.0,4.0,3.0,3.0,3.0,SIRA
3.0,2.0,3.0,2.0,1.0,1.0,2.0,3.0,2.0,4.0,4.0,4.0,4.0,3.0,4.0,4.0,SIRA
3.0,2.0,3.0,2.0,2.0,2.0,3.0,3.0,1.0,2.0,4.0,3.0,4.0,3.0,3.0,2.0,SIRA
3.0,2.0,3.0,2.0,2.0,2.0,3.0,3.0,4.0,4.0,4.0,3.0,4.0,3.0,3.0,1.0,SIRA
3.0,2.0,3.0,2.0,2.0,2.0,2.0,3.0,4.0,4.0,4.0,3.0,4.0,3.0,3.0,4.0,SIRA
3.0,2.0,3.0,2.0,1.0,1.0,2.0,3.0,5.0,4.0,4.0,4.0,4.0,3.0,4.0,1.0,SIRA
3.0,2.0,3.0,2.0,1.0,1.0,2.0,3.0,2.0,4.0,4.0,4.0,4.0,3.0,4.0,4.0,SIRA
3.0,3.0,3.0,1.0,3.0,3.0,3.0,3.0,1.0,2.0,3.0,2.0,5.0,3.0,2.0,1.0,SIRA
3.0,2.0,3.0,2.0,2.0,2.0,2.0,3.0,1.0,4.0,4.0,3.0,4.0,3.0,3.0,3.0,SIRA
3.0,3.0,4.0,1.0,4.0,4.0,2.0,3.0,0.0,4.0,3.0,1.0,5.0,2.0,1.0,3.0,SIRA
3.0,3.0,4.0,1.0,4.0,4.0,2.0,3.0,4.0,4.0,4.0,1.0,5.0,2.0,1.0,3.0,SIRA
3.0,2.0,3.0,2.0,1.0,1.0,2.0,3.0,5.0,4.0,5.0,4.0,4.0,3.0,4.0,3.0,SIRA
3.0,2.0,3.0,2.0,2.0,2.0,2.0,3.0,1.0,4.0,4.0,3.0,4.0,3.0,3.0,3.0,SIRA
3.0,2.0,3.0,1.0,3.0,3.0,2.0,3.0,5.0,6.0,4.0,2.0,5.0,3.0,2.0,4.0,SIRA
3.0,2.0,3.0,2.0,1.0,1.0,2.0,3.0,4.0,5.0,5.0,4.0,4.0,3.0,4.0,4.0,SIRA
3.0,2.0,3.0,2.0,2.0,2.0,2.0,3.0,2.0,4.0,4.0,3.0,4.0,3.0,3.0,3.0,SIRA
3.0,2.0,3.0,1.0,3.0,3.0,3.0,3.0,1.0,3.0,4.0,2.0,5.0,3.0,2.0,1.0,SIRA
3.0,2.0,3.0,2.0,2.0,2.0,2.0,3.0,2.0,6.0,5.0,3.0,4.0,3.0,3.0,4.0,SIRA
3.0,2.0,3.0,2.0,2.0,2.0,3.0,3.0,4.0,4.0,4.0,3.0,4.0,3.0,3.0,2.0,SIRA
3.0,3.0,4.0,1.0,4.0,4.0,3.0,3.0,4.0,4.0,3.0,1.0,5.0,2.0,1.0,3.0,SIRA
3.0,2.0,3.0,2.0,2.0,2.0,3.0,3.0,1.0,4.0,4.0,3.0,4.0,3.0,3.0,3.0,SIRA
3.0,3.0,4.0,1.0,4.0,4.0,3.0,3.0,1.0,2.0,3.0,1.0,5.0,2.0,1.0,2.0,SIRA
3.0,2.0,3.0,2.0,2.0,2.0,3.0,3.0,2.0,4.0,4.0,3.0,4.0,3.0,3.0,4.0,SIRA
3.0,3.0,3.0,1.0,3.0,3.0,3.0,3.0,3.0,4.0,4.0,2.0,5.0,3.0,2.0,3.0,SIRA
3.0,2.0,3.0,2.0,2.0,2.0,3.0,3.0,3.0,4.0,4.0,3.0,4.0,3.0,3.0,4.0,SIRA
3.0,2.0,3.0,2.0,1.0,1.0,3.0,3.0,4.0,4.0,5.0,4.0,4.0,3.0,4.0,4.0,SIRA
3.0,2.0,3.0,2.0,2.0,2.0,3.0,3.0,2.0,4.0,4.0,3.0,4.0,3.0,3.0,4.0,SIRA
3.0,2.0,3.0,2.0,2.0,2.0,3.0,3.0,1.0,2.0,4.0,3.0,4.0,3.0,3.0,1.0,SIRA
3.0,2.0,3.0,2.0,1.0,1.0,3.0,3.0,4.0,4.0,5.0,4.0,4.0,3.0,4.0,3.0,SIRA
3.0,2.0,3.0,1.0,4.0,4.0,3.0,3.0,2.0,4.0,4.0,2.0,5.0,3.0,2.0,4.0,SIRA
3.0,3.0,3.0,2.0,2.0,2.0,3.0,3.0,2.0,2.0,3.0,3.0,4.0,3.0,3.0,1.0,SIRA
3.0,4.0,4.0,1.0,4.0,4.0,3.0,3.0,0.0,4.0,1.0,1.0,5.0,2.0,1.0,1.0,SIRA
3.0,3.0,3.0,2.0,2.0,2.0,3.0,3.0,2.0,4.0,3.0,3.0,4.0,3.0,3.0,4.0,SIRA
3.0,2.0,3.0,2.0,2.0,2.0,3.0,3.0,4.0,3.0,4.0,3.0,4.0,3.0,3.0,2.0,SIRA
3.0,2.0,3.0,2.0,2.0,2.0,3.0,3.0,5.0,4.0,4.0,3.0,4.0,3.0,3.0,1.0,SIRA
3.0,2.0,3.0,2.0,2.0,2.0,3.0,3.0,4.0,2.0,4.0,3.0,4.0,3.0,3.0,1.0,SIRA
3.0,2.0,3.0,2.0,2.0,2.0,3.0,3.0,6.0,5.0,4.0,3.0,4.0,3.0,3.0,3.0,SIRA
3.0,2.0,3.0,2.0,2.0,2.0,3.0,3.0,1.0,2.0,4.0,3.0,4.0,3.0,3.0,1.0,SIRA
3.0,2.0,3.0,2.0,2.0,2.0,3.0,3.0,4.0,4.0,4.0,3.0,4.0,3.0,3.0,3.0,SIRA
3.0,2.0,3.0,2.0,2.0,2.0,3.0,3.0,2.0,4.0,4.0,3.0,4.0,3.0,3.0,3.0,SIRA
3.0,2.0,3.0,2.0,2.0,2.0,3.0,3.0,4.0,4.0,4.0,3.0,4.0,3.0,3.0,4.0,SIRA
3.0,2.0,3.0,2.0,2.0,2.0,3.0,3.0,4.0,4.0,4.0,3.0,4.0,3.0,3.0,3.0,SIRA
3.0,3.0,3.0,2.0,2.0,2.0,3.0,3.0,2.0,3.0,3.0,3.0,4.0,3.0,3.0,3.0,SIRA
3.0,3.0,3.0,2.0,2.0,2.0,3.0,3.0,1.0,4.0,4.0,3.0,4.0,3.0,3.0,3.0,SIRA
3.0,2.0,3.0,1.0,3.0,3.0,3.0,3.0,2.0,4.0,4.0,2.0,5.0,3.0,2.0,4.0,SIRA
3.0,2.0,3.0,2.0,1.0,1.0,3.0,3.0,4.0,5.0,5.0,4.0,4.0,3.0,4.0,3.0,SIRA
3.0,2.0,3.0,2.0,2.0,2.0,3.0,3.0,4.0,4.0,4.0,3.0,4.0,3.0,3.0,2.0,SIRA
3.0,2.0,3.0,2.0,1.0,1.0,3.0,3.0,4.0,2.0,4.0,4.0,4.0,3.0,4.0,2.0,SIRA
3.0,2.0,3.0,1.0,4.0,4.0,3.0,3.0,5.0,3.0,4.0,2.0,5.0,3.0,2.0,1.0,SIRA
3.0,2.0,3.0,2.0,2.0,2.0,3.0,3.0,4.0,4.0,4.0,3.0,4.0,3.0,3.0,4.0,SIRA
3.0,2.0,3.0,1.0,4.0,4.0,3.0,3.0,6.0,6.0,4.0,2.0,5.0,3.0,2.0,4.0,SIRA
3.0,2.0,3.0,2.0,2.0,2.0,3.0,3.0,4.0,4.0,4.0,3.0,4.0,3.0,3.0,3.0,SIRA
3.0,2.0,3.0,1.0,3.0,3.0,3.0,3.0,5.0,4.0,4.0,2.0,5.0,3.0,2.0,3.0,SIRA
3.0,2.0,3.0,2.0,2.0,2.0,3.0,3.0,2.0,3.0,4.0,3.0,4.0,3.0,3.0,1.0,SIRA
3.0,3.0,4.0,1.0,4.0,4.0,3.0,3.0,4.0,4.0,4.0,1.0,5.0,2.0,1.0,4.0,SIRA
3.0,2.0,3.0,2.0,2.0,2.0,3.0,3.0,2.0,6.0,4.0,3.0,4.0,3.0,3.0,4.0,SIRA
3.0,3.0,4.0,1.0,4.0,4.0,3.0,3.0,0.0,4.0,2.0,1.0,5.0,2.0,1.0,2.0,SIRA
3.0,3.0,4.0,1.0,4.0,4.0,3.0,3.0,5.0,4.0,4.0,1.0,5.0,2.0,1.0,4.0,SIRA
3.0,3.0,4.0,1.0,4.0,4.0,3.0,3.0,4.0,3.0,3.0,1.0,5.0,2.0,1.0,2.0,SIRA
3.0,2.0,3.0,2.0,3.0,3.0,3.0,3.0,2.0,4.0,4.0,3.0,4.0,3.0,3.0,3.0,SIRA
3.0,2.0,3.0,2.0,2.0,2.0,3.0,3.0,4.0,5.0,5.0,3.0,4.0,3.0,3.0,4.0,SIRA
3.0,2.0,3.0,2.0,1.0,1.0,3.0,3.0,1.0,4.0,4.0,4.0,4.0,3.0,4.0,2.0,SIRA
3.0,2.0,3.0,2.0,1.0,1.0,3.0,3.0,4.0,4.0,5.0,4.0,4.0,3.0,4.0,2.0,SIRA
3.0,3.0,4.0,1.0,4.0,4.0,3.0,3.0,1.0,2.0,3.0,1.0,5.0,2.0,1.0,1.0,SIRA
3.0,3.0,3.0,2.0,2.0,2.0,3.0,3.0,2.0,1.0,3.0,3.0,4.0,3.0,3.0,0.0,SIRA
3.0,3.0,4.0,1.0,4.0,4.0,3.0,3.0,1.0,4.0,4.0,1.0,5.0,2.0,1.0,4.0,SIRA
3.0,3.0,4.0,1.0,4.0,4.0,3.0,3.0,4.0,4.0,3.0,1.0,5.0,2.0,1.0,4.0,SIRA
3.0,3.0,3.0,2.0,2.0,2.0,3.0,3.0,1.0,4.0,4.0,3.0,4.0,3.0,3.0,3.0,SIRA
3.0,3.0,3.0,1.0,3.0,3.0,3.0,3.0,2.0,4.0,3.0,2.0,5.0,3.0,2.0,4.0,SIRA
3.0,2.0,3.0,2.0,2.0,2.0,3.0,3.0,2.0,6.0,4.0,3.0,4.0,3.0,3.0,4.0,SIRA
3.0,3.0,4.0,1.0,4.0,4.0,3.0,3.0,1.0,2.0,3.0,1.0,5.0,2.0,1.0,1.0,SIRA
3.0,3.0,3.0,2.0,2.0,2.0,3.0,3.0,1.0,4.0,4.0,3.0,4.0,3.0,3.0,2.0,SIRA
3.0,3.0,4.0,1.0,4.0,4.0,3.0,3.0,4.0,4.0,3.0,1.0,5.0,2.0,1.0,2.0,SIRA
3.0,4.0,4.0,1.0,4.0,4.0,3.0,3.0,2.0,2.0,0.0,1.0,5.0,2.0,1.0,3.0,SIRA
3.0,3.0,3.0,2.0,2.0,2.0,3.0,3.0,5.0,4.0,4.0,3.0,4.0,3.0,3.0,4.0,SIRA
3.0,3.0,3.0,1.0,3.0,3.0,3.0,3.0,1.0,4.0,4.0,2.0,5.0,3.0,2.0,4.0,SIRA
3.0,2.0,3.0,2.0,1.0,1.0,3.0,3.0,5.0,4.0,5.0,4.0,4.0,3.0,4.0,3.0,SIRA
3.0,2.0,3.0,3.0,1.0,1.0,3.0,3.0,4.0,6.0,5.0,4.0,3.0,4.0,4.0,4.0,SIRA
3.0,3.0,3.0,2.0,1.0,1.0,3.0,3.0,1.0,4.0,4.0,3.0,4.0,3.0,3.0,1.0,SIRA
3.0,2.0,3.0,2.0,2.0,2.0,3.0,3.0,2.0,4.0,4.0,3.0,4.0,3.0,3.0,4.0,SIRA
3.0,3.0,3.0,2.0,2.0,2.0,3.0,3.0,1.0,4.0,4.0,3.0,4.0,3.0,3.0,3.0,SIRA
3.0,2.0,3.0,2.0,2.0,2.0,3.0,3.0,5.0,4.0,4.0,3.0,4.0,3.0,3.0,2.0,SIRA
3.0,4.0,4.0,1.0,4.0,4.0,3.0,3.0,1.0,2.0,1.0,1.0,5.0,2.0,1.0,1.0,SIRA
3.0,3.0,3.0,1.0,3.0,3.0,3.0,3.0,2.0,4.0,4.0,2.0,5.0,3.0,2.0,4.0,SIRA
3.0,3.0,4.0,1.0,4.0,4.0,3.0,3.0,0.0,4.0,3.0,1.0,5.0,3.0,1.0,3.0,SIRA
3.0,3.0,3.0,2.0,2.0,2.0,3.0,3.0,4.0,4.0,4.0,3.0,4.0,3.0,3.0,4.0,SIRA
3.0,3.0,4.0,1.0,4.0,4.0,3.0,3.0,6.0,3.0,4.0,1.0,5.0,2.0,1.0,1.0,SIRA
3.0,3.0,4.0,1.0,4.0,4.0,3.0,3.0,5.0,4.0,4.0,1.0,5.0,2.0,1.0,2.0,SIRA
3.0,3.0,4.0,1.0,4.0,4.0,3.0,3.0,2.0,4.0,4.0,2.0,5.0,3.0,2.0,2.0,SIRA
3.0,3.0,3.0,2.0,1.0,1.0,3.0,3.0,1.0,4.0,4.0,4.0,4.0,3.0,4.0,3.0,SIRA
3.0,3.0,4.0,1.0,4.0,4.0,3.0,3.0,4.0,5.0,4.0,1.0,5.0,3.0,1.0,3.0,SIRA
3.0,2.0,3.0,2.0,2.0,2.0,3.0,3.0,4.0,4.0,5.0,3.0,4.0,3.0,3.0,2.0,SIRA
3.0,3.0,3.0,2.0,2.0,2.0,3.0,3.0,6.0,4.0,4.0,3.0,4.0,3.0,3.0,2.0,SIRA
3.0,3.0,3.0,2.0,2.0,2.0,3.0,3.0,4.0,4.0,4.0,3.0,4.0,3.0,3.0,3.0,SIRA
3.0,2.0,3.0,2.0,1.0,1.0,3.0,3.0,1.0,4.0,4.0,4.0,4.0,3.0,4.0,3.0,SIRA
3.0,2.0,3.0,2.0,1.0,1.0,3.0,3.0,4.0,4.0,5.0,4.0,4.0,3.0,4.0,3.0,SIRA
3.0,2.0,3.0,2.0,1.0,1.0,3.0,3.0,6.0,4.0,5.0,4.0,4.0,3.0,4.0,4.0,SIRA
3.0,2.0,3.0,3.0,1.0,1.0,3.0,3.0,2.0,4.0,4.0,4.0,3.0,4.0,4.0,4.0,SIRA
3.0,3.0,4.0,1.0,4.0,4.0,3.0,3.0,1.0,4.0,4.0,1.0,5.0,2.0,1.0,4.0,SIRA
3.0,3.0,4.0,1.0,4.0,4.0,3.0,3.0,1.0,4.0,4.0,1.0,5.0,2.0,1.0,3.0,SIRA
3.0,3.0,4.0,1.0,4.0,4.0,3.0,3.0,2.0,2.0,3.0,1.0,5.0,2.0,1.0,1.0,SIRA
3.0,3.0,3.0,2.0,2.0,2.0,3.0,3.0,2.0,4.0,4.0,3.0,4.0,3.0,3.0,2.0,SIRA
3.0,2.0,3.0,2.0,2.0,2.0,3.0,3.0,6.0,4.0,5.0,3.0,4.0,3.0,3.0,2.0,SIRA
3.0,3.0,3.0,2.0,2.0,2.0,3.0,3.0,1.0,4.0,4.0,3.0,4.0,3.0,3.0,3.0,SIRA
3.0,3.0,3.0,2.0,2.0,2.0,3.0,3.0,5.0,4.0,4.0,3.0,4.0,3.0,3.0,1.0,SIRA
3.0,3.0,4.0,1.0,4.0,4.0,3.0,3.0,5.0,4.0,4.0,1.0,5.0,2.0,1.0,1.0,SIRA
3.0,3.0,3.0,2.0,2.0,2.0,3.0,3.0,3.0,5.0,4.0,3.0,4.0,3.0,3.0,3.0,SIRA
3.0,3.0,3.0,2.0,3.0,3.0,3.0,3.0,4.0,4.0,4.0,2.0,4.0,3.0,2.0,4.0,SIRA
3.0,3.0,4.0,2.0,4.0,4.0,3.0,3.0,2.0,4.0,4.0,2.0,4.0,3.0,2.0,4.0,SIRA
3.0,3.0,4.0,1.0,4.0,4.0,3.0,3.0,1.0,4.0,4.0,2.0,5.0,3.0,2.0,4.0,SIRA
3.0,3.0,4.0,2.0,4.0,4.0,3.0,3.0,1.0,4.0,4.0,2.0,5.0,3.0,2.0,3.0,SIRA
3.0,3.0,3.0,2.0,3.0,3.0,3.0,3.0,1.0,4.0,4.0,2.0,4.0,3.0,2.0,4.0,SIRA
3.0,3.0,4.0,1.0,4.0,4.0,3.0,3.0,4.0,4.0,4.0,1.0,5.0,2.0,1.0,2.0,SIRA
3.0,3.0,3.0,2.0,2.0,2.0,3.0,3.0,4.0,4.0,4.0,3.0,4.0,3.0,3.0,3.0,SIRA
3.0,3.0,4.0,1.0,4.0,4.0,3.0,3.0,1.0,2.0,4.0,1.0,5.0,2.0,1.0,1.0,SIRA
3.0,3.0,3.0,2.0,3.0,3.0,3.0,3.0,4.0,3.0,4.0,2.0,4.0,3.0,2.0,1.0,SIRA
3.0,3.0,3.0,2.0,2.0,2.0,3.0,3.0,1.0,2.0,3.0,3.0,4.0,3.0,3.0,1.0,SIRA
3.0,2.0,3.0,3.0,1.0,1.0,3.0,3.0,2.0,3.0,5.0,4.0,3.0,3.0,4.0,1.0,SIRA
3.0,3.0,4.0,2.0,4.0,4.0,3.0,3.0,5.0,4.0,4.0,1.0,5.0,3.0,1.0,3.0,SIRA
3.0,3.0,3.0,2.0,2.0,2.0,3.0,3.0,5.0,3.0,4.0,3.0,4.0,3.0,3.0,2.0,SIRA
3.0,3.0,4.0,2.0,3.0,3.0,3.0,3.0,6.0,2.0,3.0,1.0,5.0,3.0,1.0,1.0,SIRA
3.0,3.0,4.0,1.0,4.0,4.0,3.0,3.0,0.0,3.0,3.0,1.0,5.0,2.0,1.0,1.0,SIRA
3.0,3.0,3.0,2.0,2.0,2.0,3.0,3.0,1.0,4.0,4.0,3.0,4.0,3.0,3.0,1.0,SIRA
3.0,3.0,4.0,1.0,4.0,4.0,3.0,3.0,4.0,1.0,3.0,1.0,5.0,2.0,1.0,1.0,SIRA
3.0,2.0,3.0,2.0,2.0,2.0,3.0,3.0,4.0,5.0,4.0,3.0,4.0,3.0,3.0,4.0,SIRA
3.0,3.0,3.0,2.0,2.0,2.0,3.0,3.0,4.0,4.0,4.0,3.0,4.0,3.0,3.0,3.0,SIRA
3.0,3.0,3.0,2.0,2.0,2.0,3.0,3.0,1.0,4.0,4.0,3.0,4.0,3.0,3.0,2.0,SIRA
3.0,3.0,4.0,1.0,4.0,4.0,3.0,3.0,1.0,3.0,4.0,1.0,5.0,2.0,1.0,1.0,SIRA
3.0,3.0,3.0,2.0,2.0,2.0,3.0,3.0,1.0,4.0,4.0,3.0,4.0,3.0,3.0,3.0,SIRA
3.0,3.0,3.0,2.0,2.0,2.0,3.0,3.0,1.0,4.0,4.0,3.0,4.0,3.0,3.0,2.0,SIRA
3.0,3.0,4.0,2.0,3.0,3.0,3.0,3.0,1.0,2.0,4.0,2.0,4.0,3.0,2.0,2.0,SIRA
3.0,3.0,3.0,2.0,2.0,2.0,3.0,3.0,2.0,2.0,4.0,3.0,4.0,3.0,3.0,1.0,SIRA
3.0,3.0,4.0,2.0,3.0,3.0,3.0,3.0,1.0,4.0,3.0,2.0,4.0,3.0,2.0,3.0,SIRA
3.0,3.0,4.0,2.0,3.0,3.0,3.0,3.0,4.0,3.0,4.0,2.0,4.0,3.0,2.0,2.0,SIRA
3.0,3.0,4.0,2.0,3.0,3.0,3.0,3.0,2.0,2.0,4.0,2.0,4.0,3.0,2.0,1.0,SIRA
3.0,3.0,4.0,2.0,3.0,3.0,3.0,3.0,1.0,3.0,3.0,2.0,4.0,3.0,2.0,3.0,SIRA
3.0,3.0,4.0,2.0,3.0,3.0,3.0,3.0,5.0,4.0,4.0,2.0,4.0,3.0,2.0,2.0,SIRA
3.0,3.0,4.0,1.0,4.0,4.0,3.0,3.0,6.0,4.0,4.0,1.0,5.0,2.0,1.0,2.0,SIRA
3.0,4.0,3.0,2.0,2.0,2.0,3.0,3.0,1.0,3.0,3.0,3.0,4.0,3.0,3.0,3.0,SIRA
3.0,3.0,4.0,1.0,4.0,4.0,3.0,3.0,1.0,4.0,3.0,1.0,5.0,2.0,1.0,4.0,SIRA
3.0,3.0,4.0,2.0,4.0,4.0,3.0,3.0,1.0,2.0,4.0,1.0,5.0,2.0,1.0,2.0,SIRA
3.0,3.0,3.0,2.0,2.0,2.0,3.0,3.0,4.0,3.0,4.0,3.0,4.0,3.0,3.0,3.0,SIRA
3.0,2.0,3.0,3.0,1.0,1.0,3.0,3.0,5.0,5.0,5.0,4.0,3.0,3.0,4.0,4.0,SIRA
3.0,3.0,3.0,2.0,2.0,2.0,3.0,3.0,1.0,4.0,4.0,3.0,4.0,3.0,3.0,4.0,SIRA
3.0,3.0,3.0,2.0,2.0,2.0,3.0,3.0,1.0,4.0,4.0,3.0,4.0,3.0,3.0,3.0,SIRA
3.0,4.0,4.0,2.0,4.0,4.0,3.0,3.0,4.0,3.0,3.0,1.0,4.0,2.0,1.0,3.0,SIRA
3.0,3.0,4.0,1.0,4.0,4.0,3.0,3.0,1.0,4.0,4.0,1.0,5.0,2.0,1.0,4.0,SIRA
3.0,3.0,4.0,1.0,4.0,4.0,3.0,3.0,1.0,4.0,3.0,1.0,5.0,2.0,1.0,2.0,SIRA
3.0,3.0,3.0,2.0,2.0,2.0,3.0,3.0,4.0,4.0,4.0,3.0,4.0,3.0,3.0,2.0,SIRA
3.0,3.0,4.0,2.0,2.0,2.0,3.0,3.0,4.0,4.0,4.0,3.0,4.0,3.0,3.0,2.0,SIRA
3.0,3.0,4.0,1.0,4.0,4.0,3.0,3.0,5.0,4.0,4.0,1.0,5.0,2.0,1.0,4.0,SIRA
3.0,3.0,4.0,2.0,3.0,3.0,3.0,3.0,3.0,5.0,4.0,2.0,4.0,3.0,2.0,4.0,SIRA
3.0,3.0,4.0,2.0,4.0,4.0,3.0,3.0,4.0,4.0,4.0,1.0,4.0,2.0,1.0,1.0,SIRA
3.0,3.0,4.0,2.0,4.0,4.0,3.0,3.0,2.0,4.0,4.0,2.0,4.0,2.0,2.0,4.0,SIRA
3.0,3.0,3.0,2.0,2.0,2.0,3.0,3.0,5.0,4.0,4.0,3.0,4.0,3.0,3.0,3.0,SIRA
3.0,3.0,3.0,2.0,2.0,2.0,3.0,3.0,3.0,4.0,4.0,3.0,4.0,3.0,3.0,3.0,SIRA
3.0,4.0,4.0,1.0,5.0,5.0,3.0,3.0,1.0,4.0,2.0,0.0,5.0,2.0,0.0,4.0,SIRA
3.0,3.0,4.0,2.0,2.0,2.0,3.0,3.0,4.0,4.0,4.0,3.0,4.0,3.0,3.0,3.0,SIRA
3.0,3.0,3.0,2.0,2.0,2.0,3.0,3.0,2.0,4.0,4.0,3.0,4.0,3.0,3.0,4.0,SIRA
3.0,4.0,4.0,1.0,4.0,4.0,3.0,3.0,4.0,2.0,3.0,1.0,5.0,2.0,1.0,3.0,SIRA
3.0,4.0,4.0,1.0,4.0,4.0,3.0,3.0,0.0,2.0,3.0,1.0,5.0,2.0,1.0,1.0,SIRA
3.0,3.0,3.0,2.0,2.0,2.0,3.0,3.0,5.0,4.0,4.0,3.0,4.0,3.0,3.0,1.0,SIRA
3.0,3.0,4.0,2.0,4.0,4.0,3.0,3.0,6.0,4.0,4.0,2.0,4.0,2.0,2.0,2.0,SIRA
3.0,3.0,4.0,1.0,4.0,4.0,3.0,3.0,4.0,4.0,3.0,1.0,5.0,2.0,1.0,3.0,SIRA
3.0,3.0,3.0,2.0,2.0,2.0,3.0,3.0,1.0,4.0,4.0,3.0,4.0,3.0,3.0,4.0,SIRA
3.0,4.0,4.0,1.0,4.0,4.0,3.0,3.0,1.0,4.0,3.0,1.0,5.0,2.0,1.0,1.0,SIRA
3.0,3.0,3.0,2.0,2.0,2.0,3.0,3.0,4.0,4.0,4.0,3.0,4.0,3.0,3.0,3.0,SIRA
3.0,3.0,4.0,1.0,4.0,4.0,3.0,3.0,4.0,4.0,4.0,1.0,5.0,2.0,1.0,3.0,SIRA
3.0,4.0,4.0,2.0,2.0,2.0,3.0,3.0,2.0,4.0,3.0,3.0,4.0,3.0,3.0,3.0,SIRA
3.0,3.0,4.0,2.0,4.0,4.0,3.0,3.0,4.0,4.0,4.0,1.0,4.0,2.0,1.0,3.0,SIRA
3.0,3.0,3.0,2.0,2.0,2.0,3.0,3.0,4.0,4.0,4.0,3.0,4.0,3.0,3.0,3.0,SIRA
3.0,3.0,3.0,3.0,2.0,2.0,3.0,3.0,4.0,4.0,4.0,3.0,3.0,3.0,3.0,4.0,SIRA
3.0,4.0,4.0,1.0,5.0,5.0,3.0,3.0,1.0,4.0,1.0,1.0,5.0,2.0,1.0,3.0,SIRA
3.0,4.0,4.0,2.0,3.0,3.0,3.0,3.0,1.0,4.0,4.0,2.0,4.0,3.0,2.0,4.0,SIRA
3.0,3.0,3.0,2.0,2.0,2.0,3.0,3.0,5.0,4.0,4.0,3.0,4.0,3.0,3.0,3.0,SIRA
3.0,3.0,3.0,3.0,2.0,2.0,3.0,3.0,2.0,4.0,4.0,3.0,3.0,3.0,3.0,4.0,SIRA
3.0,3.0,3.0,3.0,1.0,1.0,3.0,3.0,2.0,2.0,4.0,4.0,3.0,3.0,4.0,1.0,SIRA
3.0,3.0,4.0,2.0,3.0,3.0,3.0,3.0,4.0,4.0,4.0,2.0,4.0,2.0,2.0,4.0,SIRA
3.0,4.0,4.0,1.0,5.0,5.0,3.0,3.0,1.0,4.0,3.0,0.0,5.0,2.0,0.0,4.0,SIRA
3.0,3.0,3.0,3.0,2.0,2.0,3.0,3.0,4.0,3.0,4.0,3.0,3.0,3.0,3.0,1.0,SIRA
3.0,3.0,4.0,2.0,3.0,3.0,3.0,3.0,2.0,4.0,4.0,2.0,4.0,3.0,2.0,3.0,SIRA
3.0,4.0,4.0,2.0,4.0,4.0,3.0,3.0,4.0,4.0,4.0,1.0,4.0,2.0,1.0,4.0,SIRA
3.0,4.0,4.0,1.0,4.0,4.0,3.0,3.0,4.0,2.0,2.0,1.0,5.0,2.0,1.0,2.0,SIRA
3.0,4.0,4.0,1.0,4.0,4.0,3.0,3.0,1.0,4.0,3.0,1.0,5.0,2.0,1.0,4.0,SIRA
3.0,4.0,4.0,1.0,4.0,4.0,3.0,3.0,0.0,4.0,3.0,1.0,5.0,2.0,1.0,2.0,SIRA
3.0,3.0,3.0,3.0,2.0,2.0,3.0,3.0,4.0,4.0,5.0,3.0,3.0,3.0,3.0,4.0,SIRA
3.0,4.0,4.0,2.0,4.0,4.0,3.0,3.0,4.0,4.0,4.0,1.0,4.0,2.0,1.0,4.0,SIRA
3.0,4.0,4.0,1.0,4.0,4.0,3.0,3.0,6.0,5.0,3.0,1.0,5.0,2.0,1.0,4.0,SIRA
3.0,3.0,4.0,2.0,2.0,2.0,3.0,3.0,4.0,5.0,4.0,3.0,4.0,3.0,3.0,4.0,SIRA
3.0,3.0,4.0,2.0,2.0,2.0,3.0,3.0,2.0,4.0,4.0,3.0,4.0,3.0,3.0,4.0,SIRA
3.0,4.0,4.0,2.0,4.0,4.0,3.0,3.0,2.0,3.0,3.0,1.0,4.0,2.0,1.0,2.0,SIRA
3.0,4.0,4.0,2.0,3.0,3.0,3.0,3.0,2.0,4.0,4.0,2.0,4.0,3.0,2.0,2.0,SIRA
3.0,4.0,4.0,2.0,4.0,4.0,3.0,3.0,0.0,4.0,3.0,1.0,4.0,2.0,1.0,1.0,SIRA
3.0,4.0,4.0,2.0,4.0,4.0,3.0,3.0,5.0,4.0,4.0,1.0,4.0,2.0,1.0,4.0,SIRA
3.0,3.0,3.0,3.0,2.0,2.0,3.0,3.0,2.0,2.0,4.0,3.0,3.0,3.0,3.0,1.0,SIRA
3.0,4.0,4.0,2.0,3.0,3.0,3.0,3.0,2.0,4.0,4.0,2.0,4.0,2.0,2.0,3.0,SIRA
3.0,3.0,4.0,2.0,2.0,2.0,3.0,3.0,4.0,5.0,4.0,3.0,4.0,3.0,3.0,4.0,SIRA
3.0,3.0,3.0,3.0,2.0,2.0,3.0,3.0,5.0,4.0,5.0,3.0,3.0,3.0,3.0,4.0,SIRA
3.0,4.0,4.0,2.0,2.0,2.0,3.0,3.0,2.0,5.0,4.0,3.0,4.0,3.0,3.0,4.0,SIRA
3.0,3.0,3.0,3.0,2.0,2.0,3.0,3.0,5.0,4.0,5.0,3.0,3.0,3.0,3.0,2.0,SIRA
3.0,4.0,4.0,2.0,4.0,4.0,3.0,3.0,1.0,4.0,3.0,1.0,4.0,2.0,1.0,4.0,SIRA
3.0,4.0,4.0,2.0,2.0,2.0,3.0,3.0,1.0,4.0,4.0,3.0,4.0,3.0,3.0,3.0,SIRA
3.0,4.0,3.0,3.0,2.0,2.0,3.0,3.0,1.0,2.0,4.0,3.0,3.0,3.0,3.0,1.0,SIRA
3.0,3.0,3.0,4.0,1.0,1.0,3.0,3.0,2.0,4.0,5.0,4.0,2.0,4.0,4.0,4.0,SIRA
3.0,4.0,4.0,2.0,3.0,3.0,3.0,3.0,4.0,4.0,4.0,2.0,4.0,2.0,2.0,3.0,SIRA
3.0,4.0,4.0,2.0,4.0,4.0,3.0,3.0,6.0,4.0,4.0,1.0,4.0,2.0,1.0,2.0,SIRA
3.0,4.0,3.0,3.0,2.0,2.0,3.0,3.0,1.0,3.0,4.0,3.0,3.0,3.0,3.0,3.0,SIRA
3.0,4.0,4.0,2.0,3.0,3.0,3.0,3.0,3.0,4.0,4.0,2.0,4.0,2.0,2.0,3.0,SIRA
3.0,3.0,4.0,3.0,2.0,2.0,3.0,3.0,5.0,4.0,5.0,3.0,3.0,3.0,3.0,1.0,SIRA
3.0,4.0,4.0,2.0,4.0,4.0,3.0,3.0,2.0,2.0,1.0,1.0,4.0,2.0,1.0,1.0,SIRA
3.0,4.0,4.0,1.0,4.0,4.0,3.0,3.0,1.0,4.0,2.0,1.0,5.0,2.0,1.0,3.0,SIRA
3.0,4.0,4.0,2.0,4.0,4.0,3.0,3.0,0.0,3.0,1.0,1.0,4.0,2.0,1.0,2.0,SIRA
3.0,4.0,4.0,2.0,4.0,4.0,3.0,3.0,4.0,6.0,4.0,1.0,4.0,2.0,1.0,4.0,SIRA
3.0,4.0,4.0,2.0,4.0,4.0,3.0,3.0,2.0,4.0,4.0,2.0,4.0,2.0,2.0,3.0,SIRA
3.0,4.0,4.0,2.0,4.0,4.0,4.0,3.0,1.0,4.0,4.0,1.0,4.0,2.0,1.0,4.0,SIRA
4.0,4.0,4.0,1.0,5.0,5.0,3.0,4.0,1.0,4.0,3.0,0.0,5.0,2.0,0.0,3.0,SIRA
4.0,4.0,4.0,2.0,4.0,4.0,4.0,4.0,0.0,2.0,3.0,1.0,4.0,2.0,1.0,1.0,SIRA
4.0,4.0,4.0,1.0,4.0,4.0,4.0,4.0,0.0,3.0,3.0,1.0,5.0,2.0,1.0,1.0,SIRA
4.0,4.0,4.0,2.0,3.0,3.0,4.0,4.0,4.0,4.0,4.0,2.0,4.0,2.0,2.0,3.0,SIRA
4.0,4.0,4.0,2.0,4.0,4.0,4.0,4.0,2.0,6.0,3.0,1.0,4.0,2.0,1.0,4.0,SIRA
4.0,4.0,4.0,2.0,4.0,4.0,4.0,4.0,2.0,2.0,3.0,1.0,4.0,2.0,1.0,1.0,SIRA
4.0,4.0,4.0,2.0,4.0,4.0,4.0,4.0,1.0,2.0,3.0,1.0,4.0,2.0,1.0,1.0,SIRA
4.0,4.0,4.0,3.0,2.0,2.0,4.0,4.0,4.0,5.0,4.0,3.0,3.0,3.0,3.0,4.0,SIRA
4.0,4.0,4.0,2.0,4.0,4.0,4.0,4.0,1.0,3.0,3.0,1.0,4.0,2.0,1.0,2.0,SIRA
4.0,4.0,4.0,2.0,4.0,4.0,4.0,4.0,2.0,4.0,3.0,1.0,4.0,2.0,1.0,3.0,SIRA
4.0,4.0,4.0,2.0,4.0,4.0,4.0,4.0,1.0,2.0,3.0,1.0,4.0,2.0,1.0,1.0,SIRA
4.0,4.0,4.0,2.0,4.0,4.0,4.0,4.0,2.0,3.0,1.0,1.0,4.0,2.0,1.0,2.0,SIRA
4.0,4.0,4.0,2.0,3.0,3.0,4.0,4.0,4.0,4.0,4.0,2.0,4.0,2.0,2.0,5.0,SIRA
4.0,4.0,4.0,1.0,6.0,6.0,4.0,4.0,1.0,3.0,1.0,0.0,5.0,1.0,0.0,3.0,SIRA
4.0,4.0,4.0,3.0,4.0,4.0,4.0,4.0,4.0,4.0,4.0,1.0,3.0,2.0,1.0,3.0,SIRA
4.0,4.0,5.0,2.0,6.0,6.0,4.0,4.0,5.0,2.0,2.0,0.0,4.0,1.0,0.0,1.0,SIRA
0.0,0.0,0.0,0.0,0.0,0.0,0.0,0.0,4.0,4.0,5.0,5.0,6.0,6.0,5.0,4.0,DERMASON
0.0,0.0,0.0,0.0,1.0,1.0,0.0,0.0,3.0,3.0,5.0,4.0,6.0,6.0,4.0,6.0,DERMASON
0.0,0.0,0.0,0.0,0.0,0.0,0.0,0.0,4.0,4.0,5.0,5.0,6.0,6.0,5.0,4.0,DERMASON
0.0,0.0,0.0,0.0,0.0,0.0,0.0,0.0,4.0,4.0,6.0,5.0,6.0,6.0,5.0,4.0,DERMASON
0.0,0.0,0.0,0.0,1.0,1.0,0.0,0.0,4.0,4.0,5.0,4.0,6.0,6.0,4.0,4.0,DERMASON
0.0,0.0,0.0,0.0,1.0,1.0,0.0,0.0,2.0,4.0,5.0,4.0,6.0,6.0,4.0,6.0,DERMASON
0.0,0.0,0.0,0.0,0.0,0.0,0.0,0.0,3.0,2.0,5.0,6.0,6.0,6.0,6.0,1.0,DERMASON
0.0,0.0,0.0,0.0,1.0,1.0,0.0,0.0,4.0,4.0,5.0,4.0,6.0,6.0,4.0,5.0,DERMASON
0.0,0.0,0.0,0.0,1.0,1.0,0.0,0.0,2.0,4.0,6.0,4.0,6.0,6.0,4.0,4.0,DERMASON
0.0,0.0,0.0,0.0,1.0,1.0,0.0,0.0,4.0,2.0,5.0,4.0,6.0,6.0,4.0,6.0,DERMASON
0.0,0.0,0.0,0.0,1.0,1.0,0.0,0.0,2.0,2.0,5.0,4.0,6.0,6.0,4.0,4.0,DERMASON
0.0,0.0,0.0,0.0,1.0,1.0,0.0,0.0,2.0,4.0,5.0,4.0,6.0,6.0,4.0,5.0,DERMASON
0.0,0.0,0.0,0.0,1.0,1.0,0.0,0.0,2.0,4.0,5.0,4.0,6.0,6.0,4.0,4.0,DERMASON
0.0,0.0,0.0,0.0,1.0,1.0,0.0,0.0,5.0,4.0,5.0,4.0,6.0,6.0,4.0,6.0,DERMASON
0.0,0.0,0.0,0.0,2.0,2.0,0.0,0.0,3.0,2.0,4.0,3.0,6.0,5.0,3.0,4.0,DERMASON
0.0,0.0,0.0,0.0,1.0,1.0,0.0,0.0,4.0,2.0,5.0,4.0,6.0,6.0,4.0,5.0,DERMASON
0.0,0.0,0.0,0.0,0.0,0.0,0.0,0.0,5.0,4.0,6.0,6.0,6.0,6.0,6.0,4.0,DERMASON
0.0,0.0,0.0,0.0,1.0,1.0,0.0,0.0,4.0,3.0,5.0,4.0,6.0,6.0,4.0,5.0,DERMASON
0.0,0.0,0.0,0.0,0.0,0.0,0.0,0.0,2.0,3.0,6.0,5.0,6.0,6.0,5.0,4.0,DERMASON
0.0,0.0,0.0,0.0,1.0,1.0,0.0,0.0,2.0,4.0,5.0,4.0,6.0,6.0,4.0,4.0,DERMASON
0.0,0.0,0.0,0.0,1.0,1.0,0.0,0.0,3.0,4.0,5.0,4.0,6.0,6.0,4.0,5.0,DERMASON
0.0,0.0,0.0,0.0,1.0,1.0,0.0,0.0,4.0,3.0,5.0,4.0,6.0,6.0,4.0,6.0,DERMASON
0.0,0.0,0.0,0.0,1.0,1.0,0.0,0.0,1.0,2.0,4.0,3.0,6.0,5.0,3.0,2.0,DERMASON
0.0,0.0,0.0,0.0,1.0,1.0,0.0,0.0,2.0,4.0,4.0,4.0,6.0,6.0,4.0,1.0,DERMASON
0.0,0.0,0.0,0.0,1.0,1.0,0.0,0.0,3.0,4.0,6.0,4.0,6.0,6.0,4.0,5.0,DERMASON
0.0,0.0,0.0,0.0,4.0,4.0,0.0,0.0,2.0,2.0,4.0,1.0,6.0,5.0,1.0,1.0,DERMASON
0.0,0.0,0.0,0.0,1.0,1.0,0.0,0.0,4.0,1.0,4.0,4.0,6.0,6.0,4.0,3.0,DERMASON
0.0,0.0,0.0,0.0,0.0,0.0,0.0,0.0,2.0,4.0,5.0,5.0,6.0,6.0,5.0,3.0,DERMASON
0.0,0.0,0.0,0.0,1.0,1.0,0.0,0.0,2.0,3.0,4.0,4.0,6.0,6.0,4.0,1.0,DERMASON
0.0,0.0,0.0,0.0,1.0,1.0,0.0,0.0,2.0,4.0,6.0,4.0,6.0,6.0,4.0,2.0,DERMASON
0.0,0.0,0.0,0.0,0.0,0.0,0.0,0.0,2.0,4.0,6.0,5.0,6.0,6.0,5.0,5.0,DERMASON
0.0,0.0,0.0,0.0,1.0,1.0,0.0,0.0,2.0,3.0,5.0,4.0,6.0,6.0,4.0,1.0,DERMASON
0.0,0.0,0.0,0.0,1.0,1.0,0.0,0.0,5.0,4.0,6.0,4.0,6.0,6.0,4.0,3.0,DERMASON
0.0,0.0,0.0,0.0,2.0,2.0,0.0,0.0,2.0,4.0,5.0,3.0,6.0,5.0,3.0,6.0,DERMASON
0.0,0.0,0.0,0.0,1.0,1.0,0.0,0.0,5.0,4.0,5.0,4.0,6.0,6.0,4.0,4.0,DERMASON
0.0,0.0,0.0,0.0,1.0,1.0,0.0,0.0,4.0,4.0,5.0,4.0,6.0,6.0,4.0,4.0,DERMASON
0.0,0.0,0.0,0.0,1.0,1.0,0.0,0.0,4.0,2.0,4.0,3.0,6.0,5.0,3.0,1.0,DERMASON
0.0,0.0,0.0,0.0,0.0,0.0,0.0,0.0,4.0,4.0,6.0,5.0,6.0,6.0,5.0,5.0,DERMASON
0.0,0.0,0.0,0.0,1.0,1.0,0.0,0.0,2.0,4.0,5.0,4.0,6.0,6.0,4.0,6.0,DERMASON
0.0,0.0,0.0,0.0,1.0,1.0,0.0,0.0,3.0,4.0,5.0,4.0,6.0,6.0,4.0,5.0,DERMASON
0.0,0.0,0.0,0.0,1.0,1.0,0.0,0.0,2.0,3.0,5.0,4.0,6.0,6.0,4.0,4.0,DERMASON
0.0,0.0,0.0,0.0,1.0,1.0,0.0,0.0,4.0,4.0,5.0,4.0,6.0,6.0,4.0,4.0,DERMASON
0.0,0.0,0.0,0.0,1.0,1.0,0.0,0.0,4.0,2.0,5.0,4.0,6.0,6.0,4.0,4.0,DERMASON
0.0,0.0,0.0,0.0,1.0,1.0,0.0,0.0,2.0,2.0,5.0,4.0,6.0,6.0,4.0,4.0,DERMASON
0.0,0.0,0.0,0.0,1.0,1.0,0.0,0.0,4.0,4.0,5.0,4.0,6.0,6.0,4.0,4.0,DERMASON
0.0,0.0,0.0,0.0,1.0,1.0,0.0,0.0,4.0,4.0,5.0,4.0,6.0,6.0,4.0,4.0,DERMASON
0.0,0.0,0.0,0.0,1.0,1.0,0.0,0.0,4.0,3.0,5.0,4.0,6.0,6.0,4.0,2.0,DERMASON
0.0,0.0,0.0,0.0,1.0,1.0,0.0,0.0,4.0,3.0,5.0,4.0,6.0,6.0,4.0,3.0,DERMASON
0.0,0.0,0.0,0.0,1.0,1.0,0.0,0.0,5.0,4.0,5.0,4.0,6.0,6.0,4.0,4.0,DERMASON
0.0,0.0,0.0,0.0,2.0,2.0,0.0,0.0,4.0,4.0,5.0,3.0,6.0,5.0,3.0,4.0,DERMASON
0.0,0.0,0.0,0.0,1.0,1.0,0.0,0.0,2.0,4.0,6.0,4.0,6.0,6.0,4.0,5.0,DERMASON
0.0,0.0,0.0,0.0,1.0,1.0,0.0,0.0,2.0,4.0,5.0,4.0,6.0,6.0,4.0,6.0,DERMASON
0.0,0.0,0.0,0.0,1.0,1.0,0.0,0.0,4.0,2.0,4.0,4.0,6.0,6.0,4.0,4.0,DERMASON
0.0,0.0,0.0,0.0,1.0,1.0,0.0,0.0,2.0,3.0,5.0,4.0,6.0,6.0,4.0,4.0,DERMASON
0.0,0.0,0.0,0.0,1.0,1.0,0.0,0.0,5.0,4.0,5.0,4.0,6.0,6.0,4.0,4.0,DERMASON
0.0,0.0,0.0,0.0,1.0,1.0,0.0,0.0,2.0,4.0,5.0,4.0,6.0,6.0,4.0,5.0,DERMASON
0.0,0.0,0.0,0.0,1.0,1.0,0.0,0.0,5.0,4.0,5.0,4.0,6.0,6.0,4.0,3.0,DERMASON
0.0,0.0,0.0,0.0,2.0,2.0,0.0,0.0,4.0,4.0,4.0,3.0,6.0,5.0,3.0,4.0,DERMASON
0.0,0.0,0.0,0.0,1.0,1.0,0.0,0.0,2.0,4.0,5.0,4.0,6.0,6.0,4.0,5.0,DERMASON
0.0,0.0,0.0,0.0,1.0,1.0,0.0,0.0,2.0,2.0,4.0,4.0,6.0,6.0,4.0,4.0,DERMASON
0.0,0.0,0.0,0.0,1.0,1.0,0.0,0.0,4.0,4.0,4.0,4.0,6.0,6.0,4.0,6.0,DERMASON
0.0,0.0,0.0,0.0,1.0,1.0,0.0,0.0,5.0,4.0,5.0,4.0,6.0,6.0,4.0,4.0,DERMASON
0.0,0.0,0.0,0.0,0.0,0.0,0.0,0.0,4.0,4.0,6.0,5.0,6.0,6.0,5.0,4.0,DERMASON
0.0,0.0,0.0,0.0,4.0,4.0,0.0,0.0,5.0,4.0,4.0,1.0,6.0,5.0,1.0,6.0,DERMASON
0.0,0.0,0.0,0.0,1.0,1.0,0.0,0.0,2.0,3.0,5.0,4.0,6.0,6.0,4.0,5.0,DERMASON
0.0,0.0,0.0,0.0,2.0,2.0,0.0,0.0,5.0,4.0,5.0,3.0,6.0,5.0,3.0,4.0,DERMASON
0.0,0.0,0.0,0.0,1.0,1.0,0.0,0.0,4.0,6.0,6.0,4.0,6.0,6.0,4.0,6.0,DERMASON
0.0,0.0,0.0,0.0,1.0,1.0,0.0,0.0,2.0,4.0,5.0,4.0,6.0,6.0,4.0,4.0,DERMASON
0.0,0.0,0.0,0.0,2.0,2.0,0.0,0.0,4.0,4.0,5.0,3.0,6.0,5.0,3.0,4.0,DERMASON
0.0,0.0,0.0,0.0,1.0,1.0,0.0,0.0,2.0,4.0,5.0,4.0,6.0,6.0,4.0,3.0,DERMASON
0.0,0.0,0.0,0.0,1.0,1.0,0.0,0.0,4.0,4.0,6.0,4.0,6.0,6.0,4.0,6.0,DERMASON
0.0,0.0,0.0,0.0,1.0,1.0,0.0,0.0,2.0,4.0,5.0,4.0,6.0,6.0,4.0,3.0,DERMASON
0.0,0.0,0.0,0.0,4.0,4.0,0.0,0.0,4.0,4.0,4.0,1.0,6.0,5.0,1.0,6.0,DERMASON
0.0,0.0,0.0,0.0,1.0,1.0,0.0,0.0,2.0,2.0,5.0,4.0,6.0,6.0,4.0,4.0,DERMASON
0.0,0.0,0.0,0.0,0.0,0.0,0.0,0.0,5.0,2.0,6.0,6.0,6.0,6.0,6.0,1.0,DERMASON
0.0,0.0,0.0,0.0,1.0,1.0,0.0,0.0,2.0,4.0,5.0,4.0,6.0,6.0,4.0,1.0,DERMASON
0.0,0.0,0.0,0.0,1.0,1.0,0.0,0.0,4.0,4.0,6.0,4.0,6.0,6.0,4.0,4.0,DERMASON
0.0,0.0,0.0,0.0,1.0,1.0,0.0,0.0,2.0,3.0,5.0,4.0,6.0,6.0,4.0,4.0,DERMASON
0.0,0.0,0.0,0.0,2.0,2.0,0.0,0.0,1.0,4.0,4.0,3.0,6.0,5.0,3.0,4.0,DERMASON
0.0,0.0,1.0,0.0,6.0,6.0,0.0,0.0,2.0,2.0,1.0,0.0,6.0,3.0,0.0,2.0,DERMASON
0.0,0.0,0.0,0.0,0.0,0.0,0.0,0.0,4.0,4.0,5.0,5.0,6.0,6.0,5.0,5.0,DERMASON
0.0,0.0,0.0,0.0,1.0,1.0,0.0,0.0,4.0,4.0,5.0,5.0,6.0,6.0,5.0,6.0,DERMASON
0.0,0.0,0.0,0.0,1.0,1.0,0.0,0.0,2.0,4.0,5.0,4.0,6.0,6.0,4.0,4.0,DERMASON
0.0,0.0,0.0,0.0,1.0,1.0,0.0,0.0,2.0,3.0,4.0,4.0,6.0,6.0,4.0,3.0,DERMASON
0.0,0.0,0.0,0.0,1.0,1.0,0.0,0.0,2.0,4.0,5.0,4.0,6.0,6.0,4.0,4.0,DERMASON
0.0,0.0,0.0,0.0,1.0,1.0,0.0,0.0,2.0,3.0,5.0,4.0,6.0,6.0,4.0,4.0,DERMASON
0.0,0.0,0.0,0.0,1.0,1.0,0.0,0.0,4.0,4.0,5.0,4.0,6.0,6.0,4.0,4.0,DERMASON
0.0,0.0,0.0,0.0,2.0,2.0,0.0,0.0,4.0,1.0,0.0,3.0,6.0,5.0,3.0,2.0,DERMASON
0.0,0.0,0.0,0.0,1.0,1.0,0.0,0.0,2.0,4.0,5.0,4.0,6.0,5.0,4.0,6.0,DERMASON
0.0,0.0,0.0,0.0,1.0,1.0,0.0,0.0,4.0,3.0,5.0,4.0,6.0,6.0,4.0,4.0,DERMASON
0.0,0.0,0.0,0.0,0.0,0.0,0.0,0.0,3.0,4.0,5.0,5.0,6.0,6.0,5.0,4.0,DERMASON
0.0,0.0,0.0,0.0,0.0,0.0,0.0,0.0,5.0,4.0,6.0,6.0,6.0,6.0,6.0,5.0,DERMASON
0.0,0.0,0.0,0.0,1.0,1.0,0.0,0.0,3.0,4.0,5.0,4.0,6.0,6.0,4.0,6.0,DERMASON
0.0,0.0,0.0,0.0,1.0,1.0,0.0,0.0,2.0,4.0,5.0,4.0,6.0,5.0,4.0,5.0,DERMASON
0.0,0.0,0.0,0.0,1.0,1.0,0.0,0.0,2.0,4.0,5.0,4.0,6.0,6.0,4.0,5.0,DERMASON
0.0,0.0,0.0,0.0,1.0,1.0,0.0,0.0,2.0,4.0,5.0,4.0,6.0,6.0,4.0,4.0,DERMASON
0.0,0.0,0.0,0.0,0.0,0.0,0.0,0.0,4.0,4.0,6.0,5.0,6.0,6.0,5.0,4.0,DERMASON
0.0,0.0,0.0,0.0,1.0,1.0,0.0,0.0,2.0,4.0,5.0,4.0,6.0,6.0,4.0,3.0,DERMASON
0.0,0.0,0.0,0.0,0.0,0.0,0.0,0.0,4.0,2.0,5.0,5.0,6.0,6.0,5.0,4.0,DERMASON
0.0,0.0,0.0,0.0,2.0,2.0,0.0,0.0,2.0,4.0,4.0,3.0,6.0,5.0,3.0,4.0,DERMASON
0.0,0.0,0.0,0.0,1.0,1.0,0.0,0.0,2.0,3.0,4.0,4.0,6.0,5.0,4.0,4.0,DERMASON
0.0,0.0,0.0,0.0,1.0,1.0,0.0,0.0,2.0,2.0,5.0,4.0,6.0,6.0,4.0,4.0,DERMASON
0.0,0.0,0.0,0.0,2.0,2.0,0.0,0.0,2.0,4.0,4.0,3.0,6.0,5.0,3.0,4.0,DERMASON
0.0,0.0,0.0,0.0,2.0,2.0,0.0,0.0,2.0,0.0,0.0,3.0,6.0,5.0,3.0,1.0,DERMASON
0.0,0.0,0.0,0.0,1.0,1.0,0.0,0.0,4.0,4.0,5.0,4.0,6.0,5.0,4.0,6.0,DERMASON
0.0,0.0,0.0,0.0,2.0,2.0,0.0,0.0,4.0,4.0,5.0,3.0,6.0,5.0,3.0,3.0,DERMASON
0.0,0.0,0.0,0.0,2.0,2.0,0.0,0.0,4.0,4.0,4.0,3.0,6.0,5.0,3.0,3.0,DERMASON
0.0,0.0,0.0,0.0,1.0,1.0,0.0,0.0,4.0,4.0,5.0,4.0,6.0,6.0,4.0,4.0,DERMASON
0.0,0.0,0.0,0.0,0.0,0.0,0.0,0.0,4.0,4.0,6.0,5.0,6.0,6.0,5.0,5.0,DERMASON
0.0,0.0,0.0,0.0,1.0,1.0,0.0,0.0,2.0,4.0,5.0,4.0,6.0,6.0,4.0,4.0,DERMASON
0.0,0.0,0.0,0.0,1.0,1.0,0.0,0.0,4.0,4.0,5.0,4.0,6.0,6.0,4.0,2.0,DERMASON
0.0,0.0,1.0,0.0,4.0,4.0,0.0,0.0,0.0,4.0,4.0,1.0,6.0,5.0,1.0,3.0,DERMASON
0.0,0.0,0.0,0.0,0.0,0.0,0.0,0.0,4.0,3.0,5.0,5.0,6.0,6.0,5.0,5.0,DERMASON
0.0,0.0,0.0,0.0,0.0,0.0,0.0,0.0,4.0,4.0,6.0,6.0,6.0,6.0,6.0,4.0,DERMASON
0.0,0.0,0.0,0.0,1.0,1.0,0.0,0.0,2.0,4.0,6.0,4.0,6.0,6.0,4.0,6.0,DERMASON
0.0,0.0,0.0,0.0,1.0,1.0,0.0,0.0,2.0,2.0,5.0,4.0,6.0,6.0,4.0,4.0,DERMASON
0.0,0.0,0.0,0.0,0.0,0.0,0.0,0.0,2.0,2.0,5.0,6.0,6.0,6.0,6.0,4.0,DERMASON
0.0,0.0,0.0,0.0,0.0,0.0,0.0,0.0,2.0,1.0,1.0,6.0,6.0,6.0,6.0,3.0,DERMASON
0.0,0.0,0.0,0.0,1.0,1.0,0.0,0.0,4.0,4.0,5.0,4.0,6.0,5.0,4.0,4.0,DERMASON
0.0,0.0,0.0,0.0,1.0,1.0,0.0,0.0,2.0,4.0,5.0,4.0,6.0,6.0,4.0,4.0,DERMASON
0.0,0.0,0.0,0.0,1.0,1.0,0.0,0.0,2.0,4.0,5.0,4.0,6.0,6.0,4.0,5.0,DERMASON
0.0,0.0,0.0,0.0,2.0,2.0,0.0,0.0,4.0,4.0,5.0,3.0,6.0,5.0,3.0,4.0,DERMASON
0.0,0.0,0.0,0.0,1.0,1.0,0.0,0.0,5.0,4.0,5.0,4.0,6.0,6.0,4.0,4.0,DERMASON
0.0,0.0,0.0,0.0,1.0,1.0,0.0,0.0,2.0,2.0,6.0,4.0,6.0,6.0,4.0,1.0,DERMASON
0.0,0.0,0.0,0.0,1.0,1.0,0.0,0.0,4.0,4.0,5.0,4.0,6.0,6.0,4.0,2.0,DERMASON
0.0,0.0,0.0,0.0,1.0,1.0,0.0,0.0,4.0,4.0,5.0,4.0,6.0,6.0,4.0,4.0,DERMASON
0.0,0.0,0.0,0.0,1.0,1.0,0.0,0.0,4.0,4.0,5.0,4.0,6.0,6.0,4.0,4.0,DERMASON
0.0,0.0,0.0,0.0,2.0,2.0,0.0,0.0,6.0,4.0,5.0,3.0,6.0,5.0,3.0,3.0,DERMASON
0.0,0.0,0.0,0.0,2.0,2.0,0.0,0.0,2.0,4.0,5.0,3.0,6.0,5.0,3.0,4.0,DERMASON
0.0,0.0,0.0,0.0,1.0,1.0,0.0,0.0,2.0,4.0,6.0,4.0,6.0,6.0,4.0,4.0,DERMASON
0.0,0.0,0.0,0.0,1.0,1.0,0.0,0.0,4.0,4.0,5.0,4.0,6.0,6.0,4.0,4.0,DERMASON
0.0,0.0,0.0,0.0,1.0,1.0,0.0,0.0,2.0,4.0,5.0,4.0,6.0,6.0,4.0,4.0,DERMASON
0.0,0.0,0.0,0.0,1.0,1.0,0.0,0.0,2.0,2.0,5.0,4.0,6.0,6.0,4.0,3.0,DERMASON
0.0,0.0,0.0,0.0,1.0,1.0,0.0,0.0,2.0,4.0,5.0,4.0,6.0,6.0,4.0,4.0,DERMASON
0.0,0.0,0.0,0.0,2.0,2.0,0.0,0.0,1.0,2.0,5.0,3.0,6.0,5.0,3.0,1.0,DERMASON
0.0,0.0,0.0,0.0,1.0,1.0,0.0,0.0,2.0,3.0,5.0,4.0,6.0,5.0,4.0,4.0,DERMASON
0.0,0.0,0.0,0.0,1.0,1.0,0.0,0.0,2.0,4.0,5.0,4.0,6.0,6.0,4.0,5.0,DERMASON
0.0,0.0,0.0,0.0,1.0,1.0,0.0,0.0,2.0,3.0,5.0,4.0,6.0,6.0,4.0,6.0,DERMASON
0.0,0.0,0.0,0.0,1.0,1.0,0.0,0.0,4.0,4.0,5.0,4.0,6.0,6.0,4.0,4.0,DERMASON
0.0,0.0,0.0,0.0,1.0,1.0,0.0,0.0,4.0,4.0,5.0,4.0,6.0,6.0,4.0,4.0,DERMASON
0.0,0.0,0.0,0.0,1.0,1.0,0.0,0.0,4.0,4.0,5.0,4.0,6.0,6.0,4.0,4.0,DERMASON
0.0,0.0,0.0,0.0,1.0,1.0,0.0,0.0,2.0,4.0,6.0,4.0,6.0,6.0,4.0,4.0,DERMASON
0.0,0.0,0.0,0.0,1.0,1.0,0.0,0.0,2.0,4.0,5.0,4.0,6.0,5.0,4.0,4.0,DERMASON
0.0,0.0,0.0,0.0,1.0,1.0,0.0,0.0,5.0,4.0,5.0,4.0,6.0,6.0,4.0,1.0,DERMASON
0.0,0.0,0.0,0.0,0.0,0.0,0.0,0.0,2.0,3.0,5.0,5.0,6.0,6.0,5.0,3.0,DERMASON
0.0,0.0,0.0,0.0,4.0,4.0,0.0,0.0,4.0,4.0,4.0,2.0,6.0,5.0,2.0,4.0,DERMASON
0.0,1.0,0.0,0.0,2.0,2.0,0.0,0.0,2.0,0.0,0.0,3.0,6.0,5.0,3.0,3.0,DERMASON
0.0,0.0,1.0,0.0,4.0,4.0,0.0,0.0,4.0,4.0,3.0,1.0,6.0,4.0,1.0,4.0,DERMASON
0.0,0.0,0.0,0.0,4.0,4.0,0.0,0.0,2.0,4.0,4.0,1.0,6.0,5.0,1.0,4.0,DERMASON
0.0,0.0,0.0,0.0,1.0,1.0,0.0,0.0,5.0,4.0,5.0,4.0,6.0,5.0,4.0,4.0,DERMASON
0.0,0.0,0.0,0.0,1.0,1.0,0.0,0.0,5.0,4.0,5.0,4.0,6.0,5.0,4.0,1.0,DERMASON
0.0,0.0,0.0,0.0,1.0,1.0,0.0,0.0,4.0,3.0,5.0,4.0,6.0,6.0,4.0,4.0,DERMASON
0.0,0.0,0.0,0.0,1.0,1.0,0.0,0.0,4.0,4.0,5.0,4.0,6.0,6.0,4.0,4.0,DERMASON
0.0,0.0,1.0,0.0,4.0,4.0,0.0,0.0,1.0,2.0,1.0,1.0,6.0,5.0,1.0,5.0,DERMASON
0.0,0.0,0.0,0.0,1.0,1.0,0.0,0.0,4.0,4.0,6.0,4.0,6.0,6.0,4.0,4.0,DERMASON
0.0,0.0,0.0,0.0,1.0,1.0,0.0,0.0,4.0,4.0,5.0,4.0,6.0,5.0,4.0,4.0,DERMASON
0.0,0.0,0.0,0.0,1.0,1.0,0.0,0.0,2.0,4.0,5.0,4.0,6.0,5.0,4.0,4.0,DERMASON
0.0,0.0,0.0,0.0,2.0,2.0,0.0,0.0,4.0,3.0,5.0,3.0,6.0,5.0,3.0,4.0,DERMASON
0.0,0.0,0.0,0.0,4.0,4.0,0.0,0.0,1.0,4.0,4.0,1.0,6.0,5.0,1.0,4.0,DERMASON
0.0,0.0,0.0,0.0,1.0,1.0,0.0,0.0,4.0,3.0,5.0,4.0,6.0,5.0,4.0,3.0,DERMASON
0.0,0.0,0.0,0.0,1.0,1.0,0.0,0.0,4.0,4.0,6.0,4.0,6.0,6.0,4.0,3.0,DERMASON
0.0,0.0,0.0,0.0,1.0,1.0,0.0,0.0,5.0,4.0,5.0,4.0,6.0,6.0,4.0,4.0,DERMASON
0.0,0.0,0.0,0.0,1.0,1.0,0.0,0.0,2.0,3.0,5.0,4.0,6.0,6.0,4.0,4.0,DERMASON
0.0,0.0,0.0,0.0,2.0,2.0,0.0,0.0,4.0,4.0,5.0,3.0,6.0,5.0,3.0,4.0,DERMASON
0.0,0.0,0.0,0.0,1.0,1.0,0.0,0.0,4.0,2.0,4.0,4.0,6.0,6.0,4.0,2.0,DERMASON
0.0,0.0,0.0,0.0,1.0,1.0,0.0,0.0,3.0,4.0,5.0,4.0,6.0,5.0,4.0,4.0,DERMASON
0.0,0.0,0.0,0.0,2.0,2.0,0.0,0.0,4.0,4.0,5.0,3.0,6.0,5.0,3.0,4.0,DERMASON
0.0,0.0,0.0,0.0,1.0,1.0,0.0,0.0,6.0,4.0,5.0,4.0,6.0,6.0,4.0,3.0,DERMASON
0.0,0.0,0.0,0.0,2.0,2.0,0.0,0.0,6.0,4.0,5.0,3.0,6.0,5.0,3.0,4.0,DERMASON
0.0,0.0,0.0,0.0,1.0,1.0,0.0,0.0,4.0,4.0,5.0,4.0,6.0,6.0,4.0,4.0,DERMASON
0.0,0.0,0.0,0.0,1.0,1.0,0.0,0.0,4.0,3.0,5.0,4.0,6.0,6.0,4.0,4.0,DERMASON
0.0,0.0,0.0,0.0,1.0,1.0,0.0,0.0,2.0,3.0,4.0,4.0,6.0,6.0,4.0,5.0,DERMASON
0.0,0.0,0.0,0.0,2.0,2.0,0.0,0.0,6.0,4.0,4.0,3.0,6.0,5.0,3.0,4.0,DERMASON
0.0,0.0,0.0,0.0,1.0,1.0,0.0,0.0,2.0,2.0,4.0,4.0,6.0,6.0,4.0,1.0,DERMASON
0.0,0.0,1.0,0.0,4.0,4.0,0.0,0.0,5.0,4.0,4.0,1.0,6.0,5.0,1.0,4.0,DERMASON
0.0,0.0,0.0,0.0,1.0,1.0,0.0,0.0,2.0,4.0,5.0,4.0,6.0,5.0,4.0,4.0,DERMASON
0.0,0.0,0.0,0.0,2.0,2.0,0.0,0.0,2.0,4.0,5.0,4.0,6.0,5.0,4.0,4.0,DERMASON
0.0,0.0,0.0,0.0,1.0,1.0,0.0,0.0,2.0,4.0,5.0,4.0,6.0,6.0,4.0,6.0,DERMASON
0.0,0.0,0.0,0.0,1.0,1.0,0.0,0.0,4.0,3.0,4.0,4.0,6.0,5.0,4.0,3.0,DERMASON
0.0,0.0,0.0,0.0,1.0,1.0,0.0,0.0,2.0,2.0,4.0,4.0,6.0,5.0,4.0,4.0,DERMASON
0.0,0.0,0.0,0.0,2.0,2.0,0.0,0.0,3.0,3.0,4.0,3.0,6.0,5.0,3.0,4.0,DERMASON
0.0,0.0,0.0,0.0,1.0,1.0,0.0,0.0,5.0,4.0,5.0,4.0,6.0,6.0,4.0,3.0,DERMASON
0.0,0.0,0.0,0.0,1.0,1.0,0.0,0.0,3.0,2.0,5.0,4.0,6.0,5.0,4.0,4.0,DERMASON
0.0,0.0,0.0,0.0,2.0,2.0,0.0,0.0,2.0,2.0,4.0,3.0,6.0,5.0,3.0,4.0,DERMASON
0.0,0.0,0.0,0.0,1.0,1.0,0.0,0.0,2.0,4.0,5.0,4.0,6.0,5.0,4.0,4.0,DERMASON
0.0,0.0,0.0,0.0,1.0,1.0,0.0,0.0,4.0,3.0,5.0,4.0,6.0,5.0,4.0,4.0,DERMASON
0.0,0.0,0.0,0.0,2.0,2.0,0.0,0.0,2.0,4.0,4.0,3.0,6.0,5.0,3.0,3.0,DERMASON
0.0,0.0,0.0,0.0,2.0,2.0,0.0,0.0,2.0,4.0,5.0,3.0,6.0,5.0,3.0,5.0,DERMASON
0.0,0.0,0.0,0.0,1.0,1.0,0.0,0.0,2.0,4.0,5.0,4.0,6.0,6.0,4.0,5.0,DERMASON
0.0,0.0,0.0,0.0,1.0,1.0,0.0,0.0,4.0,4.0,5.0,4.0,6.0,5.0,4.0,4.0,DERMASON
0.0,0.0,0.0,0.0,1.0,1.0,0.0,0.0,4.0,3.0,5.0,4.0,6.0,5.0,4.0,3.0,DERMASON
0.0,0.0,0.0,0.0,0.0,0.0,0.0,0.0,4.0,4.0,6.0,5.0,6.0,6.0,5.0,5.0,DERMASON
0.0,0.0,0.0,0.0,1.0,1.0,0.0,0.0,4.0,2.0,3.0,4.0,6.0,5.0,4.0,2.0,DERMASON
0.0,0.0,0.0,0.0,1.0,1.0,0.0,0.0,4.0,4.0,5.0,4.0,6.0,6.0,4.0,4.0,DERMASON
0.0,0.0,1.0,0.0,4.0,4.0,0.0,0.0,1.0,2.0,1.0,1.0,6.0,4.0,1.0,3.0,DERMASON
0.0,0.0,0.0,0.0,1.0,1.0,0.0,0.0,3.0,4.0,5.0,4.0,6.0,6.0,4.0,2.0,DERMASON
0.0,0.0,0.0,0.0,1.0,1.0,0.0,0.0,2.0,4.0,5.0,4.0,6.0,6.0,4.0,5.0,DERMASON
0.0,0.0,0.0,0.0,1.0,1.0,0.0,0.0,4.0,4.0,6.0,4.0,6.0,6.0,4.0,4.0,DERMASON
0.0,0.0,0.0,0.0,1.0,1.0,0.0,0.0,2.0,3.0,5.0,4.0,6.0,6.0,4.0,3.0,DERMASON
0.0,0.0,0.0,0.0,1.0,1.0,0.0,0.0,2.0,4.0,5.0,4.0,6.0,6.0,4.0,4.0,DERMASON
0.0,0.0,0.0,0.0,1.0,1.0,0.0,0.0,2.0,3.0,5.0,4.0,6.0,5.0,4.0,4.0,DERMASON
0.0,0.0,0.0,0.0,1.0,1.0,0.0,0.0,2.0,4.0,5.0,4.0,6.0,5.0,4.0,1.0,DERMASON
0.0,0.0,0.0,0.0,1.0,1.0,0.0,0.0,1.0,4.0,5.0,4.0,6.0,5.0,4.0,2.0,DERMASON
0.0,0.0,0.0,0.0,1.0,1.0,0.0,0.0,5.0,1.0,1.0,4.0,6.0,5.0,4.0,4.0,DERMASON
0.0,0.0,0.0,0.0,1.0,1.0,0.0,0.0,2.0,3.0,5.0,4.0,6.0,6.0,4.0,3.0,DERMASON
0.0,0.0,0.0,0.0,1.0,1.0,0.0,0.0,2.0,4.0,5.0,4.0,6.0,5.0,4.0,4.0,DERMASON
0.0,0.0,0.0,0.0,1.0,1.0,0.0,0.0,4.0,4.0,5.0,4.0,6.0,5.0,4.0,4.0,DERMASON
0.0,0.0,0.0,0.0,2.0,2.0,0.0,0.0,4.0,3.0,5.0,3.0,6.0,5.0,3.0,4.0,DERMASON
0.0,0.0,0.0,0.0,1.0,1.0,0.0,0.0,2.0,2.0,5.0,4.0,6.0,6.0,4.0,3.0,DERMASON
0.0,0.0,0.0,0.0,2.0,2.0,0.0,0.0,2.0,4.0,4.0,3.0,6.0,5.0,3.0,4.0,DERMASON
0.0,0.0,0.0,0.0,1.0,1.0,0.0,0.0,4.0,4.0,5.0,4.0,6.0,5.0,4.0,4.0,DERMASON
0.0,0.0,0.0,0.0,0.0,0.0,0.0,0.0,2.0,3.0,5.0,5.0,6.0,6.0,5.0,2.0,DERMASON
0.0,0.0,0.0,0.0,1.0,1.0,0.0,0.0,2.0,4.0,5.0,4.0,6.0,5.0,4.0,4.0,DERMASON
0.0,0.0,0.0,0.0,1.0,1.0,0.0,0.0,4.0,4.0,5.0,4.0,6.0,5.0,4.0,3.0,DERMASON
0.0,0.0,0.0,0.0,1.0,1.0,0.0,0.0,2.0,3.0,5.0,4.0,6.0,6.0,4.0,3.0,DERMASON
0.0,0.0,0.0,0.0,1.0,1.0,0.0,0.0,3.0,3.0,5.0,4.0,6.0,6.0,4.0,4.0,DERMASON
0.0,0.0,0.0,0.0,0.0,0.0,0.0,0.0,6.0,4.0,6.0,5.0,6.0,6.0,5.0,3.0,DERMASON
0.0,0.0,0.0,0.0,2.0,2.0,0.0,0.0,2.0,3.0,4.0,3.0,6.0,5.0,3.0,4.0,DERMASON
0.0,0.0,0.0,0.0,2.0,2.0,0.0,0.0,1.0,2.0,3.0,3.0,6.0,5.0,3.0,3.0,DERMASON
0.0,0.0,0.0,0.0,1.0,1.0,0.0,0.0,2.0,4.0,5.0,4.0,6.0,5.0,4.0,1.0,DERMASON
0.0,0.0,0.0,0.0,2.0,2.0,0.0,0.0,1.0,4.0,5.0,3.0,6.0,5.0,3.0,2.0,DERMASON
0.0,0.0,0.0,0.0,1.0,1.0,0.0,0.0,4.0,2.0,4.0,4.0,6.0,5.0,4.0,4.0,DERMASON
0.0,0.0,0.0,0.0,1.0,1.0,0.0,0.0,2.0,4.0,5.0,4.0,6.0,6.0,4.0,2.0,DERMASON
0.0,0.0,0.0,0.0,1.0,1.0,0.0,0.0,5.0,4.0,5.0,4.0,6.0,6.0,4.0,4.0,DERMASON
0.0,0.0,1.0,0.0,4.0,4.0,0.0,0.0,2.0,2.0,3.0,1.0,6.0,5.0,1.0,4.0,DERMASON
0.0,0.0,0.0,0.0,0.0,0.0,0.0,0.0,4.0,3.0,6.0,5.0,6.0,6.0,5.0,4.0,DERMASON
0.0,0.0,0.0,0.0,2.0,2.0,0.0,0.0,2.0,2.0,4.0,3.0,6.0,5.0,3.0,3.0,DERMASON
0.0,0.0,1.0,0.0,3.0,3.0,0.0,0.0,2.0,4.0,4.0,2.0,6.0,5.0,2.0,4.0,DERMASON
0.0,0.0,0.0,0.0,2.0,2.0,0.0,0.0,2.0,3.0,4.0,3.0,6.0,5.0,3.0,3.0,DERMASON
0.0,0.0,0.0,0.0,1.0,1.0,0.0,0.0,2.0,3.0,5.0,4.0,6.0,5.0,4.0,3.0,DERMASON
0.0,0.0,0.0,0.0,1.0,1.0,0.0,0.0,5.0,4.0,5.0,4.0,6.0,6.0,4.0,3.0,DERMASON
0.0,0.0,0.0,0.0,1.0,1.0,0.0,0.0,5.0,4.0,5.0,4.0,6.0,5.0,4.0,4.0,DERMASON
0.0,0.0,0.0,0.0,0.0,0.0,0.0,0.0,4.0,4.0,6.0,5.0,6.0,6.0,5.0,6.0,DERMASON
0.0,0.0,0.0,0.0,1.0,1.0,0.0,0.0,2.0,4.0,5.0,4.0,6.0,6.0,4.0,6.0,DERMASON
0.0,0.0,0.0,0.0,1.0,1.0,0.0,0.0,4.0,4.0,5.0,4.0,6.0,5.0,4.0,4.0,DERMASON
0.0,0.0,0.0,0.0,1.0,1.0,0.0,0.0,5.0,4.0,5.0,4.0,6.0,6.0,4.0,2.0,DERMASON
0.0,0.0,0.0,0.0,2.0,2.0,0.0,0.0,2.0,4.0,5.0,3.0,6.0,5.0,3.0,4.0,DERMASON
0.0,0.0,0.0,0.0,2.0,2.0,0.0,0.0,2.0,2.0,4.0,3.0,6.0,5.0,3.0,1.0,DERMASON
0.0,0.0,0.0,0.0,1.0,1.0,0.0,0.0,3.0,4.0,5.0,4.0,6.0,5.0,4.0,4.0,DERMASON
0.0,0.0,0.0,0.0,1.0,1.0,0.0,0.0,4.0,4.0,5.0,4.0,6.0,5.0,4.0,6.0,DERMASON
0.0,0.0,0.0,0.0,1.0,1.0,0.0,0.0,2.0,3.0,4.0,4.0,6.0,5.0,4.0,4.0,DERMASON
0.0,0.0,0.0,0.0,1.0,1.0,0.0,0.0,2.0,4.0,5.0,4.0,6.0,5.0,4.0,3.0,DERMASON
0.0,0.0,0.0,0.0,2.0,2.0,0.0,0.0,2.0,4.0,5.0,4.0,6.0,5.0,4.0,5.0,DERMASON
0.0,0.0,0.0,0.0,1.0,1.0,0.0,0.0,2.0,4.0,5.0,4.0,6.0,6.0,4.0,3.0,DERMASON
0.0,0.0,0.0,0.0,2.0,2.0,0.0,0.0,2.0,4.0,5.0,3.0,6.0,5.0,3.0,4.0,DERMASON
0.0,0.0,0.0,0.0,0.0,0.0,0.0,0.0,3.0,4.0,6.0,5.0,6.0,6.0,5.0,5.0,DERMASON
0.0,0.0,0.0,0.0,2.0,2.0,0.0,0.0,4.0,2.0,4.0,3.0,6.0,5.0,3.0,4.0,DERMASON
0.0,0.0,0.0,0.0,1.0,1.0,0.0,0.0,4.0,4.0,5.0,4.0,6.0,5.0,4.0,5.0,DERMASON
0.0,0.0,0.0,0.0,1.0,1.0,0.0,0.0,4.0,4.0,5.0,4.0,6.0,6.0,4.0,4.0,DERMASON
0.0,0.0,0.0,0.0,1.0,1.0,0.0,0.0,4.0,2.0,4.0,4.0,6.0,5.0,4.0,4.0,DERMASON
0.0,0.0,1.0,0.0,2.0,2.0,0.0,0.0,1.0,3.0,4.0,3.0,6.0,5.0,3.0,4.0,DERMASON
0.0,0.0,0.0,0.0,1.0,1.0,0.0,0.0,4.0,3.0,5.0,4.0,6.0,5.0,4.0,4.0,DERMASON
0.0,0.0,0.0,0.0,2.0,2.0,0.0,0.0,2.0,4.0,5.0,3.0,6.0,5.0,3.0,4.0,DERMASON
0.0,0.0,0.0,0.0,2.0,2.0,0.0,0.0,2.0,4.0,4.0,3.0,6.0,5.0,3.0,4.0,DERMASON
0.0,0.0,0.0,0.0,1.0,1.0,0.0,0.0,2.0,4.0,5.0,4.0,6.0,6.0,4.0,5.0,DERMASON
0.0,0.0,0.0,0.0,2.0,2.0,0.0,0.0,2.0,4.0,5.0,3.0,6.0,5.0,3.0,5.0,DERMASON
0.0,0.0,0.0,0.0,1.0,1.0,0.0,0.0,2.0,4.0,5.0,4.0,6.0,6.0,4.0,4.0,DERMASON
0.0,0.0,0.0,0.0,1.0,1.0,0.0,0.0,2.0,4.0,5.0,4.0,6.0,6.0,4.0,1.0,DERMASON
0.0,0.0,0.0,0.0,1.0,1.0,0.0,0.0,4.0,4.0,5.0,4.0,6.0,5.0,4.0,6.0,DERMASON
0.0,0.0,0.0,0.0,1.0,1.0,0.0,0.0,5.0,3.0,5.0,4.0,6.0,6.0,4.0,3.0,DERMASON
0.0,0.0,0.0,0.0,1.0,1.0,0.0,0.0,2.0,2.0,5.0,4.0,6.0,6.0,4.0,2.0,DERMASON
0.0,0.0,0.0,0.0,1.0,1.0,0.0,0.0,5.0,4.0,5.0,4.0,6.0,5.0,4.0,4.0,DERMASON
0.0,0.0,0.0,0.0,2.0,2.0,0.0,0.0,2.0,4.0,4.0,3.0,6.0,5.0,3.0,4.0,DERMASON
0.0,0.0,0.0,0.0,2.0,2.0,0.0,0.0,4.0,3.0,4.0,3.0,6.0,5.0,3.0,3.0,DERMASON
0.0,0.0,0.0,0.0,2.0,2.0,0.0,0.0,4.0,4.0,5.0,4.0,6.0,5.0,4.0,5.0,DERMASON
0.0,0.0,0.0,0.0,2.0,2.0,0.0,0.0,2.0,4.0,4.0,3.0,6.0,5.0,3.0,4.0,DERMASON
0.0,0.0,0.0,0.0,2.0,2.0,0.0,0.0,2.0,4.0,5.0,3.0,6.0,5.0,3.0,4.0,DERMASON
0.0,0.0,0.0,0.0,1.0,1.0,0.0,0.0,1.0,5.0,5.0,3.0,6.0,5.0,3.0,3.0,DERMASON
0.0,0.0,0.0,0.0,1.0,1.0,0.0,0.0,2.0,4.0,5.0,4.0,6.0,6.0,4.0,4.0,DERMASON
0.0,0.0,0.0,0.0,1.0,1.0,0.0,0.0,4.0,6.0,6.0,4.0,6.0,6.0,4.0,4.0,DERMASON
0.0,0.0,0.0,0.0,2.0,2.0,0.0,0.0,4.0,2.0,5.0,3.0,6.0,5.0,3.0,4.0,DERMASON
0.0,0.0,0.0,0.0,1.0,1.0,0.0,0.0,4.0,4.0,5.0,4.0,6.0,6.0,4.0,4.0,DERMASON
0.0,0.0,0.0,0.0,2.0,2.0,0.0,0.0,1.0,4.0,4.0,3.0,6.0,5.0,3.0,4.0,DERMASON
0.0,0.0,0.0,0.0,1.0,1.0,0.0,0.0,2.0,4.0,5.0,4.0,6.0,6.0,4.0,4.0,DERMASON
0.0,0.0,0.0,0.0,2.0,2.0,0.0,0.0,5.0,4.0,4.0,3.0,6.0,5.0,3.0,3.0,DERMASON
0.0,0.0,0.0,0.0,0.0,0.0,0.0,0.0,4.0,4.0,6.0,5.0,6.0,6.0,5.0,4.0,DERMASON
0.0,0.0,0.0,0.0,2.0,2.0,0.0,0.0,6.0,2.0,5.0,3.0,6.0,5.0,3.0,3.0,DERMASON
0.0,0.0,0.0,0.0,0.0,0.0,0.0,0.0,2.0,1.0,4.0,6.0,6.0,6.0,6.0,1.0,DERMASON
0.0,0.0,1.0,0.0,3.0,3.0,0.0,0.0,2.0,4.0,4.0,3.0,6.0,5.0,3.0,4.0,DERMASON
0.0,0.0,1.0,0.0,4.0,4.0,0.0,0.0,2.0,4.0,3.0,1.0,6.0,4.0,1.0,3.0,DERMASON
0.0,0.0,0.0,0.0,1.0,1.0,0.0,0.0,2.0,4.0,5.0,4.0,6.0,6.0,4.0,4.0,DERMASON
0.0,0.0,0.0,0.0,2.0,2.0,0.0,0.0,4.0,4.0,5.0,3.0,6.0,5.0,3.0,4.0,DERMASON
0.0,0.0,0.0,0.0,1.0,1.0,0.0,0.0,3.0,4.0,5.0,4.0,6.0,6.0,4.0,3.0,DERMASON
0.0,0.0,0.0,0.0,1.0,1.0,0.0,0.0,2.0,3.0,5.0,4.0,6.0,6.0,4.0,3.0,DERMASON
0.0,0.0,0.0,0.0,1.0,1.0,0.0,0.0,5.0,3.0,5.0,4.0,6.0,6.0,4.0,4.0,DERMASON
0.0,0.0,0.0,0.0,2.0,2.0,0.0,0.0,1.0,4.0,4.0,3.0,6.0,5.0,3.0,4.0,DERMASON
0.0,0.0,0.0,0.0,1.0,1.0,0.0,0.0,4.0,4.0,5.0,4.0,6.0,6.0,4.0,5.0,DERMASON
0.0,0.0,0.0,0.0,2.0,2.0,0.0,0.0,5.0,4.0,5.0,3.0,6.0,5.0,3.0,4.0,DERMASON
0.0,0.0,0.0,0.0,1.0,1.0,0.0,0.0,4.0,4.0,5.0,4.0,6.0,5.0,4.0,4.0,DERMASON
0.0,0.0,0.0,0.0,1.0,1.0,0.0,0.0,2.0,5.0,5.0,4.0,6.0,6.0,4.0,4.0,DERMASON
0.0,0.0,0.0,0.0,2.0,2.0,0.0,0.0,1.0,4.0,5.0,3.0,6.0,5.0,3.0,3.0,DERMASON
0.0,0.0,0.0,0.0,2.0,2.0,0.0,0.0,5.0,3.0,5.0,3.0,6.0,5.0,3.0,4.0,DERMASON
0.0,0.0,0.0,0.0,1.0,1.0,0.0,0.0,4.0,3.0,4.0,4.0,6.0,5.0,4.0,3.0,DERMASON
0.0,0.0,0.0,0.0,1.0,1.0,0.0,0.0,6.0,3.0,4.0,4.0,6.0,5.0,4.0,3.0,DERMASON
0.0,0.0,0.0,0.0,2.0,2.0,0.0,0.0,2.0,4.0,5.0,3.0,6.0,5.0,3.0,5.0,DERMASON
0.0,0.0,0.0,0.0,1.0,1.0,0.0,0.0,2.0,4.0,5.0,4.0,6.0,5.0,4.0,3.0,DERMASON
0.0,0.0,1.0,0.0,4.0,4.0,0.0,0.0,1.0,4.0,4.0,1.0,6.0,5.0,1.0,4.0,DERMASON
0.0,0.0,0.0,0.0,2.0,2.0,0.0,0.0,2.0,4.0,5.0,3.0,6.0,5.0,3.0,5.0,DERMASON
0.0,0.0,0.0,0.0,1.0,1.0,0.0,0.0,2.0,4.0,5.0,4.0,6.0,6.0,4.0,4.0,DERMASON
0.0,0.0,0.0,0.0,1.0,1.0,0.0,0.0,5.0,3.0,4.0,4.0,6.0,5.0,4.0,3.0,DERMASON
0.0,0.0,0.0,0.0,1.0,1.0,0.0,0.0,2.0,4.0,5.0,4.0,6.0,6.0,4.0,4.0,DERMASON
0.0,0.0,1.0,0.0,4.0,4.0,0.0,0.0,4.0,4.0,4.0,1.0,6.0,5.0,1.0,6.0,DERMASON
0.0,0.0,1.0,0.0,4.0,4.0,0.0,0.0,2.0,2.0,3.0,1.0,6.0,5.0,1.0,1.0,DERMASON
0.0,0.0,0.0,0.0,1.0,1.0,0.0,0.0,2.0,4.0,5.0,4.0,6.0,5.0,4.0,4.0,DERMASON
0.0,0.0,0.0,0.0,1.0,1.0,0.0,0.0,2.0,4.0,5.0,4.0,6.0,6.0,4.0,4.0,DERMASON
0.0,0.0,0.0,0.0,2.0,2.0,0.0,0.0,2.0,4.0,5.0,3.0,6.0,5.0,3.0,4.0,DERMASON
0.0,0.0,0.0,0.0,1.0,1.0,0.0,0.0,4.0,4.0,5.0,4.0,6.0,6.0,4.0,4.0,DERMASON
0.0,0.0,0.0,0.0,1.0,1.0,0.0,0.0,3.0,3.0,5.0,4.0,6.0,6.0,4.0,3.0,DERMASON
0.0,0.0,0.0,0.0,1.0,1.0,0.0,0.0,4.0,4.0,5.0,4.0,6.0,5.0,4.0,3.0,DERMASON
0.0,0.0,1.0,0.0,2.0,2.0,0.0,0.0,1.0,2.0,3.0,3.0,6.0,5.0,3.0,3.0,DERMASON
0.0,0.0,0.0,0.0,1.0,1.0,0.0,0.0,2.0,4.0,5.0,4.0,6.0,6.0,4.0,3.0,DERMASON
0.0,0.0,0.0,0.0,1.0,1.0,0.0,0.0,4.0,2.0,5.0,4.0,6.0,6.0,4.0,3.0,DERMASON
0.0,0.0,0.0,0.0,1.0,1.0,0.0,0.0,4.0,4.0,6.0,4.0,6.0,6.0,4.0,5.0,DERMASON
0.0,0.0,0.0,0.0,1.0,1.0,0.0,0.0,4.0,4.0,6.0,4.0,6.0,6.0,4.0,4.0,DERMASON
0.0,0.0,0.0,0.0,1.0,1.0,0.0,0.0,4.0,4.0,5.0,4.0,6.0,5.0,4.0,4.0,DERMASON
0.0,0.0,0.0,0.0,0.0,0.0,0.0,0.0,2.0,4.0,6.0,5.0,6.0,6.0,5.0,4.0,DERMASON
0.0,0.0,0.0,0.0,1.0,1.0,0.0,0.0,5.0,4.0,5.0,4.0,6.0,5.0,4.0,4.0,DERMASON
0.0,0.0,0.0,0.0,1.0,1.0,0.0,0.0,3.0,4.0,5.0,4.0,6.0,5.0,4.0,4.0,DERMASON
0.0,0.0,0.0,0.0,1.0,1.0,0.0,0.0,2.0,4.0,5.0,4.0,6.0,6.0,4.0,6.0,DERMASON
0.0,0.0,0.0,0.0,1.0,1.0,0.0,0.0,4.0,4.0,5.0,4.0,6.0,6.0,4.0,4.0,DERMASON
0.0,0.0,1.0,0.0,2.0,2.0,0.0,0.0,2.0,3.0,4.0,3.0,6.0,5.0,3.0,4.0,DERMASON
0.0,0.0,0.0,0.0,1.0,1.0,0.0,0.0,2.0,3.0,5.0,4.0,6.0,5.0,4.0,3.0,DERMASON
0.0,0.0,0.0,0.0,2.0,2.0,0.0,0.0,4.0,4.0,5.0,3.0,6.0,5.0,3.0,5.0,DERMASON
0.0,0.0,0.0,0.0,0.0,0.0,0.0,0.0,3.0,4.0,5.0,5.0,6.0,6.0,5.0,4.0,DERMASON
0.0,0.0,0.0,0.0,2.0,2.0,0.0,0.0,4.0,4.0,5.0,3.0,6.0,5.0,3.0,4.0,DERMASON
0.0,0.0,0.0,0.0,1.0,1.0,0.0,0.0,2.0,4.0,5.0,4.0,6.0,5.0,4.0,4.0,DERMASON
0.0,0.0,0.0,0.0,1.0,1.0,0.0,0.0,2.0,4.0,5.0,4.0,6.0,6.0,4.0,6.0,DERMASON
0.0,0.0,0.0,0.0,1.0,1.0,0.0,0.0,1.0,3.0,5.0,4.0,6.0,5.0,4.0,4.0,DERMASON
0.0,0.0,0.0,0.0,2.0,2.0,0.0,0.0,1.0,4.0,5.0,3.0,6.0,5.0,3.0,4.0,DERMASON
0.0,0.0,0.0,0.0,1.0,1.0,0.0,0.0,5.0,4.0,5.0,4.0,6.0,5.0,4.0,6.0,DERMASON
0.0,0.0,0.0,0.0,1.0,1.0,0.0,0.0,4.0,3.0,5.0,4.0,6.0,6.0,4.0,4.0,DERMASON
0.0,0.0,0.0,0.0,2.0,2.0,0.0,0.0,2.0,4.0,4.0,3.0,6.0,5.0,3.0,6.0,DERMASON
0.0,0.0,0.0,0.0,1.0,1.0,0.0,0.0,2.0,4.0,5.0,4.0,6.0,5.0,4.0,4.0,DERMASON
0.0,0.0,0.0,0.0,2.0,2.0,0.0,0.0,1.0,4.0,4.0,3.0,6.0,5.0,3.0,4.0,DERMASON
0.0,0.0,0.0,0.0,1.0,1.0,0.0,0.0,2.0,4.0,5.0,4.0,6.0,6.0,4.0,4.0,DERMASON
0.0,0.0,0.0,0.0,1.0,1.0,0.0,0.0,2.0,2.0,5.0,4.0,6.0,6.0,4.0,4.0,DERMASON
0.0,0.0,0.0,0.0,1.0,1.0,0.0,0.0,2.0,4.0,5.0,4.0,6.0,5.0,4.0,4.0,DERMASON
0.0,0.0,1.0,0.0,2.0,2.0,0.0,0.0,1.0,4.0,4.0,3.0,6.0,5.0,3.0,3.0,DERMASON
0.0,0.0,0.0,0.0,1.0,1.0,0.0,0.0,2.0,4.0,4.0,4.0,6.0,5.0,4.0,4.0,DERMASON
0.0,0.0,0.0,0.0,2.0,2.0,0.0,0.0,2.0,3.0,4.0,3.0,6.0,5.0,3.0,3.0,DERMASON
0.0,0.0,0.0,0.0,1.0,1.0,0.0,0.0,5.0,2.0,5.0,4.0,6.0,5.0,4.0,3.0,DERMASON
0.0,0.0,0.0,0.0,1.0,1.0,0.0,0.0,5.0,2.0,4.0,4.0,6.0,5.0,4.0,2.0,DERMASON
0.0,0.0,0.0,0.0,1.0,1.0,0.0,0.0,2.0,4.0,5.0,4.0,6.0,5.0,4.0,5.0,DERMASON
0.0,0.0,0.0,0.0,1.0,1.0,0.0,0.0,5.0,4.0,5.0,4.0,6.0,6.0,4.0,4.0,DERMASON
0.0,0.0,0.0,0.0,1.0,1.0,0.0,0.0,4.0,4.0,5.0,4.0,6.0,6.0,4.0,4.0,DERMASON
0.0,0.0,0.0,0.0,1.0,1.0,0.0,0.0,2.0,4.0,5.0,4.0,6.0,5.0,4.0,4.0,DERMASON
0.0,0.0,0.0,0.0,2.0,2.0,0.0,0.0,5.0,4.0,5.0,3.0,6.0,5.0,3.0,4.0,DERMASON
0.0,0.0,0.0,0.0,2.0,2.0,0.0,0.0,4.0,3.0,3.0,3.0,6.0,5.0,3.0,4.0,DERMASON
0.0,0.0,0.0,0.0,1.0,1.0,0.0,0.0,5.0,5.0,5.0,4.0,6.0,5.0,4.0,5.0,DERMASON
0.0,0.0,0.0,0.0,1.0,1.0,0.0,0.0,2.0,4.0,5.0,4.0,6.0,5.0,4.0,4.0,DERMASON
0.0,0.0,0.0,0.0,1.0,1.0,0.0,0.0,2.0,2.0,5.0,4.0,6.0,5.0,4.0,1.0,DERMASON
0.0,0.0,0.0,0.0,1.0,1.0,0.0,0.0,4.0,2.0,4.0,4.0,6.0,5.0,4.0,3.0,DERMASON
0.0,0.0,0.0,0.0,1.0,1.0,0.0,0.0,3.0,4.0,5.0,4.0,6.0,6.0,4.0,6.0,DERMASON
0.0,0.0,0.0,0.0,1.0,1.0,0.0,0.0,2.0,2.0,5.0,4.0,6.0,5.0,4.0,1.0,DERMASON
0.0,0.0,1.0,0.0,2.0,2.0,0.0,0.0,2.0,2.0,4.0,3.0,6.0,5.0,3.0,4.0,DERMASON
0.0,0.0,0.0,0.0,0.0,0.0,0.0,0.0,4.0,4.0,5.0,5.0,6.0,6.0,5.0,5.0,DERMASON
0.0,0.0,0.0,0.0,1.0,1.0,0.0,0.0,2.0,4.0,5.0,4.0,6.0,5.0,4.0,4.0,DERMASON
0.0,0.0,0.0,0.0,0.0,0.0,0.0,0.0,4.0,4.0,6.0,6.0,6.0,6.0,6.0,6.0,DERMASON
0.0,0.0,0.0,0.0,1.0,1.0,0.0,0.0,2.0,5.0,6.0,4.0,6.0,6.0,4.0,4.0,DERMASON
0.0,0.0,0.0,0.0,1.0,1.0,0.0,0.0,2.0,4.0,5.0,4.0,6.0,6.0,4.0,4.0,DERMASON
0.0,0.0,0.0,0.0,1.0,1.0,0.0,0.0,2.0,3.0,5.0,4.0,6.0,6.0,4.0,1.0,DERMASON
0.0,0.0,1.0,0.0,4.0,4.0,0.0,0.0,5.0,2.0,3.0,1.0,6.0,5.0,1.0,3.0,DERMASON
0.0,0.0,0.0,0.0,1.0,1.0,0.0,0.0,5.0,4.0,5.0,4.0,6.0,6.0,4.0,5.0,DERMASON
0.0,0.0,0.0,0.0,1.0,1.0,0.0,0.0,2.0,4.0,5.0,4.0,6.0,6.0,4.0,4.0,DERMASON
0.0,0.0,0.0,0.0,1.0,1.0,0.0,0.0,4.0,4.0,5.0,4.0,6.0,6.0,4.0,4.0,DERMASON
0.0,0.0,0.0,0.0,1.0,1.0,0.0,0.0,2.0,4.0,5.0,4.0,6.0,6.0,4.0,4.0,DERMASON
0.0,0.0,0.0,0.0,2.0,2.0,0.0,0.0,5.0,4.0,5.0,3.0,6.0,5.0,3.0,5.0,DERMASON
0.0,0.0,0.0,0.0,2.0,2.0,0.0,0.0,2.0,4.0,5.0,3.0,6.0,5.0,3.0,6.0,DERMASON
0.0,0.0,0.0,0.0,1.0,1.0,0.0,0.0,4.0,4.0,5.0,4.0,6.0,6.0,4.0,3.0,DERMASON
0.0,0.0,0.0,0.0,1.0,1.0,0.0,0.0,2.0,4.0,5.0,4.0,6.0,6.0,4.0,4.0,DERMASON
0.0,0.0,0.0,0.0,1.0,1.0,0.0,0.0,2.0,4.0,5.0,4.0,6.0,6.0,4.0,3.0,DERMASON
0.0,0.0,0.0,0.0,1.0,1.0,0.0,0.0,2.0,4.0,5.0,4.0,6.0,6.0,4.0,4.0,DERMASON
0.0,0.0,0.0,0.0,1.0,1.0,0.0,0.0,4.0,4.0,5.0,4.0,6.0,5.0,4.0,2.0,DERMASON
0.0,0.0,0.0,0.0,1.0,1.0,0.0,0.0,2.0,2.0,4.0,4.0,6.0,5.0,4.0,3.0,DERMASON
0.0,0.0,0.0,0.0,1.0,1.0,0.0,0.0,2.0,2.0,5.0,4.0,6.0,5.0,4.0,4.0,DERMASON
0.0,0.0,0.0,0.0,1.0,1.0,0.0,0.0,2.0,4.0,4.0,4.0,6.0,5.0,4.0,4.0,DERMASON
0.0,0.0,0.0,0.0,1.0,1.0,0.0,0.0,2.0,4.0,5.0,4.0,6.0,5.0,4.0,4.0,DERMASON
0.0,0.0,0.0,0.0,1.0,1.0,0.0,0.0,2.0,4.0,5.0,4.0,6.0,6.0,4.0,4.0,DERMASON
0.0,0.0,0.0,0.0,0.0,0.0,0.0,0.0,4.0,4.0,6.0,6.0,6.0,6.0,6.0,4.0,DERMASON
0.0,0.0,0.0,0.0,1.0,1.0,0.0,0.0,5.0,4.0,5.0,4.0,6.0,6.0,4.0,4.0,DERMASON
0.0,0.0,0.0,0.0,1.0,1.0,0.0,0.0,4.0,4.0,5.0,4.0,6.0,5.0,4.0,4.0,DERMASON
0.0,0.0,0.0,0.0,2.0,2.0,0.0,0.0,2.0,4.0,5.0,3.0,6.0,5.0,3.0,3.0,DERMASON
0.0,0.0,0.0,0.0,0.0,0.0,0.0,0.0,2.0,2.0,5.0,4.0,6.0,6.0,4.0,3.0,DERMASON
0.0,0.0,1.0,0.0,2.0,2.0,0.0,0.0,1.0,3.0,4.0,3.0,6.0,5.0,3.0,4.0,DERMASON
0.0,0.0,0.0,0.0,1.0,1.0,0.0,0.0,4.0,4.0,6.0,4.0,6.0,6.0,4.0,5.0,DERMASON
0.0,0.0,0.0,0.0,1.0,1.0,0.0,0.0,4.0,2.0,5.0,4.0,6.0,5.0,4.0,4.0,DERMASON
0.0,0.0,0.0,0.0,1.0,1.0,0.0,0.0,4.0,3.0,4.0,4.0,6.0,5.0,4.0,5.0,DERMASON
0.0,0.0,0.0,0.0,1.0,1.0,0.0,0.0,5.0,4.0,5.0,4.0,6.0,5.0,4.0,4.0,DERMASON
0.0,0.0,0.0,0.0,1.0,1.0,0.0,0.0,5.0,4.0,5.0,4.0,6.0,5.0,4.0,6.0,DERMASON
0.0,0.0,0.0,0.0,1.0,1.0,0.0,0.0,2.0,3.0,5.0,4.0,6.0,5.0,4.0,4.0,DERMASON
0.0,0.0,0.0,0.0,1.0,1.0,0.0,0.0,2.0,1.0,0.0,4.0,6.0,6.0,4.0,3.0,DERMASON
0.0,0.0,0.0,0.0,1.0,1.0,0.0,0.0,5.0,4.0,5.0,4.0,6.0,6.0,4.0,4.0,DERMASON
0.0,0.0,0.0,0.0,2.0,2.0,0.0,0.0,4.0,2.0,1.0,3.0,6.0,5.0,3.0,4.0,DERMASON
0.0,0.0,0.0,0.0,1.0,1.0,0.0,0.0,1.0,3.0,5.0,4.0,6.0,6.0,4.0,3.0,DERMASON
0.0,0.0,0.0,0.0,1.0,1.0,0.0,0.0,2.0,4.0,5.0,4.0,6.0,5.0,4.0,6.0,DERMASON
0.0,0.0,0.0,0.0,1.0,1.0,0.0,0.0,5.0,4.0,5.0,4.0,6.0,5.0,4.0,3.0,DERMASON
0.0,0.0,1.0,0.0,2.0,2.0,0.0,0.0,4.0,4.0,5.0,3.0,6.0,5.0,3.0,4.0,DERMASON
0.0,0.0,0.0,0.0,1.0,1.0,0.0,0.0,2.0,4.0,5.0,4.0,6.0,5.0,4.0,4.0,DERMASON
0.0,0.0,0.0,0.0,1.0,1.0,0.0,0.0,4.0,4.0,5.0,4.0,6.0,6.0,4.0,6.0,DERMASON
0.0,0.0,0.0,0.0,2.0,2.0,0.0,0.0,6.0,4.0,5.0,3.0,6.0,5.0,3.0,3.0,DERMASON
0.0,0.0,0.0,0.0,2.0,2.0,0.0,0.0,2.0,4.0,4.0,3.0,6.0,5.0,3.0,2.0,DERMASON
0.0,0.0,0.0,0.0,2.0,2.0,0.0,0.0,2.0,4.0,5.0,3.0,6.0,5.0,3.0,6.0,DERMASON
0.0,0.0,0.0,0.0,2.0,2.0,0.0,0.0,4.0,2.0,3.0,3.0,6.0,5.0,3.0,2.0,DERMASON
0.0,0.0,0.0,0.0,1.0,1.0,0.0,0.0,4.0,4.0,5.0,4.0,6.0,6.0,4.0,4.0,DERMASON
0.0,0.0,1.0,0.0,2.0,2.0,0.0,0.0,4.0,4.0,5.0,3.0,6.0,5.0,3.0,3.0,DERMASON
0.0,0.0,0.0,0.0,0.0,0.0,0.0,0.0,4.0,4.0,6.0,6.0,6.0,6.0,6.0,4.0,DERMASON
0.0,0.0,0.0,0.0,1.0,1.0,0.0,0.0,2.0,3.0,5.0,4.0,6.0,6.0,4.0,4.0,DERMASON
0.0,0.0,0.0,0.0,2.0,2.0,0.0,0.0,2.0,4.0,5.0,3.0,6.0,5.0,3.0,4.0,DERMASON
0.0,0.0,0.0,0.0,1.0,1.0,0.0,0.0,4.0,4.0,6.0,4.0,6.0,6.0,4.0,4.0,DERMASON
0.0,0.0,1.0,0.0,3.0,3.0,0.0,0.0,1.0,2.0,3.0,2.0,6.0,5.0,2.0,2.0,DERMASON
0.0,0.0,1.0,0.0,2.0,2.0,0.0,0.0,4.0,3.0,4.0,3.0,6.0,5.0,3.0,4.0,DERMASON
0.0,0.0,0.0,0.0,1.0,1.0,0.0,0.0,5.0,4.0,5.0,4.0,6.0,5.0,4.0,4.0,DERMASON
0.0,0.0,0.0,0.0,1.0,1.0,0.0,0.0,2.0,4.0,5.0,4.0,6.0,6.0,4.0,4.0,DERMASON
0.0,0.0,1.0,0.0,3.0,3.0,0.0,0.0,2.0,2.0,4.0,2.0,6.0,5.0,2.0,3.0,DERMASON
0.0,0.0,0.0,0.0,1.0,1.0,0.0,0.0,4.0,4.0,5.0,4.0,6.0,6.0,4.0,3.0,DERMASON
0.0,0.0,0.0,0.0,1.0,1.0,0.0,0.0,4.0,4.0,5.0,4.0,6.0,5.0,4.0,4.0,DERMASON
0.0,0.0,0.0,0.0,1.0,1.0,0.0,0.0,4.0,4.0,5.0,4.0,6.0,5.0,4.0,4.0,DERMASON
0.0,0.0,0.0,0.0,2.0,2.0,0.0,0.0,4.0,4.0,5.0,3.0,6.0,5.0,3.0,4.0,DERMASON
0.0,0.0,0.0,0.0,1.0,1.0,0.0,0.0,2.0,4.0,5.0,4.0,6.0,6.0,4.0,5.0,DERMASON
0.0,0.0,1.0,0.0,4.0,4.0,0.0,0.0,4.0,4.0,4.0,1.0,6.0,5.0,1.0,2.0,DERMASON
0.0,0.0,1.0,0.0,2.0,2.0,0.0,0.0,4.0,4.0,5.0,3.0,6.0,5.0,3.0,4.0,DERMASON
0.0,0.0,0.0,0.0,1.0,1.0,0.0,0.0,4.0,4.0,5.0,4.0,6.0,6.0,4.0,3.0,DERMASON
0.0,0.0,0.0,0.0,1.0,1.0,0.0,0.0,3.0,2.0,4.0,4.0,6.0,5.0,4.0,3.0,DERMASON
0.0,0.0,0.0,0.0,1.0,1.0,0.0,0.0,2.0,4.0,5.0,4.0,6.0,5.0,4.0,3.0,DERMASON
0.0,0.0,0.0,0.0,2.0,2.0,0.0,0.0,3.0,4.0,5.0,4.0,6.0,5.0,4.0,6.0,DERMASON
0.0,0.0,0.0,0.0,1.0,1.0,0.0,0.0,4.0,4.0,5.0,4.0,6.0,6.0,4.0,4.0,DERMASON
0.0,0.0,0.0,0.0,2.0,2.0,0.0,0.0,5.0,4.0,5.0,3.0,6.0,5.0,3.0,4.0,DERMASON
0.0,0.0,0.0,0.0,1.0,1.0,0.0,0.0,2.0,4.0,5.0,4.0,6.0,5.0,4.0,4.0,DERMASON
0.0,0.0,0.0,0.0,1.0,1.0,0.0,0.0,2.0,4.0,5.0,4.0,6.0,5.0,4.0,4.0,DERMASON
0.0,0.0,0.0,0.0,1.0,1.0,0.0,0.0,3.0,4.0,5.0,4.0,6.0,5.0,4.0,4.0,DERMASON
0.0,0.0,0.0,0.0,1.0,1.0,0.0,0.0,2.0,4.0,5.0,4.0,6.0,6.0,4.0,4.0,DERMASON
0.0,0.0,0.0,0.0,1.0,1.0,0.0,0.0,4.0,3.0,4.0,4.0,6.0,5.0,4.0,4.0,DERMASON
0.0,0.0,0.0,0.0,1.0,1.0,0.0,0.0,5.0,2.0,3.0,4.0,6.0,6.0,4.0,3.0,DERMASON
0.0,0.0,1.0,0.0,2.0,2.0,0.0,0.0,4.0,4.0,4.0,3.0,6.0,5.0,3.0,4.0,DERMASON
0.0,0.0,0.0,0.0,1.0,1.0,0.0,0.0,1.0,3.0,5.0,4.0,6.0,5.0,4.0,4.0,DERMASON
0.0,0.0,0.0,0.0,0.0,0.0,0.0,0.0,2.0,4.0,6.0,6.0,6.0,6.0,6.0,4.0,DERMASON
0.0,0.0,0.0,0.0,1.0,1.0,0.0,0.0,2.0,4.0,5.0,4.0,6.0,6.0,4.0,6.0,DERMASON
0.0,0.0,0.0,0.0,1.0,1.0,0.0,0.0,4.0,2.0,4.0,4.0,6.0,5.0,4.0,1.0,DERMASON
0.0,0.0,0.0,0.0,1.0,1.0,0.0,0.0,2.0,4.0,5.0,4.0,6.0,6.0,4.0,4.0,DERMASON
0.0,0.0,0.0,0.0,1.0,1.0,0.0,0.0,5.0,4.0,5.0,4.0,6.0,5.0,4.0,3.0,DERMASON
0.0,0.0,0.0,0.0,1.0,1.0,0.0,0.0,2.0,4.0,5.0,4.0,6.0,5.0,4.0,4.0,DERMASON
0.0,0.0,0.0,0.0,1.0,1.0,0.0,0.0,1.0,2.0,3.0,4.0,6.0,5.0,4.0,4.0,DERMASON
0.0,0.0,0.0,0.0,1.0,1.0,0.0,0.0,4.0,4.0,5.0,4.0,6.0,5.0,4.0,5.0,DERMASON
0.0,0.0,0.0,0.0,1.0,1.0,0.0,0.0,4.0,4.0,5.0,4.0,6.0,6.0,4.0,4.0,DERMASON
0.0,0.0,0.0,0.0,1.0,1.0,0.0,0.0,2.0,3.0,5.0,4.0,6.0,6.0,4.0,4.0,DERMASON
0.0,0.0,0.0,0.0,2.0,2.0,0.0,0.0,2.0,2.0,4.0,3.0,6.0,5.0,3.0,3.0,DERMASON
0.0,0.0,0.0,0.0,1.0,1.0,0.0,0.0,4.0,4.0,5.0,4.0,6.0,5.0,4.0,4.0,DERMASON
0.0,0.0,0.0,0.0,1.0,1.0,0.0,0.0,3.0,4.0,5.0,4.0,6.0,6.0,4.0,4.0,DERMASON
0.0,0.0,0.0,0.0,1.0,1.0,0.0,0.0,2.0,4.0,5.0,4.0,6.0,5.0,4.0,4.0,DERMASON
0.0,0.0,0.0,0.0,1.0,1.0,0.0,0.0,3.0,4.0,5.0,4.0,6.0,6.0,4.0,4.0,DERMASON
0.0,0.0,0.0,0.0,1.0,1.0,0.0,0.0,3.0,4.0,5.0,4.0,6.0,5.0,4.0,4.0,DERMASON
0.0,0.0,0.0,0.0,1.0,1.0,0.0,0.0,2.0,2.0,5.0,4.0,6.0,5.0,4.0,3.0,DERMASON
0.0,0.0,1.0,0.0,2.0,2.0,0.0,0.0,4.0,4.0,4.0,3.0,6.0,5.0,3.0,4.0,DERMASON
0.0,0.0,0.0,0.0,1.0,1.0,0.0,0.0,2.0,4.0,6.0,4.0,6.0,6.0,4.0,6.0,DERMASON
0.0,0.0,0.0,0.0,1.0,1.0,0.0,0.0,5.0,3.0,5.0,4.0,6.0,6.0,4.0,3.0,DERMASON
0.0,0.0,0.0,0.0,1.0,1.0,0.0,0.0,4.0,4.0,6.0,4.0,6.0,6.0,4.0,6.0,DERMASON
0.0,0.0,0.0,0.0,1.0,1.0,0.0,0.0,2.0,4.0,5.0,4.0,6.0,6.0,4.0,4.0,DERMASON
0.0,0.0,0.0,0.0,1.0,1.0,0.0,0.0,5.0,2.0,5.0,4.0,6.0,6.0,4.0,4.0,DERMASON
0.0,0.0,0.0,0.0,2.0,2.0,0.0,0.0,2.0,2.0,4.0,3.0,6.0,5.0,3.0,4.0,DERMASON
0.0,0.0,0.0,0.0,1.0,1.0,0.0,0.0,4.0,3.0,5.0,4.0,6.0,6.0,4.0,5.0,DERMASON
0.0,0.0,1.0,0.0,2.0,2.0,0.0,0.0,1.0,4.0,4.0,3.0,6.0,5.0,3.0,3.0,DERMASON
0.0,0.0,0.0,0.0,1.0,1.0,0.0,0.0,2.0,2.0,5.0,4.0,6.0,5.0,4.0,2.0,DERMASON
0.0,0.0,1.0,0.0,4.0,4.0,0.0,0.0,1.0,4.0,3.0,1.0,6.0,5.0,1.0,4.0,DERMASON
0.0,0.0,0.0,0.0,2.0,2.0,0.0,0.0,5.0,4.0,5.0,3.0,6.0,5.0,3.0,4.0,DERMASON
0.0,0.0,0.0,0.0,1.0,1.0,0.0,0.0,4.0,4.0,5.0,4.0,6.0,6.0,4.0,4.0,DERMASON
0.0,0.0,0.0,0.0,1.0,1.0,0.0,0.0,5.0,4.0,5.0,4.0,6.0,5.0,4.0,1.0,DERMASON
0.0,0.0,0.0,0.0,1.0,1.0,0.0,0.0,4.0,4.0,5.0,4.0,6.0,5.0,4.0,4.0,DERMASON
0.0,0.0,0.0,0.0,1.0,1.0,0.0,0.0,4.0,4.0,5.0,4.0,6.0,6.0,4.0,4.0,DERMASON
0.0,0.0,0.0,0.0,1.0,1.0,0.0,0.0,2.0,4.0,5.0,4.0,6.0,5.0,4.0,4.0,DERMASON
0.0,0.0,0.0,0.0,1.0,1.0,0.0,0.0,4.0,4.0,5.0,4.0,6.0,5.0,4.0,5.0,DERMASON
0.0,0.0,0.0,0.0,1.0,1.0,0.0,0.0,1.0,2.0,4.0,4.0,6.0,5.0,4.0,3.0,DERMASON
0.0,0.0,0.0,0.0,0.0,0.0,0.0,0.0,4.0,4.0,5.0,6.0,6.0,6.0,6.0,4.0,DERMASON
0.0,0.0,0.0,0.0,1.0,1.0,0.0,0.0,2.0,4.0,5.0,4.0,6.0,5.0,4.0,4.0,DERMASON
0.0,0.0,0.0,0.0,1.0,1.0,0.0,0.0,4.0,4.0,5.0,4.0,6.0,5.0,4.0,4.0,DERMASON
0.0,0.0,0.0,0.0,2.0,2.0,0.0,0.0,3.0,4.0,5.0,3.0,6.0,5.0,3.0,4.0,DERMASON
0.0,0.0,0.0,0.0,1.0,1.0,0.0,0.0,4.0,4.0,5.0,4.0,6.0,6.0,4.0,4.0,DERMASON
0.0,0.0,0.0,0.0,1.0,1.0,0.0,0.0,4.0,2.0,5.0,4.0,6.0,6.0,4.0,2.0,DERMASON
0.0,1.0,1.0,0.0,2.0,2.0,0.0,0.0,3.0,0.0,0.0,3.0,6.0,5.0,3.0,1.0,DERMASON
0.0,0.0,0.0,0.0,1.0,1.0,0.0,0.0,1.0,4.0,5.0,4.0,6.0,5.0,4.0,2.0,DERMASON
0.0,0.0,0.0,0.0,1.0,1.0,0.0,0.0,3.0,4.0,4.0,4.0,6.0,6.0,4.0,5.0,DERMASON
0.0,0.0,0.0,0.0,1.0,1.0,0.0,0.0,4.0,2.0,5.0,4.0,6.0,5.0,4.0,4.0,DERMASON
0.0,0.0,0.0,0.0,1.0,1.0,0.0,0.0,4.0,4.0,5.0,4.0,6.0,6.0,4.0,3.0,DERMASON
0.0,0.0,1.0,0.0,2.0,2.0,0.0,0.0,2.0,4.0,4.0,3.0,6.0,5.0,3.0,4.0,DERMASON
0.0,0.0,0.0,0.0,1.0,1.0,0.0,0.0,5.0,4.0,5.0,4.0,6.0,5.0,4.0,4.0,DERMASON
0.0,0.0,0.0,0.0,1.0,1.0,0.0,0.0,4.0,4.0,5.0,4.0,6.0,6.0,4.0,4.0,DERMASON
0.0,0.0,0.0,0.0,1.0,1.0,0.0,0.0,2.0,3.0,4.0,4.0,6.0,6.0,4.0,4.0,DERMASON
0.0,0.0,0.0,0.0,1.0,1.0,0.0,0.0,6.0,4.0,5.0,4.0,6.0,5.0,4.0,1.0,DERMASON
0.0,0.0,1.0,0.0,2.0,2.0,0.0,0.0,4.0,4.0,4.0,3.0,6.0,5.0,3.0,4.0,DERMASON
0.0,0.0,0.0,0.0,0.0,0.0,0.0,0.0,5.0,4.0,5.0,5.0,6.0,6.0,5.0,4.0,DERMASON
0.0,0.0,1.0,0.0,3.0,3.0,0.0,0.0,4.0,3.0,4.0,2.0,6.0,5.0,2.0,4.0,DERMASON
0.0,0.0,0.0,0.0,1.0,1.0,0.0,0.0,2.0,2.0,1.0,4.0,6.0,5.0,4.0,4.0,DERMASON
0.0,0.0,0.0,0.0,1.0,1.0,0.0,0.0,2.0,4.0,5.0,4.0,6.0,6.0,4.0,6.0,DERMASON
0.0,0.0,0.0,0.0,1.0,1.0,0.0,0.0,2.0,4.0,5.0,4.0,6.0,5.0,4.0,2.0,DERMASON
0.0,0.0,0.0,0.0,0.0,0.0,0.0,0.0,4.0,4.0,6.0,5.0,6.0,6.0,5.0,4.0,DERMASON
0.0,0.0,0.0,0.0,1.0,1.0,0.0,0.0,5.0,4.0,5.0,4.0,6.0,5.0,4.0,3.0,DERMASON
0.0,0.0,0.0,0.0,1.0,1.0,0.0,0.0,2.0,4.0,5.0,4.0,6.0,5.0,4.0,3.0,DERMASON
0.0,0.0,0.0,0.0,1.0,1.0,0.0,0.0,4.0,4.0,5.0,4.0,6.0,5.0,4.0,4.0,DERMASON
0.0,0.0,1.0,0.0,3.0,3.0,0.0,0.0,4.0,4.0,4.0,2.0,6.0,5.0,2.0,4.0,DERMASON
0.0,0.0,0.0,0.0,1.0,1.0,0.0,0.0,4.0,4.0,6.0,4.0,6.0,6.0,4.0,4.0,DERMASON
0.0,0.0,0.0,0.0,1.0,1.0,0.0,0.0,2.0,4.0,5.0,4.0,6.0,5.0,4.0,4.0,DERMASON
0.0,0.0,1.0,0.0,2.0,2.0,0.0,0.0,1.0,4.0,5.0,3.0,6.0,5.0,3.0,4.0,DERMASON
0.0,0.0,0.0,0.0,1.0,1.0,0.0,0.0,5.0,4.0,6.0,4.0,6.0,6.0,4.0,4.0,DERMASON
0.0,0.0,0.0,0.0,1.0,1.0,0.0,0.0,2.0,3.0,5.0,4.0,6.0,6.0,4.0,4.0,DERMASON
0.0,0.0,0.0,0.0,2.0,2.0,0.0,0.0,2.0,4.0,4.0,3.0,6.0,5.0,3.0,4.0,DERMASON
0.0,0.0,0.0,0.0,1.0,1.0,0.0,0.0,2.0,4.0,5.0,4.0,6.0,6.0,4.0,4.0,DERMASON
0.0,0.0,0.0,0.0,2.0,2.0,0.0,0.0,4.0,4.0,5.0,3.0,6.0,5.0,3.0,4.0,DERMASON
0.0,0.0,0.0,0.0,2.0,2.0,0.0,0.0,4.0,3.0,5.0,3.0,6.0,5.0,3.0,4.0,DERMASON
0.0,0.0,0.0,0.0,1.0,1.0,0.0,0.0,2.0,4.0,5.0,4.0,6.0,6.0,4.0,4.0,DERMASON
0.0,0.0,0.0,0.0,2.0,2.0,0.0,0.0,4.0,4.0,5.0,3.0,6.0,5.0,3.0,3.0,DERMASON
0.0,0.0,0.0,0.0,1.0,1.0,0.0,0.0,2.0,4.0,5.0,4.0,6.0,5.0,4.0,5.0,DERMASON
0.0,0.0,0.0,0.0,1.0,1.0,0.0,0.0,3.0,2.0,5.0,4.0,6.0,6.0,4.0,3.0,DERMASON
0.0,0.0,0.0,0.0,1.0,1.0,0.0,0.0,5.0,4.0,5.0,4.0,6.0,5.0,4.0,4.0,DERMASON
0.0,0.0,0.0,0.0,1.0,1.0,0.0,0.0,5.0,3.0,5.0,4.0,6.0,6.0,4.0,2.0,DERMASON
0.0,0.0,0.0,0.0,1.0,1.0,0.0,0.0,4.0,4.0,5.0,4.0,6.0,5.0,4.0,5.0,DERMASON
0.0,0.0,0.0,0.0,1.0,1.0,0.0,0.0,3.0,4.0,5.0,4.0,6.0,6.0,4.0,3.0,DERMASON
0.0,0.0,0.0,0.0,1.0,1.0,0.0,0.0,2.0,4.0,5.0,4.0,6.0,6.0,4.0,4.0,DERMASON
0.0,0.0,0.0,0.0,1.0,1.0,0.0,0.0,2.0,4.0,5.0,4.0,6.0,5.0,4.0,1.0,DERMASON
0.0,0.0,0.0,0.0,1.0,1.0,0.0,0.0,2.0,4.0,5.0,4.0,6.0,5.0,4.0,4.0,DERMASON
0.0,0.0,0.0,0.0,1.0,1.0,0.0,0.0,4.0,4.0,5.0,4.0,6.0,5.0,4.0,4.0,DERMASON
0.0,0.0,0.0,0.0,1.0,1.0,0.0,0.0,5.0,4.0,5.0,4.0,6.0,5.0,4.0,4.0,DERMASON
0.0,0.0,0.0,0.0,1.0,1.0,0.0,0.0,4.0,4.0,5.0,4.0,6.0,6.0,4.0,4.0,DERMASON
0.0,0.0,0.0,0.0,1.0,1.0,0.0,0.0,4.0,4.0,5.0,4.0,6.0,5.0,4.0,6.0,DERMASON
0.0,0.0,0.0,0.0,1.0,1.0,0.0,0.0,5.0,4.0,5.0,4.0,6.0,5.0,4.0,4.0,DERMASON
0.0,0.0,0.0,0.0,1.0,1.0,0.0,0.0,2.0,3.0,5.0,4.0,6.0,6.0,4.0,3.0,DERMASON
0.0,0.0,0.0,0.0,1.0,1.0,0.0,0.0,2.0,4.0,6.0,4.0,6.0,6.0,4.0,4.0,DERMASON
0.0,0.0,0.0,0.0,1.0,1.0,0.0,0.0,4.0,4.0,5.0,4.0,6.0,5.0,4.0,4.0,DERMASON
0.0,0.0,0.0,0.0,2.0,2.0,0.0,0.0,4.0,4.0,5.0,3.0,6.0,5.0,3.0,4.0,DERMASON
0.0,0.0,0.0,0.0,0.0,0.0,0.0,0.0,2.0,3.0,5.0,6.0,6.0,6.0,6.0,3.0,DERMASON
0.0,0.0,0.0,0.0,1.0,1.0,0.0,0.0,4.0,4.0,5.0,4.0,6.0,6.0,4.0,4.0,DERMASON
0.0,0.0,0.0,0.0,1.0,1.0,0.0,0.0,4.0,4.0,5.0,4.0,6.0,5.0,4.0,3.0,DERMASON
0.0,0.0,0.0,0.0,1.0,1.0,0.0,0.0,2.0,5.0,5.0,4.0,6.0,5.0,4.0,5.0,DERMASON
0.0,0.0,0.0,0.0,1.0,1.0,0.0,0.0,1.0,3.0,4.0,4.0,6.0,5.0,4.0,4.0,DERMASON
0.0,0.0,0.0,0.0,1.0,1.0,0.0,0.0,2.0,3.0,5.0,4.0,6.0,6.0,4.0,4.0,DERMASON
0.0,0.0,0.0,0.0,1.0,1.0,0.0,0.0,1.0,4.0,5.0,4.0,6.0,5.0,4.0,2.0,DERMASON
0.0,0.0,0.0,0.0,1.0,1.0,0.0,0.0,2.0,4.0,5.0,4.0,6.0,5.0,4.0,4.0,DERMASON
0.0,0.0,0.0,0.0,1.0,1.0,0.0,0.0,6.0,4.0,5.0,4.0,6.0,6.0,4.0,3.0,DERMASON
0.0,0.0,0.0,0.0,1.0,1.0,0.0,0.0,2.0,4.0,5.0,4.0,6.0,6.0,4.0,4.0,DERMASON
0.0,0.0,0.0,0.0,1.0,1.0,0.0,0.0,2.0,3.0,5.0,4.0,6.0,5.0,4.0,4.0,DERMASON
0.0,0.0,0.0,0.0,1.0,1.0,0.0,0.0,5.0,4.0,5.0,4.0,6.0,5.0,4.0,4.0,DERMASON
0.0,0.0,0.0,0.0,1.0,1.0,0.0,0.0,2.0,3.0,5.0,4.0,6.0,5.0,4.0,4.0,DERMASON
0.0,0.0,0.0,0.0,1.0,1.0,0.0,0.0,5.0,2.0,4.0,4.0,6.0,6.0,4.0,4.0,DERMASON
0.0,0.0,1.0,0.0,2.0,2.0,0.0,0.0,4.0,4.0,5.0,3.0,6.0,5.0,3.0,4.0,DERMASON
0.0,0.0,0.0,0.0,1.0,1.0,0.0,0.0,5.0,4.0,5.0,4.0,6.0,6.0,4.0,4.0,DERMASON
0.0,0.0,0.0,0.0,1.0,1.0,0.0,0.0,3.0,3.0,4.0,4.0,6.0,5.0,4.0,4.0,DERMASON
0.0,0.0,0.0,0.0,1.0,1.0,0.0,0.0,2.0,4.0,5.0,4.0,6.0,6.0,4.0,4.0,DERMASON
0.0,0.0,0.0,0.0,1.0,1.0,0.0,0.0,2.0,4.0,5.0,4.0,6.0,6.0,4.0,4.0,DERMASON
0.0,0.0,0.0,0.0,1.0,1.0,0.0,0.0,4.0,2.0,4.0,4.0,6.0,5.0,4.0,4.0,DERMASON
0.0,0.0,0.0,0.0,1.0,1.0,0.0,0.0,5.0,3.0,5.0,4.0,6.0,5.0,4.0,3.0,DERMASON
0.0,0.0,0.0,0.0,1.0,1.0,0.0,0.0,4.0,1.0,1.0,4.0,6.0,6.0,4.0,2.0,DERMASON
0.0,0.0,0.0,0.0,1.0,1.0,0.0,0.0,2.0,4.0,5.0,4.0,6.0,5.0,4.0,4.0,DERMASON
0.0,0.0,1.0,0.0,4.0,4.0,0.0,0.0,4.0,2.0,3.0,1.0,6.0,4.0,1.0,1.0,DERMASON
0.0,0.0,0.0,0.0,1.0,1.0,0.0,0.0,4.0,4.0,5.0,4.0,6.0,6.0,4.0,4.0,DERMASON
0.0,0.0,1.0,0.0,2.0,2.0,0.0,0.0,1.0,3.0,4.0,3.0,6.0,5.0,3.0,4.0,DERMASON
0.0,0.0,0.0,0.0,1.0,1.0,0.0,0.0,5.0,3.0,4.0,4.0,6.0,6.0,4.0,3.0,DERMASON
0.0,0.0,0.0,0.0,1.0,1.0,0.0,0.0,5.0,4.0,5.0,4.0,6.0,5.0,4.0,4.0,DERMASON
0.0,0.0,0.0,0.0,1.0,1.0,0.0,0.0,2.0,4.0,5.0,4.0,6.0,5.0,4.0,4.0,DERMASON
0.0,0.0,0.0,0.0,1.0,1.0,0.0,0.0,4.0,4.0,5.0,4.0,6.0,5.0,4.0,6.0,DERMASON
0.0,0.0,0.0,0.0,0.0,0.0,0.0,0.0,3.0,3.0,5.0,5.0,6.0,6.0,5.0,3.0,DERMASON
0.0,0.0,0.0,0.0,1.0,1.0,0.0,0.0,4.0,4.0,5.0,4.0,6.0,6.0,4.0,6.0,DERMASON
0.0,0.0,0.0,0.0,1.0,1.0,0.0,0.0,2.0,4.0,5.0,4.0,6.0,6.0,4.0,3.0,DERMASON
0.0,0.0,0.0,0.0,1.0,1.0,0.0,0.0,2.0,4.0,5.0,4.0,6.0,6.0,4.0,5.0,DERMASON
0.0,0.0,1.0,0.0,2.0,2.0,0.0,0.0,2.0,3.0,4.0,3.0,6.0,5.0,3.0,4.0,DERMASON
0.0,0.0,1.0,0.0,2.0,2.0,0.0,0.0,2.0,4.0,5.0,3.0,6.0,5.0,3.0,4.0,DERMASON
0.0,0.0,1.0,0.0,2.0,2.0,0.0,0.0,6.0,4.0,5.0,3.0,6.0,5.0,3.0,4.0,DERMASON
0.0,0.0,1.0,0.0,2.0,2.0,0.0,0.0,2.0,2.0,3.0,3.0,6.0,5.0,3.0,4.0,DERMASON
0.0,0.0,1.0,0.0,2.0,2.0,0.0,0.0,4.0,3.0,4.0,3.0,6.0,5.0,3.0,2.0,DERMASON
0.0,0.0,0.0,0.0,1.0,1.0,0.0,0.0,4.0,4.0,5.0,4.0,6.0,5.0,4.0,4.0,DERMASON
0.0,0.0,0.0,0.0,1.0,1.0,0.0,0.0,5.0,5.0,5.0,4.0,6.0,6.0,4.0,1.0,DERMASON
0.0,0.0,0.0,0.0,1.0,1.0,0.0,0.0,4.0,4.0,5.0,4.0,6.0,5.0,4.0,3.0,DERMASON
0.0,0.0,0.0,0.0,1.0,1.0,0.0,0.0,2.0,4.0,5.0,4.0,6.0,5.0,4.0,3.0,DERMASON
0.0,0.0,0.0,0.0,1.0,1.0,0.0,0.0,2.0,4.0,5.0,4.0,6.0,5.0,4.0,4.0,DERMASON
0.0,0.0,0.0,0.0,1.0,1.0,0.0,0.0,2.0,4.0,5.0,4.0,6.0,5.0,4.0,4.0,DERMASON
0.0,0.0,0.0,0.0,1.0,1.0,0.0,0.0,5.0,5.0,6.0,4.0,6.0,6.0,4.0,2.0,DERMASON
0.0,0.0,0.0,0.0,1.0,1.0,0.0,0.0,2.0,4.0,5.0,4.0,6.0,6.0,4.0,4.0,DERMASON
0.0,0.0,0.0,0.0,1.0,1.0,0.0,0.0,2.0,4.0,6.0,4.0,6.0,6.0,4.0,4.0,DERMASON
0.0,0.0,0.0,0.0,1.0,1.0,0.0,0.0,1.0,1.0,4.0,4.0,6.0,6.0,4.0,1.0,DERMASON
0.0,0.0,0.0,0.0,1.0,1.0,0.0,0.0,2.0,4.0,5.0,4.0,6.0,5.0,4.0,6.0,DERMASON
0.0,0.0,0.0,0.0,1.0,1.0,0.0,0.0,3.0,4.0,5.0,4.0,6.0,5.0,4.0,5.0,DERMASON
0.0,0.0,1.0,0.0,2.0,2.0,0.0,0.0,5.0,5.0,5.0,3.0,6.0,5.0,3.0,4.0,DERMASON
0.0,0.0,0.0,0.0,1.0,1.0,0.0,0.0,2.0,4.0,5.0,4.0,6.0,6.0,4.0,4.0,DERMASON
0.0,0.0,0.0,0.0,1.0,1.0,0.0,0.0,2.0,4.0,5.0,4.0,6.0,5.0,4.0,6.0,DERMASON
0.0,0.0,1.0,0.0,2.0,2.0,0.0,0.0,2.0,1.0,1.0,3.0,6.0,5.0,3.0,1.0,DERMASON
0.0,0.0,0.0,0.0,1.0,1.0,0.0,0.0,2.0,4.0,5.0,4.0,6.0,6.0,4.0,3.0,DERMASON
0.0,0.0,0.0,0.0,1.0,1.0,0.0,0.0,4.0,4.0,6.0,4.0,6.0,6.0,4.0,5.0,DERMASON
0.0,0.0,0.0,0.0,1.0,1.0,0.0,0.0,4.0,4.0,5.0,4.0,6.0,6.0,4.0,4.0,DERMASON
0.0,0.0,0.0,0.0,1.0,1.0,0.0,0.0,3.0,4.0,5.0,4.0,6.0,6.0,4.0,4.0,DERMASON
0.0,0.0,0.0,0.0,1.0,1.0,0.0,0.0,5.0,4.0,5.0,4.0,6.0,6.0,4.0,3.0,DERMASON
0.0,0.0,0.0,0.0,1.0,1.0,0.0,0.0,4.0,4.0,6.0,4.0,6.0,5.0,4.0,4.0,DERMASON
0.0,0.0,0.0,0.0,1.0,1.0,0.0,0.0,5.0,2.0,4.0,4.0,6.0,5.0,4.0,3.0,DERMASON
0.0,0.0,0.0,0.0,1.0,1.0,0.0,0.0,5.0,4.0,5.0,4.0,6.0,5.0,4.0,4.0,DERMASON
0.0,0.0,0.0,0.0,1.0,1.0,0.0,0.0,2.0,4.0,5.0,4.0,6.0,5.0,4.0,4.0,DERMASON
0.0,0.0,0.0,0.0,1.0,1.0,0.0,0.0,4.0,4.0,5.0,4.0,6.0,5.0,4.0,6.0,DERMASON
0.0,0.0,0.0,0.0,1.0,1.0,0.0,0.0,2.0,4.0,5.0,4.0,6.0,5.0,4.0,4.0,DERMASON
0.0,0.0,1.0,0.0,1.0,1.0,0.0,0.0,2.0,2.0,4.0,4.0,6.0,5.0,4.0,4.0,DERMASON
0.0,0.0,0.0,0.0,1.0,1.0,0.0,0.0,5.0,4.0,5.0,4.0,6.0,5.0,4.0,4.0,DERMASON
0.0,0.0,1.0,0.0,2.0,2.0,0.0,0.0,1.0,4.0,5.0,3.0,6.0,5.0,3.0,4.0,DERMASON
0.0,0.0,1.0,0.0,2.0,2.0,0.0,0.0,5.0,4.0,5.0,3.0,6.0,5.0,3.0,4.0,DERMASON
0.0,0.0,0.0,0.0,1.0,1.0,0.0,0.0,5.0,4.0,5.0,4.0,6.0,6.0,4.0,4.0,DERMASON
0.0,0.0,0.0,0.0,1.0,1.0,0.0,0.0,2.0,3.0,5.0,4.0,6.0,6.0,4.0,3.0,DERMASON
0.0,0.0,1.0,0.0,2.0,2.0,0.0,0.0,2.0,2.0,4.0,3.0,6.0,5.0,3.0,1.0,DERMASON
0.0,0.0,1.0,0.0,2.0,2.0,0.0,0.0,2.0,4.0,5.0,3.0,6.0,5.0,3.0,4.0,DERMASON
0.0,0.0,0.0,0.0,1.0,1.0,0.0,0.0,4.0,4.0,5.0,4.0,6.0,5.0,4.0,4.0,DERMASON
0.0,0.0,0.0,0.0,1.0,1.0,0.0,0.0,5.0,4.0,5.0,4.0,6.0,5.0,4.0,6.0,DERMASON
0.0,0.0,0.0,0.0,1.0,1.0,0.0,0.0,2.0,4.0,5.0,4.0,6.0,6.0,4.0,5.0,DERMASON
0.0,0.0,0.0,0.0,1.0,1.0,0.0,0.0,2.0,4.0,5.0,4.0,6.0,5.0,4.0,4.0,DERMASON
0.0,0.0,0.0,0.0,1.0,1.0,0.0,0.0,4.0,1.0,1.0,4.0,6.0,5.0,4.0,3.0,DERMASON
0.0,0.0,0.0,0.0,1.0,1.0,0.0,0.0,2.0,4.0,5.0,4.0,6.0,5.0,4.0,4.0,DERMASON
0.0,0.0,0.0,0.0,1.0,1.0,0.0,0.0,5.0,4.0,6.0,4.0,6.0,6.0,4.0,3.0,DERMASON
0.0,0.0,0.0,0.0,1.0,1.0,0.0,0.0,4.0,4.0,6.0,4.0,6.0,6.0,4.0,6.0,DERMASON
0.0,0.0,1.0,0.0,2.0,2.0,0.0,0.0,5.0,4.0,5.0,3.0,6.0,5.0,3.0,4.0,DERMASON
0.0,0.0,0.0,0.0,0.0,0.0,0.0,0.0,3.0,4.0,6.0,5.0,6.0,6.0,5.0,4.0,DERMASON
0.0,0.0,0.0,0.0,1.0,1.0,0.0,0.0,3.0,3.0,5.0,4.0,6.0,6.0,4.0,4.0,DERMASON
0.0,0.0,1.0,0.0,2.0,2.0,0.0,0.0,4.0,5.0,5.0,3.0,6.0,5.0,3.0,4.0,DERMASON
0.0,0.0,0.0,0.0,1.0,1.0,0.0,0.0,5.0,4.0,5.0,4.0,6.0,5.0,4.0,4.0,DERMASON
0.0,1.0,0.0,0.0,1.0,1.0,0.0,0.0,1.0,1.0,0.0,4.0,6.0,5.0,4.0,3.0,DERMASON
0.0,0.0,0.0,0.0,1.0,1.0,0.0,0.0,5.0,2.0,4.0,4.0,6.0,5.0,4.0,3.0,DERMASON
0.0,0.0,1.0,0.0,2.0,2.0,0.0,0.0,5.0,2.0,3.0,3.0,6.0,5.0,3.0,4.0,DERMASON
0.0,0.0,0.0,0.0,1.0,1.0,0.0,0.0,2.0,4.0,5.0,4.0,6.0,5.0,4.0,5.0,DERMASON
0.0,0.0,1.0,0.0,4.0,4.0,0.0,0.0,1.0,4.0,4.0,1.0,6.0,4.0,1.0,4.0,DERMASON
0.0,0.0,0.0,0.0,1.0,1.0,0.0,0.0,4.0,4.0,5.0,4.0,6.0,5.0,4.0,4.0,DERMASON
0.0,0.0,0.0,0.0,1.0,1.0,0.0,0.0,2.0,3.0,4.0,4.0,6.0,5.0,4.0,4.0,DERMASON
0.0,0.0,0.0,0.0,1.0,1.0,0.0,0.0,2.0,3.0,5.0,4.0,6.0,5.0,4.0,3.0,DERMASON
0.0,0.0,0.0,0.0,1.0,1.0,0.0,0.0,5.0,2.0,4.0,4.0,6.0,5.0,4.0,3.0,DERMASON
0.0,0.0,1.0,0.0,2.0,2.0,0.0,0.0,2.0,5.0,5.0,3.0,6.0,5.0,3.0,5.0,DERMASON
0.0,0.0,0.0,0.0,0.0,0.0,0.0,0.0,2.0,4.0,6.0,6.0,6.0,6.0,6.0,3.0,DERMASON
0.0,0.0,1.0,0.0,2.0,2.0,0.0,0.0,2.0,4.0,5.0,3.0,6.0,5.0,3.0,2.0,DERMASON
0.0,0.0,0.0,0.0,1.0,1.0,0.0,0.0,4.0,2.0,5.0,4.0,6.0,6.0,4.0,1.0,DERMASON
0.0,0.0,1.0,0.0,2.0,2.0,0.0,0.0,2.0,3.0,4.0,3.0,6.0,5.0,3.0,4.0,DERMASON
0.0,0.0,0.0,0.0,1.0,1.0,0.0,0.0,2.0,4.0,5.0,4.0,6.0,5.0,4.0,6.0,DERMASON
0.0,0.0,0.0,0.0,1.0,1.0,0.0,0.0,4.0,4.0,5.0,4.0,6.0,6.0,4.0,4.0,DERMASON
0.0,0.0,0.0,0.0,1.0,1.0,0.0,0.0,6.0,4.0,5.0,4.0,6.0,6.0,4.0,3.0,DERMASON
0.0,0.0,0.0,0.0,1.0,1.0,0.0,0.0,5.0,4.0,5.0,4.0,6.0,6.0,4.0,4.0,DERMASON
0.0,0.0,1.0,0.0,1.0,1.0,0.0,0.0,2.0,4.0,5.0,4.0,6.0,5.0,4.0,5.0,DERMASON
0.0,0.0,0.0,0.0,1.0,1.0,0.0,0.0,4.0,4.0,6.0,4.0,6.0,6.0,4.0,5.0,DERMASON
0.0,0.0,1.0,0.0,2.0,2.0,0.0,0.0,4.0,4.0,5.0,3.0,6.0,5.0,3.0,4.0,DERMASON
0.0,0.0,0.0,0.0,1.0,1.0,0.0,0.0,5.0,4.0,5.0,4.0,6.0,5.0,4.0,5.0,DERMASON
0.0,0.0,1.0,0.0,2.0,2.0,0.0,0.0,1.0,2.0,4.0,3.0,6.0,5.0,3.0,3.0,DERMASON
0.0,0.0,1.0,0.0,3.0,3.0,0.0,0.0,2.0,4.0,4.0,2.0,6.0,5.0,2.0,4.0,DERMASON
0.0,0.0,0.0,0.0,1.0,1.0,0.0,0.0,2.0,4.0,6.0,4.0,6.0,6.0,4.0,5.0,DERMASON
0.0,0.0,1.0,0.0,2.0,2.0,0.0,0.0,2.0,4.0,5.0,3.0,6.0,5.0,3.0,2.0,DERMASON
0.0,0.0,1.0,0.0,2.0,2.0,0.0,0.0,2.0,4.0,5.0,3.0,6.0,5.0,3.0,5.0,DERMASON
0.0,0.0,1.0,0.0,2.0,2.0,0.0,0.0,5.0,4.0,5.0,3.0,6.0,5.0,3.0,4.0,DERMASON
0.0,0.0,0.0,0.0,1.0,1.0,0.0,0.0,2.0,4.0,5.0,4.0,6.0,5.0,4.0,4.0,DERMASON
0.0,0.0,0.0,0.0,1.0,1.0,0.0,0.0,4.0,4.0,5.0,4.0,6.0,6.0,4.0,6.0,DERMASON
0.0,0.0,0.0,0.0,1.0,1.0,0.0,0.0,4.0,4.0,5.0,4.0,6.0,5.0,4.0,4.0,DERMASON
0.0,0.0,0.0,0.0,1.0,1.0,0.0,0.0,5.0,4.0,6.0,4.0,6.0,6.0,4.0,5.0,DERMASON
0.0,0.0,0.0,0.0,1.0,1.0,0.0,0.0,4.0,4.0,5.0,4.0,6.0,5.0,4.0,4.0,DERMASON
0.0,0.0,0.0,0.0,1.0,1.0,0.0,0.0,2.0,4.0,5.0,4.0,6.0,5.0,4.0,4.0,DERMASON
0.0,0.0,1.0,0.0,2.0,2.0,0.0,0.0,4.0,4.0,4.0,3.0,6.0,5.0,3.0,4.0,DERMASON
0.0,0.0,0.0,0.0,1.0,1.0,0.0,0.0,1.0,2.0,4.0,4.0,6.0,5.0,4.0,1.0,DERMASON
0.0,0.0,0.0,0.0,1.0,1.0,0.0,0.0,5.0,4.0,5.0,4.0,6.0,5.0,4.0,6.0,DERMASON
0.0,0.0,0.0,0.0,1.0,1.0,0.0,0.0,2.0,4.0,5.0,4.0,6.0,5.0,4.0,4.0,DERMASON
0.0,0.0,1.0,0.0,2.0,2.0,0.0,0.0,5.0,4.0,5.0,3.0,6.0,5.0,3.0,4.0,DERMASON
0.0,0.0,0.0,0.0,1.0,1.0,0.0,0.0,6.0,5.0,5.0,4.0,6.0,5.0,4.0,4.0,DERMASON
0.0,0.0,1.0,0.0,2.0,2.0,0.0,0.0,2.0,3.0,4.0,3.0,6.0,5.0,3.0,3.0,DERMASON
0.0,1.0,1.0,0.0,2.0,2.0,0.0,0.0,2.0,1.0,0.0,3.0,6.0,5.0,3.0,4.0,DERMASON
0.0,0.0,0.0,0.0,1.0,1.0,0.0,0.0,4.0,4.0,5.0,4.0,6.0,5.0,4.0,3.0,DERMASON
0.0,0.0,0.0,0.0,1.0,1.0,0.0,0.0,2.0,4.0,5.0,4.0,6.0,6.0,4.0,4.0,DERMASON
0.0,0.0,1.0,0.0,2.0,2.0,0.0,0.0,1.0,4.0,4.0,3.0,6.0,5.0,3.0,4.0,DERMASON
0.0,0.0,0.0,0.0,1.0,1.0,0.0,0.0,6.0,2.0,4.0,4.0,6.0,5.0,4.0,4.0,DERMASON
0.0,0.0,1.0,0.0,2.0,2.0,0.0,0.0,2.0,4.0,5.0,3.0,6.0,5.0,3.0,4.0,DERMASON
0.0,0.0,0.0,0.0,1.0,1.0,0.0,0.0,3.0,4.0,5.0,4.0,6.0,5.0,4.0,3.0,DERMASON
0.0,0.0,0.0,0.0,1.0,1.0,0.0,0.0,4.0,4.0,6.0,4.0,6.0,6.0,4.0,3.0,DERMASON
0.0,0.0,1.0,0.0,2.0,2.0,0.0,0.0,6.0,2.0,3.0,2.0,6.0,5.0,2.0,1.0,DERMASON
0.0,0.0,1.0,0.0,2.0,2.0,0.0,0.0,2.0,4.0,4.0,3.0,6.0,5.0,3.0,3.0,DERMASON
0.0,0.0,0.0,0.0,1.0,1.0,0.0,0.0,1.0,4.0,5.0,4.0,6.0,5.0,4.0,3.0,DERMASON
0.0,0.0,0.0,0.0,1.0,1.0,0.0,0.0,2.0,2.0,5.0,4.0,6.0,6.0,4.0,1.0,DERMASON
0.0,0.0,1.0,0.0,2.0,2.0,0.0,0.0,4.0,4.0,5.0,3.0,6.0,5.0,3.0,4.0,DERMASON
0.0,0.0,1.0,0.0,1.0,1.0,0.0,0.0,5.0,4.0,5.0,4.0,6.0,5.0,4.0,4.0,DERMASON
0.0,0.0,1.0,0.0,4.0,4.0,0.0,0.0,2.0,4.0,4.0,2.0,6.0,5.0,2.0,3.0,DERMASON
0.0,0.0,1.0,0.0,2.0,2.0,0.0,0.0,2.0,4.0,5.0,4.0,6.0,5.0,4.0,4.0,DERMASON
0.0,0.0,1.0,0.0,1.0,1.0,0.0,0.0,4.0,3.0,5.0,4.0,6.0,5.0,4.0,3.0,DERMASON
0.0,0.0,1.0,0.0,1.0,1.0,0.0,0.0,2.0,2.0,5.0,4.0,6.0,5.0,4.0,3.0,DERMASON
0.0,0.0,0.0,0.0,1.0,1.0,0.0,0.0,4.0,4.0,5.0,4.0,6.0,5.0,4.0,4.0,DERMASON
0.0,0.0,1.0,0.0,2.0,2.0,0.0,0.0,5.0,4.0,5.0,3.0,6.0,5.0,3.0,4.0,DERMASON
0.0,0.0,0.0,0.0,1.0,1.0,0.0,0.0,2.0,4.0,5.0,4.0,6.0,5.0,4.0,3.0,DERMASON
0.0,0.0,1.0,0.0,4.0,4.0,0.0,0.0,3.0,4.0,4.0,2.0,6.0,5.0,2.0,5.0,DERMASON
0.0,0.0,0.0,0.0,1.0,1.0,0.0,0.0,4.0,2.0,4.0,4.0,6.0,6.0,4.0,3.0,DERMASON
0.0,0.0,0.0,0.0,1.0,1.0,0.0,0.0,4.0,4.0,5.0,4.0,6.0,5.0,4.0,6.0,DERMASON
0.0,0.0,0.0,0.0,1.0,1.0,0.0,0.0,5.0,4.0,5.0,4.0,6.0,5.0,4.0,4.0,DERMASON
0.0,0.0,0.0,0.0,1.0,1.0,0.0,0.0,2.0,4.0,5.0,4.0,6.0,5.0,4.0,4.0,DERMASON
0.0,0.0,1.0,0.0,2.0,2.0,0.0,0.0,1.0,2.0,4.0,3.0,6.0,5.0,3.0,3.0,DERMASON
0.0,0.0,0.0,0.0,1.0,1.0,0.0,0.0,2.0,4.0,5.0,4.0,6.0,6.0,4.0,4.0,DERMASON
0.0,0.0,0.0,0.0,1.0,1.0,0.0,0.0,4.0,4.0,5.0,4.0,6.0,5.0,4.0,4.0,DERMASON
0.0,0.0,1.0,0.0,2.0,2.0,0.0,0.0,1.0,4.0,5.0,3.0,6.0,5.0,3.0,4.0,DERMASON
0.0,0.0,0.0,0.0,1.0,1.0,0.0,0.0,4.0,4.0,5.0,4.0,6.0,5.0,4.0,6.0,DERMASON
0.0,0.0,0.0,0.0,1.0,1.0,0.0,0.0,2.0,4.0,6.0,4.0,6.0,6.0,4.0,5.0,DERMASON
0.0,0.0,1.0,0.0,2.0,2.0,0.0,0.0,4.0,4.0,4.0,3.0,6.0,5.0,3.0,3.0,DERMASON
0.0,0.0,0.0,0.0,1.0,1.0,0.0,0.0,4.0,4.0,6.0,4.0,6.0,6.0,4.0,4.0,DERMASON
0.0,0.0,0.0,0.0,1.0,1.0,0.0,0.0,4.0,4.0,5.0,4.0,6.0,5.0,4.0,4.0,DERMASON
0.0,0.0,0.0,0.0,1.0,1.0,0.0,0.0,2.0,4.0,5.0,5.0,6.0,6.0,5.0,5.0,DERMASON
0.0,0.0,0.0,0.0,1.0,1.0,0.0,0.0,5.0,4.0,5.0,4.0,6.0,5.0,4.0,4.0,DERMASON
0.0,0.0,1.0,0.0,2.0,2.0,0.0,0.0,4.0,4.0,4.0,3.0,6.0,5.0,3.0,4.0,DERMASON
0.0,0.0,1.0,0.0,2.0,2.0,0.0,0.0,2.0,4.0,5.0,3.0,6.0,5.0,3.0,4.0,DERMASON
0.0,0.0,0.0,0.0,1.0,1.0,0.0,0.0,2.0,3.0,5.0,4.0,6.0,5.0,4.0,4.0,DERMASON
0.0,0.0,0.0,0.0,1.0,1.0,0.0,0.0,4.0,4.0,5.0,4.0,6.0,5.0,4.0,4.0,DERMASON
0.0,0.0,1.0,0.0,2.0,2.0,0.0,0.0,2.0,4.0,5.0,3.0,6.0,5.0,3.0,6.0,DERMASON
0.0,0.0,0.0,0.0,1.0,1.0,0.0,0.0,2.0,4.0,5.0,4.0,6.0,5.0,4.0,4.0,DERMASON
0.0,0.0,0.0,0.0,1.0,1.0,0.0,0.0,4.0,4.0,5.0,4.0,6.0,5.0,4.0,4.0,DERMASON
0.0,0.0,0.0,0.0,1.0,1.0,0.0,0.0,5.0,4.0,5.0,4.0,6.0,5.0,4.0,4.0,DERMASON
0.0,0.0,0.0,0.0,1.0,1.0,0.0,0.0,4.0,2.0,4.0,4.0,6.0,5.0,4.0,4.0,DERMASON
0.0,0.0,0.0,0.0,1.0,1.0,0.0,0.0,3.0,4.0,5.0,4.0,6.0,5.0,4.0,4.0,DERMASON
0.0,0.0,0.0,0.0,1.0,1.0,0.0,0.0,2.0,4.0,5.0,4.0,6.0,6.0,4.0,4.0,DERMASON
0.0,0.0,0.0,0.0,1.0,1.0,0.0,0.0,2.0,4.0,5.0,4.0,6.0,6.0,4.0,3.0,DERMASON
0.0,0.0,0.0,0.0,1.0,1.0,0.0,0.0,6.0,4.0,5.0,4.0,6.0,6.0,4.0,2.0,DERMASON
0.0,0.0,0.0,0.0,1.0,1.0,0.0,0.0,2.0,3.0,5.0,4.0,6.0,6.0,4.0,4.0,DERMASON
0.0,0.0,1.0,0.0,4.0,4.0,0.0,0.0,1.0,5.0,4.0,1.0,6.0,4.0,1.0,5.0,DERMASON
0.0,0.0,0.0,0.0,1.0,1.0,0.0,0.0,5.0,4.0,5.0,4.0,6.0,5.0,4.0,3.0,DERMASON
0.0,0.0,0.0,0.0,1.0,1.0,0.0,0.0,5.0,4.0,5.0,4.0,6.0,5.0,4.0,4.0,DERMASON
0.0,0.0,0.0,0.0,1.0,1.0,0.0,0.0,5.0,4.0,5.0,4.0,6.0,6.0,4.0,4.0,DERMASON
0.0,0.0,1.0,0.0,2.0,2.0,0.0,0.0,4.0,4.0,5.0,3.0,6.0,5.0,3.0,4.0,DERMASON
0.0,0.0,0.0,0.0,1.0,1.0,0.0,0.0,2.0,4.0,5.0,4.0,6.0,5.0,4.0,4.0,DERMASON
0.0,0.0,0.0,0.0,1.0,1.0,0.0,0.0,2.0,4.0,5.0,4.0,6.0,5.0,4.0,6.0,DERMASON
0.0,0.0,0.0,0.0,1.0,1.0,0.0,0.0,4.0,4.0,5.0,4.0,6.0,6.0,4.0,3.0,DERMASON
0.0,0.0,0.0,0.0,1.0,1.0,0.0,0.0,2.0,4.0,5.0,4.0,6.0,5.0,4.0,3.0,DERMASON
0.0,0.0,0.0,0.0,1.0,1.0,0.0,0.0,4.0,4.0,5.0,4.0,6.0,5.0,4.0,4.0,DERMASON
0.0,0.0,1.0,0.0,2.0,2.0,0.0,0.0,1.0,4.0,5.0,3.0,6.0,5.0,3.0,4.0,DERMASON
0.0,0.0,0.0,0.0,1.0,1.0,0.0,0.0,2.0,4.0,5.0,4.0,6.0,5.0,4.0,6.0,DERMASON
0.0,0.0,0.0,0.0,1.0,1.0,0.0,0.0,4.0,4.0,5.0,4.0,6.0,6.0,4.0,4.0,DERMASON
0.0,0.0,0.0,0.0,1.0,1.0,0.0,0.0,6.0,4.0,5.0,4.0,6.0,6.0,4.0,4.0,DERMASON
0.0,0.0,1.0,0.0,2.0,2.0,0.0,0.0,2.0,4.0,4.0,3.0,6.0,5.0,3.0,5.0,DERMASON
0.0,0.0,0.0,0.0,1.0,1.0,0.0,0.0,4.0,4.0,5.0,4.0,6.0,5.0,4.0,4.0,DERMASON
0.0,0.0,0.0,0.0,1.0,1.0,0.0,0.0,2.0,2.0,5.0,4.0,6.0,5.0,4.0,3.0,DERMASON
0.0,0.0,0.0,0.0,1.0,1.0,0.0,0.0,4.0,4.0,5.0,4.0,6.0,6.0,4.0,4.0,DERMASON
0.0,0.0,1.0,0.0,2.0,2.0,0.0,0.0,1.0,4.0,4.0,3.0,6.0,5.0,3.0,4.0,DERMASON
0.0,0.0,0.0,0.0,1.0,1.0,0.0,0.0,4.0,4.0,5.0,4.0,6.0,6.0,4.0,3.0,DERMASON
0.0,0.0,0.0,0.0,1.0,1.0,0.0,0.0,6.0,4.0,5.0,4.0,6.0,5.0,4.0,4.0,DERMASON
0.0,0.0,1.0,0.0,1.0,1.0,0.0,0.0,4.0,4.0,5.0,3.0,6.0,5.0,3.0,1.0,DERMASON
0.0,0.0,0.0,0.0,1.0,1.0,0.0,0.0,5.0,4.0,5.0,4.0,6.0,5.0,4.0,4.0,DERMASON
0.0,0.0,0.0,0.0,1.0,1.0,0.0,0.0,2.0,3.0,5.0,4.0,6.0,5.0,4.0,5.0,DERMASON
0.0,0.0,1.0,0.0,2.0,2.0,0.0,0.0,4.0,4.0,4.0,3.0,6.0,5.0,3.0,4.0,DERMASON
0.0,0.0,0.0,0.0,1.0,1.0,0.0,0.0,4.0,3.0,5.0,4.0,6.0,6.0,4.0,4.0,DERMASON
0.0,0.0,1.0,0.0,1.0,1.0,0.0,0.0,2.0,4.0,4.0,4.0,6.0,5.0,4.0,4.0,DERMASON
0.0,0.0,0.0,0.0,1.0,1.0,0.0,0.0,4.0,4.0,6.0,4.0,6.0,6.0,4.0,4.0,DERMASON
0.0,0.0,1.0,0.0,2.0,2.0,0.0,0.0,4.0,4.0,4.0,3.0,6.0,5.0,3.0,5.0,DERMASON
0.0,0.0,0.0,0.0,1.0,1.0,0.0,0.0,4.0,4.0,5.0,4.0,6.0,5.0,4.0,4.0,DERMASON
0.0,0.0,1.0,0.0,1.0,1.0,0.0,0.0,5.0,3.0,5.0,4.0,6.0,5.0,4.0,4.0,DERMASON
0.0,0.0,0.0,0.0,0.0,0.0,0.0,0.0,5.0,4.0,5.0,5.0,6.0,6.0,5.0,3.0,DERMASON
0.0,0.0,1.0,0.0,3.0,3.0,0.0,0.0,4.0,4.0,5.0,2.0,6.0,5.0,2.0,5.0,DERMASON
0.0,0.0,1.0,0.0,2.0,2.0,0.0,0.0,5.0,4.0,4.0,3.0,6.0,5.0,3.0,4.0,DERMASON
0.0,0.0,1.0,0.0,2.0,2.0,0.0,0.0,2.0,4.0,5.0,3.0,6.0,5.0,3.0,6.0,DERMASON
0.0,0.0,1.0,0.0,2.0,2.0,0.0,0.0,2.0,4.0,5.0,3.0,6.0,5.0,3.0,4.0,DERMASON
0.0,0.0,1.0,0.0,1.0,1.0,0.0,0.0,5.0,5.0,5.0,4.0,6.0,5.0,4.0,5.0,DERMASON
0.0,0.0,0.0,0.0,1.0,1.0,0.0,0.0,4.0,4.0,5.0,4.0,6.0,5.0,4.0,5.0,DERMASON
0.0,0.0,1.0,0.0,1.0,1.0,0.0,0.0,4.0,3.0,4.0,3.0,6.0,5.0,3.0,2.0,DERMASON
0.0,0.0,0.0,0.0,1.0,1.0,0.0,0.0,5.0,4.0,5.0,4.0,6.0,5.0,4.0,4.0,DERMASON
0.0,0.0,1.0,0.0,2.0,2.0,0.0,0.0,1.0,4.0,4.0,3.0,6.0,5.0,3.0,4.0,DERMASON
0.0,0.0,0.0,0.0,1.0,1.0,0.0,0.0,4.0,3.0,5.0,4.0,6.0,5.0,4.0,3.0,DERMASON
0.0,0.0,0.0,0.0,1.0,1.0,0.0,0.0,2.0,4.0,5.0,4.0,6.0,5.0,4.0,4.0,DERMASON
0.0,0.0,0.0,0.0,1.0,1.0,0.0,0.0,5.0,4.0,5.0,4.0,6.0,5.0,4.0,5.0,DERMASON
0.0,0.0,1.0,0.0,1.0,1.0,0.0,0.0,2.0,5.0,5.0,4.0,6.0,5.0,4.0,4.0,DERMASON
0.0,0.0,0.0,0.0,1.0,1.0,0.0,0.0,4.0,4.0,5.0,4.0,6.0,6.0,4.0,4.0,DERMASON
0.0,0.0,0.0,0.0,1.0,1.0,0.0,0.0,5.0,5.0,5.0,4.0,6.0,5.0,4.0,4.0,DERMASON
0.0,0.0,1.0,0.0,2.0,2.0,0.0,0.0,4.0,4.0,5.0,3.0,6.0,5.0,3.0,4.0,DERMASON
0.0,0.0,0.0,0.0,1.0,1.0,0.0,0.0,6.0,4.0,5.0,4.0,6.0,6.0,4.0,4.0,DERMASON
0.0,0.0,0.0,0.0,1.0,1.0,0.0,0.0,4.0,4.0,5.0,4.0,6.0,5.0,4.0,5.0,DERMASON
0.0,0.0,0.0,0.0,1.0,1.0,0.0,0.0,4.0,4.0,5.0,4.0,6.0,5.0,4.0,4.0,DERMASON
0.0,0.0,0.0,0.0,1.0,1.0,0.0,0.0,2.0,4.0,5.0,4.0,6.0,5.0,4.0,5.0,DERMASON
0.0,0.0,1.0,0.0,2.0,2.0,0.0,0.0,4.0,4.0,4.0,3.0,6.0,5.0,3.0,5.0,DERMASON
0.0,0.0,1.0,0.0,1.0,1.0,0.0,0.0,2.0,4.0,5.0,4.0,6.0,5.0,4.0,3.0,DERMASON
0.0,0.0,1.0,0.0,2.0,2.0,0.0,0.0,1.0,2.0,4.0,3.0,6.0,5.0,3.0,4.0,DERMASON
0.0,0.0,0.0,0.0,1.0,1.0,0.0,0.0,4.0,4.0,5.0,4.0,6.0,5.0,4.0,5.0,DERMASON
0.0,0.0,0.0,0.0,1.0,1.0,0.0,0.0,2.0,4.0,5.0,4.0,6.0,5.0,4.0,5.0,DERMASON
0.0,0.0,1.0,0.0,1.0,1.0,0.0,0.0,2.0,4.0,5.0,4.0,6.0,5.0,4.0,4.0,DERMASON
0.0,0.0,0.0,0.0,1.0,1.0,0.0,0.0,5.0,4.0,5.0,4.0,6.0,5.0,4.0,4.0,DERMASON
0.0,0.0,0.0,0.0,1.0,1.0,0.0,0.0,4.0,2.0,5.0,4.0,6.0,5.0,4.0,3.0,DERMASON
0.0,0.0,0.0,0.0,1.0,1.0,0.0,0.0,4.0,4.0,5.0,4.0,6.0,5.0,4.0,6.0,DERMASON
0.0,0.0,0.0,0.0,0.0,0.0,0.0,0.0,4.0,4.0,6.0,5.0,6.0,6.0,5.0,6.0,DERMASON
0.0,0.0,0.0,0.0,1.0,1.0,0.0,0.0,2.0,4.0,5.0,4.0,6.0,5.0,4.0,4.0,DERMASON
0.0,0.0,0.0,0.0,1.0,1.0,0.0,0.0,4.0,2.0,3.0,4.0,6.0,5.0,4.0,2.0,DERMASON
0.0,0.0,1.0,0.0,4.0,4.0,0.0,0.0,3.0,3.0,4.0,1.0,6.0,5.0,1.0,4.0,DERMASON
0.0,0.0,1.0,0.0,2.0,2.0,0.0,0.0,4.0,4.0,5.0,3.0,6.0,5.0,3.0,4.0,DERMASON
0.0,0.0,1.0,0.0,2.0,2.0,0.0,0.0,2.0,4.0,4.0,3.0,6.0,5.0,3.0,4.0,DERMASON
0.0,0.0,1.0,0.0,2.0,2.0,0.0,0.0,4.0,4.0,4.0,3.0,6.0,5.0,3.0,4.0,DERMASON
0.0,0.0,1.0,0.0,1.0,1.0,0.0,0.0,4.0,4.0,5.0,4.0,6.0,5.0,4.0,1.0,DERMASON
0.0,0.0,1.0,0.0,2.0,2.0,0.0,0.0,6.0,4.0,5.0,3.0,6.0,5.0,3.0,4.0,DERMASON
0.0,0.0,1.0,0.0,3.0,3.0,0.0,0.0,2.0,2.0,4.0,2.0,6.0,5.0,2.0,1.0,DERMASON
0.0,0.0,1.0,0.0,2.0,2.0,0.0,0.0,2.0,2.0,4.0,3.0,6.0,5.0,3.0,3.0,DERMASON
0.0,0.0,0.0,0.0,1.0,1.0,0.0,0.0,5.0,4.0,5.0,4.0,6.0,5.0,4.0,5.0,DERMASON
0.0,0.0,0.0,0.0,1.0,1.0,0.0,0.0,2.0,4.0,5.0,4.0,6.0,5.0,4.0,4.0,DERMASON
0.0,0.0,0.0,0.0,1.0,1.0,0.0,0.0,4.0,4.0,5.0,4.0,6.0,5.0,4.0,4.0,DERMASON
0.0,0.0,0.0,0.0,1.0,1.0,0.0,0.0,4.0,4.0,5.0,4.0,6.0,5.0,4.0,4.0,DERMASON
0.0,0.0,1.0,0.0,2.0,2.0,0.0,0.0,2.0,4.0,4.0,3.0,6.0,5.0,3.0,4.0,DERMASON
0.0,0.0,0.0,0.0,1.0,1.0,0.0,0.0,2.0,4.0,5.0,4.0,6.0,5.0,4.0,5.0,DERMASON
0.0,0.0,0.0,0.0,1.0,1.0,0.0,0.0,4.0,4.0,5.0,4.0,6.0,5.0,4.0,6.0,DERMASON
0.0,0.0,0.0,0.0,1.0,1.0,0.0,0.0,4.0,4.0,5.0,4.0,6.0,5.0,4.0,4.0,DERMASON
0.0,0.0,0.0,0.0,1.0,1.0,0.0,0.0,5.0,4.0,5.0,4.0,6.0,6.0,4.0,4.0,DERMASON
0.0,0.0,0.0,0.0,1.0,1.0,0.0,0.0,4.0,4.0,4.0,4.0,6.0,5.0,4.0,6.0,DERMASON
0.0,0.0,1.0,0.0,2.0,2.0,0.0,0.0,5.0,3.0,4.0,3.0,6.0,5.0,3.0,3.0,DERMASON
0.0,0.0,1.0,0.0,1.0,1.0,0.0,0.0,2.0,3.0,4.0,3.0,6.0,5.0,3.0,1.0,DERMASON
0.0,0.0,1.0,0.0,4.0,4.0,0.0,0.0,2.0,2.0,4.0,1.0,6.0,4.0,1.0,1.0,DERMASON
0.0,0.0,1.0,0.0,1.0,1.0,0.0,0.0,2.0,4.0,5.0,4.0,6.0,5.0,4.0,3.0,DERMASON
0.0,0.0,1.0,0.0,1.0,1.0,0.0,0.0,4.0,4.0,5.0,4.0,6.0,5.0,4.0,4.0,DERMASON
0.0,0.0,0.0,0.0,1.0,1.0,0.0,0.0,5.0,4.0,5.0,4.0,6.0,6.0,4.0,4.0,DERMASON
0.0,0.0,1.0,0.0,2.0,2.0,0.0,0.0,1.0,4.0,4.0,3.0,6.0,5.0,3.0,3.0,DERMASON
0.0,0.0,1.0,0.0,2.0,2.0,0.0,0.0,4.0,4.0,5.0,3.0,6.0,5.0,3.0,4.0,DERMASON
0.0,0.0,1.0,0.0,1.0,1.0,0.0,0.0,1.0,4.0,4.0,4.0,6.0,5.0,4.0,1.0,DERMASON
0.0,0.0,1.0,0.0,2.0,2.0,0.0,0.0,4.0,4.0,5.0,3.0,6.0,5.0,3.0,3.0,DERMASON
0.0,0.0,0.0,0.0,1.0,1.0,0.0,0.0,2.0,4.0,5.0,4.0,6.0,6.0,4.0,4.0,DERMASON
0.0,0.0,0.0,0.0,1.0,1.0,0.0,0.0,3.0,4.0,5.0,4.0,6.0,6.0,4.0,4.0,DERMASON
0.0,0.0,0.0,0.0,1.0,1.0,0.0,0.0,5.0,4.0,5.0,4.0,6.0,6.0,4.0,3.0,DERMASON
0.0,0.0,0.0,0.0,1.0,1.0,0.0,0.0,5.0,4.0,5.0,4.0,6.0,5.0,4.0,4.0,DERMASON
0.0,0.0,1.0,0.0,1.0,1.0,0.0,0.0,2.0,4.0,5.0,4.0,6.0,5.0,4.0,4.0,DERMASON
0.0,0.0,0.0,0.0,1.0,1.0,0.0,0.0,5.0,4.0,5.0,4.0,6.0,6.0,4.0,4.0,DERMASON
0.0,0.0,0.0,0.0,1.0,1.0,0.0,0.0,3.0,4.0,5.0,4.0,6.0,6.0,4.0,3.0,DERMASON
0.0,0.0,0.0,0.0,1.0,1.0,0.0,0.0,5.0,4.0,5.0,4.0,6.0,5.0,4.0,4.0,DERMASON
0.0,0.0,1.0,0.0,1.0,1.0,0.0,0.0,2.0,4.0,5.0,4.0,6.0,5.0,4.0,3.0,DERMASON
0.0,0.0,0.0,0.0,1.0,1.0,0.0,0.0,4.0,2.0,4.0,4.0,6.0,5.0,4.0,2.0,DERMASON
0.0,0.0,0.0,0.0,1.0,1.0,0.0,0.0,2.0,4.0,5.0,4.0,6.0,5.0,4.0,4.0,DERMASON
0.0,0.0,1.0,0.0,1.0,1.0,0.0,0.0,6.0,4.0,5.0,4.0,6.0,5.0,4.0,4.0,DERMASON
0.0,0.0,1.0,0.0,2.0,2.0,0.0,0.0,2.0,4.0,5.0,3.0,6.0,5.0,3.0,4.0,DERMASON
0.0,0.0,0.0,0.0,1.0,1.0,0.0,0.0,4.0,4.0,5.0,4.0,6.0,6.0,4.0,4.0,DERMASON
0.0,0.0,1.0,0.0,4.0,4.0,0.0,0.0,4.0,3.0,4.0,2.0,6.0,5.0,2.0,4.0,DERMASON
0.0,0.0,0.0,0.0,1.0,1.0,0.0,0.0,4.0,4.0,5.0,4.0,6.0,5.0,4.0,4.0,DERMASON
0.0,0.0,1.0,0.0,1.0,1.0,0.0,0.0,2.0,4.0,5.0,4.0,6.0,5.0,4.0,4.0,DERMASON
0.0,0.0,0.0,0.0,1.0,1.0,0.0,0.0,6.0,5.0,5.0,4.0,6.0,5.0,4.0,4.0,DERMASON
0.0,0.0,0.0,0.0,1.0,1.0,0.0,0.0,2.0,4.0,5.0,4.0,6.0,5.0,4.0,1.0,DERMASON
0.0,0.0,0.0,0.0,1.0,1.0,0.0,0.0,2.0,4.0,5.0,4.0,6.0,6.0,4.0,4.0,DERMASON
0.0,0.0,1.0,0.0,4.0,4.0,0.0,0.0,1.0,3.0,3.0,1.0,6.0,4.0,1.0,4.0,DERMASON
0.0,0.0,0.0,0.0,1.0,1.0,0.0,0.0,2.0,4.0,5.0,4.0,6.0,6.0,4.0,4.0,DERMASON
0.0,0.0,0.0,0.0,1.0,1.0,0.0,0.0,4.0,4.0,5.0,4.0,6.0,6.0,4.0,6.0,DERMASON
0.0,0.0,0.0,0.0,1.0,1.0,0.0,0.0,2.0,4.0,5.0,4.0,6.0,6.0,4.0,4.0,DERMASON
0.0,0.0,1.0,0.0,2.0,2.0,0.0,0.0,1.0,2.0,4.0,3.0,6.0,5.0,3.0,4.0,DERMASON
0.0,0.0,0.0,0.0,1.0,1.0,0.0,0.0,4.0,2.0,5.0,4.0,6.0,5.0,4.0,4.0,DERMASON
0.0,0.0,1.0,0.0,2.0,2.0,0.0,0.0,2.0,4.0,4.0,3.0,6.0,5.0,3.0,3.0,DERMASON
0.0,0.0,1.0,0.0,4.0,4.0,0.0,0.0,1.0,1.0,3.0,1.0,6.0,4.0,1.0,1.0,DERMASON
0.0,0.0,0.0,0.0,1.0,1.0,0.0,0.0,6.0,4.0,5.0,4.0,6.0,6.0,4.0,3.0,DERMASON
0.0,1.0,1.0,0.0,2.0,2.0,0.0,0.0,2.0,1.0,1.0,3.0,6.0,5.0,3.0,1.0,DERMASON
0.0,0.0,0.0,0.0,1.0,1.0,0.0,0.0,5.0,4.0,6.0,4.0,6.0,6.0,4.0,4.0,DERMASON
0.0,0.0,1.0,0.0,1.0,1.0,0.0,0.0,2.0,4.0,4.0,4.0,6.0,5.0,4.0,3.0,DERMASON
0.0,0.0,1.0,0.0,3.0,3.0,0.0,0.0,3.0,4.0,3.0,2.0,6.0,5.0,2.0,4.0,DERMASON
0.0,0.0,0.0,0.0,1.0,1.0,0.0,0.0,2.0,4.0,5.0,4.0,6.0,6.0,4.0,3.0,DERMASON
0.0,0.0,1.0,0.0,2.0,2.0,0.0,0.0,4.0,4.0,5.0,3.0,6.0,5.0,3.0,2.0,DERMASON
0.0,0.0,1.0,0.0,2.0,2.0,0.0,0.0,4.0,2.0,3.0,3.0,6.0,5.0,3.0,4.0,DERMASON
0.0,0.0,1.0,0.0,1.0,1.0,0.0,0.0,2.0,4.0,5.0,4.0,6.0,5.0,4.0,4.0,DERMASON
0.0,0.0,0.0,0.0,1.0,1.0,0.0,0.0,4.0,4.0,5.0,4.0,6.0,6.0,4.0,5.0,DERMASON
0.0,0.0,1.0,0.0,2.0,2.0,0.0,0.0,2.0,4.0,4.0,3.0,6.0,5.0,3.0,4.0,DERMASON
0.0,0.0,0.0,0.0,1.0,1.0,0.0,0.0,2.0,6.0,6.0,4.0,6.0,6.0,4.0,6.0,DERMASON
0.0,0.0,1.0,0.0,3.0,3.0,0.0,0.0,5.0,2.0,2.0,2.0,6.0,5.0,2.0,3.0,DERMASON
0.0,0.0,0.0,0.0,1.0,1.0,0.0,0.0,2.0,4.0,5.0,4.0,6.0,5.0,4.0,4.0,DERMASON
0.0,0.0,1.0,0.0,1.0,1.0,0.0,0.0,3.0,4.0,5.0,4.0,6.0,5.0,4.0,3.0,DERMASON
0.0,0.0,1.0,0.0,2.0,2.0,0.0,0.0,5.0,4.0,5.0,3.0,6.0,5.0,3.0,3.0,DERMASON
0.0,0.0,1.0,0.0,1.0,1.0,0.0,0.0,4.0,4.0,5.0,4.0,6.0,5.0,4.0,4.0,DERMASON
0.0,0.0,1.0,0.0,1.0,1.0,0.0,0.0,2.0,4.0,5.0,4.0,6.0,5.0,4.0,4.0,DERMASON
0.0,0.0,1.0,0.0,1.0,1.0,0.0,0.0,5.0,4.0,5.0,4.0,6.0,5.0,4.0,4.0,DERMASON
0.0,0.0,1.0,0.0,2.0,2.0,0.0,0.0,1.0,2.0,4.0,3.0,6.0,5.0,3.0,1.0,DERMASON
0.0,0.0,1.0,0.0,1.0,1.0,0.0,0.0,4.0,4.0,5.0,4.0,6.0,5.0,4.0,4.0,DERMASON
0.0,0.0,0.0,0.0,1.0,1.0,0.0,0.0,2.0,4.0,5.0,4.0,6.0,5.0,4.0,5.0,DERMASON
0.0,0.0,0.0,0.0,1.0,1.0,0.0,0.0,2.0,4.0,5.0,4.0,6.0,6.0,4.0,2.0,DERMASON
0.0,0.0,1.0,0.0,2.0,2.0,0.0,0.0,2.0,2.0,4.0,3.0,6.0,5.0,3.0,4.0,DERMASON
0.0,0.0,1.0,0.0,1.0,1.0,0.0,0.0,4.0,4.0,5.0,4.0,6.0,5.0,4.0,3.0,DERMASON
0.0,0.0,0.0,0.0,1.0,1.0,0.0,0.0,5.0,4.0,5.0,4.0,6.0,5.0,4.0,4.0,DERMASON
0.0,0.0,0.0,0.0,1.0,1.0,0.0,0.0,4.0,4.0,5.0,4.0,6.0,5.0,4.0,4.0,DERMASON
0.0,0.0,1.0,0.0,1.0,1.0,0.0,0.0,2.0,4.0,5.0,4.0,6.0,5.0,4.0,4.0,DERMASON
0.0,0.0,1.0,0.0,1.0,1.0,0.0,0.0,2.0,4.0,5.0,4.0,6.0,5.0,4.0,4.0,DERMASON
0.0,0.0,0.0,0.0,1.0,1.0,0.0,0.0,4.0,3.0,5.0,4.0,6.0,5.0,4.0,2.0,DERMASON
0.0,0.0,1.0,0.0,2.0,2.0,0.0,0.0,4.0,4.0,5.0,3.0,6.0,5.0,3.0,5.0,DERMASON
0.0,0.0,0.0,0.0,1.0,1.0,0.0,0.0,4.0,3.0,5.0,4.0,6.0,5.0,4.0,3.0,DERMASON
0.0,0.0,1.0,0.0,1.0,1.0,0.0,0.0,2.0,3.0,4.0,4.0,6.0,5.0,4.0,4.0,DERMASON
0.0,0.0,1.0,0.0,2.0,2.0,0.0,0.0,4.0,4.0,5.0,3.0,6.0,5.0,3.0,2.0,DERMASON
0.0,0.0,1.0,0.0,3.0,3.0,0.0,0.0,2.0,2.0,4.0,2.0,6.0,5.0,2.0,3.0,DERMASON
0.0,0.0,0.0,0.0,1.0,1.0,0.0,0.0,5.0,4.0,5.0,4.0,6.0,5.0,4.0,4.0,DERMASON
0.0,0.0,0.0,0.0,1.0,1.0,0.0,0.0,3.0,4.0,5.0,4.0,6.0,5.0,4.0,6.0,DERMASON
0.0,2.0,0.0,0.0,1.0,1.0,0.0,0.0,2.0,1.0,0.0,4.0,6.0,6.0,4.0,1.0,DERMASON
0.0,0.0,1.0,0.0,2.0,2.0,0.0,0.0,4.0,3.0,4.0,3.0,6.0,5.0,3.0,4.0,DERMASON
0.0,0.0,1.0,0.0,2.0,2.0,0.0,0.0,4.0,4.0,5.0,3.0,6.0,5.0,3.0,3.0,DERMASON
0.0,0.0,0.0,0.0,1.0,1.0,0.0,0.0,3.0,2.0,3.0,4.0,6.0,6.0,4.0,4.0,DERMASON
0.0,0.0,1.0,0.0,2.0,2.0,0.0,0.0,2.0,2.0,4.0,3.0,6.0,5.0,3.0,2.0,DERMASON
0.0,0.0,1.0,0.0,1.0,1.0,0.0,0.0,5.0,4.0,5.0,4.0,6.0,5.0,4.0,2.0,DERMASON
0.0,0.0,0.0,0.0,1.0,1.0,0.0,0.0,1.0,4.0,5.0,4.0,6.0,6.0,4.0,2.0,DERMASON
0.0,0.0,0.0,0.0,0.0,0.0,0.0,0.0,4.0,4.0,5.0,5.0,6.0,6.0,5.0,3.0,DERMASON
0.0,0.0,0.0,0.0,1.0,1.0,0.0,0.0,4.0,4.0,5.0,4.0,6.0,6.0,4.0,4.0,DERMASON
0.0,0.0,1.0,0.0,3.0,3.0,0.0,0.0,1.0,2.0,4.0,2.0,6.0,5.0,2.0,4.0,DERMASON
0.0,0.0,1.0,0.0,1.0,1.0,0.0,0.0,6.0,4.0,5.0,4.0,6.0,5.0,4.0,3.0,DERMASON
0.0,0.0,1.0,0.0,1.0,1.0,0.0,0.0,4.0,4.0,5.0,4.0,6.0,5.0,4.0,5.0,DERMASON
0.0,0.0,0.0,0.0,0.0,0.0,0.0,0.0,4.0,4.0,6.0,5.0,6.0,6.0,5.0,5.0,DERMASON
0.0,0.0,1.0,0.0,1.0,1.0,0.0,0.0,2.0,4.0,5.0,4.0,6.0,5.0,4.0,4.0,DERMASON
0.0,0.0,1.0,0.0,2.0,2.0,0.0,0.0,5.0,3.0,3.0,3.0,6.0,5.0,3.0,3.0,DERMASON
0.0,0.0,0.0,0.0,0.0,0.0,0.0,0.0,3.0,4.0,6.0,5.0,6.0,6.0,5.0,4.0,DERMASON
0.0,0.0,0.0,0.0,1.0,1.0,0.0,0.0,2.0,4.0,5.0,4.0,6.0,5.0,4.0,5.0,DERMASON
0.0,0.0,0.0,0.0,0.0,0.0,0.0,0.0,5.0,4.0,6.0,5.0,6.0,6.0,5.0,3.0,DERMASON
0.0,0.0,1.0,0.0,1.0,1.0,0.0,0.0,4.0,4.0,5.0,4.0,6.0,5.0,4.0,4.0,DERMASON
0.0,0.0,1.0,0.0,1.0,1.0,0.0,0.0,4.0,4.0,5.0,4.0,6.0,5.0,4.0,4.0,DERMASON
0.0,0.0,1.0,0.0,1.0,1.0,0.0,0.0,2.0,4.0,5.0,4.0,6.0,5.0,4.0,4.0,DERMASON
0.0,0.0,0.0,0.0,1.0,1.0,0.0,0.0,2.0,6.0,6.0,4.0,6.0,6.0,4.0,4.0,DERMASON
0.0,0.0,0.0,0.0,1.0,1.0,0.0,0.0,2.0,3.0,4.0,4.0,6.0,6.0,4.0,1.0,DERMASON
0.0,0.0,1.0,0.0,1.0,1.0,0.0,0.0,2.0,4.0,5.0,4.0,6.0,5.0,4.0,4.0,DERMASON
0.0,0.0,1.0,0.0,1.0,1.0,0.0,0.0,2.0,2.0,2.0,4.0,6.0,5.0,4.0,4.0,DERMASON
0.0,0.0,0.0,0.0,1.0,1.0,0.0,0.0,4.0,4.0,5.0,4.0,6.0,5.0,4.0,6.0,DERMASON
0.0,0.0,1.0,0.0,1.0,1.0,0.0,0.0,4.0,2.0,4.0,4.0,6.0,5.0,4.0,4.0,DERMASON
0.0,0.0,1.0,0.0,1.0,1.0,0.0,0.0,4.0,4.0,5.0,4.0,6.0,5.0,4.0,3.0,DERMASON
0.0,0.0,1.0,0.0,1.0,1.0,0.0,0.0,4.0,4.0,5.0,4.0,6.0,5.0,4.0,4.0,DERMASON
0.0,0.0,0.0,0.0,0.0,0.0,0.0,0.0,3.0,6.0,6.0,6.0,6.0,6.0,6.0,3.0,DERMASON
0.0,0.0,1.0,0.0,2.0,2.0,0.0,0.0,4.0,4.0,5.0,3.0,6.0,5.0,3.0,5.0,DERMASON
0.0,0.0,1.0,0.0,2.0,2.0,0.0,0.0,2.0,4.0,4.0,3.0,6.0,5.0,3.0,4.0,DERMASON
0.0,0.0,1.0,0.0,1.0,1.0,0.0,0.0,4.0,4.0,5.0,4.0,6.0,5.0,4.0,5.0,DERMASON
0.0,0.0,0.0,0.0,1.0,1.0,0.0,0.0,4.0,4.0,5.0,4.0,6.0,5.0,4.0,4.0,DERMASON
0.0,0.0,0.0,0.0,0.0,0.0,0.0,0.0,3.0,3.0,5.0,6.0,6.0,6.0,6.0,3.0,DERMASON
0.0,0.0,0.0,0.0,1.0,1.0,0.0,0.0,5.0,4.0,5.0,4.0,6.0,6.0,4.0,4.0,DERMASON
0.0,0.0,1.0,0.0,2.0,2.0,0.0,0.0,2.0,4.0,5.0,3.0,6.0,5.0,3.0,3.0,DERMASON
0.0,0.0,1.0,0.0,2.0,2.0,0.0,0.0,1.0,3.0,4.0,3.0,6.0,5.0,3.0,3.0,DERMASON
0.0,0.0,1.0,0.0,2.0,2.0,0.0,0.0,4.0,4.0,5.0,3.0,6.0,5.0,3.0,4.0,DERMASON
0.0,0.0,1.0,0.0,1.0,1.0,0.0,0.0,3.0,4.0,4.0,4.0,6.0,5.0,4.0,5.0,DERMASON
0.0,0.0,1.0,0.0,1.0,1.0,0.0,0.0,1.0,2.0,4.0,4.0,6.0,5.0,4.0,3.0,DERMASON
0.0,0.0,0.0,0.0,1.0,1.0,0.0,0.0,4.0,4.0,5.0,4.0,6.0,5.0,4.0,6.0,DERMASON
0.0,0.0,0.0,0.0,1.0,1.0,0.0,0.0,5.0,3.0,5.0,4.0,6.0,5.0,4.0,3.0,DERMASON
0.0,0.0,1.0,0.0,1.0,1.0,0.0,0.0,2.0,4.0,5.0,4.0,6.0,5.0,4.0,5.0,DERMASON
0.0,0.0,1.0,0.0,1.0,1.0,0.0,0.0,2.0,4.0,5.0,4.0,6.0,5.0,4.0,3.0,DERMASON
0.0,0.0,0.0,0.0,1.0,1.0,0.0,0.0,2.0,4.0,5.0,4.0,6.0,6.0,4.0,6.0,DERMASON
0.0,0.0,1.0,0.0,1.0,1.0,0.0,0.0,5.0,4.0,5.0,4.0,6.0,5.0,4.0,4.0,DERMASON
0.0,0.0,1.0,0.0,2.0,2.0,0.0,0.0,3.0,4.0,4.0,3.0,6.0,5.0,3.0,4.0,DERMASON
0.0,0.0,1.0,0.0,2.0,2.0,0.0,0.0,5.0,4.0,5.0,3.0,6.0,5.0,3.0,4.0,DERMASON
0.0,0.0,1.0,0.0,1.0,1.0,0.0,0.0,1.0,4.0,4.0,4.0,6.0,5.0,4.0,4.0,DERMASON
0.0,0.0,1.0,0.0,2.0,2.0,0.0,0.0,4.0,4.0,5.0,3.0,6.0,5.0,3.0,4.0,DERMASON
0.0,0.0,1.0,0.0,1.0,1.0,0.0,0.0,2.0,4.0,5.0,4.0,6.0,5.0,4.0,5.0,DERMASON
0.0,0.0,1.0,0.0,1.0,1.0,0.0,0.0,2.0,4.0,5.0,4.0,6.0,5.0,4.0,4.0,DERMASON
0.0,0.0,1.0,0.0,2.0,2.0,0.0,0.0,4.0,4.0,5.0,3.0,6.0,5.0,3.0,5.0,DERMASON
0.0,0.0,1.0,0.0,2.0,2.0,0.0,0.0,2.0,4.0,5.0,3.0,6.0,5.0,3.0,4.0,DERMASON
0.0,0.0,0.0,0.0,1.0,1.0,0.0,0.0,4.0,4.0,5.0,4.0,6.0,6.0,4.0,2.0,DERMASON
0.0,0.0,1.0,0.0,3.0,3.0,0.0,0.0,5.0,4.0,4.0,2.0,6.0,5.0,2.0,5.0,DERMASON
0.0,0.0,0.0,0.0,1.0,1.0,0.0,0.0,2.0,4.0,5.0,4.0,6.0,5.0,4.0,3.0,DERMASON
0.0,0.0,1.0,0.0,4.0,4.0,0.0,0.0,4.0,3.0,4.0,1.0,6.0,4.0,1.0,4.0,DERMASON
0.0,0.0,1.0,0.0,2.0,2.0,0.0,0.0,5.0,4.0,5.0,3.0,6.0,5.0,3.0,4.0,DERMASON
0.0,0.0,0.0,0.0,1.0,1.0,0.0,0.0,4.0,4.0,6.0,4.0,6.0,6.0,4.0,4.0,DERMASON
0.0,0.0,0.0,0.0,1.0,1.0,0.0,0.0,4.0,3.0,5.0,4.0,6.0,5.0,4.0,3.0,DERMASON
0.0,0.0,0.0,0.0,1.0,1.0,0.0,0.0,4.0,4.0,5.0,4.0,6.0,5.0,4.0,4.0,DERMASON
0.0,0.0,1.0,0.0,2.0,2.0,0.0,0.0,5.0,4.0,5.0,3.0,6.0,5.0,3.0,4.0,DERMASON
0.0,0.0,1.0,0.0,3.0,3.0,0.0,0.0,5.0,3.0,4.0,3.0,6.0,5.0,3.0,4.0,DERMASON
0.0,0.0,1.0,0.0,2.0,2.0,0.0,0.0,2.0,2.0,3.0,3.0,6.0,5.0,3.0,1.0,DERMASON
0.0,0.0,0.0,0.0,1.0,1.0,0.0,0.0,4.0,4.0,5.0,4.0,6.0,5.0,4.0,4.0,DERMASON
0.0,0.0,1.0,0.0,2.0,2.0,0.0,0.0,4.0,4.0,5.0,3.0,6.0,5.0,3.0,1.0,DERMASON
0.0,0.0,1.0,0.0,1.0,1.0,0.0,0.0,4.0,3.0,4.0,4.0,6.0,5.0,4.0,3.0,DERMASON
0.0,0.0,0.0,0.0,1.0,1.0,0.0,0.0,2.0,4.0,5.0,4.0,6.0,5.0,4.0,4.0,DERMASON
0.0,0.0,1.0,0.0,2.0,2.0,0.0,0.0,1.0,4.0,4.0,3.0,6.0,5.0,3.0,5.0,DERMASON
0.0,0.0,0.0,0.0,1.0,1.0,0.0,0.0,2.0,4.0,5.0,4.0,6.0,5.0,4.0,4.0,DERMASON
0.0,0.0,0.0,0.0,1.0,1.0,0.0,0.0,4.0,4.0,6.0,4.0,6.0,6.0,4.0,3.0,DERMASON
0.0,0.0,1.0,0.0,1.0,1.0,0.0,0.0,2.0,2.0,4.0,4.0,6.0,5.0,4.0,4.0,DERMASON
0.0,0.0,1.0,0.0,2.0,2.0,0.0,0.0,1.0,4.0,4.0,3.0,6.0,5.0,3.0,4.0,DERMASON
0.0,0.0,0.0,0.0,1.0,1.0,0.0,0.0,4.0,4.0,5.0,4.0,6.0,5.0,4.0,4.0,DERMASON
0.0,0.0,1.0,0.0,2.0,2.0,0.0,0.0,1.0,4.0,4.0,3.0,6.0,5.0,3.0,2.0,DERMASON
0.0,0.0,1.0,0.0,2.0,2.0,0.0,0.0,2.0,4.0,4.0,3.0,6.0,5.0,3.0,4.0,DERMASON
0.0,0.0,1.0,0.0,1.0,1.0,0.0,0.0,4.0,4.0,5.0,4.0,6.0,5.0,4.0,4.0,DERMASON
0.0,0.0,1.0,0.0,2.0,2.0,0.0,0.0,1.0,4.0,4.0,3.0,6.0,5.0,3.0,4.0,DERMASON
0.0,0.0,0.0,0.0,1.0,1.0,0.0,0.0,4.0,4.0,5.0,4.0,6.0,5.0,4.0,3.0,DERMASON
0.0,0.0,1.0,0.0,2.0,2.0,0.0,0.0,2.0,4.0,4.0,3.0,6.0,5.0,3.0,4.0,DERMASON
0.0,0.0,0.0,0.0,1.0,1.0,0.0,0.0,5.0,4.0,5.0,4.0,6.0,6.0,4.0,4.0,DERMASON
0.0,0.0,0.0,0.0,1.0,1.0,0.0,0.0,4.0,4.0,6.0,4.0,6.0,5.0,4.0,6.0,DERMASON
0.0,0.0,1.0,0.0,1.0,1.0,0.0,0.0,4.0,4.0,5.0,4.0,6.0,5.0,4.0,4.0,DERMASON
0.0,0.0,1.0,0.0,1.0,1.0,0.0,0.0,5.0,4.0,5.0,4.0,6.0,5.0,4.0,4.0,DERMASON
0.0,0.0,1.0,0.0,2.0,2.0,0.0,0.0,2.0,2.0,4.0,3.0,6.0,5.0,3.0,3.0,DERMASON
0.0,0.0,1.0,0.0,1.0,1.0,0.0,0.0,5.0,3.0,4.0,4.0,6.0,5.0,4.0,3.0,DERMASON
0.0,0.0,1.0,0.0,1.0,1.0,0.0,0.0,2.0,4.0,5.0,4.0,6.0,5.0,4.0,3.0,DERMASON
0.0,0.0,1.0,0.0,1.0,1.0,0.0,0.0,1.0,3.0,5.0,4.0,6.0,5.0,4.0,3.0,DERMASON
0.0,0.0,0.0,0.0,1.0,1.0,0.0,0.0,2.0,4.0,5.0,4.0,6.0,5.0,4.0,3.0,DERMASON
0.0,0.0,1.0,0.0,1.0,1.0,0.0,0.0,4.0,2.0,4.0,4.0,6.0,5.0,4.0,3.0,DERMASON
0.0,0.0,0.0,0.0,1.0,1.0,0.0,0.0,3.0,4.0,5.0,4.0,6.0,6.0,4.0,5.0,DERMASON
0.0,0.0,0.0,0.0,0.0,0.0,0.0,0.0,4.0,4.0,6.0,5.0,6.0,6.0,5.0,4.0,DERMASON
0.0,0.0,1.0,0.0,1.0,1.0,0.0,0.0,2.0,4.0,5.0,4.0,6.0,5.0,4.0,4.0,DERMASON
0.0,0.0,1.0,0.0,3.0,3.0,0.0,0.0,2.0,4.0,4.0,2.0,6.0,5.0,2.0,4.0,DERMASON
0.0,0.0,1.0,0.0,1.0,1.0,0.0,0.0,5.0,4.0,5.0,4.0,6.0,5.0,4.0,4.0,DERMASON
0.0,0.0,1.0,0.0,2.0,2.0,0.0,0.0,2.0,5.0,5.0,3.0,6.0,5.0,3.0,4.0,DERMASON
0.0,0.0,0.0,0.0,1.0,1.0,0.0,0.0,4.0,4.0,5.0,4.0,6.0,5.0,4.0,4.0,DERMASON
0.0,0.0,0.0,0.0,1.0,1.0,0.0,0.0,4.0,4.0,5.0,4.0,6.0,6.0,4.0,4.0,DERMASON
0.0,0.0,0.0,0.0,1.0,1.0,0.0,0.0,2.0,4.0,5.0,4.0,6.0,5.0,4.0,4.0,DERMASON
0.0,0.0,0.0,0.0,0.0,0.0,0.0,0.0,5.0,4.0,6.0,5.0,6.0,6.0,5.0,4.0,DERMASON
0.0,0.0,1.0,0.0,1.0,1.0,0.0,0.0,5.0,4.0,5.0,4.0,6.0,5.0,4.0,4.0,DERMASON
0.0,0.0,0.0,0.0,1.0,1.0,0.0,0.0,4.0,4.0,4.0,4.0,6.0,5.0,4.0,4.0,DERMASON
0.0,0.0,0.0,0.0,1.0,1.0,0.0,0.0,4.0,3.0,5.0,4.0,6.0,5.0,4.0,4.0,DERMASON
0.0,0.0,1.0,0.0,2.0,2.0,0.0,0.0,5.0,5.0,4.0,3.0,6.0,5.0,3.0,3.0,DERMASON
0.0,0.0,0.0,0.0,0.0,0.0,0.0,0.0,4.0,4.0,5.0,6.0,6.0,6.0,6.0,4.0,DERMASON
0.0,0.0,1.0,0.0,2.0,2.0,0.0,0.0,4.0,3.0,4.0,3.0,6.0,5.0,3.0,4.0,DERMASON
0.0,0.0,1.0,0.0,2.0,2.0,0.0,0.0,0.0,3.0,4.0,3.0,6.0,5.0,3.0,2.0,DERMASON
0.0,0.0,0.0,0.0,1.0,1.0,0.0,0.0,4.0,4.0,5.0,4.0,6.0,5.0,4.0,4.0,DERMASON
0.0,0.0,0.0,0.0,1.0,1.0,0.0,0.0,5.0,4.0,5.0,4.0,6.0,5.0,4.0,4.0,DERMASON
0.0,0.0,1.0,0.0,2.0,2.0,0.0,0.0,2.0,4.0,4.0,3.0,6.0,5.0,3.0,3.0,DERMASON
0.0,0.0,1.0,0.0,1.0,1.0,0.0,0.0,4.0,3.0,4.0,4.0,6.0,5.0,4.0,4.0,DERMASON
0.0,0.0,0.0,0.0,1.0,1.0,0.0,0.0,4.0,4.0,5.0,4.0,6.0,5.0,4.0,4.0,DERMASON
0.0,0.0,0.0,0.0,1.0,1.0,0.0,0.0,4.0,4.0,5.0,4.0,6.0,5.0,4.0,6.0,DERMASON
0.0,0.0,1.0,0.0,2.0,2.0,0.0,0.0,0.0,2.0,3.0,3.0,6.0,5.0,3.0,1.0,DERMASON
0.0,0.0,0.0,0.0,1.0,1.0,0.0,0.0,2.0,4.0,5.0,4.0,6.0,5.0,4.0,4.0,DERMASON
0.0,0.0,1.0,0.0,2.0,2.0,0.0,0.0,1.0,2.0,4.0,3.0,6.0,5.0,3.0,1.0,DERMASON
0.0,0.0,0.0,0.0,1.0,1.0,0.0,0.0,2.0,4.0,5.0,4.0,6.0,6.0,4.0,4.0,DERMASON
0.0,0.0,1.0,0.0,2.0,2.0,0.0,0.0,4.0,4.0,5.0,3.0,6.0,5.0,3.0,6.0,DERMASON
0.0,0.0,0.0,0.0,1.0,1.0,0.0,0.0,4.0,3.0,5.0,4.0,6.0,6.0,4.0,4.0,DERMASON
0.0,0.0,1.0,0.0,3.0,3.0,0.0,0.0,5.0,4.0,5.0,2.0,6.0,5.0,2.0,3.0,DERMASON
0.0,0.0,1.0,0.0,2.0,2.0,0.0,0.0,3.0,4.0,5.0,3.0,6.0,5.0,3.0,6.0,DERMASON
0.0,0.0,1.0,0.0,3.0,3.0,0.0,0.0,5.0,4.0,4.0,3.0,6.0,5.0,3.0,4.0,DERMASON
0.0,0.0,1.0,0.0,2.0,2.0,0.0,0.0,5.0,4.0,5.0,3.0,6.0,5.0,3.0,4.0,DERMASON
0.0,0.0,1.0,0.0,1.0,1.0,0.0,0.0,5.0,4.0,5.0,4.0,6.0,5.0,4.0,4.0,DERMASON
0.0,0.0,1.0,0.0,2.0,2.0,0.0,0.0,5.0,4.0,4.0,3.0,6.0,5.0,3.0,1.0,DERMASON
0.0,0.0,1.0,0.0,2.0,2.0,0.0,0.0,4.0,4.0,5.0,3.0,6.0,5.0,3.0,4.0,DERMASON
0.0,0.0,0.0,0.0,1.0,1.0,0.0,0.0,4.0,3.0,5.0,4.0,6.0,6.0,4.0,1.0,DERMASON
0.0,0.0,0.0,0.0,1.0,1.0,0.0,0.0,3.0,4.0,5.0,4.0,6.0,5.0,4.0,4.0,DERMASON
0.0,0.0,1.0,0.0,2.0,2.0,0.0,0.0,5.0,4.0,4.0,3.0,6.0,5.0,3.0,5.0,DERMASON
0.0,0.0,0.0,0.0,1.0,1.0,0.0,0.0,4.0,4.0,5.0,4.0,6.0,5.0,4.0,4.0,DERMASON
0.0,0.0,1.0,0.0,1.0,1.0,0.0,0.0,4.0,4.0,5.0,4.0,6.0,5.0,4.0,4.0,DERMASON
0.0,0.0,1.0,0.0,1.0,1.0,0.0,0.0,6.0,4.0,5.0,4.0,6.0,5.0,4.0,4.0,DERMASON
0.0,1.0,1.0,0.0,1.0,1.0,0.0,0.0,4.0,1.0,1.0,4.0,6.0,5.0,4.0,4.0,DERMASON
0.0,0.0,1.0,0.0,1.0,1.0,0.0,0.0,5.0,4.0,5.0,4.0,6.0,5.0,4.0,4.0,DERMASON
0.0,0.0,0.0,0.0,1.0,1.0,0.0,0.0,4.0,4.0,6.0,4.0,6.0,5.0,4.0,4.0,DERMASON
0.0,0.0,0.0,0.0,1.0,1.0,0.0,0.0,5.0,4.0,6.0,4.0,6.0,6.0,4.0,5.0,DERMASON
0.0,0.0,1.0,0.0,2.0,2.0,0.0,0.0,5.0,4.0,4.0,3.0,6.0,5.0,3.0,4.0,DERMASON
0.0,0.0,0.0,0.0,1.0,1.0,0.0,0.0,2.0,4.0,5.0,4.0,6.0,5.0,4.0,6.0,DERMASON
0.0,0.0,1.0,0.0,1.0,1.0,0.0,0.0,1.0,4.0,5.0,4.0,6.0,5.0,4.0,4.0,DERMASON
0.0,0.0,0.0,0.0,1.0,1.0,0.0,0.0,4.0,3.0,5.0,4.0,6.0,5.0,4.0,4.0,DERMASON
0.0,0.0,1.0,0.0,4.0,4.0,0.0,0.0,4.0,4.0,4.0,1.0,6.0,4.0,1.0,4.0,DERMASON
0.0,0.0,1.0,0.0,2.0,2.0,0.0,0.0,4.0,4.0,5.0,3.0,6.0,5.0,3.0,6.0,DERMASON
0.0,0.0,1.0,0.0,1.0,1.0,0.0,0.0,2.0,4.0,5.0,4.0,6.0,5.0,4.0,5.0,DERMASON
0.0,0.0,1.0,0.0,1.0,1.0,0.0,0.0,1.0,3.0,5.0,4.0,6.0,5.0,4.0,4.0,DERMASON
0.0,0.0,0.0,0.0,1.0,1.0,0.0,0.0,5.0,4.0,5.0,4.0,6.0,5.0,4.0,5.0,DERMASON
0.0,0.0,1.0,0.0,2.0,2.0,0.0,0.0,2.0,4.0,4.0,3.0,6.0,5.0,3.0,5.0,DERMASON
0.0,0.0,1.0,0.0,1.0,1.0,0.0,0.0,2.0,3.0,5.0,4.0,6.0,5.0,4.0,4.0,DERMASON
0.0,0.0,0.0,0.0,1.0,1.0,0.0,0.0,4.0,4.0,5.0,4.0,6.0,5.0,4.0,4.0,DERMASON
0.0,0.0,1.0,0.0,1.0,1.0,0.0,0.0,4.0,4.0,5.0,4.0,6.0,5.0,4.0,4.0,DERMASON
0.0,0.0,1.0,0.0,1.0,1.0,0.0,0.0,2.0,2.0,5.0,4.0,6.0,5.0,4.0,3.0,DERMASON
0.0,0.0,1.0,0.0,2.0,2.0,0.0,0.0,2.0,3.0,5.0,3.0,6.0,5.0,3.0,5.0,DERMASON
0.0,0.0,1.0,0.0,1.0,1.0,0.0,0.0,2.0,4.0,5.0,4.0,6.0,5.0,4.0,6.0,DERMASON
0.0,0.0,1.0,0.0,2.0,2.0,0.0,0.0,1.0,4.0,5.0,3.0,6.0,5.0,3.0,4.0,DERMASON
0.0,0.0,1.0,0.0,2.0,2.0,0.0,0.0,2.0,4.0,5.0,3.0,6.0,5.0,3.0,4.0,DERMASON
0.0,0.0,1.0,0.0,1.0,1.0,0.0,0.0,2.0,3.0,5.0,4.0,6.0,5.0,4.0,3.0,DERMASON
0.0,0.0,1.0,0.0,2.0,2.0,0.0,0.0,4.0,4.0,5.0,3.0,6.0,5.0,3.0,1.0,DERMASON
0.0,0.0,1.0,0.0,1.0,1.0,0.0,0.0,4.0,4.0,5.0,4.0,6.0,5.0,4.0,4.0,DERMASON
0.0,0.0,1.0,0.0,2.0,2.0,0.0,0.0,2.0,4.0,5.0,3.0,6.0,5.0,3.0,4.0,DERMASON
0.0,0.0,1.0,0.0,4.0,4.0,0.0,0.0,4.0,4.0,4.0,2.0,6.0,4.0,2.0,4.0,DERMASON
0.0,0.0,1.0,0.0,1.0,1.0,0.0,0.0,2.0,4.0,5.0,4.0,6.0,5.0,4.0,5.0,DERMASON
0.0,0.0,0.0,0.0,1.0,1.0,0.0,0.0,5.0,4.0,5.0,4.0,6.0,5.0,4.0,5.0,DERMASON
0.0,0.0,1.0,0.0,4.0,4.0,0.0,0.0,4.0,4.0,4.0,1.0,6.0,4.0,1.0,4.0,DERMASON
0.0,0.0,1.0,0.0,4.0,4.0,0.0,0.0,1.0,4.0,4.0,1.0,6.0,4.0,1.0,3.0,DERMASON
0.0,0.0,1.0,0.0,1.0,1.0,0.0,0.0,1.0,5.0,5.0,4.0,6.0,5.0,4.0,3.0,DERMASON
0.0,0.0,1.0,0.0,2.0,2.0,0.0,0.0,5.0,4.0,5.0,3.0,6.0,5.0,3.0,4.0,DERMASON
0.0,0.0,1.0,0.0,1.0,1.0,0.0,0.0,3.0,4.0,5.0,4.0,6.0,5.0,4.0,4.0,DERMASON
0.0,0.0,0.0,0.0,1.0,1.0,0.0,0.0,4.0,4.0,5.0,4.0,6.0,5.0,4.0,4.0,DERMASON
0.0,0.0,1.0,0.0,1.0,1.0,0.0,0.0,4.0,3.0,5.0,4.0,6.0,5.0,4.0,3.0,DERMASON
0.0,0.0,0.0,0.0,1.0,1.0,0.0,0.0,4.0,4.0,5.0,4.0,6.0,5.0,4.0,5.0,DERMASON
0.0,0.0,1.0,0.0,2.0,2.0,0.0,0.0,1.0,2.0,3.0,3.0,6.0,5.0,3.0,3.0,DERMASON
0.0,0.0,0.0,0.0,0.0,0.0,0.0,0.0,2.0,2.0,5.0,5.0,6.0,6.0,5.0,1.0,DERMASON
0.0,0.0,1.0,0.0,1.0,1.0,0.0,0.0,5.0,4.0,5.0,4.0,6.0,5.0,4.0,4.0,DERMASON
0.0,0.0,1.0,0.0,1.0,1.0,0.0,0.0,2.0,4.0,5.0,4.0,6.0,5.0,4.0,2.0,DERMASON
0.0,0.0,0.0,0.0,1.0,1.0,0.0,0.0,2.0,4.0,5.0,4.0,6.0,5.0,4.0,4.0,DERMASON
0.0,0.0,1.0,0.0,1.0,1.0,0.0,0.0,2.0,4.0,5.0,4.0,6.0,5.0,4.0,4.0,DERMASON
0.0,0.0,1.0,0.0,2.0,2.0,0.0,0.0,4.0,3.0,4.0,3.0,6.0,5.0,3.0,3.0,DERMASON
0.0,0.0,0.0,0.0,1.0,1.0,0.0,0.0,4.0,4.0,5.0,4.0,6.0,5.0,4.0,4.0,DERMASON
0.0,0.0,1.0,0.0,1.0,1.0,0.0,0.0,2.0,3.0,5.0,4.0,6.0,5.0,4.0,6.0,DERMASON
0.0,0.0,0.0,0.0,1.0,1.0,0.0,0.0,3.0,4.0,5.0,4.0,6.0,6.0,4.0,5.0,DERMASON
0.0,0.0,0.0,0.0,1.0,1.0,0.0,0.0,4.0,4.0,6.0,4.0,6.0,6.0,4.0,6.0,DERMASON
0.0,0.0,1.0,0.0,2.0,2.0,0.0,0.0,5.0,4.0,5.0,3.0,6.0,5.0,3.0,3.0,DERMASON
0.0,0.0,0.0,0.0,1.0,1.0,0.0,0.0,2.0,4.0,5.0,4.0,6.0,6.0,4.0,5.0,DERMASON
0.0,0.0,1.0,0.0,1.0,1.0,0.0,0.0,4.0,4.0,5.0,4.0,6.0,5.0,4.0,4.0,DERMASON
0.0,0.0,0.0,0.0,1.0,1.0,0.0,0.0,2.0,4.0,5.0,4.0,6.0,5.0,4.0,4.0,DERMASON
0.0,0.0,0.0,0.0,1.0,1.0,0.0,0.0,4.0,4.0,5.0,4.0,6.0,5.0,4.0,4.0,DERMASON
0.0,0.0,1.0,0.0,2.0,2.0,0.0,0.0,2.0,4.0,5.0,3.0,6.0,5.0,3.0,4.0,DERMASON
0.0,0.0,1.0,0.0,1.0,1.0,0.0,0.0,4.0,4.0,5.0,4.0,6.0,5.0,4.0,4.0,DERMASON
0.0,0.0,1.0,0.0,1.0,1.0,0.0,0.0,2.0,4.0,5.0,4.0,6.0,5.0,4.0,4.0,DERMASON
0.0,0.0,0.0,0.0,1.0,1.0,0.0,0.0,2.0,4.0,6.0,4.0,6.0,5.0,4.0,5.0,DERMASON
0.0,0.0,1.0,0.0,4.0,4.0,0.0,0.0,5.0,4.0,4.0,1.0,6.0,4.0,1.0,4.0,DERMASON
0.0,0.0,1.0,0.0,1.0,1.0,0.0,0.0,2.0,4.0,5.0,4.0,6.0,5.0,4.0,2.0,DERMASON
0.0,0.0,1.0,0.0,1.0,1.0,0.0,0.0,4.0,4.0,5.0,4.0,6.0,5.0,4.0,4.0,DERMASON
0.0,0.0,1.0,0.0,2.0,2.0,0.0,0.0,4.0,4.0,4.0,3.0,6.0,5.0,3.0,4.0,DERMASON
0.0,0.0,1.0,0.0,2.0,2.0,0.0,0.0,1.0,4.0,4.0,3.0,6.0,5.0,3.0,4.0,DERMASON
0.0,0.0,0.0,0.0,1.0,1.0,0.0,0.0,3.0,4.0,6.0,4.0,6.0,6.0,4.0,6.0,DERMASON
0.0,0.0,1.0,0.0,1.0,1.0,0.0,0.0,2.0,4.0,4.0,4.0,6.0,5.0,4.0,4.0,DERMASON
0.0,0.0,1.0,0.0,3.0,3.0,0.0,0.0,5.0,4.0,4.0,2.0,6.0,5.0,2.0,4.0,DERMASON
0.0,0.0,0.0,0.0,0.0,0.0,0.0,0.0,5.0,4.0,6.0,5.0,6.0,6.0,5.0,4.0,DERMASON
0.0,0.0,0.0,0.0,0.0,0.0,0.0,0.0,4.0,4.0,5.0,6.0,6.0,6.0,6.0,4.0,DERMASON
0.0,0.0,1.0,0.0,2.0,2.0,0.0,0.0,6.0,4.0,5.0,3.0,6.0,5.0,3.0,3.0,DERMASON
0.0,0.0,1.0,0.0,2.0,2.0,0.0,0.0,2.0,4.0,5.0,3.0,6.0,5.0,3.0,3.0,DERMASON
0.0,0.0,1.0,0.0,1.0,1.0,0.0,0.0,4.0,4.0,5.0,4.0,6.0,5.0,4.0,5.0,DERMASON
0.0,0.0,0.0,0.0,1.0,1.0,0.0,0.0,2.0,2.0,4.0,4.0,6.0,5.0,4.0,3.0,DERMASON
0.0,0.0,1.0,0.0,1.0,1.0,0.0,0.0,4.0,4.0,4.0,4.0,6.0,5.0,4.0,4.0,DERMASON
0.0,0.0,1.0,0.0,2.0,2.0,0.0,0.0,3.0,4.0,5.0,3.0,6.0,5.0,3.0,5.0,DERMASON
0.0,0.0,0.0,0.0,1.0,1.0,0.0,0.0,4.0,4.0,5.0,4.0,6.0,5.0,4.0,4.0,DERMASON
0.0,0.0,1.0,0.0,1.0,1.0,0.0,0.0,4.0,4.0,5.0,4.0,6.0,5.0,4.0,4.0,DERMASON
0.0,0.0,0.0,0.0,1.0,1.0,0.0,0.0,4.0,4.0,5.0,4.0,6.0,6.0,4.0,6.0,DERMASON
0.0,0.0,1.0,0.0,1.0,1.0,0.0,0.0,2.0,4.0,5.0,4.0,6.0,5.0,4.0,4.0,DERMASON
0.0,0.0,1.0,0.0,2.0,2.0,0.0,0.0,2.0,4.0,5.0,3.0,6.0,5.0,3.0,4.0,DERMASON
0.0,0.0,1.0,0.0,1.0,1.0,0.0,0.0,2.0,4.0,5.0,4.0,6.0,5.0,4.0,5.0,DERMASON
0.0,0.0,0.0,0.0,1.0,1.0,0.0,0.0,2.0,4.0,5.0,4.0,6.0,6.0,4.0,4.0,DERMASON
0.0,0.0,0.0,0.0,1.0,1.0,0.0,0.0,4.0,4.0,5.0,4.0,6.0,6.0,4.0,4.0,DERMASON
0.0,0.0,1.0,0.0,1.0,1.0,0.0,0.0,3.0,3.0,5.0,4.0,6.0,5.0,4.0,2.0,DERMASON
0.0,0.0,1.0,0.0,1.0,1.0,0.0,0.0,2.0,4.0,5.0,4.0,6.0,5.0,4.0,4.0,DERMASON
0.0,0.0,1.0,0.0,1.0,1.0,0.0,0.0,3.0,4.0,5.0,4.0,6.0,5.0,4.0,4.0,DERMASON
0.0,0.0,1.0,0.0,1.0,1.0,0.0,0.0,2.0,4.0,5.0,4.0,6.0,5.0,4.0,6.0,DERMASON
0.0,0.0,1.0,0.0,1.0,1.0,0.0,0.0,1.0,4.0,5.0,4.0,6.0,5.0,4.0,3.0,DERMASON
0.0,0.0,1.0,0.0,1.0,1.0,0.0,0.0,4.0,4.0,5.0,4.0,6.0,5.0,4.0,4.0,DERMASON
0.0,0.0,1.0,0.0,2.0,2.0,0.0,0.0,3.0,4.0,5.0,3.0,6.0,5.0,3.0,4.0,DERMASON
0.0,0.0,0.0,0.0,1.0,1.0,0.0,0.0,2.0,4.0,5.0,4.0,6.0,5.0,4.0,6.0,DERMASON
0.0,0.0,1.0,0.0,1.0,1.0,0.0,0.0,4.0,4.0,5.0,4.0,6.0,5.0,4.0,4.0,DERMASON
0.0,0.0,0.0,0.0,1.0,1.0,0.0,0.0,2.0,4.0,6.0,4.0,6.0,6.0,4.0,6.0,DERMASON
0.0,0.0,1.0,0.0,1.0,1.0,0.0,0.0,5.0,4.0,5.0,4.0,6.0,5.0,4.0,1.0,DERMASON
0.0,0.0,1.0,0.0,2.0,2.0,0.0,0.0,4.0,4.0,5.0,3.0,6.0,5.0,3.0,4.0,DERMASON
0.0,0.0,1.0,0.0,2.0,2.0,0.0,0.0,5.0,4.0,5.0,3.0,6.0,5.0,3.0,4.0,DERMASON
0.0,0.0,1.0,0.0,1.0,1.0,0.0,0.0,2.0,4.0,5.0,4.0,6.0,5.0,4.0,4.0,DERMASON
0.0,0.0,1.0,0.0,2.0,2.0,0.0,0.0,5.0,4.0,4.0,3.0,6.0,5.0,3.0,5.0,DERMASON
0.0,0.0,1.0,0.0,1.0,1.0,0.0,0.0,6.0,4.0,5.0,4.0,6.0,5.0,4.0,1.0,DERMASON
0.0,0.0,1.0,0.0,2.0,2.0,0.0,0.0,5.0,4.0,5.0,3.0,6.0,5.0,3.0,4.0,DERMASON
0.0,0.0,1.0,0.0,2.0,2.0,0.0,0.0,4.0,4.0,4.0,3.0,6.0,5.0,3.0,3.0,DERMASON
0.0,0.0,0.0,0.0,1.0,1.0,0.0,0.0,2.0,4.0,5.0,4.0,6.0,6.0,4.0,4.0,DERMASON
0.0,0.0,0.0,0.0,1.0,1.0,0.0,0.0,4.0,4.0,6.0,4.0,6.0,5.0,4.0,4.0,DERMASON
0.0,0.0,1.0,0.0,1.0,1.0,0.0,0.0,4.0,4.0,5.0,4.0,6.0,5.0,4.0,2.0,DERMASON
0.0,0.0,1.0,0.0,1.0,1.0,0.0,0.0,4.0,4.0,5.0,4.0,6.0,5.0,4.0,4.0,DERMASON
0.0,0.0,1.0,0.0,1.0,1.0,0.0,0.0,4.0,4.0,5.0,4.0,6.0,5.0,4.0,4.0,DERMASON
0.0,0.0,1.0,0.0,2.0,2.0,0.0,0.0,1.0,4.0,4.0,3.0,6.0,5.0,3.0,4.0,DERMASON
0.0,0.0,1.0,0.0,1.0,1.0,0.0,0.0,2.0,6.0,5.0,4.0,6.0,5.0,4.0,5.0,DERMASON
0.0,0.0,1.0,0.0,1.0,1.0,0.0,0.0,2.0,4.0,5.0,4.0,6.0,5.0,4.0,4.0,DERMASON
0.0,0.0,1.0,0.0,1.0,1.0,0.0,0.0,4.0,4.0,5.0,4.0,6.0,5.0,4.0,4.0,DERMASON
0.0,0.0,0.0,0.0,1.0,1.0,0.0,0.0,4.0,3.0,5.0,4.0,6.0,6.0,4.0,4.0,DERMASON
0.0,0.0,1.0,0.0,1.0,1.0,0.0,0.0,2.0,4.0,5.0,4.0,6.0,5.0,4.0,4.0,DERMASON
0.0,0.0,1.0,0.0,2.0,2.0,0.0,0.0,2.0,4.0,5.0,3.0,6.0,5.0,3.0,4.0,DERMASON
0.0,0.0,0.0,0.0,1.0,1.0,0.0,0.0,5.0,4.0,5.0,4.0,6.0,5.0,4.0,4.0,DERMASON
0.0,0.0,1.0,0.0,1.0,1.0,0.0,0.0,4.0,4.0,5.0,4.0,6.0,5.0,4.0,4.0,DERMASON
0.0,0.0,1.0,0.0,1.0,1.0,0.0,0.0,4.0,4.0,5.0,4.0,6.0,5.0,4.0,4.0,DERMASON
0.0,0.0,1.0,0.0,1.0,1.0,0.0,0.0,5.0,4.0,5.0,4.0,6.0,5.0,4.0,4.0,DERMASON
0.0,0.0,1.0,0.0,2.0,2.0,0.0,0.0,4.0,4.0,5.0,3.0,6.0,5.0,3.0,4.0,DERMASON
0.0,0.0,1.0,0.0,2.0,2.0,0.0,0.0,2.0,4.0,4.0,3.0,6.0,5.0,3.0,1.0,DERMASON
0.0,0.0,1.0,0.0,2.0,2.0,0.0,0.0,4.0,4.0,5.0,3.0,6.0,5.0,3.0,4.0,DERMASON
0.0,0.0,1.0,0.0,1.0,1.0,0.0,0.0,5.0,2.0,4.0,4.0,6.0,5.0,4.0,1.0,DERMASON
0.0,0.0,0.0,0.0,1.0,1.0,0.0,0.0,2.0,5.0,6.0,4.0,6.0,6.0,4.0,2.0,DERMASON
0.0,0.0,1.0,0.0,1.0,1.0,0.0,0.0,6.0,4.0,5.0,4.0,6.0,5.0,4.0,3.0,DERMASON
0.0,0.0,1.0,0.0,1.0,1.0,0.0,0.0,5.0,4.0,5.0,4.0,6.0,5.0,4.0,4.0,DERMASON
0.0,0.0,1.0,0.0,2.0,2.0,0.0,0.0,5.0,4.0,5.0,3.0,6.0,5.0,3.0,3.0,DERMASON
0.0,0.0,1.0,0.0,1.0,1.0,0.0,0.0,2.0,4.0,5.0,4.0,6.0,5.0,4.0,6.0,DERMASON
0.0,0.0,1.0,0.0,2.0,2.0,0.0,0.0,2.0,4.0,4.0,3.0,6.0,5.0,3.0,4.0,DERMASON
0.0,0.0,1.0,0.0,3.0,3.0,0.0,0.0,1.0,4.0,4.0,2.0,6.0,5.0,2.0,2.0,DERMASON
0.0,0.0,1.0,0.0,4.0,4.0,0.0,0.0,4.0,4.0,3.0,1.0,6.0,4.0,1.0,6.0,DERMASON
0.0,0.0,1.0,0.0,1.0,1.0,0.0,0.0,4.0,4.0,5.0,4.0,6.0,5.0,4.0,4.0,DERMASON
0.0,0.0,1.0,0.0,2.0,2.0,0.0,0.0,2.0,4.0,4.0,3.0,6.0,5.0,3.0,4.0,DERMASON
0.0,0.0,1.0,0.0,1.0,1.0,0.0,0.0,4.0,4.0,4.0,4.0,6.0,5.0,4.0,4.0,DERMASON
0.0,0.0,1.0,0.0,1.0,1.0,0.0,0.0,2.0,2.0,4.0,4.0,6.0,5.0,4.0,2.0,DERMASON
0.0,1.0,1.0,0.0,2.0,2.0,0.0,0.0,4.0,0.0,0.0,3.0,6.0,5.0,3.0,1.0,DERMASON
0.0,0.0,1.0,0.0,1.0,1.0,0.0,0.0,4.0,4.0,5.0,4.0,6.0,5.0,4.0,4.0,DERMASON
0.0,0.0,0.0,0.0,1.0,1.0,0.0,0.0,5.0,4.0,5.0,4.0,6.0,6.0,4.0,3.0,DERMASON
0.0,0.0,0.0,0.0,1.0,1.0,0.0,0.0,3.0,4.0,5.0,4.0,6.0,6.0,4.0,6.0,DERMASON
0.0,0.0,0.0,0.0,1.0,1.0,0.0,0.0,4.0,4.0,5.0,4.0,6.0,5.0,4.0,4.0,DERMASON
0.0,1.0,1.0,0.0,2.0,2.0,0.0,0.0,4.0,1.0,1.0,3.0,6.0,5.0,3.0,4.0,DERMASON
0.0,0.0,0.0,0.0,1.0,1.0,0.0,0.0,2.0,4.0,6.0,4.0,6.0,6.0,4.0,4.0,DERMASON
0.0,0.0,1.0,0.0,1.0,1.0,0.0,0.0,4.0,5.0,5.0,4.0,6.0,5.0,4.0,3.0,DERMASON
0.0,0.0,1.0,0.0,1.0,1.0,0.0,0.0,4.0,3.0,5.0,4.0,6.0,5.0,4.0,2.0,DERMASON
0.0,0.0,1.0,0.0,1.0,1.0,0.0,0.0,2.0,3.0,5.0,4.0,6.0,5.0,4.0,3.0,DERMASON
0.0,0.0,1.0,0.0,1.0,1.0,0.0,0.0,2.0,4.0,4.0,4.0,6.0,5.0,4.0,4.0,DERMASON
0.0,0.0,1.0,0.0,1.0,1.0,0.0,0.0,4.0,4.0,5.0,4.0,6.0,5.0,4.0,5.0,DERMASON
0.0,0.0,0.0,0.0,1.0,1.0,0.0,0.0,2.0,4.0,5.0,4.0,6.0,5.0,4.0,5.0,DERMASON
0.0,0.0,1.0,0.0,1.0,1.0,0.0,0.0,2.0,4.0,5.0,4.0,6.0,5.0,4.0,3.0,DERMASON
0.0,0.0,0.0,0.0,1.0,1.0,0.0,0.0,4.0,4.0,4.0,4.0,6.0,5.0,4.0,5.0,DERMASON
0.0,0.0,1.0,0.0,2.0,2.0,0.0,0.0,4.0,4.0,4.0,3.0,6.0,5.0,3.0,4.0,DERMASON
0.0,0.0,1.0,0.0,1.0,1.0,0.0,0.0,4.0,4.0,5.0,4.0,6.0,5.0,4.0,4.0,DERMASON
0.0,0.0,1.0,0.0,2.0,2.0,0.0,0.0,2.0,4.0,5.0,3.0,6.0,5.0,3.0,5.0,DERMASON
0.0,0.0,1.0,0.0,4.0,4.0,0.0,0.0,4.0,4.0,4.0,2.0,6.0,4.0,2.0,4.0,DERMASON
0.0,0.0,0.0,0.0,1.0,1.0,0.0,0.0,4.0,4.0,6.0,4.0,6.0,5.0,4.0,4.0,DERMASON
0.0,0.0,0.0,0.0,1.0,1.0,0.0,0.0,2.0,4.0,5.0,4.0,6.0,6.0,4.0,3.0,DERMASON
0.0,0.0,1.0,0.0,1.0,1.0,0.0,0.0,2.0,4.0,5.0,4.0,6.0,5.0,4.0,4.0,DERMASON
0.0,0.0,1.0,0.0,1.0,1.0,0.0,0.0,2.0,4.0,5.0,4.0,6.0,5.0,4.0,4.0,DERMASON
0.0,0.0,1.0,0.0,2.0,2.0,0.0,0.0,2.0,4.0,5.0,3.0,6.0,5.0,3.0,4.0,DERMASON
0.0,0.0,1.0,0.0,1.0,1.0,0.0,0.0,2.0,4.0,5.0,4.0,6.0,5.0,4.0,4.0,DERMASON
0.0,0.0,0.0,0.0,1.0,1.0,0.0,0.0,5.0,3.0,5.0,4.0,6.0,5.0,4.0,4.0,DERMASON
0.0,0.0,1.0,0.0,1.0,1.0,0.0,0.0,2.0,4.0,5.0,4.0,6.0,5.0,4.0,4.0,DERMASON
0.0,0.0,1.0,0.0,4.0,4.0,0.0,0.0,2.0,4.0,3.0,1.0,6.0,4.0,1.0,6.0,DERMASON
0.0,0.0,1.0,0.0,1.0,1.0,0.0,0.0,4.0,3.0,5.0,4.0,6.0,5.0,4.0,3.0,DERMASON
0.0,0.0,1.0,0.0,4.0,4.0,0.0,0.0,0.0,4.0,4.0,1.0,6.0,3.0,1.0,4.0,DERMASON
0.0,0.0,1.0,0.0,1.0,1.0,0.0,0.0,4.0,4.0,5.0,4.0,6.0,5.0,4.0,5.0,DERMASON
0.0,0.0,1.0,0.0,1.0,1.0,0.0,0.0,2.0,1.0,4.0,4.0,6.0,5.0,4.0,1.0,DERMASON
0.0,0.0,1.0,0.0,2.0,2.0,0.0,0.0,2.0,4.0,5.0,3.0,6.0,5.0,3.0,4.0,DERMASON
0.0,0.0,1.0,0.0,1.0,1.0,0.0,0.0,4.0,2.0,4.0,4.0,6.0,5.0,4.0,1.0,DERMASON
0.0,0.0,1.0,0.0,1.0,1.0,0.0,0.0,4.0,4.0,5.0,4.0,6.0,5.0,4.0,4.0,DERMASON
0.0,0.0,1.0,0.0,1.0,1.0,0.0,0.0,2.0,4.0,5.0,4.0,6.0,5.0,4.0,4.0,DERMASON
0.0,0.0,1.0,0.0,2.0,2.0,0.0,0.0,2.0,4.0,5.0,3.0,6.0,5.0,3.0,3.0,DERMASON
0.0,0.0,1.0,0.0,1.0,1.0,0.0,0.0,4.0,4.0,5.0,4.0,6.0,5.0,4.0,4.0,DERMASON
0.0,0.0,1.0,0.0,2.0,2.0,0.0,0.0,2.0,3.0,4.0,3.0,6.0,5.0,3.0,4.0,DERMASON
0.0,0.0,1.0,0.0,3.0,3.0,0.0,0.0,5.0,4.0,5.0,3.0,6.0,5.0,3.0,4.0,DERMASON
0.0,0.0,0.0,0.0,1.0,1.0,0.0,0.0,2.0,4.0,5.0,4.0,6.0,6.0,4.0,4.0,DERMASON
0.0,0.0,1.0,0.0,1.0,1.0,0.0,0.0,2.0,4.0,5.0,4.0,6.0,5.0,4.0,2.0,DERMASON
0.0,0.0,1.0,0.0,1.0,1.0,0.0,0.0,1.0,3.0,5.0,4.0,6.0,5.0,4.0,3.0,DERMASON
0.0,0.0,0.0,0.0,1.0,1.0,0.0,0.0,2.0,2.0,5.0,4.0,6.0,6.0,4.0,3.0,DERMASON
0.0,0.0,1.0,0.0,1.0,1.0,0.0,0.0,2.0,4.0,5.0,4.0,6.0,5.0,4.0,5.0,DERMASON
0.0,0.0,1.0,0.0,1.0,1.0,0.0,0.0,2.0,4.0,5.0,4.0,6.0,5.0,4.0,4.0,DERMASON
0.0,0.0,1.0,0.0,1.0,1.0,0.0,0.0,5.0,4.0,4.0,4.0,6.0,5.0,4.0,5.0,DERMASON
0.0,0.0,1.0,0.0,1.0,1.0,0.0,0.0,2.0,4.0,5.0,4.0,6.0,5.0,4.0,4.0,DERMASON
0.0,0.0,1.0,0.0,1.0,1.0,0.0,0.0,4.0,4.0,5.0,4.0,6.0,5.0,4.0,4.0,DERMASON
0.0,0.0,1.0,0.0,2.0,2.0,0.0,0.0,2.0,4.0,5.0,3.0,6.0,5.0,3.0,4.0,DERMASON
0.0,0.0,1.0,0.0,2.0,2.0,0.0,0.0,4.0,4.0,4.0,3.0,6.0,5.0,3.0,4.0,DERMASON
0.0,0.0,0.0,0.0,1.0,1.0,0.0,0.0,4.0,5.0,5.0,4.0,6.0,5.0,4.0,4.0,DERMASON
0.0,0.0,1.0,0.0,3.0,3.0,0.0,0.0,1.0,4.0,4.0,2.0,6.0,4.0,2.0,6.0,DERMASON
0.0,0.0,1.0,0.0,2.0,2.0,0.0,0.0,3.0,5.0,5.0,3.0,6.0,5.0,3.0,4.0,DERMASON
0.0,0.0,1.0,0.0,2.0,2.0,0.0,0.0,5.0,6.0,5.0,3.0,6.0,5.0,3.0,4.0,DERMASON
0.0,0.0,1.0,0.0,2.0,2.0,0.0,0.0,2.0,4.0,4.0,3.0,6.0,5.0,3.0,4.0,DERMASON
0.0,0.0,1.0,0.0,1.0,1.0,0.0,0.0,2.0,4.0,5.0,4.0,6.0,5.0,4.0,5.0,DERMASON
0.0,0.0,1.0,0.0,1.0,1.0,0.0,0.0,4.0,4.0,5.0,4.0,6.0,5.0,4.0,4.0,DERMASON
0.0,0.0,1.0,0.0,1.0,1.0,0.0,0.0,5.0,4.0,5.0,4.0,6.0,5.0,4.0,4.0,DERMASON
0.0,0.0,1.0,0.0,1.0,1.0,0.0,0.0,2.0,4.0,5.0,4.0,6.0,5.0,4.0,4.0,DERMASON
0.0,0.0,1.0,0.0,2.0,2.0,0.0,0.0,1.0,2.0,4.0,3.0,6.0,5.0,3.0,4.0,DERMASON
0.0,0.0,1.0,0.0,1.0,1.0,0.0,0.0,2.0,4.0,5.0,4.0,6.0,5.0,4.0,5.0,DERMASON
0.0,0.0,1.0,0.0,1.0,1.0,0.0,0.0,4.0,4.0,5.0,4.0,6.0,5.0,4.0,4.0,DERMASON
0.0,0.0,1.0,0.0,1.0,1.0,0.0,0.0,4.0,4.0,5.0,4.0,6.0,5.0,4.0,5.0,DERMASON
0.0,0.0,1.0,0.0,4.0,4.0,0.0,0.0,2.0,4.0,4.0,1.0,6.0,3.0,1.0,4.0,DERMASON
0.0,0.0,1.0,0.0,1.0,1.0,0.0,0.0,2.0,4.0,6.0,4.0,6.0,5.0,4.0,4.0,DERMASON
0.0,0.0,0.0,0.0,1.0,1.0,0.0,0.0,5.0,4.0,6.0,4.0,6.0,5.0,4.0,4.0,DERMASON
0.0,0.0,1.0,0.0,1.0,1.0,0.0,0.0,2.0,4.0,5.0,4.0,6.0,5.0,4.0,5.0,DERMASON
0.0,0.0,1.0,0.0,1.0,1.0,0.0,0.0,5.0,4.0,5.0,4.0,6.0,5.0,4.0,4.0,DERMASON
0.0,0.0,1.0,0.0,1.0,1.0,0.0,0.0,4.0,4.0,5.0,4.0,6.0,5.0,4.0,2.0,DERMASON
0.0,0.0,0.0,0.0,1.0,1.0,0.0,0.0,5.0,4.0,5.0,4.0,6.0,6.0,4.0,4.0,DERMASON
0.0,0.0,1.0,0.0,2.0,2.0,0.0,0.0,4.0,2.0,4.0,3.0,6.0,5.0,3.0,1.0,DERMASON
0.0,0.0,1.0,0.0,3.0,3.0,0.0,0.0,4.0,4.0,4.0,2.0,6.0,5.0,2.0,3.0,DERMASON
0.0,0.0,1.0,0.0,1.0,1.0,0.0,0.0,5.0,4.0,5.0,4.0,6.0,5.0,4.0,4.0,DERMASON
0.0,0.0,0.0,0.0,1.0,1.0,0.0,0.0,3.0,5.0,6.0,4.0,6.0,5.0,4.0,6.0,DERMASON
0.0,0.0,1.0,0.0,1.0,1.0,0.0,0.0,4.0,4.0,5.0,4.0,6.0,5.0,4.0,4.0,DERMASON
0.0,0.0,1.0,0.0,1.0,1.0,0.0,0.0,4.0,4.0,5.0,4.0,6.0,5.0,4.0,4.0,DERMASON
0.0,0.0,0.0,0.0,1.0,1.0,0.0,0.0,4.0,4.0,5.0,4.0,6.0,5.0,4.0,4.0,DERMASON
0.0,0.0,1.0,0.0,2.0,2.0,0.0,0.0,5.0,4.0,4.0,3.0,6.0,5.0,3.0,4.0,DERMASON
0.0,0.0,0.0,0.0,1.0,1.0,0.0,0.0,2.0,4.0,5.0,4.0,6.0,5.0,4.0,4.0,DERMASON
0.0,0.0,1.0,0.0,2.0,2.0,0.0,0.0,5.0,4.0,5.0,3.0,6.0,5.0,3.0,4.0,DERMASON
0.0,0.0,1.0,0.0,1.0,1.0,0.0,0.0,4.0,4.0,5.0,4.0,6.0,5.0,4.0,3.0,DERMASON
0.0,0.0,1.0,0.0,1.0,1.0,0.0,0.0,4.0,2.0,3.0,4.0,6.0,5.0,4.0,4.0,DERMASON
0.0,0.0,0.0,0.0,1.0,1.0,0.0,0.0,3.0,4.0,5.0,4.0,6.0,6.0,4.0,4.0,DERMASON
0.0,0.0,1.0,0.0,1.0,1.0,0.0,0.0,2.0,4.0,5.0,4.0,6.0,5.0,4.0,5.0,DERMASON
0.0,0.0,1.0,0.0,1.0,1.0,0.0,0.0,4.0,3.0,4.0,4.0,6.0,5.0,4.0,4.0,DERMASON
0.0,0.0,1.0,0.0,2.0,2.0,0.0,0.0,4.0,4.0,4.0,3.0,6.0,5.0,3.0,5.0,DERMASON
0.0,0.0,1.0,0.0,2.0,2.0,0.0,0.0,4.0,4.0,4.0,3.0,6.0,5.0,3.0,4.0,DERMASON
0.0,0.0,0.0,0.0,1.0,1.0,0.0,0.0,5.0,5.0,6.0,4.0,6.0,6.0,4.0,4.0,DERMASON
0.0,0.0,1.0,0.0,1.0,1.0,0.0,0.0,4.0,4.0,5.0,4.0,6.0,5.0,4.0,4.0,DERMASON
0.0,0.0,1.0,0.0,1.0,1.0,0.0,0.0,4.0,4.0,5.0,4.0,6.0,5.0,4.0,4.0,DERMASON
0.0,0.0,1.0,0.0,2.0,2.0,0.0,0.0,1.0,4.0,4.0,3.0,6.0,5.0,3.0,2.0,DERMASON
0.0,0.0,1.0,0.0,1.0,1.0,0.0,0.0,2.0,4.0,5.0,4.0,6.0,5.0,4.0,4.0,DERMASON
0.0,0.0,1.0,0.0,1.0,1.0,0.0,0.0,4.0,4.0,5.0,4.0,6.0,5.0,4.0,4.0,DERMASON
0.0,0.0,1.0,0.0,1.0,1.0,0.0,0.0,4.0,3.0,5.0,4.0,6.0,5.0,4.0,4.0,DERMASON
0.0,0.0,1.0,0.0,2.0,2.0,0.0,0.0,2.0,4.0,5.0,4.0,6.0,5.0,4.0,4.0,DERMASON
0.0,0.0,0.0,0.0,0.0,0.0,0.0,0.0,5.0,4.0,5.0,5.0,6.0,6.0,5.0,4.0,DERMASON
0.0,0.0,0.0,0.0,1.0,1.0,0.0,0.0,2.0,4.0,5.0,4.0,6.0,5.0,4.0,4.0,DERMASON
0.0,0.0,1.0,0.0,1.0,1.0,0.0,0.0,2.0,2.0,5.0,4.0,6.0,5.0,4.0,4.0,DERMASON
0.0,0.0,1.0,0.0,1.0,1.0,0.0,0.0,4.0,4.0,5.0,4.0,6.0,5.0,4.0,4.0,DERMASON
0.0,0.0,1.0,0.0,1.0,1.0,0.0,0.0,4.0,4.0,5.0,4.0,6.0,5.0,4.0,5.0,DERMASON
0.0,0.0,1.0,0.0,1.0,1.0,0.0,0.0,2.0,4.0,5.0,4.0,6.0,5.0,4.0,4.0,DERMASON
0.0,0.0,1.0,0.0,1.0,1.0,0.0,0.0,4.0,4.0,5.0,4.0,6.0,5.0,4.0,4.0,DERMASON
0.0,0.0,1.0,0.0,2.0,2.0,0.0,0.0,1.0,3.0,4.0,3.0,6.0,5.0,3.0,4.0,DERMASON
0.0,0.0,0.0,0.0,1.0,1.0,0.0,0.0,6.0,4.0,5.0,4.0,6.0,5.0,4.0,4.0,DERMASON
0.0,0.0,1.0,0.0,1.0,1.0,0.0,0.0,4.0,4.0,4.0,4.0,6.0,5.0,4.0,3.0,DERMASON
0.0,0.0,1.0,0.0,1.0,1.0,0.0,0.0,4.0,4.0,4.0,4.0,6.0,5.0,4.0,2.0,DERMASON
0.0,0.0,1.0,0.0,1.0,1.0,0.0,0.0,2.0,4.0,5.0,4.0,6.0,5.0,4.0,4.0,DERMASON
0.0,0.0,1.0,0.0,1.0,1.0,0.0,0.0,4.0,4.0,5.0,4.0,6.0,5.0,4.0,4.0,DERMASON
0.0,0.0,0.0,0.0,1.0,1.0,0.0,0.0,4.0,4.0,5.0,4.0,6.0,5.0,4.0,4.0,DERMASON
0.0,0.0,1.0,0.0,1.0,1.0,0.0,0.0,2.0,4.0,5.0,4.0,6.0,5.0,4.0,4.0,DERMASON
0.0,0.0,1.0,0.0,1.0,1.0,0.0,0.0,2.0,3.0,5.0,4.0,6.0,5.0,4.0,4.0,DERMASON
0.0,0.0,1.0,0.0,1.0,1.0,0.0,0.0,4.0,2.0,4.0,4.0,6.0,5.0,4.0,1.0,DERMASON
0.0,0.0,0.0,0.0,0.0,0.0,0.0,0.0,5.0,4.0,6.0,5.0,6.0,6.0,5.0,4.0,DERMASON
0.0,0.0,1.0,0.0,1.0,1.0,0.0,0.0,4.0,4.0,5.0,4.0,6.0,5.0,4.0,4.0,DERMASON
0.0,0.0,1.0,0.0,1.0,1.0,0.0,0.0,4.0,4.0,5.0,4.0,6.0,5.0,4.0,6.0,DERMASON
0.0,0.0,1.0,0.0,2.0,2.0,0.0,0.0,1.0,2.0,4.0,3.0,6.0,5.0,3.0,2.0,DERMASON
0.0,0.0,1.0,0.0,2.0,2.0,0.0,0.0,2.0,4.0,5.0,3.0,6.0,5.0,3.0,4.0,DERMASON
0.0,0.0,1.0,0.0,1.0,1.0,0.0,0.0,3.0,4.0,5.0,4.0,6.0,5.0,4.0,4.0,DERMASON
0.0,0.0,1.0,0.0,1.0,1.0,0.0,0.0,4.0,4.0,5.0,4.0,6.0,5.0,4.0,6.0,DERMASON
0.0,0.0,1.0,0.0,1.0,1.0,0.0,0.0,2.0,3.0,4.0,4.0,6.0,5.0,4.0,4.0,DERMASON
0.0,0.0,0.0,0.0,1.0,1.0,0.0,0.0,4.0,4.0,5.0,4.0,6.0,6.0,4.0,5.0,DERMASON
0.0,0.0,1.0,0.0,1.0,1.0,0.0,0.0,4.0,4.0,5.0,4.0,6.0,5.0,4.0,4.0,DERMASON
0.0,0.0,1.0,0.0,1.0,1.0,0.0,0.0,2.0,4.0,5.0,4.0,6.0,5.0,4.0,4.0,DERMASON
0.0,0.0,1.0,0.0,2.0,2.0,0.0,0.0,4.0,4.0,5.0,3.0,6.0,5.0,3.0,4.0,DERMASON
0.0,0.0,1.0,0.0,1.0,1.0,0.0,0.0,4.0,4.0,5.0,4.0,6.0,5.0,4.0,3.0,DERMASON
0.0,0.0,1.0,0.0,1.0,1.0,0.0,0.0,4.0,4.0,5.0,4.0,6.0,5.0,4.0,4.0,DERMASON
0.0,0.0,1.0,0.0,1.0,1.0,0.0,0.0,4.0,4.0,5.0,4.0,6.0,5.0,4.0,4.0,DERMASON
0.0,0.0,1.0,0.0,2.0,2.0,0.0,0.0,4.0,4.0,4.0,3.0,6.0,5.0,3.0,4.0,DERMASON
0.0,0.0,0.0,0.0,1.0,1.0,0.0,0.0,4.0,4.0,5.0,4.0,6.0,6.0,4.0,4.0,DERMASON
0.0,0.0,1.0,0.0,1.0,1.0,0.0,0.0,5.0,4.0,6.0,4.0,6.0,5.0,4.0,6.0,DERMASON
0.0,0.0,1.0,0.0,2.0,2.0,0.0,0.0,1.0,4.0,5.0,3.0,6.0,5.0,3.0,4.0,DERMASON
0.0,0.0,0.0,0.0,0.0,0.0,0.0,0.0,4.0,4.0,6.0,5.0,6.0,6.0,5.0,4.0,DERMASON
0.0,0.0,1.0,0.0,2.0,2.0,0.0,0.0,2.0,4.0,5.0,3.0,6.0,5.0,3.0,5.0,DERMASON
0.0,0.0,1.0,0.0,1.0,1.0,0.0,0.0,5.0,4.0,5.0,4.0,6.0,5.0,4.0,4.0,DERMASON
0.0,0.0,1.0,0.0,1.0,1.0,0.0,0.0,4.0,4.0,5.0,4.0,6.0,5.0,4.0,4.0,DERMASON
0.0,0.0,1.0,0.0,2.0,2.0,0.0,0.0,4.0,4.0,5.0,3.0,6.0,5.0,3.0,4.0,DERMASON
0.0,0.0,1.0,0.0,1.0,1.0,0.0,0.0,2.0,5.0,5.0,4.0,6.0,5.0,4.0,4.0,DERMASON
0.0,0.0,1.0,0.0,1.0,1.0,0.0,0.0,4.0,4.0,5.0,4.0,6.0,5.0,4.0,4.0,DERMASON
0.0,0.0,0.0,0.0,1.0,1.0,0.0,0.0,3.0,4.0,5.0,4.0,6.0,6.0,4.0,6.0,DERMASON
0.0,0.0,1.0,0.0,1.0,1.0,0.0,0.0,2.0,4.0,5.0,4.0,6.0,5.0,4.0,3.0,DERMASON
0.0,0.0,1.0,0.0,1.0,1.0,0.0,0.0,2.0,4.0,5.0,4.0,6.0,5.0,4.0,4.0,DERMASON
0.0,0.0,1.0,0.0,1.0,1.0,0.0,0.0,6.0,4.0,5.0,4.0,6.0,5.0,4.0,2.0,DERMASON
0.0,0.0,1.0,0.0,1.0,1.0,0.0,0.0,2.0,4.0,5.0,4.0,6.0,5.0,4.0,4.0,DERMASON
0.0,0.0,1.0,0.0,1.0,1.0,0.0,0.0,2.0,2.0,4.0,4.0,6.0,5.0,4.0,4.0,DERMASON
0.0,0.0,1.0,0.0,1.0,1.0,0.0,0.0,2.0,3.0,4.0,4.0,6.0,5.0,4.0,3.0,DERMASON
0.0,0.0,1.0,0.0,1.0,1.0,0.0,0.0,2.0,4.0,5.0,4.0,6.0,5.0,4.0,4.0,DERMASON
0.0,0.0,1.0,0.0,2.0,2.0,0.0,0.0,4.0,4.0,5.0,4.0,6.0,5.0,4.0,4.0,DERMASON
0.0,0.0,1.0,0.0,1.0,1.0,0.0,0.0,5.0,4.0,5.0,4.0,6.0,5.0,4.0,3.0,DERMASON
0.0,0.0,0.0,0.0,1.0,1.0,0.0,0.0,4.0,4.0,5.0,4.0,6.0,5.0,4.0,5.0,DERMASON
0.0,0.0,1.0,0.0,1.0,1.0,0.0,0.0,2.0,3.0,5.0,4.0,6.0,5.0,4.0,3.0,DERMASON
0.0,0.0,1.0,0.0,2.0,2.0,0.0,0.0,2.0,4.0,5.0,3.0,6.0,5.0,3.0,5.0,DERMASON
0.0,0.0,1.0,0.0,1.0,1.0,0.0,0.0,2.0,3.0,5.0,3.0,6.0,5.0,3.0,3.0,DERMASON
0.0,0.0,1.0,0.0,1.0,1.0,0.0,0.0,5.0,4.0,5.0,4.0,6.0,5.0,4.0,4.0,DERMASON
0.0,0.0,1.0,0.0,2.0,2.0,0.0,0.0,4.0,4.0,5.0,3.0,6.0,5.0,3.0,4.0,DERMASON
0.0,0.0,1.0,0.0,1.0,1.0,0.0,0.0,3.0,4.0,5.0,4.0,6.0,5.0,4.0,4.0,DERMASON
0.0,0.0,1.0,0.0,1.0,1.0,0.0,0.0,2.0,4.0,5.0,4.0,6.0,5.0,4.0,4.0,DERMASON
0.0,0.0,1.0,0.0,1.0,1.0,0.0,0.0,5.0,4.0,5.0,4.0,6.0,5.0,4.0,4.0,DERMASON
0.0,0.0,1.0,0.0,1.0,1.0,0.0,0.0,3.0,4.0,5.0,4.0,6.0,5.0,4.0,4.0,DERMASON
0.0,0.0,1.0,0.0,1.0,1.0,0.0,0.0,2.0,4.0,5.0,4.0,6.0,5.0,4.0,4.0,DERMASON
0.0,0.0,1.0,0.0,1.0,1.0,0.0,0.0,2.0,4.0,5.0,4.0,6.0,5.0,4.0,4.0,DERMASON
0.0,0.0,1.0,0.0,1.0,1.0,0.0,0.0,4.0,4.0,5.0,4.0,6.0,5.0,4.0,4.0,DERMASON
0.0,0.0,1.0,0.0,1.0,1.0,0.0,0.0,4.0,5.0,5.0,4.0,6.0,5.0,4.0,6.0,DERMASON
0.0,0.0,1.0,0.0,2.0,2.0,0.0,0.0,1.0,4.0,5.0,4.0,6.0,5.0,4.0,4.0,DERMASON
0.0,0.0,1.0,0.0,1.0,1.0,0.0,0.0,4.0,4.0,5.0,4.0,6.0,5.0,4.0,6.0,DERMASON
0.0,0.0,1.0,0.0,1.0,1.0,0.0,0.0,4.0,4.0,5.0,4.0,6.0,5.0,4.0,4.0,DERMASON
0.0,0.0,1.0,0.0,1.0,1.0,0.0,0.0,4.0,3.0,5.0,4.0,6.0,5.0,4.0,2.0,DERMASON
0.0,0.0,0.0,0.0,1.0,1.0,0.0,0.0,4.0,4.0,5.0,4.0,6.0,5.0,4.0,3.0,DERMASON
0.0,0.0,1.0,0.0,3.0,3.0,0.0,0.0,4.0,4.0,4.0,2.0,6.0,4.0,2.0,4.0,DERMASON
0.0,0.0,1.0,0.0,1.0,1.0,0.0,0.0,5.0,4.0,5.0,4.0,6.0,5.0,4.0,6.0,DERMASON
0.0,0.0,1.0,0.0,2.0,2.0,0.0,0.0,1.0,4.0,5.0,3.0,6.0,5.0,3.0,4.0,DERMASON
0.0,0.0,1.0,0.0,1.0,1.0,0.0,0.0,2.0,4.0,5.0,4.0,6.0,5.0,4.0,4.0,DERMASON
0.0,0.0,1.0,0.0,1.0,1.0,0.0,0.0,5.0,4.0,5.0,4.0,6.0,5.0,4.0,4.0,DERMASON
0.0,0.0,1.0,0.0,1.0,1.0,0.0,0.0,4.0,3.0,4.0,4.0,6.0,5.0,4.0,5.0,DERMASON
0.0,0.0,1.0,0.0,1.0,1.0,0.0,0.0,5.0,4.0,5.0,4.0,6.0,5.0,4.0,3.0,DERMASON
0.0,0.0,1.0,0.0,2.0,2.0,0.0,0.0,5.0,4.0,5.0,3.0,6.0,5.0,3.0,4.0,DERMASON
0.0,0.0,0.0,0.0,1.0,1.0,0.0,0.0,5.0,4.0,5.0,4.0,6.0,6.0,4.0,4.0,DERMASON
0.0,0.0,1.0,0.0,1.0,1.0,0.0,0.0,6.0,3.0,5.0,4.0,6.0,5.0,4.0,3.0,DERMASON
0.0,0.0,1.0,0.0,1.0,1.0,0.0,0.0,3.0,4.0,5.0,4.0,6.0,5.0,4.0,4.0,DERMASON
0.0,0.0,1.0,0.0,2.0,2.0,0.0,0.0,2.0,4.0,5.0,3.0,6.0,5.0,3.0,4.0,DERMASON
0.0,1.0,1.0,0.0,1.0,1.0,0.0,0.0,4.0,2.0,3.0,4.0,6.0,5.0,4.0,3.0,DERMASON
0.0,0.0,1.0,0.0,1.0,1.0,0.0,0.0,2.0,4.0,5.0,4.0,6.0,5.0,4.0,4.0,DERMASON
0.0,0.0,1.0,0.0,2.0,2.0,0.0,0.0,4.0,4.0,5.0,3.0,6.0,5.0,3.0,3.0,DERMASON
0.0,0.0,1.0,0.0,1.0,1.0,0.0,0.0,3.0,4.0,4.0,4.0,6.0,5.0,4.0,4.0,DERMASON
0.0,0.0,0.0,0.0,1.0,1.0,0.0,0.0,4.0,4.0,5.0,4.0,6.0,6.0,4.0,4.0,DERMASON
0.0,0.0,1.0,0.0,1.0,1.0,0.0,0.0,2.0,4.0,5.0,4.0,6.0,5.0,4.0,4.0,DERMASON
0.0,0.0,1.0,0.0,1.0,1.0,0.0,0.0,5.0,4.0,5.0,4.0,6.0,5.0,4.0,4.0,DERMASON
0.0,0.0,1.0,0.0,4.0,4.0,0.0,0.0,4.0,4.0,4.0,2.0,6.0,4.0,2.0,4.0,DERMASON
0.0,0.0,1.0,0.0,3.0,3.0,0.0,0.0,3.0,4.0,4.0,2.0,6.0,4.0,2.0,4.0,DERMASON
0.0,0.0,1.0,0.0,1.0,1.0,0.0,0.0,4.0,4.0,5.0,4.0,6.0,5.0,4.0,5.0,DERMASON
0.0,0.0,1.0,0.0,1.0,1.0,0.0,0.0,5.0,4.0,5.0,4.0,6.0,5.0,4.0,6.0,DERMASON
0.0,0.0,1.0,0.0,3.0,3.0,0.0,0.0,4.0,4.0,4.0,2.0,6.0,4.0,2.0,3.0,DERMASON
0.0,0.0,0.0,0.0,1.0,1.0,0.0,0.0,3.0,4.0,5.0,4.0,6.0,5.0,4.0,4.0,DERMASON
0.0,0.0,1.0,0.0,1.0,1.0,0.0,0.0,4.0,5.0,5.0,4.0,6.0,5.0,4.0,4.0,DERMASON
0.0,0.0,1.0,0.0,1.0,1.0,0.0,0.0,2.0,4.0,5.0,4.0,6.0,5.0,4.0,4.0,DERMASON
0.0,0.0,1.0,0.0,1.0,1.0,0.0,0.0,2.0,4.0,5.0,4.0,6.0,5.0,4.0,4.0,DERMASON
0.0,0.0,1.0,0.0,4.0,4.0,0.0,0.0,5.0,4.0,4.0,1.0,6.0,4.0,1.0,3.0,DERMASON
0.0,0.0,1.0,0.0,1.0,1.0,0.0,0.0,5.0,4.0,5.0,4.0,6.0,5.0,4.0,6.0,DERMASON
0.0,0.0,1.0,0.0,1.0,1.0,0.0,0.0,4.0,4.0,5.0,4.0,6.0,5.0,4.0,5.0,DERMASON
0.0,0.0,1.0,0.0,2.0,2.0,0.0,0.0,5.0,4.0,5.0,3.0,6.0,5.0,3.0,6.0,DERMASON
0.0,0.0,1.0,0.0,1.0,1.0,0.0,0.0,4.0,4.0,5.0,4.0,6.0,5.0,4.0,6.0,DERMASON
0.0,0.0,1.0,0.0,1.0,1.0,0.0,0.0,2.0,4.0,5.0,4.0,6.0,5.0,4.0,3.0,DERMASON
0.0,0.0,0.0,0.0,1.0,1.0,0.0,0.0,5.0,4.0,5.0,4.0,6.0,6.0,4.0,4.0,DERMASON
0.0,0.0,1.0,0.0,2.0,2.0,0.0,0.0,5.0,4.0,4.0,3.0,6.0,5.0,3.0,4.0,DERMASON
0.0,0.0,1.0,0.0,1.0,1.0,0.0,0.0,2.0,4.0,5.0,4.0,6.0,5.0,4.0,4.0,DERMASON
0.0,0.0,1.0,0.0,1.0,1.0,0.0,0.0,4.0,4.0,5.0,4.0,6.0,5.0,4.0,4.0,DERMASON
0.0,0.0,1.0,0.0,2.0,2.0,0.0,0.0,1.0,4.0,4.0,3.0,6.0,5.0,3.0,5.0,DERMASON
0.0,0.0,1.0,0.0,2.0,2.0,0.0,0.0,2.0,4.0,5.0,3.0,6.0,5.0,3.0,5.0,DERMASON
0.0,0.0,1.0,0.0,2.0,2.0,0.0,0.0,2.0,4.0,4.0,3.0,6.0,5.0,3.0,2.0,DERMASON
0.0,0.0,1.0,0.0,1.0,1.0,0.0,0.0,2.0,4.0,5.0,4.0,6.0,5.0,4.0,4.0,DERMASON
0.0,0.0,1.0,0.0,1.0,1.0,0.0,0.0,2.0,4.0,5.0,4.0,6.0,5.0,4.0,4.0,DERMASON
0.0,0.0,1.0,0.0,2.0,2.0,0.0,0.0,5.0,4.0,5.0,3.0,6.0,5.0,3.0,4.0,DERMASON
0.0,0.0,1.0,0.0,1.0,1.0,0.0,0.0,5.0,4.0,5.0,4.0,6.0,5.0,4.0,4.0,DERMASON
0.0,0.0,1.0,0.0,1.0,1.0,0.0,0.0,2.0,4.0,5.0,4.0,6.0,5.0,4.0,4.0,DERMASON
0.0,0.0,1.0,0.0,2.0,2.0,0.0,0.0,2.0,4.0,5.0,3.0,6.0,5.0,3.0,4.0,DERMASON
0.0,0.0,1.0,0.0,2.0,2.0,0.0,0.0,4.0,4.0,5.0,3.0,6.0,5.0,3.0,6.0,DERMASON
0.0,0.0,1.0,0.0,2.0,2.0,0.0,0.0,5.0,2.0,4.0,3.0,6.0,5.0,3.0,4.0,DERMASON
0.0,0.0,1.0,0.0,2.0,2.0,0.0,0.0,2.0,4.0,5.0,3.0,6.0,5.0,3.0,4.0,DERMASON
0.0,0.0,1.0,0.0,1.0,1.0,0.0,0.0,3.0,4.0,5.0,4.0,6.0,5.0,4.0,4.0,DERMASON
0.0,0.0,1.0,0.0,1.0,1.0,0.0,0.0,4.0,4.0,5.0,4.0,6.0,5.0,4.0,5.0,DERMASON
0.0,0.0,1.0,0.0,1.0,1.0,0.0,0.0,2.0,2.0,4.0,4.0,6.0,5.0,4.0,4.0,DERMASON
0.0,0.0,1.0,0.0,2.0,2.0,0.0,0.0,4.0,3.0,4.0,3.0,6.0,5.0,3.0,1.0,DERMASON
0.0,0.0,0.0,0.0,1.0,1.0,0.0,0.0,2.0,4.0,5.0,4.0,6.0,6.0,4.0,5.0,DERMASON
0.0,0.0,1.0,0.0,1.0,1.0,0.0,0.0,4.0,5.0,5.0,4.0,6.0,5.0,4.0,4.0,DERMASON
0.0,0.0,1.0,0.0,1.0,1.0,0.0,0.0,2.0,4.0,5.0,4.0,6.0,5.0,4.0,4.0,DERMASON
0.0,0.0,1.0,0.0,1.0,1.0,0.0,0.0,3.0,4.0,5.0,4.0,6.0,5.0,4.0,5.0,DERMASON
0.0,0.0,1.0,0.0,1.0,1.0,0.0,0.0,4.0,3.0,5.0,4.0,6.0,5.0,4.0,4.0,DERMASON
0.0,0.0,1.0,0.0,1.0,1.0,0.0,0.0,4.0,3.0,5.0,4.0,6.0,5.0,4.0,4.0,DERMASON
0.0,0.0,1.0,0.0,1.0,1.0,0.0,0.0,5.0,5.0,5.0,4.0,6.0,5.0,4.0,4.0,DERMASON
0.0,0.0,1.0,0.0,1.0,1.0,0.0,0.0,4.0,4.0,5.0,4.0,6.0,5.0,4.0,6.0,DERMASON
0.0,0.0,1.0,0.0,1.0,1.0,0.0,0.0,2.0,4.0,5.0,4.0,6.0,5.0,4.0,4.0,DERMASON
0.0,0.0,1.0,0.0,1.0,1.0,0.0,0.0,5.0,4.0,5.0,4.0,6.0,5.0,4.0,3.0,DERMASON
0.0,0.0,1.0,0.0,1.0,1.0,0.0,0.0,2.0,4.0,5.0,4.0,6.0,5.0,4.0,5.0,DERMASON
0.0,0.0,1.0,0.0,4.0,4.0,0.0,0.0,1.0,4.0,4.0,1.0,6.0,4.0,1.0,4.0,DERMASON
0.0,0.0,1.0,0.0,1.0,1.0,0.0,0.0,5.0,4.0,5.0,4.0,6.0,5.0,4.0,4.0,DERMASON
0.0,0.0,1.0,0.0,4.0,4.0,0.0,0.0,5.0,4.0,4.0,1.0,6.0,4.0,1.0,4.0,DERMASON
0.0,0.0,0.0,0.0,1.0,1.0,0.0,0.0,2.0,5.0,5.0,4.0,6.0,6.0,4.0,4.0,DERMASON
0.0,0.0,1.0,0.0,2.0,2.0,0.0,0.0,4.0,2.0,4.0,3.0,6.0,5.0,3.0,2.0,DERMASON
0.0,0.0,1.0,0.0,2.0,2.0,0.0,0.0,4.0,4.0,4.0,3.0,6.0,5.0,3.0,4.0,DERMASON
0.0,0.0,1.0,0.0,1.0,1.0,0.0,0.0,4.0,2.0,4.0,4.0,6.0,5.0,4.0,3.0,DERMASON
0.0,0.0,1.0,0.0,2.0,2.0,0.0,0.0,4.0,4.0,5.0,3.0,6.0,5.0,3.0,4.0,DERMASON
0.0,0.0,1.0,0.0,1.0,1.0,0.0,0.0,5.0,4.0,5.0,4.0,6.0,5.0,4.0,4.0,DERMASON
0.0,0.0,1.0,0.0,1.0,1.0,0.0,0.0,4.0,4.0,6.0,4.0,6.0,5.0,4.0,4.0,DERMASON
0.0,0.0,1.0,0.0,2.0,2.0,0.0,0.0,4.0,4.0,4.0,3.0,6.0,5.0,3.0,6.0,DERMASON
0.0,0.0,1.0,0.0,1.0,1.0,0.0,0.0,2.0,4.0,5.0,4.0,6.0,5.0,4.0,3.0,DERMASON
0.0,0.0,1.0,0.0,3.0,3.0,0.0,0.0,2.0,6.0,5.0,2.0,6.0,4.0,2.0,5.0,DERMASON
0.0,0.0,0.0,0.0,1.0,1.0,0.0,0.0,5.0,4.0,5.0,4.0,6.0,6.0,4.0,4.0,DERMASON
0.0,0.0,1.0,0.0,4.0,4.0,0.0,0.0,2.0,4.0,4.0,1.0,6.0,4.0,1.0,2.0,DERMASON
0.0,0.0,1.0,0.0,1.0,1.0,0.0,0.0,4.0,4.0,5.0,4.0,6.0,5.0,4.0,4.0,DERMASON
0.0,1.0,1.0,0.0,4.0,4.0,0.0,0.0,1.0,2.0,1.0,2.0,6.0,4.0,2.0,4.0,DERMASON
0.0,0.0,1.0,0.0,2.0,2.0,0.0,0.0,5.0,4.0,5.0,3.0,6.0,5.0,3.0,4.0,DERMASON
0.0,0.0,1.0,0.0,2.0,2.0,0.0,0.0,5.0,4.0,4.0,3.0,6.0,5.0,3.0,4.0,DERMASON
0.0,0.0,1.0,0.0,2.0,2.0,0.0,0.0,2.0,4.0,5.0,4.0,6.0,5.0,4.0,5.0,DERMASON
0.0,0.0,1.0,0.0,1.0,1.0,0.0,0.0,4.0,4.0,5.0,4.0,6.0,5.0,4.0,6.0,DERMASON
0.0,0.0,1.0,0.0,2.0,2.0,0.0,0.0,4.0,3.0,4.0,3.0,6.0,5.0,3.0,4.0,DERMASON
0.0,0.0,0.0,0.0,0.0,0.0,0.0,0.0,4.0,4.0,6.0,5.0,6.0,6.0,5.0,6.0,DERMASON
0.0,0.0,1.0,0.0,1.0,1.0,0.0,0.0,2.0,4.0,5.0,4.0,6.0,5.0,4.0,4.0,DERMASON
0.0,0.0,1.0,0.0,2.0,2.0,0.0,0.0,2.0,4.0,4.0,3.0,6.0,5.0,3.0,3.0,DERMASON
0.0,0.0,1.0,0.0,1.0,1.0,0.0,0.0,4.0,4.0,5.0,4.0,6.0,5.0,4.0,4.0,DERMASON
0.0,0.0,1.0,0.0,1.0,1.0,0.0,0.0,5.0,5.0,5.0,4.0,6.0,5.0,4.0,3.0,DERMASON
0.0,0.0,1.0,0.0,2.0,2.0,0.0,0.0,4.0,4.0,4.0,3.0,6.0,5.0,3.0,4.0,DERMASON
0.0,0.0,0.0,1.0,0.0,0.0,0.0,0.0,4.0,4.0,6.0,6.0,5.0,6.0,6.0,3.0,DERMASON
0.0,0.0,1.0,0.0,2.0,2.0,0.0,0.0,4.0,2.0,4.0,3.0,6.0,5.0,3.0,4.0,DERMASON
0.0,0.0,1.0,0.0,1.0,1.0,0.0,0.0,2.0,4.0,4.0,4.0,6.0,5.0,4.0,4.0,DERMASON
0.0,0.0,1.0,0.0,1.0,1.0,0.0,0.0,5.0,4.0,5.0,4.0,6.0,5.0,4.0,4.0,DERMASON
0.0,0.0,1.0,0.0,1.0,1.0,0.0,0.0,2.0,4.0,5.0,4.0,6.0,5.0,4.0,4.0,DERMASON
0.0,2.0,0.0,0.0,1.0,1.0,0.0,0.0,2.0,1.0,0.0,4.0,6.0,6.0,4.0,1.0,DERMASON
0.0,0.0,1.0,0.0,1.0,1.0,0.0,0.0,2.0,4.0,5.0,4.0,6.0,5.0,4.0,4.0,DERMASON
0.0,0.0,0.0,0.0,1.0,1.0,0.0,0.0,2.0,4.0,5.0,4.0,6.0,6.0,4.0,4.0,DERMASON
0.0,0.0,1.0,0.0,2.0,2.0,0.0,0.0,4.0,4.0,5.0,3.0,6.0,5.0,3.0,4.0,DERMASON
0.0,0.0,0.0,0.0,1.0,1.0,0.0,0.0,2.0,4.0,5.0,4.0,6.0,6.0,4.0,5.0,DERMASON
0.0,0.0,1.0,0.0,1.0,1.0,0.0,0.0,2.0,4.0,5.0,4.0,6.0,5.0,4.0,3.0,DERMASON
0.0,0.0,1.0,0.0,1.0,1.0,0.0,0.0,4.0,4.0,4.0,4.0,6.0,5.0,4.0,4.0,DERMASON
0.0,0.0,1.0,0.0,1.0,1.0,0.0,0.0,4.0,4.0,5.0,4.0,6.0,5.0,4.0,4.0,DERMASON
0.0,0.0,1.0,0.0,1.0,1.0,0.0,0.0,5.0,4.0,5.0,4.0,6.0,5.0,4.0,2.0,DERMASON
0.0,0.0,1.0,0.0,2.0,2.0,0.0,0.0,4.0,4.0,5.0,3.0,6.0,5.0,3.0,4.0,DERMASON
0.0,0.0,1.0,0.0,2.0,2.0,0.0,0.0,5.0,4.0,4.0,3.0,6.0,5.0,3.0,4.0,DERMASON
0.0,0.0,0.0,0.0,1.0,1.0,0.0,0.0,6.0,4.0,5.0,4.0,6.0,6.0,4.0,3.0,DERMASON
0.0,0.0,1.0,0.0,2.0,2.0,0.0,0.0,2.0,2.0,5.0,3.0,6.0,5.0,3.0,2.0,DERMASON
0.0,0.0,1.0,0.0,1.0,1.0,0.0,0.0,2.0,4.0,5.0,4.0,6.0,5.0,4.0,4.0,DERMASON
0.0,1.0,1.0,0.0,5.0,5.0,0.0,0.0,0.0,1.0,0.0,1.0,6.0,3.0,1.0,1.0,DERMASON
0.0,0.0,1.0,0.0,1.0,1.0,0.0,0.0,2.0,4.0,5.0,4.0,6.0,5.0,4.0,4.0,DERMASON
0.0,0.0,1.0,0.0,1.0,1.0,0.0,0.0,2.0,3.0,4.0,4.0,6.0,5.0,4.0,2.0,DERMASON
0.0,0.0,1.0,0.0,2.0,2.0,0.0,0.0,1.0,6.0,5.0,3.0,6.0,5.0,3.0,4.0,DERMASON
0.0,0.0,0.0,0.0,1.0,1.0,0.0,0.0,4.0,4.0,6.0,4.0,6.0,6.0,4.0,4.0,DERMASON
0.0,0.0,0.0,0.0,1.0,1.0,0.0,0.0,2.0,4.0,5.0,4.0,6.0,6.0,4.0,4.0,DERMASON
0.0,0.0,1.0,0.0,1.0,1.0,0.0,0.0,2.0,4.0,5.0,4.0,6.0,5.0,4.0,3.0,DERMASON
0.0,0.0,1.0,0.0,1.0,1.0,0.0,0.0,4.0,4.0,5.0,4.0,6.0,5.0,4.0,4.0,DERMASON
0.0,0.0,1.0,0.0,2.0,2.0,0.0,0.0,2.0,4.0,5.0,3.0,6.0,5.0,3.0,4.0,DERMASON
0.0,0.0,0.0,0.0,1.0,1.0,0.0,0.0,4.0,4.0,5.0,4.0,6.0,6.0,4.0,4.0,DERMASON
0.0,0.0,1.0,0.0,1.0,1.0,0.0,0.0,4.0,5.0,5.0,4.0,6.0,5.0,4.0,4.0,DERMASON
0.0,0.0,1.0,0.0,4.0,4.0,0.0,0.0,0.0,4.0,4.0,1.0,6.0,3.0,1.0,4.0,DERMASON
0.0,0.0,1.0,0.0,1.0,1.0,0.0,0.0,5.0,4.0,5.0,4.0,6.0,5.0,4.0,4.0,DERMASON
0.0,0.0,1.0,0.0,1.0,1.0,0.0,0.0,5.0,4.0,5.0,4.0,6.0,5.0,4.0,4.0,DERMASON
0.0,0.0,1.0,0.0,1.0,1.0,0.0,0.0,4.0,4.0,5.0,4.0,6.0,5.0,4.0,6.0,DERMASON
0.0,0.0,1.0,0.0,1.0,1.0,0.0,0.0,4.0,4.0,5.0,4.0,6.0,5.0,4.0,4.0,DERMASON
0.0,0.0,1.0,0.0,1.0,1.0,0.0,0.0,4.0,4.0,5.0,4.0,6.0,5.0,4.0,5.0,DERMASON
0.0,0.0,1.0,0.0,1.0,1.0,0.0,0.0,4.0,4.0,5.0,4.0,6.0,5.0,4.0,4.0,DERMASON
0.0,0.0,1.0,0.0,1.0,1.0,0.0,0.0,2.0,4.0,5.0,4.0,6.0,5.0,4.0,4.0,DERMASON
0.0,0.0,1.0,0.0,1.0,1.0,0.0,0.0,2.0,4.0,5.0,4.0,6.0,5.0,4.0,5.0,DERMASON
0.0,0.0,0.0,0.0,1.0,1.0,0.0,0.0,4.0,4.0,6.0,4.0,6.0,6.0,4.0,3.0,DERMASON
0.0,0.0,1.0,0.0,1.0,1.0,0.0,0.0,2.0,4.0,4.0,4.0,6.0,5.0,4.0,4.0,DERMASON
0.0,0.0,1.0,0.0,1.0,1.0,0.0,0.0,4.0,4.0,5.0,4.0,6.0,5.0,4.0,4.0,DERMASON
0.0,0.0,1.0,0.0,1.0,1.0,0.0,0.0,6.0,3.0,5.0,4.0,6.0,5.0,4.0,3.0,DERMASON
0.0,0.0,1.0,0.0,1.0,1.0,0.0,0.0,2.0,4.0,5.0,4.0,6.0,5.0,4.0,4.0,DERMASON
0.0,1.0,0.0,0.0,0.0,0.0,0.0,0.0,5.0,2.0,3.0,5.0,6.0,6.0,5.0,4.0,DERMASON
0.0,1.0,1.0,0.0,1.0,1.0,0.0,0.0,5.0,2.0,3.0,4.0,6.0,5.0,4.0,3.0,DERMASON
0.0,0.0,1.0,0.0,1.0,1.0,0.0,0.0,4.0,4.0,5.0,4.0,6.0,5.0,4.0,1.0,DERMASON
0.0,0.0,1.0,0.0,1.0,1.0,0.0,0.0,4.0,4.0,5.0,4.0,6.0,5.0,4.0,3.0,DERMASON
0.0,0.0,1.0,0.0,2.0,2.0,0.0,0.0,2.0,3.0,4.0,3.0,6.0,5.0,3.0,4.0,DERMASON
0.0,0.0,1.0,0.0,1.0,1.0,0.0,0.0,2.0,4.0,4.0,4.0,6.0,5.0,4.0,3.0,DERMASON
0.0,0.0,1.0,0.0,3.0,3.0,0.0,0.0,5.0,4.0,4.0,3.0,6.0,4.0,3.0,3.0,DERMASON
0.0,0.0,0.0,0.0,0.0,0.0,0.0,0.0,3.0,4.0,6.0,5.0,6.0,6.0,5.0,4.0,DERMASON
0.0,0.0,1.0,0.0,1.0,1.0,0.0,0.0,2.0,2.0,4.0,4.0,6.0,5.0,4.0,2.0,DERMASON
0.0,0.0,0.0,0.0,0.0,0.0,0.0,0.0,6.0,2.0,4.0,6.0,6.0,6.0,6.0,1.0,DERMASON
0.0,0.0,1.0,0.0,1.0,1.0,0.0,0.0,2.0,4.0,5.0,4.0,6.0,6.0,4.0,5.0,DERMASON
0.0,0.0,1.0,0.0,2.0,2.0,0.0,0.0,4.0,4.0,4.0,3.0,6.0,5.0,3.0,4.0,DERMASON
0.0,0.0,1.0,0.0,1.0,1.0,0.0,0.0,2.0,4.0,5.0,4.0,6.0,5.0,4.0,4.0,DERMASON
0.0,0.0,1.0,0.0,2.0,2.0,0.0,0.0,4.0,4.0,5.0,3.0,6.0,5.0,3.0,3.0,DERMASON
0.0,0.0,1.0,0.0,2.0,2.0,0.0,0.0,4.0,4.0,4.0,3.0,6.0,5.0,3.0,3.0,DERMASON
0.0,0.0,1.0,0.0,2.0,2.0,0.0,0.0,4.0,4.0,5.0,3.0,6.0,5.0,3.0,4.0,DERMASON
0.0,0.0,1.0,0.0,1.0,1.0,0.0,0.0,5.0,3.0,4.0,4.0,6.0,5.0,4.0,3.0,DERMASON
0.0,0.0,1.0,0.0,1.0,1.0,0.0,0.0,4.0,1.0,5.0,4.0,6.0,5.0,4.0,1.0,DERMASON
0.0,0.0,1.0,0.0,2.0,2.0,0.0,0.0,2.0,5.0,5.0,3.0,6.0,5.0,3.0,4.0,DERMASON
0.0,0.0,1.0,0.0,2.0,2.0,0.0,0.0,1.0,4.0,5.0,3.0,6.0,5.0,3.0,3.0,DERMASON
0.0,0.0,0.0,0.0,1.0,1.0,0.0,0.0,4.0,4.0,5.0,4.0,6.0,6.0,4.0,4.0,DERMASON
0.0,0.0,1.0,0.0,1.0,1.0,0.0,0.0,4.0,4.0,5.0,4.0,6.0,5.0,4.0,4.0,DERMASON
0.0,0.0,1.0,0.0,2.0,2.0,0.0,0.0,1.0,4.0,4.0,3.0,6.0,5.0,3.0,4.0,DERMASON
0.0,0.0,1.0,0.0,1.0,1.0,0.0,0.0,4.0,3.0,5.0,4.0,6.0,5.0,4.0,3.0,DERMASON
0.0,0.0,1.0,0.0,1.0,1.0,0.0,0.0,2.0,2.0,4.0,4.0,6.0,5.0,4.0,1.0,DERMASON
0.0,0.0,1.0,0.0,4.0,4.0,0.0,0.0,5.0,4.0,4.0,1.0,6.0,3.0,1.0,3.0,DERMASON
0.0,1.0,1.0,0.0,2.0,2.0,0.0,0.0,4.0,3.0,3.0,3.0,6.0,5.0,3.0,4.0,DERMASON
0.0,0.0,1.0,0.0,1.0,1.0,0.0,0.0,4.0,4.0,5.0,4.0,6.0,5.0,4.0,4.0,DERMASON
0.0,0.0,1.0,0.0,2.0,2.0,0.0,0.0,1.0,3.0,4.0,3.0,6.0,5.0,3.0,2.0,DERMASON
0.0,0.0,1.0,0.0,2.0,2.0,0.0,0.0,5.0,4.0,5.0,3.0,6.0,5.0,3.0,3.0,DERMASON
0.0,0.0,1.0,0.0,1.0,1.0,0.0,0.0,4.0,4.0,5.0,4.0,6.0,5.0,4.0,2.0,DERMASON
0.0,0.0,1.0,0.0,2.0,2.0,0.0,0.0,1.0,4.0,4.0,3.0,6.0,5.0,3.0,3.0,DERMASON
0.0,0.0,1.0,0.0,1.0,1.0,0.0,0.0,2.0,4.0,5.0,4.0,6.0,5.0,4.0,4.0,DERMASON
0.0,0.0,1.0,0.0,1.0,1.0,0.0,0.0,4.0,4.0,5.0,4.0,6.0,5.0,4.0,4.0,DERMASON
0.0,0.0,1.0,0.0,1.0,1.0,0.0,0.0,6.0,4.0,5.0,4.0,6.0,5.0,4.0,4.0,DERMASON
0.0,0.0,1.0,0.0,2.0,2.0,0.0,0.0,2.0,4.0,5.0,3.0,6.0,5.0,3.0,4.0,DERMASON
0.0,0.0,1.0,0.0,1.0,1.0,0.0,0.0,5.0,4.0,5.0,4.0,6.0,5.0,4.0,3.0,DERMASON
0.0,0.0,1.0,0.0,1.0,1.0,0.0,0.0,2.0,4.0,5.0,4.0,6.0,5.0,4.0,4.0,DERMASON
0.0,0.0,1.0,0.0,1.0,1.0,0.0,0.0,2.0,4.0,5.0,4.0,6.0,5.0,4.0,4.0,DERMASON
0.0,0.0,0.0,0.0,0.0,0.0,0.0,0.0,2.0,4.0,6.0,5.0,6.0,6.0,5.0,4.0,DERMASON
0.0,0.0,1.0,0.0,2.0,2.0,0.0,0.0,4.0,4.0,5.0,3.0,6.0,5.0,3.0,5.0,DERMASON
0.0,0.0,0.0,0.0,1.0,1.0,0.0,0.0,4.0,4.0,5.0,4.0,6.0,6.0,4.0,4.0,DERMASON
0.0,0.0,1.0,0.0,1.0,1.0,0.0,0.0,5.0,4.0,5.0,4.0,6.0,5.0,4.0,4.0,DERMASON
0.0,0.0,1.0,0.0,1.0,1.0,0.0,0.0,6.0,4.0,6.0,4.0,6.0,5.0,4.0,4.0,DERMASON
0.0,0.0,1.0,0.0,1.0,1.0,0.0,0.0,4.0,4.0,5.0,4.0,6.0,5.0,4.0,4.0,DERMASON
0.0,0.0,0.0,0.0,1.0,1.0,0.0,0.0,2.0,4.0,5.0,4.0,6.0,6.0,4.0,4.0,DERMASON
0.0,0.0,1.0,0.0,1.0,1.0,0.0,0.0,4.0,4.0,5.0,4.0,6.0,5.0,4.0,6.0,DERMASON
0.0,0.0,1.0,0.0,1.0,1.0,0.0,0.0,4.0,2.0,5.0,4.0,6.0,5.0,4.0,4.0,DERMASON
0.0,0.0,1.0,0.0,2.0,2.0,0.0,0.0,2.0,3.0,4.0,3.0,6.0,5.0,3.0,4.0,DERMASON
0.0,0.0,1.0,0.0,1.0,1.0,0.0,0.0,4.0,4.0,5.0,4.0,6.0,5.0,4.0,3.0,DERMASON
0.0,0.0,1.0,0.0,1.0,1.0,0.0,0.0,4.0,4.0,5.0,4.0,6.0,5.0,4.0,4.0,DERMASON
0.0,0.0,1.0,0.0,1.0,1.0,0.0,0.0,4.0,3.0,5.0,4.0,6.0,5.0,4.0,4.0,DERMASON
0.0,0.0,1.0,0.0,1.0,1.0,0.0,0.0,2.0,4.0,5.0,4.0,6.0,5.0,4.0,4.0,DERMASON
0.0,1.0,1.0,0.0,4.0,4.0,0.0,0.0,1.0,4.0,3.0,1.0,6.0,3.0,1.0,4.0,DERMASON
0.0,1.0,1.0,0.0,4.0,4.0,0.0,0.0,2.0,3.0,3.0,1.0,6.0,3.0,1.0,4.0,DERMASON
0.0,0.0,1.0,0.0,1.0,1.0,0.0,0.0,4.0,5.0,5.0,4.0,6.0,5.0,4.0,4.0,DERMASON
0.0,0.0,1.0,0.0,2.0,2.0,0.0,0.0,2.0,4.0,4.0,3.0,6.0,5.0,3.0,4.0,DERMASON
0.0,0.0,1.0,0.0,1.0,1.0,0.0,0.0,5.0,4.0,5.0,4.0,6.0,5.0,4.0,4.0,DERMASON
0.0,0.0,1.0,0.0,2.0,2.0,0.0,0.0,6.0,4.0,5.0,3.0,6.0,5.0,3.0,3.0,DERMASON
0.0,0.0,1.0,0.0,3.0,3.0,0.0,0.0,2.0,4.0,4.0,2.0,6.0,4.0,2.0,4.0,DERMASON
0.0,0.0,1.0,0.0,1.0,1.0,0.0,0.0,2.0,4.0,5.0,4.0,6.0,5.0,4.0,6.0,DERMASON
0.0,0.0,0.0,0.0,1.0,1.0,0.0,0.0,6.0,4.0,6.0,4.0,6.0,6.0,4.0,4.0,DERMASON
0.0,0.0,0.0,0.0,1.0,1.0,0.0,0.0,2.0,4.0,5.0,4.0,6.0,6.0,4.0,4.0,DERMASON
0.0,0.0,0.0,0.0,0.0,0.0,0.0,0.0,5.0,4.0,6.0,6.0,6.0,6.0,6.0,4.0,DERMASON
0.0,0.0,1.0,0.0,1.0,1.0,0.0,0.0,2.0,4.0,5.0,4.0,6.0,5.0,4.0,4.0,DERMASON
0.0,0.0,1.0,0.0,1.0,1.0,0.0,0.0,4.0,4.0,5.0,4.0,6.0,5.0,4.0,4.0,DERMASON
0.0,0.0,0.0,1.0,0.0,0.0,0.0,0.0,2.0,4.0,6.0,6.0,5.0,6.0,6.0,3.0,DERMASON
0.0,0.0,1.0,0.0,1.0,1.0,0.0,0.0,2.0,2.0,4.0,4.0,6.0,5.0,4.0,4.0,DERMASON
0.0,1.0,1.0,0.0,3.0,3.0,0.0,0.0,5.0,2.0,1.0,2.0,6.0,4.0,2.0,4.0,DERMASON
0.0,1.0,1.0,0.0,2.0,2.0,0.0,0.0,4.0,2.0,3.0,3.0,6.0,5.0,3.0,4.0,DERMASON
0.0,0.0,1.0,0.0,2.0,2.0,0.0,0.0,4.0,4.0,5.0,3.0,6.0,5.0,3.0,3.0,DERMASON
0.0,0.0,1.0,0.0,2.0,2.0,0.0,0.0,5.0,3.0,4.0,3.0,6.0,5.0,3.0,3.0,DERMASON
0.0,0.0,1.0,0.0,2.0,2.0,0.0,0.0,3.0,4.0,5.0,3.0,6.0,5.0,3.0,4.0,DERMASON
0.0,0.0,1.0,0.0,1.0,1.0,0.0,0.0,2.0,4.0,5.0,4.0,6.0,5.0,4.0,4.0,DERMASON
0.0,1.0,1.0,0.0,3.0,3.0,0.0,0.0,4.0,4.0,4.0,2.0,6.0,4.0,2.0,4.0,DERMASON
0.0,0.0,1.0,0.0,2.0,2.0,0.0,0.0,2.0,4.0,5.0,4.0,6.0,5.0,4.0,4.0,DERMASON
0.0,0.0,1.0,0.0,1.0,1.0,0.0,0.0,4.0,4.0,5.0,4.0,6.0,5.0,4.0,4.0,DERMASON
0.0,0.0,1.0,0.0,2.0,2.0,0.0,0.0,2.0,4.0,4.0,3.0,6.0,5.0,3.0,4.0,DERMASON
0.0,0.0,1.0,0.0,1.0,1.0,0.0,0.0,4.0,4.0,5.0,4.0,6.0,5.0,4.0,4.0,DERMASON
0.0,0.0,1.0,0.0,1.0,1.0,0.0,0.0,2.0,4.0,5.0,4.0,6.0,5.0,4.0,4.0,DERMASON
0.0,0.0,1.0,0.0,1.0,1.0,0.0,0.0,4.0,4.0,5.0,4.0,6.0,5.0,4.0,6.0,DERMASON
0.0,0.0,1.0,0.0,1.0,1.0,0.0,0.0,6.0,4.0,5.0,4.0,6.0,5.0,4.0,2.0,DERMASON
0.0,0.0,1.0,0.0,1.0,1.0,0.0,0.0,2.0,4.0,5.0,4.0,6.0,5.0,4.0,4.0,DERMASON
0.0,1.0,1.0,0.0,4.0,4.0,0.0,0.0,2.0,3.0,3.0,1.0,6.0,4.0,1.0,4.0,DERMASON
0.0,0.0,1.0,0.0,3.0,3.0,0.0,0.0,4.0,4.0,4.0,2.0,6.0,4.0,2.0,4.0,DERMASON
0.0,0.0,1.0,0.0,4.0,4.0,0.0,0.0,1.0,4.0,4.0,1.0,6.0,4.0,1.0,4.0,DERMASON
0.0,0.0,1.0,0.0,1.0,1.0,0.0,0.0,1.0,4.0,5.0,4.0,6.0,5.0,4.0,4.0,DERMASON
0.0,0.0,1.0,0.0,2.0,2.0,0.0,0.0,2.0,4.0,5.0,3.0,6.0,5.0,3.0,4.0,DERMASON
0.0,0.0,1.0,0.0,1.0,1.0,0.0,0.0,5.0,4.0,5.0,4.0,6.0,5.0,4.0,4.0,DERMASON
0.0,0.0,0.0,0.0,1.0,1.0,0.0,0.0,2.0,4.0,5.0,4.0,6.0,6.0,4.0,4.0,DERMASON
0.0,0.0,1.0,0.0,1.0,1.0,0.0,0.0,2.0,2.0,5.0,4.0,6.0,5.0,4.0,2.0,DERMASON
0.0,0.0,1.0,0.0,1.0,1.0,0.0,0.0,2.0,4.0,5.0,4.0,6.0,5.0,4.0,4.0,DERMASON
0.0,0.0,1.0,0.0,1.0,1.0,0.0,0.0,5.0,4.0,5.0,4.0,6.0,5.0,4.0,4.0,DERMASON
0.0,0.0,1.0,0.0,1.0,1.0,0.0,0.0,5.0,4.0,5.0,4.0,6.0,5.0,4.0,6.0,DERMASON
0.0,0.0,1.0,0.0,1.0,1.0,0.0,0.0,4.0,4.0,5.0,4.0,6.0,6.0,4.0,4.0,DERMASON
0.0,0.0,1.0,0.0,1.0,1.0,0.0,0.0,2.0,6.0,5.0,4.0,6.0,5.0,4.0,4.0,DERMASON
0.0,0.0,1.0,0.0,2.0,2.0,0.0,0.0,1.0,4.0,4.0,3.0,6.0,5.0,3.0,4.0,DERMASON
0.0,0.0,1.0,0.0,1.0,1.0,0.0,0.0,4.0,4.0,5.0,4.0,6.0,5.0,4.0,4.0,DERMASON
0.0,0.0,1.0,0.0,1.0,1.0,0.0,0.0,4.0,3.0,5.0,4.0,6.0,5.0,4.0,3.0,DERMASON
0.0,0.0,1.0,0.0,1.0,1.0,0.0,0.0,5.0,4.0,5.0,4.0,6.0,5.0,4.0,4.0,DERMASON
0.0,0.0,1.0,0.0,3.0,3.0,0.0,0.0,2.0,4.0,4.0,2.0,6.0,4.0,2.0,4.0,DERMASON
0.0,0.0,1.0,0.0,1.0,1.0,0.0,0.0,2.0,4.0,5.0,4.0,6.0,5.0,4.0,4.0,DERMASON
0.0,0.0,1.0,0.0,1.0,1.0,0.0,0.0,3.0,4.0,5.0,4.0,6.0,5.0,4.0,4.0,DERMASON
0.0,1.0,2.0,0.0,6.0,6.0,0.0,0.0,4.0,2.0,1.0,0.0,6.0,3.0,0.0,4.0,DERMASON
0.0,0.0,1.0,0.0,2.0,2.0,0.0,0.0,2.0,4.0,5.0,3.0,6.0,5.0,3.0,4.0,DERMASON
0.0,0.0,1.0,0.0,1.0,1.0,0.0,0.0,4.0,4.0,5.0,4.0,6.0,5.0,4.0,4.0,DERMASON
0.0,0.0,1.0,0.0,1.0,1.0,0.0,0.0,2.0,4.0,5.0,4.0,6.0,5.0,4.0,4.0,DERMASON
0.0,0.0,1.0,0.0,1.0,1.0,0.0,0.0,4.0,2.0,5.0,4.0,6.0,5.0,4.0,4.0,DERMASON
0.0,0.0,1.0,0.0,1.0,1.0,0.0,0.0,2.0,4.0,5.0,4.0,6.0,5.0,4.0,4.0,DERMASON
0.0,0.0,1.0,0.0,2.0,2.0,0.0,0.0,4.0,4.0,5.0,3.0,6.0,5.0,3.0,5.0,DERMASON
0.0,0.0,1.0,0.0,1.0,1.0,0.0,0.0,4.0,4.0,5.0,4.0,6.0,5.0,4.0,4.0,DERMASON
0.0,0.0,1.0,0.0,1.0,1.0,0.0,0.0,3.0,4.0,5.0,4.0,6.0,5.0,4.0,4.0,DERMASON
0.0,0.0,1.0,0.0,2.0,2.0,0.0,0.0,3.0,4.0,4.0,3.0,6.0,5.0,3.0,4.0,DERMASON
0.0,0.0,1.0,0.0,1.0,1.0,0.0,0.0,4.0,4.0,5.0,4.0,6.0,5.0,4.0,6.0,DERMASON
0.0,0.0,1.0,0.0,1.0,1.0,0.0,0.0,4.0,4.0,6.0,4.0,6.0,6.0,4.0,6.0,DERMASON
0.0,0.0,1.0,0.0,1.0,1.0,0.0,0.0,4.0,4.0,5.0,4.0,6.0,5.0,4.0,5.0,DERMASON
0.0,0.0,1.0,0.0,1.0,1.0,0.0,0.0,4.0,4.0,5.0,4.0,6.0,5.0,4.0,6.0,DERMASON
0.0,0.0,1.0,0.0,1.0,1.0,0.0,0.0,4.0,4.0,5.0,4.0,6.0,5.0,4.0,3.0,DERMASON
0.0,0.0,1.0,0.0,2.0,2.0,0.0,0.0,4.0,4.0,4.0,3.0,6.0,5.0,3.0,5.0,DERMASON
0.0,1.0,1.0,0.0,2.0,2.0,0.0,0.0,4.0,4.0,4.0,3.0,6.0,5.0,3.0,5.0,DERMASON
0.0,0.0,1.0,0.0,1.0,1.0,0.0,0.0,2.0,4.0,5.0,4.0,6.0,5.0,4.0,5.0,DERMASON
0.0,0.0,1.0,0.0,1.0,1.0,0.0,0.0,4.0,5.0,5.0,4.0,6.0,5.0,4.0,3.0,DERMASON
0.0,0.0,1.0,0.0,2.0,2.0,0.0,0.0,5.0,4.0,5.0,3.0,6.0,5.0,3.0,3.0,DERMASON
0.0,0.0,1.0,0.0,1.0,1.0,0.0,0.0,4.0,4.0,5.0,4.0,6.0,5.0,4.0,4.0,DERMASON
0.0,0.0,1.0,0.0,1.0,1.0,0.0,0.0,2.0,4.0,5.0,4.0,6.0,5.0,4.0,4.0,DERMASON
0.0,1.0,1.0,0.0,1.0,1.0,0.0,0.0,2.0,1.0,1.0,4.0,6.0,5.0,4.0,1.0,DERMASON
0.0,0.0,1.0,0.0,1.0,1.0,0.0,0.0,5.0,4.0,5.0,4.0,6.0,5.0,4.0,4.0,DERMASON
0.0,0.0,1.0,0.0,1.0,1.0,0.0,0.0,4.0,4.0,5.0,4.0,6.0,5.0,4.0,3.0,DERMASON
0.0,0.0,1.0,0.0,1.0,1.0,0.0,0.0,2.0,4.0,5.0,4.0,6.0,5.0,4.0,4.0,DERMASON
0.0,0.0,1.0,0.0,1.0,1.0,0.0,0.0,2.0,4.0,5.0,4.0,6.0,5.0,4.0,4.0,DERMASON
0.0,0.0,1.0,0.0,3.0,3.0,0.0,0.0,2.0,4.0,4.0,3.0,6.0,4.0,3.0,4.0,DERMASON
0.0,0.0,1.0,0.0,1.0,1.0,0.0,0.0,2.0,4.0,5.0,4.0,6.0,5.0,4.0,3.0,DERMASON
0.0,0.0,1.0,0.0,1.0,1.0,0.0,0.0,2.0,4.0,5.0,4.0,6.0,5.0,4.0,3.0,DERMASON
0.0,0.0,1.0,0.0,1.0,1.0,0.0,0.0,5.0,3.0,5.0,4.0,6.0,5.0,4.0,1.0,DERMASON
0.0,0.0,1.0,0.0,1.0,1.0,0.0,0.0,2.0,4.0,4.0,4.0,6.0,5.0,4.0,4.0,DERMASON
0.0,0.0,1.0,0.0,1.0,1.0,0.0,0.0,2.0,4.0,4.0,4.0,6.0,5.0,4.0,4.0,DERMASON
0.0,1.0,1.0,0.0,4.0,4.0,0.0,0.0,4.0,4.0,4.0,1.0,6.0,4.0,1.0,4.0,DERMASON
0.0,1.0,1.0,0.0,2.0,2.0,0.0,0.0,4.0,2.0,3.0,3.0,6.0,5.0,3.0,1.0,DERMASON
0.0,0.0,1.0,0.0,1.0,1.0,0.0,0.0,1.0,4.0,5.0,4.0,6.0,5.0,4.0,3.0,DERMASON
0.0,0.0,1.0,0.0,1.0,1.0,0.0,0.0,5.0,4.0,5.0,4.0,6.0,5.0,4.0,4.0,DERMASON
0.0,0.0,1.0,0.0,1.0,1.0,0.0,0.0,4.0,4.0,5.0,4.0,6.0,5.0,4.0,4.0,DERMASON
0.0,0.0,1.0,0.0,1.0,1.0,0.0,0.0,2.0,4.0,5.0,4.0,6.0,5.0,4.0,4.0,DERMASON
0.0,0.0,1.0,0.0,2.0,2.0,0.0,0.0,5.0,4.0,5.0,3.0,6.0,5.0,3.0,4.0,DERMASON
0.0,0.0,1.0,0.0,1.0,1.0,0.0,0.0,5.0,4.0,5.0,4.0,6.0,5.0,4.0,4.0,DERMASON
0.0,1.0,1.0,0.0,3.0,3.0,0.0,0.0,2.0,4.0,4.0,2.0,6.0,4.0,2.0,4.0,DERMASON
0.0,0.0,1.0,0.0,2.0,2.0,0.0,0.0,1.0,4.0,4.0,3.0,6.0,5.0,3.0,4.0,DERMASON
0.0,0.0,1.0,0.0,2.0,2.0,0.0,0.0,2.0,4.0,5.0,3.0,6.0,5.0,3.0,4.0,DERMASON
0.0,0.0,1.0,0.0,2.0,2.0,0.0,0.0,2.0,4.0,4.0,3.0,6.0,5.0,3.0,4.0,DERMASON
0.0,0.0,1.0,0.0,1.0,1.0,0.0,0.0,2.0,4.0,5.0,4.0,6.0,5.0,4.0,5.0,DERMASON
0.0,1.0,1.0,0.0,1.0,1.0,0.0,0.0,4.0,2.0,2.0,3.0,6.0,5.0,3.0,3.0,DERMASON
0.0,0.0,1.0,0.0,2.0,2.0,0.0,0.0,2.0,4.0,5.0,3.0,6.0,5.0,3.0,3.0,DERMASON
0.0,0.0,1.0,0.0,1.0,1.0,0.0,0.0,4.0,4.0,5.0,4.0,6.0,5.0,4.0,4.0,DERMASON
0.0,0.0,1.0,0.0,1.0,1.0,0.0,0.0,2.0,4.0,5.0,4.0,6.0,5.0,4.0,4.0,DERMASON
0.0,0.0,1.0,0.0,1.0,1.0,0.0,0.0,4.0,4.0,5.0,4.0,6.0,5.0,4.0,4.0,DERMASON
0.0,0.0,1.0,0.0,1.0,1.0,0.0,0.0,4.0,5.0,5.0,4.0,6.0,5.0,4.0,4.0,DERMASON
0.0,0.0,1.0,0.0,2.0,2.0,0.0,0.0,5.0,4.0,4.0,3.0,6.0,5.0,3.0,5.0,DERMASON
0.0,0.0,1.0,0.0,1.0,1.0,0.0,0.0,4.0,4.0,5.0,4.0,6.0,5.0,4.0,4.0,DERMASON
0.0,0.0,1.0,0.0,1.0,1.0,0.0,0.0,4.0,4.0,5.0,4.0,6.0,5.0,4.0,4.0,DERMASON
0.0,0.0,0.0,0.0,1.0,1.0,0.0,0.0,4.0,4.0,6.0,4.0,6.0,6.0,4.0,4.0,DERMASON
0.0,0.0,1.0,0.0,1.0,1.0,0.0,0.0,5.0,4.0,5.0,4.0,6.0,5.0,4.0,4.0,DERMASON
0.0,0.0,1.0,0.0,1.0,1.0,0.0,0.0,2.0,4.0,5.0,4.0,6.0,5.0,4.0,4.0,DERMASON
0.0,0.0,1.0,0.0,1.0,1.0,0.0,0.0,2.0,4.0,5.0,4.0,6.0,5.0,4.0,5.0,DERMASON
0.0,0.0,1.0,0.0,2.0,2.0,0.0,0.0,2.0,4.0,5.0,3.0,6.0,5.0,3.0,4.0,DERMASON
0.0,0.0,1.0,0.0,1.0,1.0,0.0,0.0,4.0,4.0,5.0,4.0,6.0,5.0,4.0,4.0,DERMASON
0.0,0.0,1.0,0.0,1.0,1.0,0.0,0.0,3.0,4.0,5.0,4.0,6.0,5.0,4.0,4.0,DERMASON
0.0,0.0,1.0,0.0,1.0,1.0,0.0,0.0,2.0,4.0,4.0,4.0,6.0,5.0,4.0,1.0,DERMASON
0.0,0.0,1.0,0.0,1.0,1.0,0.0,0.0,4.0,4.0,5.0,4.0,6.0,5.0,4.0,5.0,DERMASON
0.0,0.0,1.0,0.0,1.0,1.0,0.0,0.0,4.0,4.0,5.0,4.0,6.0,5.0,4.0,4.0,DERMASON
0.0,0.0,1.0,0.0,2.0,2.0,0.0,0.0,2.0,4.0,5.0,3.0,6.0,5.0,3.0,4.0,DERMASON
0.0,0.0,1.0,0.0,2.0,2.0,0.0,0.0,4.0,4.0,5.0,3.0,6.0,5.0,3.0,4.0,DERMASON
0.0,0.0,1.0,0.0,1.0,1.0,0.0,0.0,4.0,4.0,5.0,4.0,6.0,5.0,4.0,5.0,DERMASON
0.0,1.0,1.0,0.0,2.0,2.0,0.0,0.0,0.0,2.0,4.0,3.0,6.0,5.0,3.0,1.0,DERMASON
0.0,0.0,1.0,0.0,1.0,1.0,0.0,0.0,5.0,4.0,5.0,4.0,6.0,5.0,4.0,4.0,DERMASON
0.0,0.0,1.0,0.0,2.0,2.0,0.0,0.0,5.0,5.0,5.0,3.0,6.0,5.0,3.0,3.0,DERMASON
0.0,0.0,1.0,0.0,1.0,1.0,0.0,0.0,5.0,4.0,5.0,4.0,6.0,5.0,4.0,4.0,DERMASON
0.0,0.0,1.0,0.0,1.0,1.0,0.0,0.0,5.0,4.0,5.0,4.0,6.0,5.0,4.0,4.0,DERMASON
0.0,0.0,1.0,0.0,1.0,1.0,0.0,0.0,4.0,4.0,5.0,4.0,6.0,6.0,4.0,4.0,DERMASON
0.0,1.0,1.0,0.0,2.0,2.0,0.0,0.0,2.0,2.0,4.0,3.0,6.0,5.0,3.0,3.0,DERMASON
0.0,0.0,1.0,0.0,1.0,1.0,0.0,0.0,5.0,4.0,5.0,4.0,6.0,5.0,4.0,5.0,DERMASON
0.0,0.0,1.0,0.0,1.0,1.0,0.0,0.0,5.0,4.0,5.0,4.0,6.0,5.0,4.0,3.0,DERMASON
0.0,0.0,1.0,0.0,1.0,1.0,0.0,0.0,2.0,4.0,4.0,4.0,6.0,5.0,4.0,3.0,DERMASON
0.0,0.0,1.0,0.0,1.0,1.0,0.0,0.0,5.0,4.0,5.0,4.0,6.0,5.0,4.0,3.0,DERMASON
0.0,0.0,1.0,0.0,2.0,2.0,0.0,0.0,4.0,4.0,5.0,3.0,6.0,5.0,3.0,4.0,DERMASON
0.0,0.0,1.0,0.0,1.0,1.0,0.0,0.0,4.0,4.0,5.0,4.0,6.0,6.0,4.0,4.0,DERMASON
0.0,0.0,1.0,0.0,4.0,4.0,0.0,0.0,2.0,4.0,4.0,2.0,6.0,4.0,2.0,3.0,DERMASON
0.0,0.0,1.0,0.0,4.0,4.0,0.0,0.0,4.0,4.0,4.0,1.0,6.0,4.0,1.0,4.0,DERMASON
0.0,0.0,1.0,0.0,1.0,1.0,0.0,0.0,4.0,4.0,5.0,4.0,6.0,5.0,4.0,4.0,DERMASON
0.0,0.0,1.0,0.0,1.0,1.0,0.0,0.0,2.0,4.0,4.0,4.0,6.0,5.0,4.0,4.0,DERMASON
0.0,0.0,1.0,0.0,1.0,1.0,0.0,0.0,2.0,4.0,5.0,4.0,6.0,5.0,4.0,5.0,DERMASON
0.0,0.0,1.0,0.0,1.0,1.0,0.0,0.0,4.0,4.0,5.0,4.0,6.0,5.0,4.0,3.0,DERMASON
0.0,0.0,1.0,0.0,1.0,1.0,0.0,0.0,4.0,4.0,5.0,4.0,6.0,5.0,4.0,4.0,DERMASON
0.0,0.0,1.0,0.0,1.0,1.0,0.0,0.0,2.0,4.0,5.0,4.0,6.0,5.0,4.0,6.0,DERMASON
0.0,0.0,1.0,0.0,1.0,1.0,0.0,0.0,4.0,4.0,5.0,4.0,6.0,5.0,4.0,4.0,DERMASON
0.0,0.0,1.0,0.0,2.0,2.0,0.0,0.0,2.0,4.0,5.0,3.0,6.0,5.0,3.0,4.0,DERMASON
0.0,0.0,1.0,0.0,1.0,1.0,0.0,0.0,5.0,4.0,5.0,4.0,6.0,5.0,4.0,3.0,DERMASON
0.0,0.0,1.0,0.0,1.0,1.0,0.0,0.0,2.0,4.0,5.0,4.0,6.0,5.0,4.0,3.0,DERMASON
0.0,0.0,1.0,0.0,1.0,1.0,0.0,0.0,5.0,5.0,6.0,4.0,6.0,6.0,4.0,4.0,DERMASON
0.0,0.0,1.0,0.0,2.0,2.0,0.0,0.0,1.0,4.0,5.0,3.0,6.0,5.0,3.0,3.0,DERMASON
0.0,0.0,1.0,0.0,2.0,2.0,0.0,0.0,4.0,4.0,5.0,3.0,6.0,5.0,3.0,3.0,DERMASON
0.0,0.0,1.0,0.0,1.0,1.0,0.0,0.0,1.0,3.0,5.0,4.0,6.0,5.0,4.0,3.0,DERMASON
0.0,0.0,1.0,0.0,1.0,1.0,0.0,0.0,5.0,4.0,5.0,4.0,6.0,5.0,4.0,3.0,DERMASON
0.0,0.0,1.0,0.0,2.0,2.0,0.0,0.0,2.0,2.0,4.0,3.0,6.0,5.0,3.0,5.0,DERMASON
0.0,0.0,1.0,0.0,1.0,1.0,0.0,0.0,5.0,4.0,5.0,4.0,6.0,5.0,4.0,4.0,DERMASON
0.0,0.0,1.0,0.0,1.0,1.0,0.0,0.0,2.0,4.0,5.0,4.0,6.0,5.0,4.0,4.0,DERMASON
0.0,0.0,1.0,0.0,1.0,1.0,0.0,0.0,4.0,3.0,5.0,4.0,6.0,5.0,4.0,5.0,DERMASON
0.0,0.0,1.0,0.0,1.0,1.0,0.0,0.0,4.0,4.0,5.0,4.0,6.0,5.0,4.0,3.0,DERMASON
0.0,0.0,1.0,0.0,1.0,1.0,0.0,0.0,3.0,4.0,5.0,4.0,6.0,5.0,4.0,5.0,DERMASON
0.0,0.0,1.0,0.0,1.0,1.0,0.0,0.0,4.0,4.0,5.0,4.0,6.0,5.0,4.0,4.0,DERMASON
0.0,0.0,1.0,0.0,1.0,1.0,0.0,0.0,2.0,3.0,4.0,4.0,6.0,5.0,4.0,3.0,DERMASON
0.0,0.0,1.0,0.0,1.0,1.0,0.0,0.0,2.0,4.0,5.0,4.0,6.0,5.0,4.0,4.0,DERMASON
0.0,0.0,1.0,0.0,1.0,1.0,0.0,0.0,4.0,4.0,5.0,4.0,6.0,5.0,4.0,4.0,DERMASON
0.0,0.0,1.0,0.0,1.0,1.0,0.0,0.0,5.0,4.0,5.0,4.0,6.0,5.0,4.0,3.0,DERMASON
0.0,0.0,1.0,0.0,2.0,2.0,0.0,0.0,5.0,4.0,5.0,3.0,6.0,5.0,3.0,4.0,DERMASON
0.0,0.0,1.0,0.0,1.0,1.0,0.0,0.0,2.0,4.0,5.0,4.0,6.0,5.0,4.0,5.0,DERMASON
0.0,0.0,1.0,0.0,1.0,1.0,0.0,0.0,4.0,4.0,5.0,4.0,6.0,5.0,4.0,4.0,DERMASON
0.0,0.0,1.0,0.0,1.0,1.0,0.0,0.0,3.0,3.0,4.0,4.0,6.0,5.0,4.0,4.0,DERMASON
0.0,0.0,1.0,0.0,2.0,2.0,0.0,0.0,5.0,4.0,4.0,3.0,6.0,5.0,3.0,3.0,DERMASON
0.0,0.0,1.0,0.0,1.0,1.0,0.0,0.0,2.0,4.0,5.0,4.0,6.0,5.0,4.0,4.0,DERMASON
0.0,1.0,1.0,0.0,2.0,2.0,0.0,0.0,1.0,3.0,3.0,3.0,6.0,5.0,3.0,4.0,DERMASON
0.0,1.0,1.0,0.0,1.0,1.0,0.0,0.0,4.0,3.0,4.0,4.0,6.0,5.0,4.0,4.0,DERMASON
0.0,1.0,1.0,0.0,2.0,2.0,0.0,0.0,4.0,4.0,4.0,3.0,6.0,5.0,3.0,5.0,DERMASON
0.0,0.0,1.0,0.0,1.0,1.0,0.0,0.0,4.0,4.0,5.0,4.0,6.0,5.0,4.0,5.0,DERMASON
0.0,1.0,1.0,0.0,2.0,2.0,0.0,0.0,4.0,2.0,4.0,3.0,6.0,5.0,3.0,3.0,DERMASON
0.0,0.0,1.0,0.0,1.0,1.0,0.0,0.0,4.0,4.0,5.0,4.0,6.0,5.0,4.0,4.0,DERMASON
0.0,0.0,1.0,0.0,1.0,1.0,0.0,0.0,2.0,2.0,5.0,4.0,6.0,5.0,4.0,4.0,DERMASON
0.0,0.0,1.0,0.0,1.0,1.0,0.0,0.0,2.0,5.0,5.0,4.0,6.0,5.0,4.0,4.0,DERMASON
0.0,0.0,1.0,0.0,1.0,1.0,0.0,0.0,2.0,4.0,5.0,4.0,6.0,5.0,4.0,4.0,DERMASON
0.0,0.0,1.0,0.0,1.0,1.0,0.0,0.0,2.0,4.0,5.0,4.0,6.0,5.0,4.0,4.0,DERMASON
0.0,1.0,1.0,0.0,2.0,2.0,0.0,0.0,1.0,2.0,4.0,3.0,6.0,4.0,3.0,4.0,DERMASON
0.0,0.0,1.0,0.0,2.0,2.0,0.0,0.0,2.0,4.0,5.0,3.0,6.0,5.0,3.0,4.0,DERMASON
0.0,0.0,1.0,0.0,1.0,1.0,0.0,0.0,2.0,4.0,5.0,4.0,6.0,6.0,4.0,4.0,DERMASON
0.0,0.0,1.0,0.0,1.0,1.0,0.0,0.0,6.0,6.0,6.0,4.0,6.0,6.0,4.0,4.0,DERMASON
0.0,0.0,1.0,0.0,1.0,1.0,0.0,0.0,5.0,6.0,5.0,4.0,6.0,5.0,4.0,5.0,DERMASON
0.0,1.0,1.0,0.0,2.0,2.0,0.0,0.0,5.0,3.0,4.0,3.0,6.0,5.0,3.0,2.0,DERMASON
0.0,0.0,1.0,0.0,1.0,1.0,0.0,0.0,5.0,4.0,5.0,4.0,6.0,5.0,4.0,4.0,DERMASON
0.0,0.0,1.0,0.0,1.0,1.0,0.0,0.0,5.0,3.0,5.0,4.0,6.0,5.0,4.0,4.0,DERMASON
0.0,0.0,1.0,0.0,1.0,1.0,0.0,0.0,4.0,4.0,5.0,4.0,6.0,5.0,4.0,4.0,DERMASON
0.0,0.0,1.0,0.0,1.0,1.0,0.0,0.0,6.0,4.0,5.0,4.0,6.0,5.0,4.0,4.0,DERMASON
0.0,1.0,1.0,0.0,2.0,2.0,0.0,0.0,5.0,3.0,4.0,3.0,6.0,5.0,3.0,4.0,DERMASON
0.0,0.0,1.0,0.0,1.0,1.0,0.0,0.0,2.0,4.0,5.0,4.0,6.0,5.0,4.0,4.0,DERMASON
0.0,0.0,0.0,0.0,0.0,0.0,0.0,0.0,2.0,4.0,5.0,5.0,6.0,6.0,5.0,4.0,DERMASON
0.0,0.0,1.0,0.0,1.0,1.0,0.0,0.0,5.0,4.0,5.0,4.0,6.0,5.0,4.0,4.0,DERMASON
0.0,0.0,1.0,0.0,1.0,1.0,0.0,0.0,2.0,4.0,5.0,4.0,6.0,5.0,4.0,4.0,DERMASON
0.0,1.0,1.0,0.0,1.0,1.0,0.0,0.0,5.0,3.0,4.0,4.0,6.0,5.0,4.0,4.0,DERMASON
0.0,0.0,1.0,0.0,3.0,3.0,0.0,0.0,1.0,4.0,4.0,2.0,6.0,4.0,2.0,4.0,DERMASON
0.0,0.0,1.0,0.0,1.0,1.0,0.0,0.0,5.0,4.0,5.0,4.0,6.0,5.0,4.0,1.0,DERMASON
0.0,0.0,1.0,0.0,2.0,2.0,0.0,0.0,5.0,4.0,5.0,3.0,6.0,5.0,3.0,4.0,DERMASON
0.0,0.0,1.0,0.0,2.0,2.0,0.0,0.0,2.0,4.0,5.0,3.0,6.0,5.0,3.0,4.0,DERMASON
0.0,0.0,1.0,0.0,1.0,1.0,0.0,0.0,5.0,2.0,5.0,4.0,6.0,5.0,4.0,1.0,DERMASON
0.0,0.0,1.0,0.0,2.0,2.0,0.0,0.0,4.0,4.0,4.0,3.0,6.0,5.0,3.0,3.0,DERMASON
0.0,0.0,1.0,0.0,1.0,1.0,0.0,0.0,5.0,4.0,5.0,4.0,6.0,5.0,4.0,4.0,DERMASON
0.0,1.0,1.0,0.0,2.0,2.0,0.0,0.0,4.0,3.0,4.0,3.0,6.0,5.0,3.0,3.0,DERMASON
0.0,0.0,1.0,0.0,2.0,2.0,0.0,0.0,4.0,4.0,5.0,3.0,6.0,5.0,3.0,4.0,DERMASON
0.0,1.0,1.0,0.0,2.0,2.0,0.0,0.0,1.0,1.0,0.0,3.0,6.0,5.0,3.0,3.0,DERMASON
0.0,0.0,1.0,0.0,2.0,2.0,0.0,0.0,2.0,4.0,5.0,3.0,6.0,5.0,3.0,3.0,DERMASON
0.0,0.0,1.0,0.0,1.0,1.0,0.0,0.0,4.0,4.0,6.0,4.0,6.0,5.0,4.0,5.0,DERMASON
0.0,0.0,1.0,0.0,1.0,1.0,0.0,0.0,2.0,4.0,5.0,4.0,6.0,5.0,4.0,5.0,DERMASON
0.0,0.0,1.0,0.0,1.0,1.0,0.0,0.0,4.0,4.0,5.0,4.0,6.0,5.0,4.0,4.0,DERMASON
0.0,0.0,1.0,0.0,2.0,2.0,0.0,0.0,4.0,4.0,4.0,3.0,6.0,5.0,3.0,4.0,DERMASON
0.0,0.0,1.0,0.0,1.0,1.0,0.0,0.0,4.0,3.0,5.0,4.0,6.0,5.0,4.0,4.0,DERMASON
0.0,0.0,1.0,0.0,1.0,1.0,0.0,0.0,2.0,4.0,5.0,4.0,6.0,5.0,4.0,4.0,DERMASON
0.0,0.0,1.0,0.0,1.0,1.0,0.0,0.0,5.0,5.0,5.0,4.0,6.0,5.0,4.0,4.0,DERMASON
0.0,0.0,1.0,0.0,1.0,1.0,0.0,0.0,5.0,4.0,4.0,4.0,6.0,5.0,4.0,4.0,DERMASON
0.0,0.0,1.0,0.0,1.0,1.0,0.0,0.0,4.0,4.0,5.0,4.0,6.0,5.0,4.0,3.0,DERMASON
0.0,0.0,1.0,0.0,1.0,1.0,0.0,0.0,4.0,4.0,5.0,4.0,6.0,5.0,4.0,4.0,DERMASON
0.0,0.0,1.0,0.0,2.0,2.0,0.0,0.0,5.0,6.0,5.0,3.0,6.0,5.0,3.0,4.0,DERMASON
0.0,1.0,1.0,0.0,2.0,2.0,0.0,0.0,1.0,4.0,4.0,3.0,6.0,5.0,3.0,4.0,DERMASON
0.0,0.0,1.0,0.0,2.0,2.0,0.0,0.0,4.0,4.0,5.0,3.0,6.0,5.0,3.0,4.0,DERMASON
0.0,0.0,1.0,0.0,1.0,1.0,0.0,0.0,4.0,4.0,5.0,4.0,6.0,5.0,4.0,4.0,DERMASON
0.0,1.0,1.0,0.0,2.0,2.0,0.0,0.0,2.0,3.0,4.0,3.0,6.0,5.0,3.0,4.0,DERMASON
0.0,1.0,1.0,0.0,1.0,1.0,0.0,0.0,4.0,2.0,4.0,4.0,6.0,5.0,4.0,4.0,DERMASON
0.0,0.0,1.0,0.0,2.0,2.0,0.0,0.0,3.0,4.0,5.0,3.0,6.0,5.0,3.0,5.0,DERMASON
0.0,0.0,1.0,0.0,1.0,1.0,0.0,0.0,4.0,4.0,5.0,4.0,6.0,5.0,4.0,3.0,DERMASON
0.0,0.0,1.0,0.0,1.0,1.0,0.0,0.0,4.0,4.0,5.0,4.0,6.0,5.0,4.0,4.0,DERMASON
0.0,0.0,1.0,0.0,2.0,2.0,0.0,0.0,4.0,5.0,5.0,3.0,6.0,5.0,3.0,5.0,DERMASON
0.0,1.0,1.0,0.0,1.0,1.0,0.0,0.0,4.0,2.0,3.0,4.0,6.0,5.0,4.0,3.0,DERMASON
0.0,0.0,1.0,0.0,1.0,1.0,0.0,0.0,4.0,4.0,5.0,4.0,6.0,5.0,4.0,4.0,DERMASON
0.0,0.0,1.0,0.0,1.0,1.0,0.0,0.0,5.0,6.0,5.0,4.0,6.0,5.0,4.0,4.0,DERMASON
0.0,0.0,1.0,0.0,1.0,1.0,0.0,0.0,4.0,4.0,5.0,4.0,6.0,5.0,4.0,4.0,DERMASON
0.0,0.0,1.0,0.0,1.0,1.0,0.0,0.0,2.0,4.0,5.0,4.0,6.0,5.0,4.0,4.0,DERMASON
0.0,0.0,1.0,0.0,1.0,1.0,0.0,0.0,2.0,4.0,5.0,4.0,6.0,5.0,4.0,4.0,DERMASON
0.0,0.0,1.0,0.0,1.0,1.0,0.0,0.0,5.0,4.0,5.0,4.0,6.0,5.0,4.0,4.0,DERMASON
0.0,0.0,1.0,0.0,2.0,2.0,0.0,0.0,2.0,5.0,5.0,3.0,6.0,5.0,3.0,5.0,DERMASON
0.0,0.0,1.0,0.0,2.0,2.0,0.0,0.0,4.0,4.0,5.0,3.0,6.0,5.0,3.0,3.0,DERMASON
0.0,0.0,1.0,0.0,1.0,1.0,0.0,0.0,4.0,6.0,5.0,4.0,6.0,5.0,4.0,4.0,DERMASON
0.0,0.0,1.0,0.0,1.0,1.0,0.0,0.0,2.0,4.0,5.0,4.0,6.0,5.0,4.0,3.0,DERMASON
0.0,0.0,1.0,0.0,1.0,1.0,0.0,0.0,4.0,4.0,5.0,4.0,6.0,6.0,4.0,4.0,DERMASON
0.0,0.0,1.0,0.0,2.0,2.0,0.0,0.0,3.0,4.0,5.0,3.0,6.0,5.0,3.0,3.0,DERMASON
0.0,0.0,1.0,0.0,1.0,1.0,0.0,0.0,4.0,4.0,5.0,4.0,6.0,5.0,4.0,4.0,DERMASON
0.0,0.0,1.0,0.0,1.0,1.0,0.0,0.0,4.0,4.0,5.0,4.0,6.0,5.0,4.0,6.0,DERMASON
0.0,0.0,0.0,0.0,0.0,0.0,0.0,0.0,5.0,4.0,6.0,5.0,6.0,6.0,5.0,5.0,DERMASON
0.0,0.0,1.0,0.0,1.0,1.0,0.0,0.0,5.0,4.0,5.0,4.0,6.0,5.0,4.0,4.0,DERMASON
0.0,0.0,1.0,0.0,2.0,2.0,0.0,0.0,2.0,4.0,4.0,3.0,6.0,5.0,3.0,3.0,DERMASON
0.0,0.0,1.0,0.0,1.0,1.0,0.0,0.0,2.0,4.0,5.0,4.0,6.0,5.0,4.0,4.0,DERMASON
0.0,0.0,1.0,0.0,1.0,1.0,0.0,0.0,2.0,6.0,5.0,4.0,6.0,5.0,4.0,5.0,DERMASON
0.0,0.0,1.0,0.0,1.0,1.0,0.0,0.0,2.0,4.0,5.0,4.0,6.0,5.0,4.0,4.0,DERMASON
0.0,0.0,1.0,0.0,1.0,1.0,0.0,0.0,4.0,4.0,5.0,4.0,6.0,5.0,4.0,3.0,DERMASON
0.0,0.0,1.0,0.0,1.0,1.0,0.0,0.0,2.0,4.0,5.0,4.0,6.0,5.0,4.0,4.0,DERMASON
0.0,0.0,1.0,0.0,2.0,2.0,0.0,0.0,5.0,4.0,5.0,3.0,6.0,5.0,3.0,4.0,DERMASON
0.0,0.0,1.0,0.0,1.0,1.0,0.0,0.0,2.0,4.0,5.0,4.0,6.0,5.0,4.0,4.0,DERMASON
0.0,1.0,1.0,0.0,1.0,1.0,0.0,0.0,1.0,4.0,4.0,4.0,6.0,5.0,4.0,3.0,DERMASON
0.0,0.0,1.0,0.0,1.0,1.0,0.0,0.0,2.0,4.0,5.0,4.0,6.0,5.0,4.0,3.0,DERMASON
0.0,0.0,1.0,0.0,1.0,1.0,0.0,0.0,2.0,4.0,5.0,4.0,6.0,5.0,4.0,4.0,DERMASON
0.0,0.0,1.0,0.0,1.0,1.0,0.0,0.0,2.0,4.0,5.0,4.0,6.0,5.0,4.0,3.0,DERMASON
0.0,0.0,1.0,0.0,1.0,1.0,0.0,0.0,2.0,4.0,5.0,4.0,6.0,5.0,4.0,4.0,DERMASON
0.0,1.0,1.0,0.0,4.0,4.0,0.0,0.0,4.0,4.0,4.0,2.0,6.0,4.0,2.0,4.0,DERMASON
0.0,0.0,1.0,0.0,1.0,1.0,0.0,0.0,2.0,3.0,5.0,4.0,6.0,5.0,4.0,2.0,DERMASON
0.0,0.0,1.0,0.0,1.0,1.0,0.0,0.0,5.0,5.0,6.0,4.0,6.0,5.0,4.0,4.0,DERMASON
0.0,0.0,1.0,0.0,1.0,1.0,0.0,0.0,2.0,5.0,5.0,4.0,6.0,5.0,4.0,4.0,DERMASON
0.0,0.0,1.0,0.0,1.0,1.0,0.0,0.0,5.0,4.0,5.0,4.0,6.0,5.0,4.0,4.0,DERMASON
0.0,0.0,1.0,0.0,1.0,1.0,0.0,0.0,4.0,3.0,5.0,4.0,6.0,5.0,4.0,4.0,DERMASON
0.0,1.0,1.0,0.0,2.0,2.0,0.0,0.0,2.0,4.0,4.0,3.0,6.0,5.0,3.0,4.0,DERMASON
0.0,0.0,1.0,0.0,1.0,1.0,0.0,0.0,2.0,4.0,5.0,4.0,6.0,5.0,4.0,4.0,DERMASON
0.0,1.0,1.0,0.0,1.0,1.0,0.0,0.0,4.0,3.0,4.0,4.0,6.0,5.0,4.0,4.0,DERMASON
0.0,0.0,1.0,0.0,1.0,1.0,0.0,0.0,2.0,3.0,5.0,4.0,6.0,5.0,4.0,4.0,DERMASON
0.0,0.0,1.0,0.0,1.0,1.0,0.0,0.0,4.0,4.0,5.0,4.0,6.0,6.0,4.0,4.0,DERMASON
0.0,0.0,1.0,0.0,1.0,1.0,0.0,0.0,4.0,4.0,5.0,4.0,6.0,5.0,4.0,4.0,DERMASON
0.0,1.0,1.0,0.0,1.0,1.0,0.0,0.0,5.0,2.0,4.0,4.0,6.0,5.0,4.0,1.0,DERMASON
0.0,1.0,1.0,0.0,1.0,1.0,0.0,0.0,2.0,4.0,4.0,4.0,6.0,5.0,4.0,4.0,DERMASON
0.0,0.0,1.0,0.0,1.0,1.0,0.0,0.0,4.0,4.0,5.0,4.0,6.0,5.0,4.0,4.0,DERMASON
0.0,0.0,1.0,0.0,1.0,1.0,0.0,0.0,2.0,3.0,5.0,4.0,6.0,6.0,4.0,4.0,DERMASON
0.0,0.0,1.0,0.0,1.0,1.0,0.0,0.0,4.0,4.0,6.0,4.0,6.0,5.0,4.0,4.0,DERMASON
0.0,0.0,1.0,0.0,1.0,1.0,0.0,0.0,2.0,4.0,5.0,4.0,6.0,5.0,4.0,4.0,DERMASON
0.0,1.0,1.0,0.0,1.0,1.0,0.0,0.0,3.0,2.0,4.0,4.0,6.0,5.0,4.0,6.0,DERMASON
0.0,0.0,1.0,0.0,1.0,1.0,0.0,0.0,2.0,4.0,5.0,4.0,6.0,5.0,4.0,4.0,DERMASON
0.0,0.0,1.0,0.0,1.0,1.0,0.0,0.0,4.0,4.0,5.0,4.0,6.0,5.0,4.0,4.0,DERMASON
0.0,0.0,1.0,0.0,1.0,1.0,0.0,0.0,2.0,4.0,5.0,4.0,6.0,5.0,4.0,4.0,DERMASON
0.0,0.0,1.0,0.0,2.0,2.0,0.0,0.0,2.0,4.0,5.0,3.0,6.0,5.0,3.0,5.0,DERMASON
0.0,0.0,1.0,0.0,2.0,2.0,0.0,0.0,5.0,4.0,5.0,3.0,6.0,5.0,3.0,4.0,DERMASON
0.0,0.0,1.0,0.0,1.0,1.0,0.0,0.0,2.0,4.0,5.0,4.0,6.0,5.0,4.0,4.0,DERMASON
0.0,0.0,1.0,0.0,1.0,1.0,0.0,0.0,4.0,5.0,5.0,4.0,6.0,5.0,4.0,5.0,DERMASON
0.0,0.0,1.0,0.0,2.0,2.0,0.0,0.0,2.0,4.0,5.0,3.0,6.0,5.0,3.0,5.0,DERMASON
0.0,0.0,1.0,0.0,1.0,1.0,0.0,0.0,4.0,4.0,5.0,4.0,6.0,5.0,4.0,4.0,DERMASON
0.0,1.0,1.0,0.0,2.0,2.0,0.0,0.0,2.0,4.0,4.0,3.0,6.0,5.0,3.0,5.0,DERMASON
0.0,0.0,1.0,0.0,2.0,2.0,0.0,0.0,4.0,4.0,5.0,3.0,6.0,5.0,3.0,4.0,DERMASON
0.0,0.0,1.0,0.0,1.0,1.0,0.0,0.0,5.0,4.0,5.0,4.0,6.0,5.0,4.0,3.0,DERMASON
0.0,0.0,1.0,0.0,2.0,2.0,0.0,0.0,2.0,4.0,5.0,3.0,6.0,5.0,3.0,4.0,DERMASON
0.0,0.0,1.0,0.0,1.0,1.0,0.0,0.0,2.0,4.0,5.0,4.0,6.0,5.0,4.0,3.0,DERMASON
0.0,0.0,1.0,0.0,1.0,1.0,0.0,0.0,4.0,4.0,5.0,4.0,6.0,5.0,4.0,4.0,DERMASON
0.0,0.0,1.0,0.0,2.0,2.0,0.0,0.0,5.0,4.0,5.0,3.0,6.0,5.0,3.0,4.0,DERMASON
0.0,0.0,1.0,0.0,1.0,1.0,0.0,0.0,4.0,4.0,5.0,4.0,6.0,5.0,4.0,5.0,DERMASON
0.0,1.0,1.0,0.0,1.0,1.0,0.0,0.0,4.0,4.0,4.0,4.0,6.0,5.0,4.0,4.0,DERMASON
0.0,0.0,1.0,0.0,1.0,1.0,0.0,0.0,3.0,3.0,5.0,4.0,6.0,5.0,4.0,4.0,DERMASON
0.0,0.0,1.0,0.0,2.0,2.0,0.0,0.0,4.0,4.0,5.0,3.0,6.0,5.0,3.0,4.0,DERMASON
0.0,0.0,1.0,0.0,1.0,1.0,0.0,0.0,4.0,4.0,5.0,4.0,6.0,5.0,4.0,4.0,DERMASON
0.0,0.0,1.0,0.0,1.0,1.0,0.0,0.0,2.0,4.0,5.0,4.0,6.0,5.0,4.0,4.0,DERMASON
0.0,0.0,1.0,0.0,1.0,1.0,0.0,0.0,4.0,4.0,5.0,4.0,6.0,5.0,4.0,4.0,DERMASON
0.0,0.0,1.0,0.0,1.0,1.0,0.0,0.0,5.0,4.0,5.0,4.0,6.0,5.0,4.0,4.0,DERMASON
0.0,0.0,1.0,0.0,1.0,1.0,0.0,0.0,2.0,4.0,5.0,4.0,6.0,5.0,4.0,4.0,DERMASON
0.0,0.0,1.0,0.0,1.0,1.0,0.0,0.0,2.0,4.0,5.0,4.0,6.0,5.0,4.0,4.0,DERMASON
0.0,1.0,1.0,0.0,2.0,2.0,0.0,0.0,5.0,3.0,4.0,3.0,6.0,5.0,3.0,3.0,DERMASON
0.0,0.0,1.0,0.0,1.0,1.0,0.0,0.0,4.0,4.0,5.0,4.0,6.0,5.0,4.0,6.0,DERMASON
0.0,0.0,1.0,0.0,1.0,1.0,0.0,0.0,4.0,4.0,5.0,4.0,6.0,5.0,4.0,5.0,DERMASON
0.0,0.0,1.0,0.0,1.0,1.0,0.0,0.0,2.0,4.0,5.0,4.0,6.0,5.0,4.0,4.0,DERMASON
0.0,0.0,1.0,0.0,1.0,1.0,0.0,0.0,2.0,4.0,5.0,4.0,6.0,5.0,4.0,4.0,DERMASON
0.0,1.0,1.0,0.0,3.0,3.0,0.0,0.0,2.0,3.0,4.0,2.0,6.0,4.0,2.0,4.0,DERMASON
0.0,1.0,1.0,0.0,2.0,2.0,0.0,0.0,2.0,3.0,4.0,3.0,6.0,5.0,3.0,3.0,DERMASON
0.0,0.0,0.0,0.0,0.0,0.0,0.0,0.0,2.0,4.0,5.0,5.0,6.0,6.0,5.0,4.0,DERMASON
0.0,1.0,1.0,0.0,2.0,2.0,0.0,0.0,2.0,2.0,1.0,3.0,6.0,5.0,3.0,4.0,DERMASON
0.0,0.0,1.0,0.0,1.0,1.0,0.0,0.0,2.0,4.0,5.0,4.0,6.0,5.0,4.0,4.0,DERMASON
0.0,0.0,1.0,0.0,1.0,1.0,0.0,0.0,5.0,4.0,5.0,4.0,6.0,5.0,4.0,4.0,DERMASON
0.0,0.0,1.0,0.0,2.0,2.0,0.0,0.0,2.0,4.0,5.0,3.0,6.0,5.0,3.0,4.0,DERMASON
0.0,0.0,1.0,0.0,1.0,1.0,0.0,0.0,4.0,4.0,5.0,4.0,6.0,5.0,4.0,3.0,DERMASON
0.0,0.0,1.0,0.0,1.0,1.0,0.0,0.0,5.0,4.0,5.0,4.0,6.0,5.0,4.0,3.0,DERMASON
0.0,0.0,1.0,0.0,1.0,1.0,0.0,0.0,2.0,3.0,5.0,4.0,6.0,5.0,4.0,4.0,DERMASON
0.0,0.0,1.0,0.0,2.0,2.0,0.0,0.0,4.0,4.0,5.0,3.0,6.0,5.0,3.0,4.0,DERMASON
0.0,0.0,1.0,0.0,1.0,1.0,0.0,0.0,4.0,6.0,6.0,4.0,6.0,5.0,4.0,3.0,DERMASON
0.0,0.0,1.0,0.0,1.0,1.0,0.0,0.0,5.0,4.0,5.0,4.0,6.0,5.0,4.0,4.0,DERMASON
0.0,0.0,1.0,0.0,1.0,1.0,0.0,0.0,4.0,4.0,5.0,4.0,6.0,5.0,4.0,4.0,DERMASON
0.0,0.0,1.0,0.0,1.0,1.0,0.0,0.0,2.0,4.0,5.0,4.0,6.0,5.0,4.0,4.0,DERMASON
0.0,1.0,1.0,0.0,2.0,2.0,0.0,0.0,2.0,4.0,4.0,3.0,6.0,5.0,3.0,1.0,DERMASON
0.0,0.0,1.0,0.0,2.0,2.0,0.0,0.0,4.0,5.0,5.0,3.0,6.0,5.0,3.0,4.0,DERMASON
0.0,0.0,1.0,0.0,2.0,2.0,0.0,0.0,2.0,5.0,5.0,3.0,6.0,5.0,3.0,4.0,DERMASON
0.0,1.0,1.0,0.0,1.0,1.0,0.0,0.0,5.0,2.0,5.0,4.0,6.0,5.0,4.0,4.0,DERMASON
0.0,1.0,1.0,0.0,4.0,4.0,0.0,0.0,2.0,4.0,4.0,1.0,6.0,3.0,1.0,4.0,DERMASON
0.0,1.0,1.0,0.0,4.0,4.0,0.0,0.0,1.0,4.0,3.0,1.0,6.0,3.0,1.0,4.0,DERMASON
0.0,0.0,1.0,0.0,1.0,1.0,0.0,0.0,2.0,4.0,5.0,4.0,6.0,5.0,4.0,4.0,DERMASON
0.0,0.0,1.0,0.0,1.0,1.0,0.0,0.0,2.0,4.0,5.0,4.0,6.0,5.0,4.0,4.0,DERMASON
0.0,0.0,1.0,0.0,1.0,1.0,0.0,0.0,2.0,4.0,5.0,4.0,6.0,5.0,4.0,6.0,DERMASON
0.0,1.0,1.0,0.0,2.0,2.0,0.0,0.0,4.0,4.0,4.0,3.0,6.0,5.0,3.0,3.0,DERMASON
0.0,0.0,1.0,0.0,1.0,1.0,0.0,0.0,4.0,4.0,5.0,4.0,6.0,5.0,4.0,4.0,DERMASON
0.0,0.0,1.0,0.0,1.0,1.0,0.0,0.0,5.0,4.0,5.0,4.0,6.0,5.0,4.0,4.0,DERMASON
0.0,1.0,1.0,0.0,1.0,1.0,0.0,0.0,3.0,2.0,4.0,4.0,6.0,5.0,4.0,4.0,DERMASON
0.0,0.0,1.0,0.0,2.0,2.0,0.0,0.0,5.0,4.0,5.0,3.0,6.0,5.0,3.0,4.0,DERMASON
0.0,0.0,1.0,0.0,1.0,1.0,0.0,0.0,4.0,4.0,5.0,4.0,6.0,5.0,4.0,4.0,DERMASON
0.0,0.0,1.0,0.0,1.0,1.0,0.0,0.0,2.0,6.0,5.0,4.0,6.0,5.0,4.0,5.0,DERMASON
0.0,0.0,1.0,0.0,1.0,1.0,0.0,0.0,5.0,5.0,5.0,4.0,6.0,5.0,4.0,3.0,DERMASON
0.0,0.0,1.0,0.0,1.0,1.0,0.0,0.0,2.0,4.0,5.0,4.0,6.0,5.0,4.0,2.0,DERMASON
0.0,1.0,1.0,0.0,4.0,4.0,0.0,0.0,1.0,4.0,4.0,1.0,6.0,3.0,1.0,3.0,DERMASON
0.0,0.0,1.0,0.0,2.0,2.0,0.0,0.0,4.0,4.0,5.0,3.0,6.0,5.0,3.0,4.0,DERMASON
0.0,0.0,1.0,0.0,1.0,1.0,0.0,0.0,5.0,4.0,5.0,4.0,6.0,5.0,4.0,4.0,DERMASON
0.0,1.0,1.0,0.0,2.0,2.0,0.0,0.0,4.0,4.0,5.0,3.0,6.0,4.0,3.0,4.0,DERMASON
0.0,0.0,1.0,0.0,1.0,1.0,0.0,0.0,2.0,4.0,6.0,4.0,6.0,5.0,4.0,4.0,DERMASON
0.0,0.0,1.0,0.0,1.0,1.0,0.0,0.0,5.0,3.0,5.0,4.0,6.0,5.0,4.0,1.0,DERMASON
0.0,1.0,1.0,0.0,2.0,2.0,0.0,0.0,2.0,6.0,5.0,3.0,6.0,5.0,3.0,4.0,DERMASON
0.0,0.0,1.0,0.0,1.0,1.0,0.0,0.0,4.0,4.0,5.0,4.0,6.0,5.0,4.0,4.0,DERMASON
0.0,0.0,1.0,0.0,2.0,2.0,0.0,0.0,5.0,4.0,5.0,3.0,6.0,5.0,3.0,4.0,DERMASON
0.0,0.0,1.0,0.0,1.0,1.0,0.0,0.0,4.0,4.0,5.0,4.0,6.0,6.0,4.0,4.0,DERMASON
0.0,1.0,1.0,0.0,2.0,2.0,0.0,0.0,2.0,2.0,3.0,3.0,6.0,5.0,3.0,3.0,DERMASON
0.0,1.0,1.0,0.0,1.0,1.0,0.0,0.0,5.0,4.0,5.0,4.0,6.0,5.0,4.0,6.0,DERMASON
0.0,0.0,1.0,0.0,2.0,2.0,0.0,0.0,4.0,4.0,5.0,3.0,6.0,5.0,3.0,4.0,DERMASON
0.0,1.0,1.0,0.0,2.0,2.0,0.0,0.0,5.0,4.0,4.0,3.0,6.0,5.0,3.0,2.0,DERMASON
0.0,1.0,1.0,0.0,4.0,4.0,0.0,0.0,3.0,2.0,4.0,1.0,6.0,3.0,1.0,1.0,DERMASON
0.0,0.0,1.0,0.0,1.0,1.0,0.0,0.0,2.0,4.0,5.0,4.0,6.0,5.0,4.0,4.0,DERMASON
0.0,2.0,1.0,0.0,3.0,3.0,0.0,0.0,1.0,1.0,0.0,2.0,6.0,4.0,2.0,1.0,DERMASON
0.0,0.0,1.0,0.0,1.0,1.0,0.0,0.0,5.0,4.0,5.0,4.0,6.0,5.0,4.0,4.0,DERMASON
0.0,1.0,1.0,0.0,2.0,2.0,0.0,0.0,2.0,4.0,4.0,3.0,6.0,5.0,3.0,4.0,DERMASON
0.0,0.0,1.0,0.0,2.0,2.0,0.0,0.0,5.0,4.0,5.0,3.0,6.0,5.0,3.0,4.0,DERMASON
0.0,0.0,1.0,0.0,1.0,1.0,0.0,0.0,4.0,4.0,5.0,4.0,6.0,5.0,4.0,4.0,DERMASON
0.0,4.0,1.0,0.0,1.0,1.0,0.0,0.0,2.0,0.0,0.0,4.0,6.0,5.0,4.0,0.0,DERMASON
0.0,0.0,1.0,0.0,1.0,1.0,0.0,0.0,4.0,4.0,5.0,4.0,6.0,5.0,4.0,6.0,DERMASON
0.0,1.0,1.0,0.0,1.0,1.0,0.0,0.0,2.0,4.0,5.0,4.0,6.0,5.0,4.0,4.0,DERMASON
0.0,1.0,1.0,0.0,2.0,2.0,0.0,0.0,2.0,4.0,4.0,3.0,6.0,5.0,3.0,5.0,DERMASON
0.0,1.0,1.0,0.0,2.0,2.0,0.0,0.0,2.0,4.0,4.0,3.0,6.0,5.0,3.0,4.0,DERMASON
0.0,0.0,1.0,0.0,1.0,1.0,0.0,0.0,2.0,4.0,6.0,4.0,6.0,5.0,4.0,6.0,DERMASON
0.0,1.0,1.0,0.0,1.0,1.0,0.0,0.0,4.0,4.0,4.0,4.0,6.0,5.0,4.0,5.0,DERMASON
0.0,0.0,1.0,0.0,1.0,1.0,0.0,0.0,4.0,4.0,5.0,4.0,6.0,5.0,4.0,5.0,DERMASON
0.0,1.0,1.0,0.0,1.0,1.0,0.0,0.0,2.0,3.0,4.0,4.0,6.0,5.0,4.0,4.0,DERMASON
0.0,1.0,1.0,0.0,2.0,2.0,0.0,0.0,4.0,2.0,3.0,3.0,6.0,5.0,3.0,3.0,DERMASON
0.0,0.0,1.0,0.0,1.0,1.0,0.0,0.0,2.0,4.0,5.0,4.0,6.0,5.0,4.0,4.0,DERMASON
0.0,1.0,1.0,0.0,2.0,2.0,0.0,0.0,1.0,4.0,4.0,3.0,6.0,5.0,3.0,3.0,DERMASON
0.0,0.0,1.0,0.0,1.0,1.0,0.0,0.0,5.0,4.0,5.0,4.0,6.0,5.0,4.0,4.0,DERMASON
0.0,1.0,1.0,0.0,4.0,4.0,0.0,0.0,2.0,4.0,4.0,2.0,6.0,4.0,2.0,4.0,DERMASON
0.0,1.0,1.0,0.0,1.0,1.0,0.0,0.0,4.0,4.0,5.0,4.0,6.0,5.0,4.0,4.0,DERMASON
0.0,0.0,1.0,0.0,1.0,1.0,0.0,0.0,2.0,4.0,5.0,4.0,6.0,5.0,4.0,4.0,DERMASON
0.0,0.0,1.0,0.0,1.0,1.0,0.0,0.0,2.0,4.0,5.0,4.0,6.0,5.0,4.0,4.0,DERMASON
0.0,0.0,1.0,0.0,2.0,2.0,0.0,0.0,2.0,4.0,5.0,3.0,6.0,5.0,3.0,4.0,DERMASON
0.0,1.0,1.0,0.0,1.0,1.0,0.0,0.0,2.0,4.0,4.0,4.0,6.0,5.0,4.0,3.0,DERMASON
0.0,0.0,1.0,0.0,2.0,2.0,0.0,0.0,3.0,4.0,5.0,3.0,6.0,5.0,3.0,4.0,DERMASON
0.0,0.0,1.0,0.0,1.0,1.0,0.0,0.0,4.0,4.0,5.0,4.0,6.0,5.0,4.0,5.0,DERMASON
0.0,0.0,1.0,0.0,1.0,1.0,0.0,0.0,2.0,4.0,5.0,4.0,6.0,5.0,4.0,4.0,DERMASON
0.0,0.0,1.0,0.0,1.0,1.0,0.0,0.0,4.0,4.0,5.0,4.0,6.0,5.0,4.0,4.0,DERMASON
0.0,0.0,1.0,0.0,1.0,1.0,0.0,0.0,6.0,4.0,5.0,4.0,6.0,5.0,4.0,2.0,DERMASON
0.0,0.0,1.0,0.0,1.0,1.0,0.0,0.0,4.0,4.0,5.0,4.0,6.0,5.0,4.0,4.0,DERMASON
0.0,0.0,1.0,0.0,1.0,1.0,0.0,0.0,5.0,4.0,5.0,4.0,6.0,5.0,4.0,4.0,DERMASON
0.0,1.0,1.0,0.0,1.0,1.0,0.0,0.0,4.0,2.0,5.0,4.0,6.0,5.0,4.0,1.0,DERMASON
0.0,0.0,1.0,0.0,2.0,2.0,0.0,0.0,4.0,4.0,5.0,3.0,6.0,5.0,3.0,5.0,DERMASON
0.0,0.0,1.0,0.0,1.0,1.0,0.0,0.0,4.0,4.0,5.0,4.0,6.0,5.0,4.0,3.0,DERMASON
0.0,1.0,1.0,0.0,2.0,2.0,0.0,0.0,5.0,4.0,4.0,3.0,6.0,5.0,3.0,4.0,DERMASON
0.0,0.0,1.0,0.0,1.0,1.0,0.0,0.0,4.0,4.0,5.0,4.0,6.0,5.0,4.0,4.0,DERMASON
0.0,1.0,1.0,0.0,3.0,3.0,0.0,0.0,5.0,2.0,4.0,2.0,6.0,4.0,2.0,4.0,DERMASON
0.0,0.0,1.0,0.0,2.0,2.0,0.0,0.0,2.0,4.0,5.0,3.0,6.0,5.0,3.0,5.0,DERMASON
0.0,1.0,1.0,0.0,1.0,1.0,0.0,0.0,2.0,3.0,4.0,4.0,6.0,5.0,4.0,3.0,DERMASON
0.0,0.0,1.0,0.0,1.0,1.0,0.0,0.0,2.0,4.0,5.0,4.0,6.0,5.0,4.0,4.0,DERMASON
0.0,1.0,1.0,0.0,2.0,2.0,0.0,0.0,4.0,4.0,5.0,3.0,6.0,5.0,3.0,5.0,DERMASON
0.0,0.0,1.0,0.0,1.0,1.0,0.0,0.0,2.0,4.0,6.0,4.0,6.0,6.0,4.0,4.0,DERMASON
0.0,1.0,1.0,0.0,1.0,1.0,0.0,0.0,4.0,4.0,5.0,4.0,6.0,5.0,4.0,4.0,DERMASON
0.0,1.0,1.0,0.0,2.0,2.0,0.0,0.0,2.0,4.0,4.0,3.0,6.0,5.0,3.0,4.0,DERMASON
0.0,1.0,1.0,0.0,1.0,1.0,0.0,0.0,3.0,3.0,4.0,3.0,6.0,5.0,3.0,4.0,DERMASON
0.0,1.0,1.0,0.0,1.0,1.0,0.0,0.0,5.0,3.0,4.0,4.0,6.0,5.0,4.0,4.0,DERMASON
0.0,1.0,1.0,0.0,2.0,2.0,0.0,0.0,2.0,4.0,4.0,3.0,6.0,4.0,3.0,4.0,DERMASON
0.0,0.0,1.0,0.0,1.0,1.0,0.0,0.0,2.0,4.0,5.0,4.0,6.0,5.0,4.0,4.0,DERMASON
0.0,0.0,1.0,0.0,1.0,1.0,0.0,0.0,2.0,4.0,5.0,4.0,6.0,5.0,4.0,4.0,DERMASON
0.0,0.0,1.0,0.0,1.0,1.0,0.0,0.0,4.0,4.0,5.0,4.0,6.0,5.0,4.0,6.0,DERMASON
0.0,0.0,1.0,0.0,1.0,1.0,0.0,0.0,2.0,4.0,5.0,4.0,6.0,5.0,4.0,5.0,DERMASON
0.0,0.0,1.0,0.0,0.0,0.0,0.0,0.0,5.0,4.0,5.0,5.0,6.0,6.0,5.0,4.0,DERMASON
0.0,0.0,1.0,0.0,1.0,1.0,0.0,0.0,2.0,4.0,5.0,4.0,6.0,5.0,4.0,5.0,DERMASON
0.0,1.0,1.0,0.0,2.0,2.0,0.0,0.0,2.0,4.0,5.0,3.0,6.0,5.0,3.0,2.0,DERMASON
0.0,0.0,1.0,0.0,1.0,1.0,0.0,0.0,4.0,4.0,5.0,5.0,6.0,6.0,5.0,4.0,DERMASON
0.0,0.0,1.0,0.0,1.0,1.0,0.0,0.0,4.0,5.0,5.0,4.0,6.0,5.0,4.0,6.0,DERMASON
0.0,1.0,1.0,0.0,2.0,2.0,0.0,0.0,1.0,4.0,5.0,3.0,6.0,5.0,3.0,4.0,DERMASON
0.0,0.0,1.0,0.0,1.0,1.0,0.0,0.0,5.0,4.0,5.0,4.0,6.0,5.0,4.0,4.0,DERMASON
0.0,0.0,1.0,0.0,1.0,1.0,0.0,0.0,2.0,4.0,5.0,4.0,6.0,5.0,4.0,4.0,DERMASON
0.0,0.0,1.0,0.0,1.0,1.0,0.0,0.0,4.0,4.0,5.0,4.0,6.0,5.0,4.0,4.0,DERMASON
0.0,0.0,1.0,0.0,1.0,1.0,0.0,0.0,2.0,4.0,5.0,4.0,6.0,5.0,4.0,4.0,DERMASON
0.0,0.0,1.0,0.0,1.0,1.0,0.0,0.0,2.0,4.0,5.0,4.0,6.0,5.0,4.0,2.0,DERMASON
0.0,0.0,1.0,0.0,1.0,1.0,0.0,0.0,4.0,4.0,5.0,4.0,6.0,5.0,4.0,5.0,DERMASON
0.0,1.0,1.0,0.0,1.0,1.0,0.0,0.0,2.0,4.0,5.0,4.0,6.0,5.0,4.0,4.0,DERMASON
0.0,1.0,1.0,0.0,1.0,1.0,0.0,0.0,5.0,4.0,5.0,4.0,6.0,5.0,4.0,5.0,DERMASON
0.0,1.0,1.0,0.0,2.0,2.0,0.0,0.0,4.0,4.0,4.0,3.0,6.0,5.0,3.0,4.0,DERMASON
0.0,0.0,1.0,0.0,1.0,1.0,0.0,0.0,5.0,4.0,5.0,4.0,6.0,5.0,4.0,3.0,DERMASON
0.0,1.0,1.0,0.0,2.0,2.0,0.0,0.0,5.0,4.0,4.0,3.0,6.0,4.0,3.0,4.0,DERMASON
0.0,1.0,1.0,0.0,2.0,2.0,0.0,0.0,2.0,4.0,4.0,3.0,6.0,5.0,3.0,4.0,DERMASON
0.0,0.0,1.0,0.0,1.0,1.0,0.0,0.0,4.0,4.0,5.0,4.0,6.0,5.0,4.0,3.0,DERMASON
0.0,0.0,1.0,0.0,1.0,1.0,0.0,0.0,2.0,5.0,6.0,4.0,6.0,5.0,4.0,5.0,DERMASON
0.0,0.0,1.0,0.0,1.0,1.0,0.0,0.0,2.0,4.0,5.0,4.0,6.0,5.0,4.0,3.0,DERMASON
0.0,0.0,1.0,0.0,1.0,1.0,0.0,0.0,5.0,4.0,6.0,4.0,6.0,5.0,4.0,6.0,DERMASON
0.0,1.0,1.0,0.0,1.0,1.0,0.0,0.0,4.0,4.0,5.0,4.0,6.0,5.0,4.0,4.0,DERMASON
0.0,1.0,1.0,0.0,1.0,1.0,0.0,0.0,2.0,4.0,5.0,4.0,6.0,5.0,4.0,4.0,DERMASON
0.0,1.0,1.0,0.0,1.0,1.0,0.0,0.0,2.0,4.0,4.0,4.0,6.0,5.0,4.0,4.0,DERMASON
0.0,0.0,1.0,0.0,1.0,1.0,0.0,0.0,3.0,4.0,5.0,4.0,6.0,5.0,4.0,3.0,DERMASON
0.0,0.0,1.0,0.0,1.0,1.0,0.0,0.0,4.0,4.0,5.0,4.0,6.0,5.0,4.0,5.0,DERMASON
0.0,0.0,1.0,0.0,1.0,1.0,0.0,0.0,3.0,5.0,6.0,4.0,6.0,5.0,4.0,4.0,DERMASON
0.0,1.0,1.0,0.0,1.0,1.0,0.0,0.0,3.0,4.0,4.0,4.0,6.0,5.0,4.0,1.0,DERMASON
0.0,0.0,1.0,0.0,1.0,1.0,0.0,0.0,5.0,4.0,5.0,4.0,6.0,5.0,4.0,4.0,DERMASON
0.0,0.0,1.0,0.0,0.0,0.0,0.0,0.0,4.0,4.0,6.0,5.0,6.0,6.0,5.0,5.0,DERMASON
0.0,0.0,1.0,0.0,1.0,1.0,0.0,0.0,4.0,4.0,5.0,4.0,6.0,5.0,4.0,3.0,DERMASON
0.0,0.0,1.0,0.0,1.0,1.0,0.0,0.0,4.0,4.0,5.0,4.0,6.0,5.0,4.0,3.0,DERMASON
0.0,0.0,1.0,0.0,1.0,1.0,0.0,0.0,5.0,4.0,5.0,4.0,6.0,5.0,4.0,4.0,DERMASON
0.0,1.0,1.0,0.0,2.0,2.0,0.0,0.0,2.0,4.0,5.0,3.0,6.0,5.0,3.0,4.0,DERMASON
0.0,1.0,1.0,0.0,1.0,1.0,0.0,0.0,2.0,4.0,5.0,4.0,6.0,5.0,4.0,4.0,DERMASON
0.0,1.0,1.0,0.0,2.0,2.0,0.0,0.0,4.0,4.0,5.0,3.0,6.0,5.0,3.0,4.0,DERMASON
0.0,1.0,1.0,0.0,4.0,4.0,0.0,0.0,1.0,6.0,4.0,1.0,6.0,3.0,1.0,3.0,DERMASON
0.0,0.0,1.0,0.0,1.0,1.0,0.0,0.0,4.0,4.0,5.0,4.0,6.0,5.0,4.0,4.0,DERMASON
0.0,1.0,1.0,0.0,2.0,2.0,0.0,0.0,4.0,4.0,5.0,3.0,6.0,5.0,3.0,4.0,DERMASON
0.0,1.0,1.0,0.0,1.0,1.0,0.0,0.0,5.0,2.0,5.0,4.0,6.0,5.0,4.0,1.0,DERMASON
0.0,0.0,1.0,0.0,1.0,1.0,0.0,0.0,4.0,4.0,5.0,4.0,6.0,5.0,4.0,4.0,DERMASON
0.0,1.0,1.0,0.0,1.0,1.0,0.0,0.0,6.0,4.0,5.0,4.0,6.0,5.0,4.0,4.0,DERMASON
0.0,1.0,1.0,0.0,1.0,1.0,0.0,0.0,4.0,4.0,5.0,4.0,6.0,5.0,4.0,4.0,DERMASON
0.0,0.0,1.0,0.0,1.0,1.0,0.0,0.0,4.0,4.0,5.0,4.0,6.0,5.0,4.0,2.0,DERMASON
0.0,1.0,1.0,0.0,2.0,2.0,0.0,0.0,5.0,4.0,4.0,3.0,6.0,4.0,3.0,4.0,DERMASON
0.0,0.0,1.0,0.0,1.0,1.0,0.0,0.0,4.0,4.0,5.0,4.0,6.0,5.0,4.0,4.0,DERMASON
0.0,0.0,1.0,0.0,2.0,2.0,0.0,0.0,3.0,4.0,5.0,4.0,6.0,5.0,4.0,4.0,DERMASON
0.0,1.0,1.0,0.0,1.0,1.0,0.0,0.0,2.0,4.0,5.0,4.0,6.0,5.0,4.0,4.0,DERMASON
0.0,1.0,1.0,0.0,1.0,1.0,0.0,0.0,5.0,2.0,5.0,4.0,6.0,5.0,4.0,4.0,DERMASON
0.0,0.0,1.0,0.0,1.0,1.0,0.0,0.0,4.0,4.0,5.0,4.0,6.0,5.0,4.0,3.0,DERMASON
0.0,1.0,0.0,1.0,0.0,0.0,0.0,0.0,5.0,2.0,4.0,6.0,5.0,6.0,6.0,1.0,DERMASON
0.0,1.0,1.0,0.0,1.0,1.0,0.0,0.0,4.0,4.0,5.0,4.0,6.0,5.0,4.0,4.0,DERMASON
0.0,1.0,1.0,0.0,2.0,2.0,0.0,0.0,2.0,4.0,5.0,3.0,6.0,5.0,3.0,4.0,DERMASON
0.0,1.0,1.0,0.0,1.0,1.0,0.0,0.0,5.0,4.0,5.0,4.0,6.0,5.0,4.0,3.0,DERMASON
0.0,0.0,1.0,0.0,1.0,1.0,0.0,0.0,4.0,4.0,6.0,4.0,6.0,5.0,4.0,6.0,DERMASON
0.0,1.0,1.0,0.0,2.0,2.0,0.0,0.0,5.0,4.0,5.0,3.0,6.0,5.0,3.0,4.0,DERMASON
0.0,1.0,1.0,0.0,2.0,2.0,0.0,0.0,1.0,4.0,5.0,3.0,6.0,5.0,3.0,3.0,DERMASON
0.0,1.0,1.0,0.0,2.0,2.0,0.0,0.0,4.0,4.0,5.0,3.0,6.0,5.0,3.0,4.0,DERMASON
0.0,1.0,1.0,0.0,1.0,1.0,0.0,0.0,1.0,4.0,5.0,4.0,6.0,5.0,4.0,4.0,DERMASON
0.0,1.0,1.0,0.0,2.0,2.0,0.0,0.0,5.0,4.0,4.0,3.0,6.0,4.0,3.0,4.0,DERMASON
0.0,1.0,1.0,0.0,1.0,1.0,0.0,0.0,4.0,4.0,5.0,4.0,6.0,5.0,4.0,3.0,DERMASON
0.0,1.0,1.0,0.0,2.0,2.0,0.0,0.0,2.0,2.0,1.0,3.0,6.0,5.0,3.0,1.0,DERMASON
0.0,0.0,1.0,0.0,1.0,1.0,0.0,0.0,4.0,4.0,5.0,4.0,6.0,5.0,4.0,4.0,DERMASON
0.0,2.0,1.0,0.0,4.0,4.0,0.0,0.0,2.0,1.0,0.0,1.0,6.0,3.0,1.0,1.0,DERMASON
0.0,0.0,1.0,0.0,1.0,1.0,0.0,0.0,2.0,4.0,5.0,4.0,6.0,5.0,4.0,4.0,DERMASON
0.0,1.0,1.0,0.0,1.0,1.0,0.0,0.0,4.0,3.0,4.0,4.0,6.0,5.0,4.0,3.0,DERMASON
0.0,1.0,1.0,0.0,2.0,2.0,0.0,0.0,2.0,4.0,4.0,3.0,6.0,5.0,3.0,4.0,DERMASON
0.0,1.0,1.0,0.0,1.0,1.0,0.0,0.0,4.0,4.0,5.0,4.0,6.0,5.0,4.0,6.0,DERMASON
0.0,0.0,1.0,0.0,1.0,1.0,0.0,0.0,3.0,6.0,5.0,4.0,6.0,5.0,4.0,4.0,DERMASON
0.0,1.0,1.0,0.0,1.0,1.0,0.0,0.0,2.0,4.0,5.0,4.0,6.0,5.0,4.0,4.0,DERMASON
0.0,1.0,1.0,0.0,1.0,1.0,0.0,0.0,2.0,4.0,5.0,4.0,6.0,5.0,4.0,3.0,DERMASON
0.0,0.0,1.0,0.0,1.0,1.0,0.0,0.0,4.0,6.0,5.0,4.0,6.0,5.0,4.0,5.0,DERMASON
0.0,0.0,1.0,0.0,0.0,0.0,0.0,0.0,4.0,5.0,6.0,5.0,6.0,6.0,5.0,3.0,DERMASON
0.0,0.0,1.0,0.0,1.0,1.0,0.0,0.0,3.0,5.0,6.0,4.0,6.0,5.0,4.0,4.0,DERMASON
0.0,0.0,1.0,0.0,1.0,1.0,0.0,0.0,4.0,4.0,5.0,4.0,6.0,5.0,4.0,4.0,DERMASON
0.0,0.0,1.0,0.0,0.0,0.0,0.0,0.0,4.0,4.0,6.0,5.0,6.0,6.0,5.0,5.0,DERMASON
0.0,1.0,1.0,0.0,2.0,2.0,0.0,0.0,2.0,2.0,4.0,3.0,6.0,4.0,3.0,3.0,DERMASON
0.0,0.0,1.0,0.0,1.0,1.0,0.0,0.0,4.0,4.0,5.0,4.0,6.0,5.0,4.0,6.0,DERMASON
0.0,0.0,1.0,0.0,1.0,1.0,0.0,0.0,5.0,4.0,5.0,4.0,6.0,5.0,4.0,4.0,DERMASON
0.0,1.0,1.0,0.0,2.0,2.0,0.0,0.0,2.0,4.0,5.0,3.0,6.0,5.0,3.0,4.0,DERMASON
0.0,1.0,1.0,0.0,2.0,2.0,0.0,0.0,2.0,4.0,4.0,3.0,6.0,5.0,3.0,4.0,DERMASON
0.0,1.0,1.0,0.0,2.0,2.0,0.0,0.0,4.0,1.0,1.0,3.0,6.0,5.0,3.0,4.0,DERMASON
0.0,1.0,1.0,0.0,1.0,1.0,0.0,0.0,5.0,4.0,5.0,4.0,6.0,5.0,4.0,4.0,DERMASON
0.0,0.0,1.0,0.0,1.0,1.0,0.0,0.0,2.0,4.0,5.0,4.0,6.0,5.0,4.0,5.0,DERMASON
0.0,1.0,1.0,0.0,2.0,2.0,0.0,0.0,4.0,2.0,3.0,3.0,6.0,4.0,3.0,4.0,DERMASON
0.0,0.0,1.0,0.0,1.0,1.0,0.0,0.0,2.0,4.0,5.0,4.0,6.0,5.0,4.0,4.0,DERMASON
0.0,1.0,1.0,0.0,2.0,2.0,0.0,0.0,2.0,4.0,5.0,3.0,6.0,5.0,3.0,4.0,DERMASON
0.0,1.0,1.0,0.0,1.0,1.0,0.0,0.0,2.0,2.0,4.0,4.0,6.0,5.0,4.0,4.0,DERMASON
0.0,1.0,1.0,0.0,2.0,2.0,0.0,0.0,2.0,4.0,4.0,3.0,6.0,4.0,3.0,6.0,DERMASON
0.0,1.0,1.0,0.0,4.0,4.0,0.0,0.0,5.0,4.0,4.0,1.0,6.0,3.0,1.0,4.0,DERMASON
0.0,0.0,1.0,0.0,1.0,1.0,0.0,0.0,4.0,4.0,6.0,4.0,6.0,5.0,4.0,4.0,DERMASON
0.0,0.0,1.0,0.0,1.0,1.0,0.0,0.0,4.0,4.0,5.0,4.0,6.0,5.0,4.0,4.0,DERMASON
0.0,1.0,1.0,0.0,2.0,2.0,0.0,0.0,4.0,3.0,4.0,3.0,6.0,5.0,3.0,4.0,DERMASON
0.0,1.0,1.0,0.0,1.0,1.0,0.0,0.0,2.0,4.0,4.0,4.0,6.0,5.0,4.0,4.0,DERMASON
0.0,1.0,1.0,0.0,2.0,2.0,0.0,0.0,2.0,3.0,4.0,3.0,6.0,4.0,3.0,3.0,DERMASON
0.0,0.0,1.0,0.0,1.0,1.0,0.0,0.0,4.0,4.0,5.0,4.0,6.0,5.0,4.0,5.0,DERMASON
0.0,1.0,1.0,0.0,2.0,2.0,0.0,0.0,4.0,4.0,5.0,3.0,6.0,4.0,3.0,4.0,DERMASON
0.0,0.0,1.0,0.0,1.0,1.0,0.0,0.0,4.0,4.0,5.0,4.0,6.0,5.0,4.0,6.0,DERMASON
0.0,0.0,1.0,0.0,1.0,1.0,0.0,0.0,4.0,4.0,5.0,4.0,6.0,5.0,4.0,4.0,DERMASON
0.0,1.0,1.0,0.0,1.0,1.0,0.0,0.0,4.0,4.0,5.0,4.0,6.0,5.0,4.0,6.0,DERMASON
0.0,0.0,1.0,0.0,1.0,1.0,0.0,0.0,4.0,4.0,5.0,4.0,6.0,5.0,4.0,4.0,DERMASON
0.0,1.0,1.0,0.0,1.0,1.0,0.0,0.0,2.0,4.0,4.0,4.0,6.0,5.0,4.0,4.0,DERMASON
0.0,0.0,1.0,1.0,0.0,0.0,0.0,0.0,2.0,4.0,6.0,6.0,5.0,6.0,6.0,3.0,DERMASON
0.0,1.0,1.0,0.0,1.0,1.0,0.0,0.0,2.0,4.0,5.0,4.0,6.0,5.0,4.0,5.0,DERMASON
0.0,1.0,1.0,0.0,1.0,1.0,0.0,0.0,0.0,1.0,1.0,4.0,6.0,5.0,4.0,1.0,DERMASON
0.0,0.0,1.0,1.0,0.0,0.0,0.0,0.0,4.0,4.0,6.0,6.0,5.0,6.0,6.0,3.0,DERMASON
0.0,0.0,1.0,0.0,1.0,1.0,0.0,0.0,4.0,4.0,6.0,4.0,6.0,6.0,4.0,4.0,DERMASON
0.0,1.0,1.0,0.0,1.0,1.0,0.0,0.0,4.0,4.0,5.0,4.0,6.0,5.0,4.0,4.0,DERMASON
0.0,1.0,1.0,0.0,2.0,2.0,0.0,0.0,5.0,4.0,5.0,3.0,6.0,5.0,3.0,4.0,DERMASON
0.0,1.0,1.0,0.0,3.0,3.0,0.0,0.0,5.0,4.0,5.0,3.0,6.0,4.0,3.0,4.0,DERMASON
0.0,1.0,1.0,0.0,1.0,1.0,0.0,0.0,2.0,4.0,5.0,4.0,6.0,5.0,4.0,1.0,DERMASON
0.0,1.0,1.0,0.0,1.0,1.0,0.0,0.0,3.0,4.0,5.0,4.0,6.0,5.0,4.0,1.0,DERMASON
0.0,0.0,1.0,1.0,0.0,0.0,0.0,0.0,4.0,4.0,5.0,6.0,5.0,6.0,6.0,2.0,DERMASON
0.0,1.0,1.0,0.0,2.0,2.0,0.0,0.0,2.0,3.0,4.0,3.0,6.0,4.0,3.0,4.0,DERMASON
0.0,0.0,1.0,0.0,1.0,1.0,0.0,0.0,2.0,4.0,6.0,4.0,6.0,5.0,4.0,4.0,DERMASON
0.0,1.0,1.0,0.0,2.0,2.0,0.0,0.0,2.0,4.0,4.0,3.0,6.0,5.0,3.0,4.0,DERMASON
0.0,1.0,1.0,0.0,1.0,1.0,0.0,0.0,4.0,4.0,5.0,4.0,6.0,5.0,4.0,4.0,DERMASON
0.0,1.0,1.0,0.0,1.0,1.0,0.0,0.0,2.0,4.0,5.0,4.0,6.0,5.0,4.0,4.0,DERMASON
0.0,1.0,1.0,0.0,1.0,1.0,0.0,0.0,5.0,4.0,5.0,4.0,6.0,5.0,4.0,4.0,DERMASON
0.0,1.0,1.0,0.0,1.0,1.0,0.0,0.0,4.0,4.0,5.0,4.0,6.0,5.0,4.0,4.0,DERMASON
0.0,0.0,1.0,0.0,1.0,1.0,0.0,0.0,2.0,4.0,5.0,4.0,6.0,5.0,4.0,4.0,DERMASON
0.0,1.0,1.0,0.0,1.0,1.0,0.0,0.0,2.0,4.0,5.0,4.0,6.0,5.0,4.0,4.0,DERMASON
0.0,1.0,1.0,0.0,1.0,1.0,0.0,0.0,4.0,4.0,5.0,4.0,6.0,5.0,4.0,4.0,DERMASON
0.0,1.0,1.0,0.0,1.0,1.0,0.0,0.0,4.0,3.0,4.0,4.0,6.0,5.0,4.0,6.0,DERMASON
0.0,1.0,1.0,0.0,1.0,1.0,0.0,0.0,2.0,4.0,5.0,4.0,6.0,5.0,4.0,3.0,DERMASON
0.0,1.0,1.0,0.0,1.0,1.0,0.0,0.0,2.0,4.0,5.0,4.0,6.0,5.0,4.0,4.0,DERMASON
0.0,1.0,1.0,0.0,1.0,1.0,0.0,0.0,5.0,4.0,5.0,4.0,6.0,5.0,4.0,4.0,DERMASON
0.0,1.0,1.0,0.0,1.0,1.0,0.0,0.0,5.0,4.0,5.0,4.0,6.0,5.0,4.0,4.0,DERMASON
0.0,1.0,1.0,0.0,1.0,1.0,0.0,0.0,1.0,5.0,5.0,4.0,6.0,5.0,4.0,3.0,DERMASON
0.0,1.0,1.0,0.0,2.0,2.0,0.0,0.0,6.0,4.0,4.0,3.0,6.0,4.0,3.0,3.0,DERMASON
0.0,1.0,1.0,0.0,2.0,2.0,0.0,0.0,1.0,4.0,5.0,3.0,6.0,5.0,3.0,6.0,DERMASON
0.0,1.0,1.0,0.0,2.0,2.0,0.0,0.0,4.0,2.0,4.0,3.0,6.0,5.0,3.0,1.0,DERMASON
0.0,1.0,1.0,0.0,2.0,2.0,0.0,0.0,1.0,4.0,4.0,3.0,6.0,5.0,3.0,4.0,DERMASON
0.0,1.0,1.0,0.0,2.0,2.0,0.0,0.0,2.0,2.0,3.0,3.0,6.0,5.0,3.0,4.0,DERMASON
0.0,1.0,1.0,0.0,1.0,1.0,0.0,0.0,2.0,4.0,5.0,4.0,6.0,5.0,4.0,4.0,DERMASON
0.0,1.0,1.0,0.0,2.0,2.0,0.0,0.0,2.0,2.0,3.0,3.0,6.0,5.0,3.0,4.0,DERMASON
0.0,1.0,1.0,0.0,1.0,1.0,0.0,0.0,4.0,4.0,5.0,4.0,6.0,5.0,4.0,5.0,DERMASON
0.0,1.0,1.0,0.0,1.0,1.0,0.0,0.0,2.0,4.0,5.0,4.0,6.0,5.0,4.0,4.0,DERMASON
0.0,1.0,1.0,0.0,2.0,2.0,0.0,0.0,4.0,4.0,4.0,3.0,6.0,5.0,3.0,6.0,DERMASON
0.0,1.0,1.0,0.0,1.0,1.0,0.0,0.0,2.0,4.0,5.0,4.0,6.0,5.0,4.0,5.0,DERMASON
0.0,1.0,1.0,0.0,1.0,1.0,0.0,0.0,4.0,4.0,5.0,4.0,6.0,5.0,4.0,4.0,DERMASON
0.0,1.0,1.0,0.0,1.0,1.0,0.0,0.0,4.0,3.0,1.0,4.0,6.0,5.0,4.0,3.0,DERMASON
0.0,1.0,1.0,0.0,2.0,2.0,0.0,0.0,5.0,4.0,5.0,3.0,6.0,5.0,3.0,4.0,DERMASON
0.0,1.0,1.0,0.0,2.0,2.0,0.0,0.0,2.0,3.0,4.0,3.0,6.0,5.0,3.0,1.0,DERMASON
0.0,0.0,1.0,0.0,1.0,1.0,0.0,0.0,4.0,5.0,5.0,4.0,6.0,5.0,4.0,6.0,DERMASON
0.0,1.0,1.0,0.0,2.0,2.0,0.0,0.0,5.0,4.0,4.0,3.0,6.0,5.0,3.0,4.0,DERMASON
0.0,1.0,1.0,0.0,1.0,1.0,0.0,0.0,2.0,4.0,4.0,4.0,6.0,5.0,4.0,3.0,DERMASON
0.0,0.0,1.0,0.0,1.0,1.0,0.0,0.0,2.0,4.0,5.0,4.0,6.0,5.0,4.0,5.0,DERMASON
0.0,1.0,1.0,0.0,1.0,1.0,0.0,0.0,2.0,4.0,5.0,4.0,6.0,5.0,4.0,4.0,DERMASON
0.0,1.0,1.0,0.0,1.0,1.0,0.0,0.0,2.0,4.0,5.0,4.0,6.0,5.0,4.0,4.0,DERMASON
0.0,0.0,1.0,0.0,0.0,0.0,0.0,0.0,5.0,4.0,6.0,5.0,6.0,6.0,5.0,4.0,DERMASON
0.0,1.0,1.0,0.0,1.0,1.0,0.0,0.0,2.0,4.0,5.0,4.0,6.0,5.0,4.0,4.0,DERMASON
0.0,1.0,1.0,0.0,1.0,1.0,0.0,0.0,2.0,4.0,5.0,4.0,6.0,5.0,4.0,4.0,DERMASON
0.0,0.0,1.0,0.0,1.0,1.0,0.0,0.0,2.0,6.0,5.0,4.0,6.0,5.0,4.0,4.0,DERMASON
0.0,1.0,1.0,0.0,2.0,2.0,0.0,0.0,4.0,4.0,5.0,3.0,6.0,5.0,3.0,4.0,DERMASON
0.0,1.0,1.0,0.0,4.0,4.0,0.0,0.0,4.0,3.0,4.0,1.0,6.0,3.0,1.0,4.0,DERMASON
0.0,1.0,1.0,0.0,2.0,2.0,0.0,0.0,6.0,4.0,5.0,3.0,6.0,4.0,3.0,3.0,DERMASON
0.0,1.0,1.0,0.0,1.0,1.0,0.0,0.0,4.0,4.0,5.0,4.0,6.0,5.0,4.0,6.0,DERMASON
0.0,1.0,1.0,0.0,1.0,1.0,0.0,0.0,4.0,3.0,5.0,4.0,6.0,5.0,4.0,3.0,DERMASON
0.0,1.0,1.0,0.0,2.0,2.0,0.0,0.0,4.0,2.0,4.0,3.0,6.0,5.0,3.0,1.0,DERMASON
0.0,1.0,1.0,0.0,1.0,1.0,0.0,0.0,5.0,4.0,5.0,4.0,6.0,5.0,4.0,4.0,DERMASON
0.0,1.0,1.0,0.0,1.0,1.0,0.0,0.0,5.0,4.0,5.0,4.0,6.0,5.0,4.0,4.0,DERMASON
0.0,2.0,1.0,0.0,4.0,4.0,0.0,0.0,2.0,0.0,0.0,1.0,6.0,3.0,1.0,4.0,DERMASON
0.0,1.0,1.0,0.0,1.0,1.0,0.0,0.0,2.0,4.0,5.0,4.0,6.0,5.0,4.0,4.0,DERMASON
0.0,0.0,1.0,0.0,1.0,1.0,0.0,0.0,4.0,4.0,5.0,4.0,6.0,5.0,4.0,4.0,DERMASON
0.0,1.0,1.0,0.0,1.0,1.0,0.0,0.0,2.0,4.0,5.0,4.0,6.0,5.0,4.0,3.0,DERMASON
0.0,1.0,1.0,0.0,2.0,2.0,0.0,0.0,4.0,3.0,4.0,3.0,6.0,5.0,3.0,3.0,DERMASON
0.0,2.0,1.0,0.0,1.0,1.0,0.0,0.0,4.0,0.0,0.0,4.0,6.0,5.0,4.0,1.0,DERMASON
0.0,1.0,1.0,0.0,2.0,2.0,0.0,0.0,2.0,4.0,5.0,3.0,6.0,5.0,3.0,6.0,DERMASON
0.0,0.0,1.0,0.0,1.0,1.0,0.0,0.0,2.0,4.0,5.0,4.0,6.0,5.0,4.0,4.0,DERMASON
0.0,1.0,1.0,0.0,2.0,2.0,0.0,0.0,5.0,5.0,5.0,3.0,6.0,5.0,3.0,4.0,DERMASON
0.0,1.0,1.0,0.0,1.0,1.0,0.0,0.0,2.0,4.0,5.0,4.0,6.0,5.0,4.0,4.0,DERMASON
0.0,1.0,1.0,0.0,2.0,2.0,0.0,0.0,3.0,3.0,4.0,3.0,6.0,5.0,3.0,4.0,DERMASON
0.0,1.0,1.0,0.0,1.0,1.0,0.0,0.0,5.0,4.0,5.0,4.0,6.0,5.0,4.0,3.0,DERMASON
0.0,1.0,1.0,0.0,2.0,2.0,0.0,0.0,2.0,4.0,5.0,4.0,6.0,5.0,4.0,5.0,DERMASON
0.0,1.0,1.0,0.0,2.0,2.0,0.0,0.0,4.0,4.0,4.0,3.0,6.0,5.0,3.0,4.0,DERMASON
0.0,1.0,1.0,0.0,1.0,1.0,0.0,0.0,3.0,4.0,5.0,4.0,6.0,5.0,4.0,3.0,DERMASON
0.0,1.0,1.0,0.0,1.0,1.0,0.0,0.0,5.0,4.0,5.0,4.0,6.0,5.0,4.0,2.0,DERMASON
0.0,2.0,1.0,0.0,1.0,1.0,0.0,0.0,2.0,1.0,0.0,4.0,6.0,5.0,4.0,3.0,DERMASON
0.0,1.0,1.0,0.0,1.0,1.0,0.0,0.0,4.0,4.0,5.0,4.0,6.0,5.0,4.0,5.0,DERMASON
0.0,1.0,1.0,0.0,2.0,2.0,0.0,0.0,2.0,4.0,5.0,3.0,6.0,5.0,3.0,4.0,DERMASON
0.0,1.0,1.0,0.0,1.0,1.0,0.0,0.0,5.0,4.0,5.0,4.0,6.0,5.0,4.0,1.0,DERMASON
0.0,1.0,1.0,0.0,1.0,1.0,0.0,0.0,5.0,4.0,5.0,4.0,6.0,5.0,4.0,3.0,DERMASON
0.0,1.0,1.0,0.0,1.0,1.0,0.0,0.0,4.0,3.0,4.0,4.0,6.0,5.0,4.0,4.0,DERMASON
0.0,1.0,1.0,0.0,1.0,1.0,0.0,0.0,4.0,4.0,5.0,4.0,6.0,5.0,4.0,4.0,DERMASON
0.0,1.0,1.0,0.0,3.0,3.0,0.0,0.0,1.0,4.0,4.0,2.0,6.0,4.0,2.0,5.0,DERMASON
0.0,0.0,1.0,0.0,1.0,1.0,0.0,0.0,4.0,4.0,5.0,4.0,6.0,5.0,4.0,4.0,DERMASON
0.0,1.0,1.0,0.0,1.0,1.0,0.0,0.0,2.0,4.0,5.0,4.0,6.0,5.0,4.0,4.0,DERMASON
0.0,1.0,1.0,0.0,1.0,1.0,0.0,0.0,5.0,3.0,5.0,4.0,6.0,5.0,4.0,4.0,DERMASON
0.0,1.0,1.0,0.0,1.0,1.0,0.0,0.0,5.0,4.0,5.0,4.0,6.0,5.0,4.0,4.0,DERMASON
0.0,1.0,1.0,0.0,1.0,1.0,0.0,0.0,5.0,5.0,5.0,4.0,6.0,5.0,4.0,4.0,DERMASON
0.0,1.0,1.0,0.0,2.0,2.0,0.0,0.0,5.0,6.0,5.0,3.0,6.0,4.0,3.0,4.0,DERMASON
0.0,1.0,1.0,0.0,1.0,1.0,0.0,0.0,2.0,4.0,5.0,4.0,6.0,5.0,4.0,5.0,DERMASON
0.0,1.0,1.0,0.0,1.0,1.0,0.0,0.0,5.0,4.0,5.0,4.0,6.0,5.0,4.0,4.0,DERMASON
0.0,1.0,1.0,0.0,1.0,1.0,0.0,0.0,4.0,3.0,5.0,4.0,6.0,5.0,4.0,4.0,DERMASON
0.0,1.0,1.0,0.0,2.0,2.0,0.0,0.0,4.0,4.0,5.0,3.0,6.0,5.0,3.0,4.0,DERMASON
0.0,1.0,1.0,0.0,1.0,1.0,0.0,0.0,5.0,4.0,5.0,4.0,6.0,5.0,4.0,4.0,DERMASON
0.0,1.0,1.0,0.0,2.0,2.0,0.0,0.0,4.0,4.0,5.0,3.0,6.0,5.0,3.0,4.0,DERMASON
0.0,1.0,1.0,0.0,2.0,2.0,0.0,0.0,1.0,2.0,2.0,3.0,6.0,5.0,3.0,2.0,DERMASON
0.0,1.0,1.0,0.0,1.0,1.0,0.0,0.0,1.0,4.0,5.0,4.0,6.0,5.0,4.0,3.0,DERMASON
0.0,1.0,1.0,0.0,1.0,1.0,0.0,0.0,2.0,4.0,5.0,4.0,6.0,5.0,4.0,3.0,DERMASON
0.0,1.0,1.0,0.0,1.0,1.0,0.0,0.0,2.0,4.0,5.0,4.0,6.0,5.0,4.0,4.0,DERMASON
0.0,1.0,1.0,0.0,1.0,1.0,0.0,0.0,4.0,5.0,5.0,4.0,6.0,5.0,4.0,4.0,DERMASON
0.0,1.0,1.0,0.0,2.0,2.0,0.0,0.0,5.0,4.0,5.0,3.0,6.0,4.0,3.0,3.0,DERMASON
0.0,1.0,1.0,0.0,1.0,1.0,0.0,0.0,4.0,4.0,5.0,4.0,6.0,5.0,4.0,4.0,DERMASON
0.0,1.0,1.0,0.0,2.0,2.0,0.0,0.0,4.0,4.0,5.0,3.0,6.0,5.0,3.0,4.0,DERMASON
0.0,1.0,1.0,0.0,1.0,1.0,0.0,0.0,5.0,4.0,5.0,4.0,6.0,5.0,4.0,4.0,DERMASON
0.0,1.0,1.0,0.0,4.0,4.0,0.0,0.0,6.0,4.0,4.0,2.0,6.0,3.0,2.0,2.0,DERMASON
0.0,1.0,1.0,0.0,2.0,2.0,0.0,0.0,4.0,4.0,4.0,3.0,6.0,5.0,3.0,4.0,DERMASON
0.0,1.0,1.0,0.0,1.0,1.0,0.0,0.0,2.0,4.0,5.0,4.0,6.0,5.0,4.0,4.0,DERMASON
0.0,0.0,1.0,0.0,1.0,1.0,0.0,0.0,4.0,4.0,6.0,4.0,6.0,5.0,4.0,4.0,DERMASON
0.0,1.0,1.0,0.0,2.0,2.0,0.0,0.0,4.0,4.0,5.0,3.0,6.0,5.0,3.0,4.0,DERMASON
0.0,1.0,1.0,0.0,1.0,1.0,0.0,0.0,4.0,4.0,5.0,4.0,6.0,5.0,4.0,4.0,DERMASON
0.0,1.0,1.0,0.0,1.0,1.0,0.0,0.0,2.0,4.0,5.0,4.0,6.0,5.0,4.0,4.0,DERMASON
0.0,1.0,1.0,0.0,1.0,1.0,0.0,0.0,4.0,4.0,5.0,4.0,6.0,5.0,4.0,4.0,DERMASON
0.0,1.0,1.0,0.0,2.0,2.0,0.0,0.0,2.0,4.0,4.0,3.0,6.0,4.0,3.0,4.0,DERMASON
0.0,1.0,1.0,0.0,1.0,1.0,0.0,0.0,2.0,4.0,5.0,4.0,6.0,5.0,4.0,4.0,DERMASON
0.0,1.0,1.0,0.0,1.0,1.0,0.0,0.0,2.0,4.0,5.0,4.0,6.0,5.0,4.0,4.0,DERMASON
0.0,1.0,1.0,0.0,1.0,1.0,0.0,0.0,4.0,4.0,5.0,4.0,6.0,5.0,4.0,4.0,DERMASON
0.0,1.0,1.0,0.0,2.0,2.0,0.0,0.0,4.0,4.0,5.0,3.0,6.0,5.0,3.0,4.0,DERMASON
0.0,1.0,1.0,0.0,2.0,2.0,0.0,0.0,2.0,4.0,5.0,3.0,6.0,5.0,3.0,3.0,DERMASON
0.0,1.0,1.0,0.0,2.0,2.0,0.0,0.0,2.0,4.0,5.0,3.0,6.0,5.0,3.0,6.0,DERMASON
0.0,1.0,1.0,0.0,1.0,1.0,0.0,0.0,2.0,4.0,5.0,4.0,6.0,5.0,4.0,4.0,DERMASON
0.0,1.0,1.0,0.0,1.0,1.0,0.0,0.0,2.0,4.0,5.0,4.0,6.0,5.0,4.0,5.0,DERMASON
0.0,1.0,1.0,0.0,1.0,1.0,0.0,0.0,5.0,4.0,5.0,4.0,6.0,5.0,4.0,4.0,DERMASON
0.0,1.0,1.0,0.0,2.0,2.0,0.0,0.0,2.0,4.0,5.0,3.0,6.0,5.0,3.0,3.0,DERMASON
0.0,1.0,1.0,0.0,2.0,2.0,0.0,0.0,4.0,2.0,3.0,3.0,6.0,5.0,3.0,5.0,DERMASON
0.0,1.0,1.0,0.0,1.0,1.0,0.0,0.0,2.0,4.0,5.0,4.0,6.0,5.0,4.0,4.0,DERMASON
0.0,1.0,1.0,0.0,1.0,1.0,0.0,0.0,5.0,6.0,5.0,4.0,6.0,5.0,4.0,4.0,DERMASON
0.0,1.0,1.0,0.0,1.0,1.0,0.0,0.0,2.0,4.0,5.0,4.0,6.0,5.0,4.0,3.0,DERMASON
0.0,1.0,1.0,0.0,1.0,1.0,0.0,0.0,2.0,4.0,5.0,4.0,6.0,5.0,4.0,3.0,DERMASON
0.0,1.0,1.0,0.0,1.0,1.0,0.0,0.0,2.0,4.0,4.0,4.0,6.0,5.0,4.0,2.0,DERMASON
0.0,1.0,1.0,0.0,2.0,2.0,0.0,0.0,5.0,4.0,5.0,3.0,6.0,5.0,3.0,4.0,DERMASON
0.0,1.0,1.0,0.0,2.0,2.0,0.0,0.0,5.0,4.0,5.0,3.0,6.0,5.0,3.0,4.0,DERMASON
0.0,1.0,1.0,0.0,1.0,1.0,0.0,0.0,2.0,2.0,4.0,4.0,6.0,5.0,4.0,2.0,DERMASON
0.0,1.0,1.0,0.0,2.0,2.0,0.0,0.0,1.0,4.0,4.0,3.0,6.0,5.0,3.0,4.0,DERMASON
0.0,1.0,1.0,0.0,1.0,1.0,0.0,0.0,2.0,3.0,5.0,4.0,6.0,5.0,4.0,2.0,DERMASON
0.0,1.0,1.0,0.0,1.0,1.0,0.0,0.0,4.0,4.0,4.0,4.0,6.0,5.0,4.0,4.0,DERMASON
0.0,1.0,1.0,0.0,2.0,2.0,0.0,0.0,2.0,4.0,5.0,3.0,6.0,5.0,3.0,4.0,DERMASON
0.0,1.0,1.0,0.0,1.0,1.0,0.0,0.0,2.0,4.0,5.0,4.0,6.0,5.0,4.0,5.0,DERMASON
0.0,1.0,1.0,0.0,1.0,1.0,0.0,0.0,2.0,2.0,4.0,4.0,6.0,5.0,4.0,1.0,DERMASON
0.0,1.0,1.0,0.0,1.0,1.0,0.0,0.0,2.0,4.0,5.0,4.0,6.0,5.0,4.0,3.0,DERMASON
0.0,0.0,1.0,0.0,1.0,1.0,0.0,0.0,4.0,4.0,6.0,4.0,6.0,5.0,4.0,4.0,DERMASON
0.0,1.0,1.0,0.0,4.0,4.0,0.0,0.0,1.0,3.0,3.0,1.0,6.0,3.0,1.0,4.0,DERMASON
0.0,1.0,1.0,0.0,2.0,2.0,0.0,0.0,4.0,4.0,4.0,3.0,6.0,4.0,3.0,4.0,DERMASON
0.0,1.0,1.0,0.0,1.0,1.0,0.0,0.0,4.0,4.0,5.0,4.0,6.0,5.0,4.0,4.0,DERMASON
0.0,1.0,1.0,0.0,1.0,1.0,0.0,0.0,2.0,4.0,5.0,4.0,6.0,5.0,4.0,4.0,DERMASON
0.0,1.0,1.0,0.0,2.0,2.0,0.0,0.0,5.0,4.0,5.0,3.0,6.0,5.0,3.0,4.0,DERMASON
0.0,1.0,1.0,0.0,1.0,1.0,0.0,0.0,3.0,2.0,4.0,4.0,6.0,5.0,4.0,5.0,DERMASON
0.0,0.0,1.0,0.0,1.0,1.0,0.0,0.0,2.0,4.0,6.0,4.0,6.0,5.0,4.0,4.0,DERMASON
0.0,1.0,1.0,0.0,1.0,1.0,0.0,0.0,4.0,4.0,5.0,4.0,6.0,5.0,4.0,4.0,DERMASON
0.0,1.0,1.0,0.0,1.0,1.0,0.0,0.0,2.0,4.0,5.0,4.0,6.0,5.0,4.0,4.0,DERMASON
0.0,1.0,1.0,0.0,1.0,1.0,0.0,0.0,2.0,4.0,5.0,4.0,6.0,5.0,4.0,4.0,DERMASON
0.0,1.0,1.0,0.0,1.0,1.0,0.0,0.0,2.0,4.0,5.0,4.0,6.0,5.0,4.0,4.0,DERMASON
0.0,0.0,1.0,0.0,0.0,0.0,0.0,0.0,4.0,4.0,6.0,5.0,6.0,6.0,5.0,4.0,DERMASON
0.0,0.0,1.0,0.0,1.0,1.0,0.0,0.0,2.0,4.0,6.0,4.0,6.0,5.0,4.0,4.0,DERMASON
0.0,1.0,1.0,0.0,1.0,1.0,0.0,0.0,5.0,4.0,5.0,4.0,6.0,5.0,4.0,4.0,DERMASON
0.0,1.0,1.0,0.0,1.0,1.0,0.0,0.0,4.0,4.0,5.0,4.0,6.0,5.0,4.0,4.0,DERMASON
0.0,1.0,1.0,0.0,1.0,1.0,0.0,0.0,4.0,4.0,5.0,4.0,6.0,5.0,4.0,4.0,DERMASON
0.0,1.0,1.0,0.0,2.0,2.0,0.0,0.0,4.0,4.0,5.0,3.0,6.0,5.0,3.0,4.0,DERMASON
0.0,1.0,1.0,0.0,3.0,3.0,0.0,0.0,4.0,4.0,3.0,2.0,6.0,4.0,2.0,4.0,DERMASON
0.0,1.0,1.0,0.0,1.0,1.0,0.0,0.0,4.0,4.0,5.0,4.0,6.0,5.0,4.0,3.0,DERMASON
0.0,1.0,1.0,0.0,1.0,1.0,0.0,0.0,2.0,4.0,5.0,4.0,6.0,5.0,4.0,4.0,DERMASON
0.0,1.0,1.0,0.0,2.0,2.0,0.0,0.0,4.0,5.0,5.0,3.0,6.0,5.0,3.0,4.0,DERMASON
0.0,1.0,1.0,0.0,2.0,2.0,0.0,0.0,5.0,4.0,5.0,3.0,6.0,5.0,3.0,4.0,DERMASON
0.0,1.0,1.0,0.0,2.0,2.0,0.0,0.0,5.0,4.0,5.0,4.0,6.0,5.0,4.0,4.0,DERMASON
0.0,1.0,1.0,0.0,1.0,1.0,0.0,0.0,4.0,5.0,5.0,4.0,6.0,5.0,4.0,4.0,DERMASON
0.0,1.0,1.0,0.0,1.0,1.0,0.0,0.0,2.0,4.0,5.0,4.0,6.0,5.0,4.0,4.0,DERMASON
0.0,1.0,1.0,0.0,1.0,1.0,0.0,0.0,5.0,4.0,5.0,4.0,6.0,5.0,4.0,4.0,DERMASON
0.0,1.0,1.0,0.0,1.0,1.0,0.0,0.0,4.0,4.0,5.0,4.0,6.0,5.0,4.0,4.0,DERMASON
0.0,1.0,1.0,0.0,2.0,2.0,0.0,0.0,4.0,4.0,4.0,3.0,6.0,5.0,3.0,4.0,DERMASON
0.0,1.0,1.0,0.0,1.0,1.0,0.0,0.0,2.0,4.0,5.0,4.0,6.0,5.0,4.0,2.0,DERMASON
0.0,1.0,1.0,0.0,1.0,1.0,0.0,0.0,4.0,4.0,5.0,4.0,6.0,5.0,4.0,4.0,DERMASON
0.0,1.0,1.0,0.0,0.0,0.0,0.0,0.0,4.0,4.0,5.0,5.0,6.0,6.0,5.0,4.0,DERMASON
0.0,1.0,1.0,0.0,1.0,1.0,0.0,0.0,5.0,4.0,5.0,4.0,6.0,5.0,4.0,4.0,DERMASON
0.0,1.0,1.0,0.0,1.0,1.0,0.0,0.0,4.0,4.0,5.0,4.0,6.0,5.0,4.0,4.0,DERMASON
0.0,1.0,1.0,0.0,1.0,1.0,0.0,0.0,2.0,4.0,5.0,4.0,6.0,5.0,4.0,4.0,DERMASON
0.0,1.0,1.0,0.0,1.0,1.0,0.0,0.0,2.0,4.0,5.0,4.0,6.0,5.0,4.0,4.0,DERMASON
0.0,1.0,1.0,0.0,2.0,2.0,0.0,0.0,2.0,4.0,5.0,3.0,6.0,5.0,3.0,4.0,DERMASON
0.0,1.0,1.0,0.0,2.0,2.0,0.0,0.0,2.0,4.0,4.0,3.0,6.0,5.0,3.0,4.0,DERMASON
0.0,1.0,1.0,0.0,2.0,2.0,0.0,0.0,2.0,4.0,4.0,3.0,6.0,5.0,3.0,4.0,DERMASON
0.0,1.0,1.0,0.0,1.0,1.0,0.0,0.0,2.0,4.0,5.0,4.0,6.0,5.0,4.0,4.0,DERMASON
0.0,1.0,1.0,0.0,1.0,1.0,0.0,0.0,2.0,4.0,5.0,4.0,6.0,5.0,4.0,4.0,DERMASON
0.0,1.0,1.0,0.0,1.0,1.0,0.0,0.0,2.0,5.0,5.0,4.0,6.0,5.0,4.0,4.0,DERMASON
0.0,1.0,1.0,0.0,1.0,1.0,0.0,0.0,4.0,4.0,5.0,4.0,6.0,5.0,4.0,6.0,DERMASON
0.0,1.0,1.0,0.0,1.0,1.0,0.0,0.0,2.0,4.0,5.0,4.0,6.0,5.0,4.0,4.0,DERMASON
0.0,1.0,1.0,0.0,1.0,1.0,0.0,0.0,4.0,4.0,5.0,4.0,6.0,5.0,4.0,4.0,DERMASON
0.0,1.0,1.0,0.0,1.0,1.0,0.0,0.0,2.0,4.0,5.0,4.0,6.0,5.0,4.0,5.0,DERMASON
0.0,1.0,1.0,0.0,1.0,1.0,0.0,0.0,5.0,4.0,5.0,4.0,6.0,5.0,4.0,4.0,DERMASON
0.0,1.0,1.0,0.0,1.0,1.0,0.0,0.0,5.0,4.0,5.0,4.0,6.0,5.0,4.0,4.0,DERMASON
0.0,1.0,1.0,0.0,1.0,1.0,0.0,0.0,4.0,4.0,4.0,3.0,6.0,5.0,3.0,3.0,DERMASON
0.0,1.0,1.0,0.0,1.0,1.0,0.0,0.0,4.0,4.0,5.0,4.0,6.0,5.0,4.0,4.0,DERMASON
0.0,1.0,1.0,0.0,1.0,1.0,0.0,0.0,3.0,4.0,5.0,4.0,6.0,5.0,4.0,5.0,DERMASON
0.0,1.0,1.0,0.0,1.0,1.0,0.0,0.0,2.0,3.0,4.0,4.0,6.0,5.0,4.0,2.0,DERMASON
0.0,1.0,1.0,0.0,1.0,1.0,0.0,0.0,4.0,6.0,6.0,4.0,6.0,5.0,4.0,4.0,DERMASON
0.0,1.0,1.0,0.0,1.0,1.0,0.0,0.0,2.0,4.0,5.0,4.0,6.0,5.0,4.0,1.0,DERMASON
0.0,1.0,1.0,0.0,2.0,2.0,0.0,0.0,2.0,2.0,1.0,3.0,6.0,4.0,3.0,4.0,DERMASON
0.0,1.0,1.0,0.0,1.0,1.0,0.0,0.0,4.0,4.0,5.0,4.0,6.0,5.0,4.0,4.0,DERMASON
0.0,1.0,1.0,0.0,1.0,1.0,0.0,0.0,5.0,4.0,5.0,4.0,6.0,5.0,4.0,4.0,DERMASON
0.0,1.0,1.0,0.0,3.0,3.0,0.0,0.0,1.0,4.0,4.0,2.0,6.0,4.0,2.0,3.0,DERMASON
0.0,1.0,1.0,0.0,1.0,1.0,0.0,0.0,5.0,4.0,5.0,4.0,6.0,5.0,4.0,3.0,DERMASON
0.0,1.0,1.0,0.0,1.0,1.0,0.0,0.0,2.0,4.0,5.0,4.0,6.0,5.0,4.0,4.0,DERMASON
0.0,1.0,1.0,0.0,3.0,3.0,0.0,0.0,2.0,5.0,5.0,2.0,6.0,4.0,2.0,5.0,DERMASON
0.0,1.0,1.0,0.0,1.0,1.0,0.0,0.0,2.0,3.0,5.0,4.0,6.0,5.0,4.0,5.0,DERMASON
0.0,1.0,1.0,0.0,1.0,1.0,0.0,0.0,4.0,4.0,5.0,4.0,6.0,5.0,4.0,2.0,DERMASON
0.0,1.0,1.0,0.0,1.0,1.0,0.0,0.0,2.0,4.0,5.0,4.0,6.0,5.0,4.0,4.0,DERMASON
0.0,1.0,1.0,0.0,1.0,1.0,0.0,0.0,3.0,4.0,5.0,4.0,6.0,5.0,4.0,3.0,DERMASON
0.0,1.0,1.0,0.0,4.0,4.0,0.0,0.0,2.0,5.0,4.0,2.0,6.0,3.0,2.0,4.0,DERMASON
0.0,1.0,1.0,0.0,1.0,1.0,0.0,0.0,2.0,4.0,5.0,4.0,6.0,5.0,4.0,4.0,DERMASON
0.0,1.0,1.0,0.0,1.0,1.0,0.0,0.0,2.0,4.0,5.0,4.0,6.0,5.0,4.0,4.0,DERMASON
0.0,1.0,1.0,0.0,1.0,1.0,0.0,0.0,4.0,4.0,5.0,4.0,6.0,5.0,4.0,3.0,DERMASON
0.0,1.0,1.0,0.0,2.0,2.0,0.0,0.0,2.0,4.0,4.0,3.0,6.0,5.0,3.0,1.0,DERMASON
0.0,1.0,1.0,0.0,1.0,1.0,0.0,0.0,2.0,4.0,5.0,4.0,6.0,5.0,4.0,3.0,DERMASON
0.0,1.0,1.0,0.0,2.0,2.0,0.0,0.0,5.0,4.0,5.0,3.0,6.0,5.0,3.0,4.0,DERMASON
0.0,1.0,1.0,0.0,1.0,1.0,0.0,0.0,2.0,4.0,5.0,4.0,6.0,5.0,4.0,4.0,DERMASON
0.0,1.0,1.0,0.0,2.0,2.0,0.0,0.0,6.0,4.0,5.0,3.0,6.0,5.0,3.0,4.0,DERMASON
0.0,1.0,1.0,0.0,1.0,1.0,0.0,0.0,4.0,4.0,5.0,4.0,6.0,5.0,4.0,3.0,DERMASON
0.0,1.0,1.0,0.0,1.0,1.0,0.0,0.0,4.0,4.0,4.0,4.0,6.0,5.0,4.0,4.0,DERMASON
0.0,1.0,1.0,0.0,1.0,1.0,0.0,0.0,2.0,4.0,5.0,4.0,6.0,5.0,4.0,4.0,DERMASON
0.0,1.0,1.0,0.0,2.0,2.0,0.0,0.0,4.0,4.0,4.0,3.0,6.0,5.0,3.0,3.0,DERMASON
0.0,1.0,1.0,0.0,1.0,1.0,0.0,0.0,4.0,4.0,5.0,4.0,6.0,5.0,4.0,4.0,DERMASON
0.0,1.0,1.0,0.0,1.0,1.0,0.0,0.0,2.0,4.0,5.0,4.0,6.0,5.0,4.0,4.0,DERMASON
0.0,1.0,1.0,0.0,2.0,2.0,0.0,0.0,1.0,5.0,5.0,3.0,6.0,5.0,3.0,4.0,DERMASON
0.0,1.0,1.0,0.0,1.0,1.0,0.0,0.0,2.0,4.0,5.0,4.0,6.0,5.0,4.0,4.0,DERMASON
0.0,1.0,1.0,0.0,1.0,1.0,0.0,0.0,4.0,4.0,5.0,4.0,6.0,5.0,4.0,4.0,DERMASON
0.0,1.0,1.0,0.0,2.0,2.0,0.0,0.0,4.0,2.0,5.0,3.0,6.0,5.0,3.0,4.0,DERMASON
0.0,1.0,1.0,0.0,1.0,1.0,0.0,0.0,4.0,4.0,4.0,4.0,6.0,5.0,4.0,4.0,DERMASON
0.0,1.0,1.0,0.0,1.0,1.0,0.0,0.0,2.0,4.0,5.0,4.0,6.0,5.0,4.0,4.0,DERMASON
0.0,1.0,1.0,0.0,1.0,1.0,0.0,0.0,3.0,5.0,6.0,4.0,6.0,5.0,4.0,4.0,DERMASON
0.0,1.0,1.0,0.0,2.0,2.0,0.0,0.0,5.0,4.0,4.0,3.0,6.0,4.0,3.0,4.0,DERMASON
0.0,1.0,1.0,0.0,2.0,2.0,0.0,0.0,2.0,4.0,4.0,3.0,6.0,4.0,3.0,3.0,DERMASON
0.0,1.0,1.0,0.0,2.0,2.0,0.0,0.0,5.0,4.0,4.0,3.0,6.0,4.0,3.0,2.0,DERMASON
0.0,1.0,1.0,0.0,1.0,1.0,0.0,0.0,4.0,4.0,5.0,4.0,6.0,5.0,4.0,4.0,DERMASON
0.0,1.0,1.0,0.0,1.0,1.0,0.0,0.0,2.0,4.0,5.0,4.0,6.0,5.0,4.0,4.0,DERMASON
0.0,1.0,1.0,0.0,2.0,2.0,0.0,0.0,4.0,4.0,4.0,3.0,6.0,5.0,3.0,3.0,DERMASON
0.0,1.0,1.0,0.0,1.0,1.0,0.0,0.0,4.0,4.0,5.0,4.0,6.0,5.0,4.0,4.0,DERMASON
0.0,1.0,1.0,0.0,1.0,1.0,0.0,0.0,4.0,4.0,5.0,4.0,6.0,5.0,4.0,4.0,DERMASON
0.0,1.0,1.0,0.0,1.0,1.0,0.0,0.0,3.0,4.0,5.0,4.0,6.0,5.0,4.0,4.0,DERMASON
0.0,1.0,1.0,0.0,2.0,2.0,0.0,0.0,1.0,5.0,5.0,3.0,6.0,5.0,3.0,4.0,DERMASON
0.0,1.0,1.0,0.0,1.0,1.0,0.0,0.0,4.0,4.0,5.0,4.0,6.0,5.0,4.0,3.0,DERMASON
0.0,1.0,1.0,0.0,1.0,1.0,0.0,0.0,2.0,4.0,6.0,4.0,6.0,5.0,4.0,4.0,DERMASON
0.0,1.0,1.0,0.0,2.0,2.0,0.0,0.0,1.0,4.0,5.0,3.0,6.0,5.0,3.0,4.0,DERMASON
0.0,1.0,1.0,0.0,1.0,1.0,0.0,0.0,4.0,4.0,5.0,4.0,6.0,5.0,4.0,4.0,DERMASON
0.0,1.0,1.0,0.0,1.0,1.0,0.0,0.0,4.0,4.0,5.0,4.0,6.0,5.0,4.0,5.0,DERMASON
0.0,1.0,1.0,0.0,1.0,1.0,0.0,0.0,2.0,4.0,4.0,4.0,6.0,5.0,4.0,3.0,DERMASON
0.0,1.0,1.0,0.0,2.0,2.0,0.0,0.0,2.0,4.0,5.0,3.0,6.0,5.0,3.0,4.0,DERMASON
0.0,1.0,1.0,0.0,2.0,2.0,0.0,0.0,4.0,3.0,4.0,3.0,6.0,4.0,3.0,4.0,DERMASON
0.0,1.0,1.0,0.0,1.0,1.0,0.0,0.0,2.0,3.0,5.0,4.0,6.0,5.0,4.0,4.0,DERMASON
0.0,1.0,1.0,0.0,1.0,1.0,0.0,0.0,2.0,4.0,5.0,4.0,6.0,5.0,4.0,4.0,DERMASON
0.0,1.0,1.0,0.0,2.0,2.0,0.0,0.0,2.0,4.0,4.0,3.0,6.0,4.0,3.0,4.0,DERMASON
0.0,1.0,1.0,0.0,3.0,3.0,0.0,0.0,2.0,6.0,4.0,2.0,6.0,4.0,2.0,4.0,DERMASON
0.0,1.0,1.0,0.0,1.0,1.0,0.0,0.0,2.0,4.0,5.0,4.0,6.0,5.0,4.0,3.0,DERMASON
0.0,1.0,1.0,0.0,1.0,1.0,0.0,0.0,3.0,2.0,4.0,4.0,6.0,5.0,4.0,4.0,DERMASON
0.0,1.0,1.0,0.0,1.0,1.0,0.0,0.0,4.0,4.0,5.0,4.0,6.0,5.0,4.0,4.0,DERMASON
0.0,1.0,1.0,0.0,1.0,1.0,0.0,0.0,4.0,4.0,5.0,4.0,6.0,5.0,4.0,3.0,DERMASON
0.0,1.0,1.0,0.0,2.0,2.0,0.0,0.0,4.0,4.0,5.0,3.0,6.0,5.0,3.0,4.0,DERMASON
0.0,1.0,1.0,0.0,1.0,1.0,0.0,0.0,2.0,4.0,5.0,4.0,6.0,5.0,4.0,4.0,DERMASON
0.0,1.0,1.0,0.0,1.0,1.0,0.0,0.0,2.0,4.0,5.0,4.0,6.0,5.0,4.0,4.0,DERMASON
0.0,1.0,1.0,0.0,1.0,1.0,0.0,0.0,5.0,6.0,5.0,4.0,6.0,5.0,4.0,4.0,DERMASON
0.0,1.0,1.0,0.0,2.0,2.0,0.0,0.0,2.0,4.0,5.0,3.0,6.0,5.0,3.0,3.0,DERMASON
0.0,1.0,1.0,0.0,1.0,1.0,0.0,0.0,4.0,2.0,4.0,4.0,6.0,5.0,4.0,4.0,DERMASON
0.0,1.0,1.0,0.0,1.0,1.0,0.0,0.0,2.0,4.0,5.0,4.0,6.0,5.0,4.0,5.0,DERMASON
0.0,1.0,1.0,0.0,2.0,2.0,0.0,0.0,4.0,4.0,4.0,3.0,6.0,4.0,3.0,4.0,DERMASON
0.0,1.0,1.0,0.0,1.0,1.0,0.0,0.0,2.0,4.0,5.0,4.0,6.0,5.0,4.0,4.0,DERMASON
0.0,1.0,1.0,0.0,1.0,1.0,0.0,0.0,4.0,3.0,5.0,4.0,6.0,5.0,4.0,4.0,DERMASON
0.0,1.0,1.0,0.0,1.0,1.0,0.0,0.0,2.0,4.0,4.0,4.0,6.0,5.0,4.0,4.0,DERMASON
0.0,1.0,1.0,0.0,1.0,1.0,0.0,0.0,4.0,6.0,5.0,4.0,6.0,5.0,4.0,5.0,DERMASON
0.0,1.0,1.0,0.0,1.0,1.0,0.0,0.0,1.0,4.0,4.0,4.0,6.0,5.0,4.0,4.0,DERMASON
0.0,1.0,1.0,0.0,1.0,1.0,0.0,0.0,5.0,6.0,5.0,4.0,6.0,5.0,4.0,5.0,DERMASON
0.0,1.0,1.0,0.0,1.0,1.0,0.0,0.0,4.0,4.0,5.0,4.0,6.0,5.0,4.0,4.0,DERMASON
0.0,1.0,1.0,0.0,2.0,2.0,0.0,0.0,5.0,5.0,5.0,3.0,6.0,5.0,3.0,4.0,DERMASON
0.0,1.0,1.0,0.0,2.0,2.0,0.0,0.0,4.0,3.0,4.0,3.0,6.0,5.0,3.0,1.0,DERMASON
0.0,1.0,1.0,0.0,1.0,1.0,0.0,0.0,4.0,4.0,5.0,4.0,6.0,5.0,4.0,4.0,DERMASON
0.0,1.0,1.0,0.0,1.0,1.0,0.0,0.0,4.0,4.0,5.0,4.0,6.0,5.0,4.0,4.0,DERMASON
0.0,1.0,1.0,0.0,2.0,2.0,0.0,0.0,5.0,4.0,5.0,3.0,6.0,5.0,3.0,4.0,DERMASON
0.0,1.0,1.0,0.0,1.0,1.0,0.0,0.0,4.0,4.0,5.0,4.0,6.0,5.0,4.0,4.0,DERMASON
0.0,1.0,1.0,0.0,1.0,1.0,0.0,0.0,4.0,4.0,4.0,4.0,6.0,5.0,4.0,4.0,DERMASON
0.0,1.0,1.0,0.0,1.0,1.0,0.0,0.0,4.0,4.0,5.0,4.0,6.0,5.0,4.0,4.0,DERMASON
0.0,1.0,1.0,0.0,1.0,1.0,0.0,0.0,5.0,4.0,5.0,4.0,6.0,5.0,4.0,3.0,DERMASON
0.0,1.0,1.0,0.0,1.0,1.0,0.0,0.0,4.0,4.0,6.0,4.0,5.0,5.0,4.0,6.0,DERMASON
0.0,1.0,1.0,0.0,1.0,1.0,0.0,0.0,4.0,4.0,5.0,4.0,6.0,5.0,4.0,4.0,DERMASON
0.0,1.0,1.0,0.0,1.0,1.0,0.0,0.0,4.0,4.0,5.0,4.0,6.0,5.0,4.0,4.0,DERMASON
0.0,1.0,1.0,0.0,2.0,2.0,0.0,0.0,1.0,6.0,4.0,3.0,6.0,5.0,3.0,1.0,DERMASON
0.0,1.0,1.0,0.0,2.0,2.0,0.0,0.0,1.0,4.0,4.0,3.0,6.0,5.0,3.0,1.0,DERMASON
0.0,0.0,1.0,0.0,1.0,1.0,0.0,0.0,5.0,6.0,6.0,4.0,6.0,5.0,4.0,4.0,DERMASON
0.0,1.0,1.0,0.0,1.0,1.0,0.0,0.0,2.0,3.0,5.0,4.0,6.0,5.0,4.0,2.0,DERMASON
0.0,1.0,1.0,0.0,1.0,1.0,0.0,0.0,5.0,4.0,5.0,3.0,6.0,5.0,3.0,3.0,DERMASON
0.0,1.0,1.0,0.0,1.0,1.0,0.0,0.0,2.0,4.0,5.0,4.0,6.0,5.0,4.0,4.0,DERMASON
0.0,1.0,1.0,0.0,1.0,1.0,0.0,0.0,5.0,4.0,5.0,4.0,6.0,5.0,4.0,4.0,DERMASON
0.0,1.0,1.0,0.0,1.0,1.0,0.0,0.0,5.0,4.0,5.0,4.0,6.0,5.0,4.0,3.0,DERMASON
0.0,1.0,1.0,0.0,2.0,2.0,0.0,0.0,2.0,4.0,5.0,3.0,6.0,5.0,3.0,4.0,DERMASON
0.0,1.0,1.0,0.0,1.0,1.0,0.0,0.0,2.0,4.0,5.0,4.0,6.0,5.0,4.0,4.0,DERMASON
0.0,1.0,1.0,0.0,1.0,1.0,0.0,0.0,2.0,4.0,4.0,4.0,6.0,5.0,4.0,4.0,DERMASON
0.0,1.0,1.0,0.0,1.0,1.0,0.0,0.0,2.0,4.0,5.0,4.0,6.0,5.0,4.0,4.0,DERMASON
0.0,1.0,1.0,0.0,2.0,2.0,0.0,0.0,2.0,4.0,5.0,3.0,6.0,5.0,3.0,4.0,DERMASON
0.0,1.0,1.0,0.0,3.0,3.0,0.0,0.0,4.0,4.0,4.0,2.0,6.0,4.0,2.0,5.0,DERMASON
0.0,1.0,1.0,0.0,1.0,1.0,0.0,0.0,2.0,4.0,5.0,4.0,6.0,5.0,4.0,4.0,DERMASON
0.0,1.0,1.0,0.0,2.0,2.0,0.0,0.0,2.0,4.0,5.0,3.0,6.0,5.0,3.0,4.0,DERMASON
0.0,1.0,1.0,0.0,1.0,1.0,0.0,0.0,5.0,4.0,5.0,4.0,6.0,5.0,4.0,4.0,DERMASON
0.0,1.0,1.0,0.0,1.0,1.0,0.0,0.0,4.0,5.0,5.0,4.0,6.0,5.0,4.0,4.0,DERMASON
0.0,1.0,1.0,0.0,1.0,1.0,0.0,0.0,2.0,4.0,5.0,4.0,6.0,5.0,4.0,3.0,DERMASON
0.0,1.0,1.0,0.0,1.0,1.0,0.0,0.0,4.0,4.0,5.0,4.0,6.0,5.0,4.0,4.0,DERMASON
0.0,1.0,1.0,0.0,2.0,2.0,0.0,0.0,4.0,4.0,5.0,3.0,6.0,5.0,3.0,5.0,DERMASON
0.0,1.0,1.0,0.0,4.0,4.0,0.0,0.0,1.0,4.0,4.0,1.0,6.0,3.0,1.0,4.0,DERMASON
0.0,1.0,1.0,0.0,2.0,2.0,0.0,0.0,2.0,5.0,5.0,3.0,6.0,5.0,3.0,4.0,DERMASON
0.0,1.0,1.0,0.0,2.0,2.0,0.0,0.0,2.0,2.0,3.0,3.0,6.0,5.0,3.0,3.0,DERMASON
0.0,1.0,1.0,0.0,1.0,1.0,0.0,0.0,4.0,4.0,5.0,4.0,6.0,5.0,4.0,4.0,DERMASON
0.0,1.0,1.0,0.0,1.0,1.0,0.0,0.0,4.0,4.0,6.0,4.0,6.0,5.0,4.0,4.0,DERMASON
0.0,1.0,1.0,0.0,1.0,1.0,0.0,0.0,4.0,4.0,5.0,4.0,6.0,5.0,4.0,4.0,DERMASON
0.0,1.0,1.0,0.0,1.0,1.0,0.0,0.0,6.0,5.0,5.0,4.0,6.0,5.0,4.0,4.0,DERMASON
0.0,0.0,1.0,0.0,1.0,1.0,0.0,0.0,4.0,4.0,6.0,4.0,6.0,5.0,4.0,4.0,DERMASON
0.0,1.0,1.0,0.0,1.0,1.0,0.0,0.0,2.0,4.0,5.0,4.0,6.0,5.0,4.0,4.0,DERMASON
0.0,1.0,1.0,0.0,1.0,1.0,0.0,0.0,4.0,4.0,5.0,4.0,6.0,5.0,4.0,4.0,DERMASON
0.0,1.0,1.0,0.0,1.0,1.0,0.0,0.0,5.0,4.0,5.0,4.0,6.0,5.0,4.0,5.0,DERMASON
0.0,1.0,1.0,0.0,1.0,1.0,0.0,0.0,6.0,3.0,5.0,4.0,6.0,5.0,4.0,4.0,DERMASON
0.0,1.0,1.0,0.0,2.0,2.0,0.0,0.0,1.0,4.0,5.0,3.0,6.0,5.0,3.0,3.0,DERMASON
0.0,1.0,1.0,0.0,1.0,1.0,0.0,0.0,5.0,4.0,5.0,4.0,6.0,5.0,4.0,5.0,DERMASON
0.0,1.0,1.0,0.0,1.0,1.0,0.0,0.0,4.0,4.0,5.0,4.0,6.0,5.0,4.0,3.0,DERMASON
0.0,1.0,1.0,0.0,2.0,2.0,0.0,0.0,2.0,4.0,5.0,3.0,6.0,5.0,3.0,4.0,DERMASON
0.0,1.0,1.0,0.0,1.0,1.0,0.0,0.0,2.0,4.0,5.0,4.0,6.0,5.0,4.0,3.0,DERMASON
0.0,1.0,1.0,0.0,1.0,1.0,0.0,0.0,5.0,4.0,5.0,4.0,6.0,5.0,4.0,4.0,DERMASON
0.0,1.0,1.0,0.0,1.0,1.0,0.0,0.0,3.0,4.0,5.0,4.0,6.0,5.0,4.0,6.0,DERMASON
0.0,1.0,1.0,0.0,1.0,1.0,0.0,0.0,4.0,6.0,5.0,4.0,6.0,5.0,4.0,4.0,DERMASON
0.0,1.0,1.0,0.0,1.0,1.0,0.0,0.0,4.0,4.0,5.0,4.0,6.0,5.0,4.0,4.0,DERMASON
0.0,1.0,1.0,0.0,1.0,1.0,0.0,0.0,4.0,4.0,5.0,4.0,6.0,5.0,4.0,4.0,DERMASON
0.0,1.0,1.0,0.0,1.0,1.0,0.0,0.0,3.0,4.0,5.0,4.0,6.0,5.0,4.0,4.0,DERMASON
0.0,1.0,1.0,0.0,2.0,2.0,0.0,0.0,4.0,5.0,5.0,3.0,6.0,4.0,3.0,4.0,DERMASON
0.0,1.0,1.0,0.0,1.0,1.0,0.0,0.0,2.0,4.0,5.0,4.0,6.0,5.0,4.0,4.0,DERMASON
0.0,1.0,1.0,0.0,1.0,1.0,0.0,0.0,4.0,4.0,5.0,4.0,6.0,5.0,4.0,5.0,DERMASON
0.0,1.0,1.0,0.0,1.0,1.0,0.0,0.0,2.0,4.0,5.0,4.0,6.0,5.0,4.0,4.0,DERMASON
0.0,1.0,1.0,0.0,2.0,2.0,0.0,0.0,1.0,4.0,4.0,3.0,6.0,4.0,3.0,4.0,DERMASON
0.0,1.0,1.0,0.0,1.0,1.0,0.0,0.0,2.0,4.0,5.0,4.0,6.0,5.0,4.0,4.0,DERMASON
0.0,1.0,1.0,0.0,1.0,1.0,0.0,0.0,5.0,4.0,5.0,4.0,6.0,5.0,4.0,5.0,DERMASON
0.0,1.0,1.0,0.0,1.0,1.0,0.0,0.0,5.0,4.0,5.0,4.0,6.0,5.0,4.0,4.0,DERMASON
0.0,1.0,1.0,0.0,1.0,1.0,0.0,0.0,4.0,4.0,5.0,4.0,6.0,5.0,4.0,3.0,DERMASON
0.0,1.0,1.0,0.0,1.0,1.0,0.0,0.0,4.0,4.0,5.0,4.0,6.0,5.0,4.0,4.0,DERMASON
0.0,1.0,1.0,0.0,1.0,1.0,0.0,0.0,3.0,4.0,5.0,4.0,6.0,5.0,4.0,4.0,DERMASON
0.0,1.0,1.0,0.0,1.0,1.0,0.0,0.0,2.0,4.0,5.0,4.0,6.0,5.0,4.0,4.0,DERMASON
0.0,1.0,1.0,0.0,2.0,2.0,0.0,0.0,2.0,4.0,4.0,3.0,6.0,4.0,3.0,4.0,DERMASON
0.0,1.0,1.0,0.0,1.0,1.0,0.0,0.0,2.0,4.0,5.0,4.0,6.0,5.0,4.0,4.0,DERMASON
0.0,1.0,1.0,0.0,1.0,1.0,0.0,0.0,4.0,4.0,5.0,4.0,6.0,5.0,4.0,4.0,DERMASON
0.0,1.0,1.0,0.0,1.0,1.0,0.0,0.0,2.0,6.0,5.0,4.0,6.0,5.0,4.0,5.0,DERMASON
0.0,1.0,1.0,0.0,1.0,1.0,0.0,0.0,4.0,4.0,5.0,4.0,6.0,5.0,4.0,4.0,DERMASON
0.0,1.0,1.0,0.0,1.0,1.0,0.0,0.0,4.0,4.0,5.0,4.0,6.0,5.0,4.0,4.0,DERMASON
0.0,1.0,1.0,0.0,1.0,1.0,0.0,0.0,3.0,4.0,5.0,4.0,6.0,5.0,4.0,4.0,DERMASON
0.0,2.0,1.0,0.0,2.0,2.0,0.0,0.0,4.0,1.0,1.0,3.0,6.0,4.0,3.0,1.0,DERMASON
0.0,1.0,1.0,0.0,1.0,1.0,0.0,0.0,2.0,4.0,5.0,4.0,6.0,5.0,4.0,4.0,DERMASON
0.0,1.0,1.0,1.0,0.0,0.0,0.0,0.0,5.0,4.0,5.0,5.0,5.0,5.0,5.0,3.0,DERMASON
0.0,1.0,1.0,0.0,1.0,1.0,0.0,0.0,2.0,4.0,5.0,4.0,6.0,5.0,4.0,6.0,DERMASON
0.0,1.0,1.0,0.0,1.0,1.0,0.0,0.0,2.0,4.0,5.0,4.0,6.0,5.0,4.0,2.0,DERMASON
0.0,1.0,1.0,0.0,1.0,1.0,0.0,0.0,2.0,4.0,5.0,4.0,6.0,5.0,4.0,5.0,DERMASON
0.0,1.0,1.0,0.0,2.0,2.0,0.0,0.0,2.0,4.0,4.0,3.0,6.0,5.0,3.0,6.0,DERMASON
0.0,1.0,1.0,0.0,1.0,1.0,0.0,0.0,3.0,4.0,5.0,4.0,6.0,5.0,4.0,4.0,DERMASON
0.0,1.0,1.0,0.0,1.0,1.0,0.0,0.0,6.0,4.0,5.0,4.0,6.0,5.0,4.0,4.0,DERMASON
0.0,1.0,1.0,0.0,1.0,1.0,0.0,0.0,4.0,4.0,5.0,4.0,6.0,5.0,4.0,5.0,DERMASON
0.0,1.0,1.0,0.0,1.0,1.0,0.0,0.0,4.0,4.0,5.0,4.0,6.0,5.0,4.0,3.0,DERMASON
0.0,1.0,1.0,0.0,1.0,1.0,0.0,0.0,4.0,4.0,5.0,4.0,6.0,5.0,4.0,3.0,DERMASON
0.0,1.0,1.0,0.0,3.0,3.0,0.0,0.0,2.0,5.0,4.0,2.0,6.0,4.0,2.0,5.0,DERMASON
0.0,1.0,1.0,0.0,1.0,1.0,0.0,0.0,2.0,4.0,5.0,4.0,6.0,5.0,4.0,5.0,DERMASON
0.0,1.0,1.0,0.0,2.0,2.0,0.0,0.0,3.0,4.0,4.0,3.0,6.0,4.0,3.0,4.0,DERMASON
0.0,1.0,1.0,0.0,1.0,1.0,0.0,0.0,2.0,4.0,5.0,4.0,6.0,5.0,4.0,4.0,DERMASON
0.0,1.0,1.0,1.0,0.0,0.0,0.0,0.0,2.0,4.0,6.0,6.0,5.0,6.0,6.0,3.0,DERMASON
0.0,1.0,1.0,0.0,1.0,1.0,0.0,0.0,4.0,4.0,5.0,4.0,6.0,5.0,4.0,4.0,DERMASON
0.0,1.0,1.0,0.0,3.0,3.0,0.0,0.0,2.0,4.0,4.0,2.0,6.0,4.0,2.0,4.0,DERMASON
0.0,1.0,1.0,0.0,2.0,2.0,0.0,0.0,4.0,4.0,5.0,3.0,6.0,4.0,3.0,4.0,DERMASON
0.0,1.0,1.0,0.0,1.0,1.0,0.0,0.0,2.0,3.0,5.0,4.0,6.0,5.0,4.0,4.0,DERMASON
0.0,1.0,1.0,0.0,1.0,1.0,0.0,0.0,4.0,4.0,5.0,4.0,6.0,5.0,4.0,4.0,DERMASON
0.0,1.0,1.0,0.0,1.0,1.0,0.0,0.0,4.0,4.0,5.0,4.0,6.0,5.0,4.0,3.0,DERMASON
0.0,1.0,1.0,0.0,1.0,1.0,0.0,0.0,2.0,4.0,5.0,4.0,6.0,5.0,4.0,3.0,DERMASON
0.0,1.0,1.0,0.0,1.0,1.0,0.0,0.0,4.0,4.0,5.0,4.0,6.0,5.0,4.0,6.0,DERMASON
0.0,1.0,1.0,0.0,1.0,1.0,0.0,0.0,4.0,4.0,5.0,4.0,6.0,5.0,4.0,4.0,DERMASON
0.0,1.0,1.0,0.0,1.0,1.0,0.0,0.0,5.0,5.0,5.0,4.0,6.0,5.0,4.0,4.0,DERMASON
0.0,1.0,1.0,0.0,1.0,1.0,0.0,0.0,4.0,4.0,5.0,4.0,6.0,5.0,4.0,5.0,DERMASON
0.0,1.0,1.0,0.0,1.0,1.0,0.0,0.0,1.0,4.0,5.0,4.0,6.0,5.0,4.0,3.0,DERMASON
0.0,1.0,1.0,0.0,2.0,2.0,0.0,0.0,1.0,4.0,5.0,3.0,6.0,5.0,3.0,4.0,DERMASON
0.0,1.0,1.0,0.0,1.0,1.0,0.0,0.0,2.0,4.0,5.0,4.0,5.0,5.0,4.0,4.0,DERMASON
0.0,1.0,1.0,0.0,1.0,1.0,0.0,0.0,2.0,4.0,5.0,4.0,6.0,5.0,4.0,4.0,DERMASON
0.0,1.0,1.0,0.0,1.0,1.0,0.0,0.0,2.0,4.0,5.0,4.0,6.0,5.0,4.0,3.0,DERMASON
0.0,1.0,1.0,0.0,1.0,1.0,0.0,0.0,5.0,4.0,5.0,4.0,6.0,5.0,4.0,4.0,DERMASON
0.0,1.0,1.0,0.0,1.0,1.0,0.0,0.0,2.0,4.0,5.0,4.0,6.0,5.0,4.0,4.0,DERMASON
0.0,1.0,1.0,0.0,1.0,1.0,0.0,0.0,2.0,4.0,5.0,4.0,6.0,5.0,4.0,4.0,DERMASON
0.0,1.0,1.0,0.0,1.0,1.0,0.0,0.0,2.0,4.0,5.0,4.0,6.0,5.0,4.0,3.0,DERMASON
0.0,1.0,1.0,0.0,2.0,2.0,0.0,0.0,5.0,4.0,5.0,3.0,6.0,4.0,3.0,4.0,DERMASON
0.0,1.0,1.0,0.0,1.0,1.0,0.0,0.0,2.0,4.0,5.0,4.0,6.0,5.0,4.0,4.0,DERMASON
0.0,1.0,1.0,1.0,1.0,1.0,0.0,0.0,4.0,5.0,6.0,4.0,5.0,5.0,4.0,3.0,DERMASON
0.0,1.0,1.0,0.0,1.0,1.0,0.0,0.0,2.0,4.0,5.0,4.0,6.0,5.0,4.0,4.0,DERMASON
0.0,1.0,1.0,0.0,2.0,2.0,0.0,0.0,5.0,4.0,5.0,3.0,6.0,5.0,3.0,2.0,DERMASON
0.0,1.0,1.0,0.0,2.0,2.0,0.0,0.0,5.0,4.0,5.0,3.0,6.0,5.0,3.0,4.0,DERMASON
0.0,1.0,1.0,0.0,1.0,1.0,0.0,0.0,4.0,1.0,1.0,4.0,6.0,5.0,4.0,3.0,DERMASON
0.0,1.0,1.0,0.0,2.0,2.0,0.0,0.0,3.0,4.0,5.0,3.0,6.0,5.0,3.0,4.0,DERMASON
0.0,1.0,1.0,0.0,1.0,1.0,0.0,0.0,2.0,5.0,5.0,4.0,6.0,5.0,4.0,4.0,DERMASON
0.0,1.0,1.0,0.0,1.0,1.0,0.0,0.0,4.0,4.0,5.0,4.0,6.0,5.0,4.0,5.0,DERMASON
0.0,1.0,1.0,0.0,1.0,1.0,0.0,0.0,3.0,4.0,5.0,4.0,6.0,5.0,4.0,6.0,DERMASON
0.0,1.0,1.0,0.0,1.0,1.0,0.0,0.0,5.0,4.0,5.0,4.0,6.0,5.0,4.0,4.0,DERMASON
0.0,1.0,1.0,0.0,1.0,1.0,0.0,0.0,4.0,4.0,6.0,4.0,5.0,5.0,4.0,4.0,DERMASON
0.0,1.0,1.0,0.0,1.0,1.0,0.0,0.0,4.0,3.0,4.0,4.0,6.0,5.0,4.0,4.0,DERMASON
0.0,1.0,1.0,0.0,2.0,2.0,0.0,0.0,5.0,4.0,5.0,3.0,6.0,5.0,3.0,3.0,DERMASON
0.0,1.0,1.0,1.0,1.0,1.0,0.0,0.0,5.0,4.0,6.0,4.0,5.0,5.0,4.0,4.0,DERMASON
0.0,1.0,1.0,0.0,1.0,1.0,0.0,0.0,3.0,3.0,5.0,4.0,6.0,5.0,4.0,4.0,DERMASON
0.0,1.0,1.0,0.0,2.0,2.0,0.0,0.0,4.0,4.0,5.0,3.0,6.0,5.0,3.0,4.0,DERMASON
0.0,1.0,1.0,0.0,1.0,1.0,0.0,0.0,4.0,4.0,5.0,4.0,6.0,5.0,4.0,4.0,DERMASON
0.0,1.0,1.0,0.0,1.0,1.0,0.0,0.0,4.0,4.0,5.0,4.0,6.0,5.0,4.0,6.0,DERMASON
0.0,1.0,1.0,0.0,1.0,1.0,0.0,0.0,2.0,4.0,6.0,4.0,6.0,5.0,4.0,6.0,DERMASON
0.0,1.0,1.0,0.0,2.0,2.0,0.0,0.0,2.0,4.0,5.0,3.0,6.0,4.0,3.0,4.0,DERMASON
0.0,1.0,1.0,0.0,1.0,1.0,0.0,0.0,2.0,4.0,5.0,4.0,6.0,5.0,4.0,4.0,DERMASON
0.0,1.0,1.0,0.0,1.0,1.0,0.0,0.0,4.0,4.0,6.0,4.0,6.0,5.0,4.0,4.0,DERMASON
0.0,1.0,1.0,0.0,2.0,2.0,0.0,0.0,4.0,3.0,4.0,3.0,6.0,4.0,3.0,4.0,DERMASON
0.0,1.0,1.0,0.0,1.0,1.0,0.0,0.0,2.0,4.0,5.0,4.0,6.0,5.0,4.0,4.0,DERMASON
0.0,1.0,1.0,0.0,1.0,1.0,0.0,0.0,4.0,4.0,5.0,4.0,6.0,5.0,4.0,4.0,DERMASON
0.0,1.0,1.0,0.0,1.0,1.0,0.0,0.0,4.0,4.0,5.0,4.0,6.0,5.0,4.0,4.0,DERMASON
0.0,1.0,1.0,0.0,1.0,1.0,0.0,0.0,2.0,4.0,5.0,4.0,6.0,5.0,4.0,4.0,DERMASON
0.0,1.0,1.0,0.0,1.0,1.0,0.0,0.0,4.0,4.0,5.0,4.0,6.0,5.0,4.0,5.0,DERMASON
0.0,1.0,1.0,0.0,1.0,1.0,0.0,0.0,2.0,4.0,5.0,4.0,6.0,5.0,4.0,5.0,DERMASON
0.0,1.0,1.0,0.0,2.0,2.0,0.0,0.0,2.0,4.0,5.0,3.0,6.0,5.0,3.0,4.0,DERMASON
0.0,1.0,1.0,0.0,1.0,1.0,0.0,0.0,4.0,4.0,5.0,4.0,6.0,5.0,4.0,4.0,DERMASON
0.0,1.0,1.0,0.0,2.0,2.0,0.0,0.0,4.0,4.0,4.0,3.0,6.0,4.0,3.0,1.0,DERMASON
0.0,1.0,1.0,0.0,1.0,1.0,0.0,0.0,5.0,4.0,5.0,4.0,6.0,5.0,4.0,4.0,DERMASON
0.0,1.0,1.0,0.0,1.0,1.0,0.0,0.0,4.0,5.0,5.0,4.0,6.0,5.0,4.0,4.0,DERMASON
0.0,1.0,1.0,0.0,1.0,1.0,0.0,0.0,4.0,4.0,5.0,4.0,6.0,5.0,4.0,4.0,DERMASON
0.0,1.0,1.0,0.0,1.0,1.0,0.0,0.0,4.0,4.0,5.0,4.0,6.0,5.0,4.0,6.0,DERMASON
0.0,1.0,1.0,0.0,1.0,1.0,0.0,0.0,2.0,4.0,5.0,4.0,6.0,5.0,4.0,5.0,DERMASON
0.0,1.0,1.0,0.0,3.0,3.0,0.0,0.0,5.0,4.0,4.0,2.0,6.0,4.0,2.0,3.0,DERMASON
0.0,1.0,1.0,0.0,1.0,1.0,0.0,0.0,4.0,4.0,5.0,4.0,6.0,5.0,4.0,4.0,DERMASON
0.0,1.0,1.0,0.0,1.0,1.0,0.0,0.0,5.0,4.0,5.0,4.0,6.0,5.0,4.0,1.0,DERMASON
0.0,1.0,1.0,0.0,1.0,1.0,0.0,0.0,5.0,4.0,5.0,4.0,6.0,5.0,4.0,4.0,DERMASON
0.0,1.0,1.0,0.0,2.0,2.0,0.0,0.0,1.0,2.0,3.0,2.0,6.0,4.0,2.0,1.0,DERMASON
0.0,1.0,1.0,0.0,1.0,1.0,0.0,0.0,2.0,4.0,5.0,4.0,6.0,5.0,4.0,1.0,DERMASON
0.0,2.0,1.0,0.0,2.0,2.0,0.0,0.0,4.0,2.0,1.0,3.0,6.0,4.0,3.0,2.0,DERMASON
0.0,1.0,1.0,0.0,2.0,2.0,0.0,0.0,2.0,4.0,4.0,3.0,6.0,4.0,3.0,2.0,DERMASON
0.0,1.0,1.0,0.0,2.0,2.0,0.0,0.0,4.0,4.0,4.0,3.0,6.0,4.0,3.0,4.0,DERMASON
0.0,1.0,1.0,0.0,1.0,1.0,0.0,0.0,2.0,4.0,5.0,4.0,6.0,5.0,4.0,3.0,DERMASON
0.0,1.0,1.0,0.0,2.0,2.0,0.0,0.0,5.0,4.0,5.0,3.0,6.0,5.0,3.0,4.0,DERMASON
0.0,1.0,1.0,0.0,2.0,2.0,0.0,0.0,4.0,4.0,5.0,3.0,6.0,5.0,3.0,2.0,DERMASON
0.0,1.0,1.0,0.0,2.0,2.0,0.0,0.0,4.0,5.0,5.0,3.0,6.0,5.0,3.0,5.0,DERMASON
0.0,1.0,1.0,0.0,2.0,2.0,0.0,0.0,4.0,4.0,4.0,3.0,6.0,4.0,3.0,5.0,DERMASON
0.0,1.0,1.0,0.0,4.0,4.0,0.0,0.0,1.0,4.0,4.0,2.0,6.0,3.0,2.0,4.0,DERMASON
0.0,1.0,1.0,0.0,2.0,2.0,0.0,0.0,5.0,3.0,4.0,3.0,6.0,4.0,3.0,4.0,DERMASON
0.0,1.0,1.0,0.0,1.0,1.0,0.0,0.0,2.0,4.0,5.0,4.0,6.0,5.0,4.0,3.0,DERMASON
0.0,1.0,1.0,0.0,1.0,1.0,0.0,0.0,4.0,4.0,5.0,4.0,6.0,5.0,4.0,4.0,DERMASON
0.0,1.0,1.0,0.0,1.0,1.0,0.0,0.0,2.0,4.0,5.0,4.0,6.0,5.0,4.0,4.0,DERMASON
0.0,1.0,1.0,1.0,1.0,1.0,0.0,0.0,5.0,4.0,5.0,4.0,5.0,5.0,4.0,4.0,DERMASON
0.0,1.0,1.0,0.0,1.0,1.0,0.0,0.0,4.0,2.0,5.0,4.0,6.0,5.0,4.0,1.0,DERMASON
0.0,1.0,1.0,0.0,1.0,1.0,0.0,0.0,4.0,4.0,5.0,4.0,6.0,5.0,4.0,4.0,DERMASON
0.0,1.0,1.0,0.0,3.0,3.0,0.0,0.0,4.0,4.0,4.0,2.0,6.0,3.0,2.0,3.0,DERMASON
0.0,1.0,1.0,0.0,2.0,2.0,0.0,0.0,4.0,4.0,5.0,3.0,6.0,5.0,3.0,4.0,DERMASON
0.0,1.0,1.0,0.0,1.0,1.0,0.0,0.0,2.0,4.0,5.0,4.0,6.0,5.0,4.0,4.0,DERMASON
0.0,1.0,1.0,0.0,1.0,1.0,0.0,0.0,4.0,4.0,5.0,4.0,6.0,5.0,4.0,4.0,DERMASON
0.0,1.0,1.0,0.0,1.0,1.0,0.0,0.0,2.0,4.0,5.0,4.0,6.0,5.0,4.0,4.0,DERMASON
0.0,1.0,1.0,0.0,1.0,1.0,0.0,0.0,2.0,4.0,5.0,4.0,6.0,5.0,4.0,3.0,DERMASON
0.0,1.0,1.0,0.0,1.0,1.0,0.0,0.0,2.0,4.0,5.0,4.0,6.0,5.0,4.0,4.0,DERMASON
0.0,1.0,1.0,0.0,2.0,2.0,0.0,0.0,4.0,4.0,4.0,3.0,6.0,5.0,3.0,4.0,DERMASON
0.0,1.0,1.0,1.0,0.0,0.0,0.0,0.0,5.0,4.0,5.0,6.0,5.0,6.0,6.0,4.0,DERMASON
0.0,1.0,1.0,0.0,1.0,1.0,0.0,0.0,5.0,4.0,5.0,4.0,6.0,5.0,4.0,3.0,DERMASON
0.0,1.0,1.0,0.0,2.0,2.0,0.0,0.0,1.0,4.0,4.0,3.0,6.0,5.0,3.0,3.0,DERMASON
0.0,1.0,1.0,0.0,1.0,1.0,0.0,0.0,3.0,4.0,4.0,4.0,6.0,5.0,4.0,4.0,DERMASON
0.0,1.0,1.0,0.0,2.0,2.0,0.0,0.0,2.0,3.0,4.0,3.0,6.0,4.0,3.0,2.0,DERMASON
0.0,1.0,1.0,0.0,4.0,4.0,0.0,0.0,5.0,4.0,4.0,1.0,6.0,3.0,1.0,4.0,DERMASON
0.0,1.0,1.0,0.0,1.0,1.0,0.0,0.0,4.0,4.0,5.0,4.0,6.0,5.0,4.0,4.0,DERMASON
0.0,1.0,1.0,0.0,1.0,1.0,0.0,0.0,5.0,4.0,5.0,4.0,6.0,5.0,4.0,4.0,DERMASON
0.0,1.0,1.0,0.0,1.0,1.0,0.0,0.0,1.0,4.0,5.0,4.0,6.0,5.0,4.0,1.0,DERMASON
0.0,1.0,1.0,1.0,0.0,0.0,0.0,0.0,3.0,4.0,5.0,5.0,5.0,6.0,5.0,5.0,DERMASON
0.0,1.0,1.0,0.0,3.0,3.0,0.0,0.0,2.0,4.0,4.0,2.0,6.0,3.0,2.0,4.0,DERMASON
0.0,1.0,1.0,0.0,1.0,1.0,0.0,0.0,4.0,4.0,5.0,4.0,6.0,5.0,4.0,5.0,DERMASON
0.0,1.0,1.0,0.0,1.0,1.0,0.0,0.0,1.0,4.0,4.0,4.0,6.0,5.0,4.0,4.0,DERMASON
0.0,1.0,1.0,0.0,1.0,1.0,0.0,0.0,2.0,4.0,5.0,4.0,6.0,5.0,4.0,4.0,DERMASON
0.0,1.0,1.0,0.0,4.0,4.0,0.0,0.0,2.0,4.0,4.0,1.0,6.0,3.0,1.0,4.0,DERMASON
0.0,1.0,1.0,0.0,1.0,1.0,0.0,0.0,4.0,4.0,4.0,4.0,6.0,5.0,4.0,4.0,DERMASON
0.0,1.0,1.0,0.0,1.0,1.0,0.0,0.0,2.0,4.0,5.0,4.0,6.0,5.0,4.0,4.0,DERMASON
0.0,1.0,1.0,0.0,1.0,1.0,0.0,0.0,4.0,2.0,4.0,4.0,6.0,5.0,4.0,4.0,DERMASON
0.0,1.0,1.0,0.0,1.0,1.0,0.0,0.0,2.0,4.0,5.0,4.0,6.0,5.0,4.0,4.0,DERMASON
0.0,1.0,1.0,0.0,1.0,1.0,0.0,0.0,6.0,4.0,5.0,4.0,6.0,5.0,4.0,4.0,DERMASON
0.0,1.0,1.0,0.0,1.0,1.0,0.0,0.0,4.0,4.0,5.0,4.0,6.0,5.0,4.0,3.0,DERMASON
0.0,1.0,1.0,0.0,2.0,2.0,0.0,0.0,4.0,2.0,4.0,3.0,6.0,5.0,3.0,2.0,DERMASON
0.0,1.0,1.0,0.0,1.0,1.0,0.0,0.0,2.0,4.0,4.0,4.0,6.0,5.0,4.0,4.0,DERMASON
0.0,1.0,1.0,0.0,2.0,2.0,0.0,0.0,5.0,4.0,4.0,3.0,6.0,4.0,3.0,3.0,DERMASON
0.0,1.0,1.0,0.0,2.0,2.0,0.0,0.0,1.0,4.0,4.0,3.0,6.0,4.0,3.0,4.0,DERMASON
0.0,1.0,1.0,0.0,1.0,1.0,0.0,0.0,4.0,4.0,5.0,4.0,6.0,5.0,4.0,4.0,DERMASON
0.0,1.0,1.0,1.0,1.0,1.0,0.0,0.0,5.0,4.0,5.0,4.0,5.0,5.0,4.0,4.0,DERMASON
0.0,1.0,2.0,0.0,4.0,4.0,0.0,0.0,2.0,4.0,4.0,1.0,6.0,3.0,1.0,5.0,DERMASON
0.0,1.0,1.0,0.0,2.0,2.0,0.0,0.0,4.0,4.0,5.0,3.0,6.0,5.0,3.0,4.0,DERMASON
0.0,1.0,1.0,0.0,1.0,1.0,0.0,0.0,4.0,4.0,5.0,4.0,6.0,5.0,4.0,3.0,DERMASON
0.0,1.0,1.0,0.0,1.0,1.0,0.0,0.0,2.0,2.0,4.0,4.0,6.0,5.0,4.0,4.0,DERMASON
0.0,1.0,1.0,0.0,1.0,1.0,0.0,0.0,2.0,4.0,5.0,4.0,6.0,5.0,4.0,4.0,DERMASON
0.0,1.0,1.0,0.0,1.0,1.0,0.0,0.0,2.0,4.0,5.0,4.0,6.0,5.0,4.0,5.0,DERMASON
0.0,1.0,1.0,0.0,1.0,1.0,0.0,0.0,5.0,4.0,4.0,4.0,6.0,5.0,4.0,2.0,DERMASON
0.0,1.0,1.0,1.0,1.0,1.0,0.0,0.0,2.0,4.0,5.0,4.0,5.0,5.0,4.0,4.0,DERMASON
0.0,1.0,1.0,0.0,1.0,1.0,0.0,0.0,4.0,4.0,5.0,4.0,6.0,5.0,4.0,6.0,DERMASON
0.0,1.0,1.0,0.0,1.0,1.0,0.0,0.0,2.0,4.0,5.0,4.0,6.0,5.0,4.0,4.0,DERMASON
0.0,1.0,1.0,0.0,1.0,1.0,0.0,0.0,4.0,4.0,4.0,4.0,6.0,5.0,4.0,4.0,DERMASON
0.0,1.0,1.0,0.0,2.0,2.0,0.0,0.0,4.0,4.0,5.0,3.0,6.0,4.0,3.0,4.0,DERMASON
0.0,1.0,1.0,1.0,1.0,1.0,0.0,0.0,4.0,4.0,5.0,5.0,5.0,5.0,5.0,6.0,DERMASON
0.0,1.0,1.0,0.0,1.0,1.0,0.0,0.0,4.0,4.0,5.0,4.0,6.0,5.0,4.0,5.0,DERMASON
0.0,1.0,1.0,0.0,1.0,1.0,0.0,0.0,3.0,4.0,5.0,4.0,6.0,5.0,4.0,4.0,DERMASON
0.0,1.0,1.0,0.0,1.0,1.0,0.0,0.0,2.0,4.0,5.0,4.0,6.0,5.0,4.0,4.0,DERMASON
0.0,1.0,1.0,0.0,2.0,2.0,0.0,0.0,4.0,4.0,5.0,3.0,6.0,5.0,3.0,5.0,DERMASON
0.0,1.0,1.0,0.0,1.0,1.0,0.0,0.0,3.0,4.0,5.0,4.0,6.0,5.0,4.0,5.0,DERMASON
0.0,1.0,1.0,0.0,1.0,1.0,0.0,0.0,2.0,3.0,4.0,4.0,6.0,5.0,4.0,4.0,DERMASON
0.0,1.0,1.0,1.0,1.0,1.0,0.0,0.0,4.0,4.0,6.0,4.0,5.0,5.0,4.0,5.0,DERMASON
0.0,1.0,2.0,0.0,4.0,4.0,0.0,0.0,1.0,4.0,4.0,1.0,6.0,3.0,1.0,4.0,DERMASON
0.0,1.0,1.0,0.0,1.0,1.0,0.0,0.0,4.0,4.0,5.0,4.0,6.0,5.0,4.0,4.0,DERMASON
0.0,1.0,1.0,0.0,2.0,2.0,0.0,0.0,4.0,4.0,4.0,3.0,6.0,4.0,3.0,4.0,DERMASON
0.0,1.0,1.0,0.0,2.0,2.0,0.0,0.0,4.0,4.0,5.0,3.0,6.0,5.0,3.0,4.0,DERMASON
0.0,1.0,1.0,0.0,2.0,2.0,0.0,0.0,2.0,4.0,4.0,3.0,6.0,4.0,3.0,4.0,DERMASON
0.0,1.0,1.0,0.0,1.0,1.0,0.0,0.0,2.0,4.0,5.0,4.0,6.0,5.0,4.0,4.0,DERMASON
0.0,1.0,1.0,0.0,1.0,1.0,0.0,0.0,2.0,4.0,5.0,4.0,6.0,5.0,4.0,4.0,DERMASON
0.0,1.0,1.0,0.0,1.0,1.0,0.0,0.0,5.0,4.0,5.0,4.0,6.0,5.0,4.0,4.0,DERMASON
0.0,1.0,1.0,0.0,2.0,2.0,0.0,0.0,4.0,4.0,5.0,3.0,6.0,5.0,3.0,4.0,DERMASON
0.0,1.0,1.0,0.0,1.0,1.0,0.0,0.0,4.0,6.0,5.0,4.0,6.0,5.0,4.0,6.0,DERMASON
0.0,1.0,1.0,0.0,1.0,1.0,0.0,0.0,4.0,4.0,5.0,4.0,6.0,5.0,4.0,4.0,DERMASON
0.0,1.0,1.0,0.0,1.0,1.0,0.0,0.0,2.0,4.0,4.0,4.0,6.0,5.0,4.0,5.0,DERMASON
0.0,1.0,1.0,0.0,1.0,1.0,0.0,0.0,4.0,2.0,3.0,4.0,6.0,5.0,4.0,3.0,DERMASON
0.0,1.0,1.0,0.0,1.0,1.0,0.0,0.0,2.0,4.0,5.0,4.0,6.0,5.0,4.0,3.0,DERMASON
0.0,1.0,1.0,0.0,1.0,1.0,0.0,0.0,4.0,4.0,5.0,4.0,6.0,5.0,4.0,3.0,DERMASON
0.0,1.0,1.0,0.0,1.0,1.0,0.0,0.0,4.0,2.0,3.0,4.0,6.0,5.0,4.0,2.0,DERMASON
0.0,1.0,1.0,0.0,1.0,1.0,0.0,0.0,4.0,4.0,4.0,4.0,6.0,5.0,4.0,4.0,DERMASON
0.0,1.0,1.0,0.0,1.0,1.0,0.0,0.0,4.0,4.0,5.0,4.0,6.0,5.0,4.0,4.0,DERMASON
0.0,1.0,2.0,0.0,4.0,4.0,0.0,0.0,1.0,2.0,3.0,1.0,6.0,3.0,1.0,1.0,DERMASON
0.0,1.0,1.0,0.0,2.0,2.0,0.0,0.0,2.0,4.0,4.0,3.0,6.0,5.0,3.0,4.0,DERMASON
0.0,1.0,1.0,0.0,2.0,2.0,0.0,0.0,2.0,4.0,5.0,3.0,6.0,4.0,3.0,3.0,DERMASON
0.0,1.0,1.0,0.0,1.0,1.0,0.0,0.0,2.0,4.0,5.0,4.0,6.0,5.0,4.0,4.0,DERMASON
0.0,2.0,2.0,0.0,4.0,4.0,0.0,0.0,2.0,2.0,1.0,1.0,6.0,3.0,1.0,1.0,DERMASON
0.0,1.0,1.0,0.0,2.0,2.0,0.0,0.0,4.0,4.0,5.0,3.0,6.0,5.0,3.0,4.0,DERMASON
0.0,1.0,1.0,0.0,1.0,1.0,0.0,0.0,4.0,2.0,4.0,4.0,6.0,5.0,4.0,3.0,DERMASON
0.0,1.0,1.0,0.0,1.0,1.0,0.0,0.0,1.0,4.0,5.0,4.0,6.0,5.0,4.0,2.0,DERMASON
0.0,1.0,1.0,0.0,1.0,1.0,0.0,0.0,2.0,4.0,5.0,4.0,6.0,5.0,4.0,4.0,DERMASON
0.0,1.0,1.0,1.0,1.0,1.0,0.0,0.0,5.0,4.0,5.0,4.0,5.0,5.0,4.0,4.0,DERMASON
0.0,1.0,1.0,0.0,2.0,2.0,0.0,0.0,4.0,4.0,5.0,3.0,6.0,4.0,3.0,4.0,DERMASON
0.0,1.0,1.0,0.0,1.0,1.0,0.0,0.0,2.0,4.0,5.0,4.0,6.0,5.0,4.0,4.0,DERMASON
0.0,1.0,1.0,0.0,2.0,2.0,0.0,0.0,2.0,4.0,5.0,3.0,6.0,5.0,3.0,4.0,DERMASON
0.0,1.0,1.0,0.0,1.0,1.0,0.0,0.0,4.0,4.0,5.0,4.0,6.0,5.0,4.0,4.0,DERMASON
0.0,1.0,1.0,0.0,1.0,1.0,0.0,0.0,5.0,4.0,5.0,4.0,6.0,5.0,4.0,4.0,DERMASON
0.0,1.0,1.0,0.0,1.0,1.0,0.0,0.0,4.0,4.0,5.0,4.0,6.0,5.0,4.0,4.0,DERMASON
0.0,1.0,1.0,0.0,2.0,2.0,0.0,0.0,2.0,5.0,5.0,3.0,6.0,5.0,3.0,4.0,DERMASON
0.0,1.0,1.0,0.0,1.0,1.0,0.0,0.0,2.0,5.0,5.0,4.0,6.0,5.0,4.0,3.0,DERMASON
0.0,1.0,1.0,0.0,1.0,1.0,0.0,0.0,4.0,4.0,5.0,4.0,6.0,5.0,4.0,4.0,DERMASON
0.0,1.0,1.0,0.0,2.0,2.0,0.0,0.0,5.0,5.0,5.0,3.0,6.0,5.0,3.0,4.0,DERMASON
0.0,1.0,1.0,0.0,1.0,1.0,0.0,0.0,2.0,4.0,5.0,4.0,6.0,5.0,4.0,5.0,DERMASON
0.0,1.0,1.0,0.0,2.0,2.0,0.0,0.0,4.0,4.0,5.0,3.0,6.0,5.0,3.0,4.0,DERMASON
0.0,1.0,1.0,0.0,1.0,1.0,0.0,0.0,5.0,3.0,5.0,4.0,6.0,5.0,4.0,4.0,DERMASON
0.0,1.0,1.0,0.0,1.0,1.0,0.0,0.0,4.0,4.0,5.0,4.0,6.0,5.0,4.0,4.0,DERMASON
0.0,1.0,1.0,0.0,1.0,1.0,0.0,0.0,2.0,4.0,5.0,4.0,6.0,5.0,4.0,5.0,DERMASON
0.0,1.0,1.0,0.0,1.0,1.0,0.0,0.0,4.0,4.0,5.0,4.0,6.0,5.0,4.0,5.0,DERMASON
0.0,1.0,1.0,0.0,1.0,1.0,0.0,0.0,4.0,4.0,5.0,4.0,6.0,5.0,4.0,4.0,DERMASON
0.0,1.0,1.0,0.0,2.0,2.0,0.0,0.0,6.0,3.0,4.0,3.0,6.0,4.0,3.0,2.0,DERMASON
0.0,1.0,1.0,0.0,1.0,1.0,0.0,0.0,4.0,4.0,5.0,4.0,6.0,5.0,4.0,4.0,DERMASON
0.0,1.0,1.0,0.0,1.0,1.0,0.0,0.0,5.0,6.0,6.0,4.0,6.0,5.0,4.0,4.0,DERMASON
0.0,1.0,1.0,0.0,1.0,1.0,0.0,0.0,2.0,4.0,5.0,4.0,6.0,5.0,4.0,4.0,DERMASON
0.0,1.0,1.0,0.0,2.0,2.0,0.0,0.0,5.0,4.0,5.0,3.0,6.0,4.0,3.0,4.0,DERMASON
0.0,1.0,1.0,0.0,2.0,2.0,0.0,0.0,2.0,4.0,4.0,3.0,6.0,5.0,3.0,6.0,DERMASON
0.0,1.0,2.0,0.0,4.0,4.0,0.0,0.0,1.0,2.0,3.0,1.0,6.0,3.0,1.0,1.0,DERMASON
0.0,1.0,1.0,0.0,1.0,1.0,0.0,0.0,4.0,4.0,5.0,4.0,6.0,5.0,4.0,4.0,DERMASON
0.0,1.0,1.0,0.0,1.0,1.0,0.0,0.0,5.0,4.0,5.0,4.0,6.0,5.0,4.0,4.0,DERMASON
0.0,1.0,1.0,0.0,2.0,2.0,0.0,0.0,2.0,4.0,4.0,3.0,6.0,4.0,3.0,4.0,DERMASON
0.0,1.0,1.0,0.0,2.0,2.0,0.0,0.0,2.0,4.0,5.0,3.0,6.0,4.0,3.0,4.0,DERMASON
0.0,1.0,1.0,0.0,1.0,1.0,0.0,0.0,2.0,4.0,5.0,4.0,6.0,5.0,4.0,5.0,DERMASON
0.0,1.0,1.0,0.0,1.0,1.0,0.0,0.0,4.0,4.0,5.0,4.0,6.0,5.0,4.0,3.0,DERMASON
0.0,1.0,1.0,0.0,2.0,2.0,0.0,0.0,6.0,4.0,4.0,3.0,6.0,4.0,3.0,2.0,DERMASON
0.0,1.0,1.0,0.0,1.0,1.0,0.0,0.0,4.0,4.0,5.0,4.0,6.0,5.0,4.0,6.0,DERMASON
0.0,1.0,1.0,0.0,2.0,2.0,0.0,0.0,4.0,6.0,5.0,3.0,6.0,5.0,3.0,4.0,DERMASON
0.0,1.0,1.0,0.0,1.0,1.0,0.0,0.0,4.0,6.0,5.0,4.0,6.0,5.0,4.0,4.0,DERMASON
0.0,1.0,1.0,0.0,2.0,2.0,0.0,0.0,4.0,4.0,4.0,3.0,6.0,4.0,3.0,4.0,DERMASON
0.0,1.0,1.0,0.0,1.0,1.0,0.0,0.0,1.0,4.0,5.0,4.0,6.0,5.0,4.0,3.0,DERMASON
0.0,1.0,1.0,0.0,1.0,1.0,0.0,0.0,2.0,4.0,5.0,4.0,6.0,5.0,4.0,6.0,DERMASON
0.0,1.0,1.0,0.0,1.0,1.0,0.0,0.0,5.0,4.0,5.0,4.0,6.0,5.0,4.0,3.0,DERMASON
0.0,1.0,2.0,0.0,4.0,4.0,0.0,0.0,4.0,3.0,3.0,1.0,6.0,3.0,1.0,2.0,DERMASON
0.0,1.0,1.0,0.0,1.0,1.0,0.0,0.0,5.0,4.0,5.0,4.0,6.0,5.0,4.0,4.0,DERMASON
0.0,1.0,1.0,0.0,1.0,1.0,0.0,0.0,6.0,4.0,5.0,4.0,6.0,5.0,4.0,4.0,DERMASON
0.0,1.0,1.0,0.0,1.0,1.0,0.0,0.0,4.0,4.0,5.0,4.0,6.0,5.0,4.0,4.0,DERMASON
0.0,1.0,1.0,0.0,1.0,1.0,0.0,0.0,4.0,4.0,5.0,4.0,6.0,5.0,4.0,4.0,DERMASON
0.0,1.0,1.0,1.0,0.0,0.0,0.0,0.0,4.0,2.0,5.0,5.0,5.0,5.0,5.0,4.0,DERMASON
0.0,1.0,1.0,0.0,1.0,1.0,0.0,0.0,4.0,4.0,5.0,4.0,6.0,5.0,4.0,4.0,DERMASON
0.0,1.0,1.0,0.0,2.0,2.0,0.0,0.0,1.0,4.0,4.0,3.0,6.0,4.0,3.0,2.0,DERMASON
0.0,1.0,1.0,0.0,1.0,1.0,0.0,0.0,2.0,4.0,5.0,4.0,6.0,5.0,4.0,4.0,DERMASON
0.0,2.0,1.0,0.0,2.0,2.0,0.0,0.0,4.0,2.0,1.0,3.0,6.0,4.0,3.0,3.0,DERMASON
0.0,1.0,1.0,0.0,2.0,2.0,0.0,0.0,2.0,4.0,4.0,3.0,6.0,4.0,3.0,5.0,DERMASON
0.0,1.0,1.0,0.0,1.0,1.0,0.0,0.0,4.0,4.0,5.0,4.0,6.0,5.0,4.0,4.0,DERMASON
0.0,1.0,1.0,0.0,1.0,1.0,0.0,0.0,4.0,6.0,6.0,4.0,5.0,5.0,4.0,4.0,DERMASON
0.0,1.0,1.0,0.0,1.0,1.0,0.0,0.0,2.0,4.0,5.0,4.0,6.0,5.0,4.0,6.0,DERMASON
0.0,1.0,1.0,0.0,1.0,1.0,0.0,0.0,2.0,4.0,5.0,4.0,6.0,5.0,4.0,2.0,DERMASON
0.0,1.0,1.0,0.0,1.0,1.0,0.0,0.0,2.0,4.0,5.0,4.0,6.0,5.0,4.0,4.0,DERMASON
0.0,1.0,1.0,0.0,1.0,1.0,0.0,0.0,4.0,4.0,5.0,4.0,6.0,5.0,4.0,6.0,DERMASON
0.0,1.0,1.0,0.0,2.0,2.0,0.0,0.0,4.0,4.0,4.0,3.0,6.0,4.0,3.0,6.0,DERMASON
0.0,1.0,1.0,0.0,2.0,2.0,0.0,0.0,2.0,4.0,5.0,3.0,6.0,5.0,3.0,5.0,DERMASON
0.0,1.0,1.0,0.0,1.0,1.0,0.0,0.0,4.0,4.0,5.0,4.0,6.0,5.0,4.0,6.0,DERMASON
0.0,1.0,1.0,0.0,1.0,1.0,0.0,0.0,4.0,4.0,5.0,4.0,6.0,5.0,4.0,3.0,DERMASON
0.0,1.0,1.0,0.0,1.0,1.0,0.0,0.0,2.0,4.0,5.0,4.0,6.0,5.0,4.0,4.0,DERMASON
0.0,1.0,1.0,0.0,1.0,1.0,0.0,0.0,4.0,4.0,5.0,4.0,6.0,5.0,4.0,4.0,DERMASON
0.0,1.0,1.0,0.0,1.0,1.0,0.0,0.0,2.0,4.0,5.0,4.0,6.0,5.0,4.0,3.0,DERMASON
0.0,1.0,1.0,0.0,2.0,2.0,0.0,0.0,2.0,4.0,5.0,3.0,6.0,5.0,3.0,4.0,DERMASON
0.0,1.0,1.0,0.0,2.0,2.0,0.0,0.0,2.0,6.0,5.0,3.0,6.0,5.0,3.0,4.0,DERMASON
0.0,1.0,1.0,0.0,2.0,2.0,0.0,0.0,4.0,4.0,5.0,3.0,6.0,5.0,3.0,4.0,DERMASON
0.0,1.0,1.0,0.0,1.0,1.0,0.0,0.0,4.0,3.0,5.0,4.0,6.0,5.0,4.0,6.0,DERMASON
0.0,1.0,1.0,0.0,2.0,2.0,0.0,0.0,2.0,4.0,4.0,3.0,6.0,4.0,3.0,4.0,DERMASON
0.0,1.0,1.0,0.0,4.0,4.0,0.0,0.0,1.0,3.0,4.0,2.0,6.0,3.0,2.0,4.0,DERMASON
0.0,1.0,1.0,0.0,2.0,2.0,0.0,0.0,4.0,4.0,5.0,3.0,6.0,5.0,3.0,3.0,DERMASON
0.0,1.0,1.0,0.0,2.0,2.0,0.0,0.0,4.0,4.0,4.0,3.0,6.0,5.0,3.0,4.0,DERMASON
0.0,1.0,1.0,1.0,1.0,1.0,0.0,0.0,5.0,2.0,5.0,4.0,5.0,5.0,4.0,2.0,DERMASON
0.0,1.0,1.0,0.0,1.0,1.0,0.0,0.0,4.0,4.0,5.0,4.0,6.0,5.0,4.0,4.0,DERMASON
0.0,1.0,1.0,0.0,2.0,2.0,0.0,0.0,2.0,3.0,4.0,3.0,6.0,4.0,3.0,2.0,DERMASON
0.0,1.0,1.0,0.0,1.0,1.0,0.0,0.0,2.0,4.0,4.0,4.0,6.0,5.0,4.0,5.0,DERMASON
0.0,1.0,1.0,0.0,1.0,1.0,0.0,0.0,2.0,4.0,5.0,4.0,6.0,5.0,4.0,5.0,DERMASON
0.0,1.0,1.0,1.0,0.0,0.0,0.0,0.0,5.0,4.0,5.0,6.0,5.0,6.0,6.0,3.0,DERMASON
0.0,1.0,1.0,0.0,2.0,2.0,0.0,0.0,2.0,5.0,5.0,3.0,6.0,5.0,3.0,4.0,DERMASON
0.0,1.0,1.0,0.0,1.0,1.0,0.0,0.0,2.0,4.0,5.0,4.0,6.0,5.0,4.0,4.0,DERMASON
0.0,1.0,1.0,0.0,2.0,2.0,0.0,0.0,2.0,3.0,3.0,3.0,6.0,5.0,3.0,4.0,DERMASON
0.0,1.0,1.0,0.0,1.0,1.0,0.0,0.0,4.0,5.0,5.0,4.0,5.0,5.0,4.0,6.0,DERMASON
0.0,1.0,1.0,0.0,2.0,2.0,0.0,0.0,1.0,4.0,4.0,3.0,6.0,4.0,3.0,4.0,DERMASON
0.0,1.0,1.0,0.0,1.0,1.0,0.0,0.0,2.0,4.0,5.0,4.0,6.0,5.0,4.0,4.0,DERMASON
0.0,1.0,1.0,0.0,2.0,2.0,0.0,0.0,5.0,4.0,5.0,3.0,6.0,4.0,3.0,3.0,DERMASON
0.0,1.0,1.0,0.0,1.0,1.0,0.0,0.0,2.0,4.0,5.0,4.0,6.0,5.0,4.0,4.0,DERMASON
0.0,1.0,1.0,0.0,1.0,1.0,0.0,0.0,2.0,4.0,5.0,4.0,6.0,5.0,4.0,6.0,DERMASON
0.0,1.0,1.0,1.0,0.0,0.0,0.0,0.0,4.0,5.0,6.0,5.0,5.0,6.0,5.0,4.0,DERMASON
0.0,1.0,1.0,1.0,1.0,1.0,0.0,0.0,4.0,4.0,6.0,4.0,5.0,5.0,4.0,6.0,DERMASON
0.0,1.0,1.0,0.0,2.0,2.0,0.0,0.0,2.0,4.0,5.0,3.0,6.0,5.0,3.0,4.0,DERMASON
0.0,1.0,1.0,0.0,1.0,1.0,0.0,0.0,5.0,4.0,5.0,4.0,6.0,5.0,4.0,4.0,DERMASON
0.0,1.0,1.0,0.0,1.0,1.0,0.0,0.0,2.0,4.0,5.0,4.0,6.0,5.0,4.0,4.0,DERMASON
0.0,1.0,1.0,0.0,1.0,1.0,0.0,0.0,2.0,4.0,4.0,4.0,6.0,5.0,4.0,4.0,DERMASON
0.0,1.0,1.0,0.0,2.0,2.0,0.0,0.0,1.0,4.0,4.0,3.0,6.0,4.0,3.0,2.0,DERMASON
0.0,1.0,1.0,0.0,1.0,1.0,0.0,0.0,4.0,4.0,5.0,4.0,6.0,5.0,4.0,4.0,DERMASON
0.0,1.0,1.0,0.0,1.0,1.0,0.0,0.0,2.0,4.0,5.0,4.0,6.0,5.0,4.0,4.0,DERMASON
0.0,1.0,1.0,1.0,1.0,1.0,0.0,0.0,4.0,4.0,5.0,4.0,5.0,5.0,4.0,4.0,DERMASON
0.0,1.0,1.0,0.0,1.0,1.0,0.0,0.0,5.0,4.0,5.0,4.0,6.0,5.0,4.0,4.0,DERMASON
0.0,1.0,1.0,0.0,1.0,1.0,0.0,0.0,5.0,5.0,5.0,4.0,6.0,5.0,4.0,4.0,DERMASON
0.0,1.0,1.0,0.0,1.0,1.0,0.0,0.0,2.0,4.0,5.0,4.0,6.0,5.0,4.0,4.0,DERMASON
0.0,1.0,1.0,0.0,2.0,2.0,0.0,0.0,1.0,4.0,5.0,3.0,6.0,4.0,3.0,4.0,DERMASON
0.0,1.0,1.0,0.0,1.0,1.0,0.0,0.0,4.0,4.0,5.0,4.0,6.0,5.0,4.0,5.0,DERMASON
0.0,1.0,1.0,1.0,1.0,1.0,0.0,0.0,2.0,4.0,5.0,4.0,5.0,5.0,4.0,5.0,DERMASON
0.0,1.0,1.0,1.0,1.0,1.0,0.0,0.0,2.0,4.0,4.0,4.0,6.0,5.0,4.0,3.0,DERMASON
0.0,1.0,1.0,0.0,1.0,1.0,0.0,0.0,4.0,6.0,5.0,4.0,6.0,5.0,4.0,4.0,DERMASON
0.0,1.0,1.0,0.0,1.0,1.0,0.0,0.0,5.0,4.0,5.0,4.0,6.0,5.0,4.0,4.0,DERMASON
0.0,1.0,1.0,0.0,1.0,1.0,0.0,0.0,3.0,4.0,5.0,4.0,6.0,5.0,4.0,4.0,DERMASON
0.0,1.0,1.0,0.0,2.0,2.0,0.0,0.0,6.0,5.0,5.0,3.0,6.0,4.0,3.0,4.0,DERMASON
0.0,1.0,1.0,0.0,2.0,2.0,0.0,0.0,6.0,4.0,4.0,3.0,6.0,4.0,3.0,3.0,DERMASON
0.0,1.0,1.0,0.0,2.0,2.0,0.0,0.0,4.0,4.0,5.0,3.0,6.0,4.0,3.0,4.0,DERMASON
0.0,1.0,1.0,1.0,1.0,1.0,0.0,0.0,5.0,5.0,6.0,4.0,5.0,5.0,4.0,6.0,DERMASON
0.0,1.0,1.0,0.0,2.0,2.0,0.0,0.0,2.0,4.0,5.0,3.0,6.0,5.0,3.0,6.0,DERMASON
0.0,1.0,1.0,0.0,1.0,1.0,0.0,0.0,2.0,4.0,5.0,4.0,6.0,5.0,4.0,4.0,DERMASON
0.0,1.0,1.0,0.0,2.0,2.0,0.0,0.0,4.0,4.0,4.0,3.0,6.0,5.0,3.0,4.0,DERMASON
0.0,1.0,1.0,0.0,1.0,1.0,0.0,0.0,2.0,4.0,5.0,4.0,6.0,5.0,4.0,4.0,DERMASON
0.0,1.0,1.0,0.0,1.0,1.0,0.0,0.0,2.0,4.0,5.0,4.0,6.0,5.0,4.0,5.0,DERMASON
0.0,1.0,1.0,0.0,2.0,2.0,0.0,0.0,1.0,4.0,4.0,3.0,6.0,4.0,3.0,4.0,DERMASON
0.0,1.0,1.0,0.0,3.0,3.0,0.0,0.0,5.0,6.0,5.0,2.0,6.0,3.0,2.0,4.0,DERMASON
0.0,1.0,1.0,0.0,2.0,2.0,0.0,0.0,4.0,4.0,4.0,3.0,6.0,4.0,3.0,4.0,DERMASON
0.0,1.0,1.0,1.0,0.0,0.0,0.0,0.0,2.0,3.0,5.0,5.0,5.0,5.0,5.0,4.0,DERMASON
0.0,1.0,1.0,0.0,1.0,1.0,0.0,0.0,4.0,4.0,5.0,4.0,6.0,5.0,4.0,4.0,DERMASON
0.0,1.0,1.0,0.0,2.0,2.0,0.0,0.0,2.0,4.0,5.0,3.0,6.0,5.0,3.0,5.0,DERMASON
0.0,1.0,1.0,0.0,1.0,1.0,0.0,0.0,2.0,4.0,4.0,4.0,6.0,5.0,4.0,4.0,DERMASON
0.0,1.0,1.0,1.0,1.0,1.0,0.0,0.0,4.0,4.0,5.0,4.0,5.0,5.0,4.0,4.0,DERMASON
0.0,1.0,1.0,0.0,1.0,1.0,0.0,0.0,4.0,4.0,5.0,4.0,6.0,5.0,4.0,4.0,DERMASON
0.0,1.0,1.0,0.0,1.0,1.0,0.0,0.0,2.0,4.0,5.0,4.0,6.0,5.0,4.0,5.0,DERMASON
0.0,1.0,1.0,0.0,2.0,2.0,0.0,0.0,2.0,4.0,5.0,3.0,6.0,5.0,3.0,4.0,DERMASON
0.0,1.0,1.0,0.0,1.0,1.0,0.0,0.0,4.0,4.0,5.0,4.0,6.0,5.0,4.0,6.0,DERMASON
0.0,1.0,1.0,0.0,1.0,1.0,0.0,0.0,2.0,4.0,5.0,4.0,6.0,5.0,4.0,4.0,DERMASON
0.0,1.0,1.0,0.0,2.0,2.0,0.0,0.0,1.0,4.0,5.0,3.0,6.0,4.0,3.0,3.0,DERMASON
0.0,1.0,1.0,0.0,1.0,1.0,0.0,0.0,2.0,2.0,4.0,4.0,6.0,5.0,4.0,1.0,DERMASON
0.0,1.0,1.0,0.0,1.0,1.0,0.0,0.0,2.0,5.0,5.0,4.0,6.0,5.0,4.0,4.0,DERMASON
0.0,1.0,1.0,1.0,1.0,1.0,0.0,0.0,2.0,4.0,6.0,4.0,5.0,5.0,4.0,4.0,DERMASON
0.0,1.0,1.0,0.0,1.0,1.0,0.0,0.0,4.0,4.0,5.0,4.0,6.0,5.0,4.0,4.0,DERMASON
0.0,1.0,1.0,0.0,2.0,2.0,0.0,0.0,6.0,6.0,5.0,3.0,6.0,4.0,3.0,4.0,DERMASON
0.0,1.0,1.0,1.0,1.0,1.0,0.0,0.0,4.0,4.0,5.0,4.0,5.0,5.0,4.0,6.0,DERMASON
0.0,1.0,1.0,0.0,2.0,2.0,0.0,0.0,4.0,4.0,4.0,3.0,6.0,4.0,3.0,4.0,DERMASON
0.0,1.0,1.0,0.0,1.0,1.0,0.0,0.0,4.0,4.0,5.0,4.0,6.0,5.0,4.0,4.0,DERMASON
0.0,1.0,1.0,0.0,2.0,2.0,0.0,0.0,5.0,3.0,4.0,3.0,6.0,4.0,3.0,1.0,DERMASON
0.0,1.0,1.0,0.0,3.0,3.0,0.0,0.0,4.0,4.0,4.0,2.0,6.0,3.0,2.0,2.0,DERMASON
0.0,1.0,1.0,0.0,1.0,1.0,0.0,0.0,3.0,2.0,3.0,4.0,6.0,5.0,4.0,4.0,DERMASON
0.0,1.0,1.0,0.0,2.0,2.0,0.0,0.0,4.0,4.0,5.0,3.0,6.0,5.0,3.0,4.0,DERMASON
0.0,1.0,1.0,0.0,1.0,1.0,0.0,0.0,2.0,4.0,5.0,4.0,6.0,5.0,4.0,4.0,DERMASON
0.0,1.0,1.0,0.0,2.0,2.0,0.0,0.0,1.0,2.0,4.0,3.0,6.0,4.0,3.0,1.0,DERMASON
0.0,1.0,2.0,0.0,4.0,4.0,0.0,0.0,1.0,4.0,4.0,2.0,6.0,3.0,2.0,4.0,DERMASON
0.0,1.0,1.0,1.0,0.0,0.0,0.0,0.0,4.0,4.0,6.0,5.0,5.0,5.0,5.0,3.0,DERMASON
0.0,1.0,1.0,0.0,1.0,1.0,0.0,0.0,5.0,4.0,5.0,4.0,6.0,5.0,4.0,3.0,DERMASON
0.0,1.0,1.0,0.0,1.0,1.0,0.0,0.0,3.0,4.0,5.0,4.0,6.0,5.0,4.0,4.0,DERMASON
0.0,1.0,1.0,0.0,1.0,1.0,0.0,0.0,2.0,4.0,5.0,4.0,6.0,5.0,4.0,4.0,DERMASON
0.0,1.0,1.0,0.0,1.0,1.0,0.0,0.0,5.0,4.0,5.0,4.0,6.0,5.0,4.0,4.0,DERMASON
0.0,1.0,1.0,0.0,2.0,2.0,0.0,0.0,2.0,4.0,5.0,3.0,6.0,5.0,3.0,2.0,DERMASON
0.0,1.0,1.0,0.0,1.0,1.0,0.0,0.0,4.0,4.0,5.0,4.0,6.0,5.0,4.0,6.0,DERMASON
0.0,1.0,1.0,0.0,2.0,2.0,0.0,0.0,5.0,5.0,5.0,3.0,6.0,4.0,3.0,6.0,DERMASON
0.0,1.0,1.0,0.0,2.0,2.0,0.0,0.0,2.0,2.0,3.0,3.0,6.0,5.0,3.0,2.0,DERMASON
0.0,1.0,1.0,0.0,1.0,1.0,0.0,0.0,4.0,4.0,5.0,4.0,6.0,5.0,4.0,6.0,DERMASON
0.0,1.0,2.0,0.0,3.0,3.0,0.0,0.0,2.0,4.0,4.0,2.0,6.0,3.0,2.0,4.0,DERMASON
0.0,1.0,1.0,1.0,1.0,1.0,0.0,0.0,5.0,4.0,5.0,4.0,5.0,5.0,4.0,3.0,DERMASON
0.0,1.0,1.0,0.0,2.0,2.0,0.0,0.0,1.0,4.0,5.0,3.0,6.0,4.0,3.0,4.0,DERMASON
0.0,1.0,1.0,0.0,2.0,2.0,0.0,0.0,5.0,4.0,5.0,3.0,6.0,4.0,3.0,4.0,DERMASON
0.0,1.0,1.0,0.0,2.0,2.0,0.0,0.0,4.0,4.0,5.0,3.0,6.0,5.0,3.0,4.0,DERMASON
0.0,1.0,1.0,0.0,1.0,1.0,0.0,0.0,2.0,4.0,5.0,4.0,6.0,5.0,4.0,4.0,DERMASON
0.0,1.0,1.0,0.0,2.0,2.0,0.0,0.0,4.0,4.0,5.0,3.0,6.0,4.0,3.0,1.0,DERMASON
0.0,1.0,1.0,0.0,3.0,3.0,0.0,0.0,5.0,4.0,4.0,2.0,6.0,3.0,2.0,4.0,DERMASON
0.0,1.0,1.0,0.0,1.0,1.0,0.0,0.0,2.0,4.0,5.0,4.0,6.0,5.0,4.0,4.0,DERMASON
0.0,1.0,1.0,0.0,1.0,1.0,0.0,0.0,5.0,6.0,6.0,4.0,6.0,5.0,4.0,4.0,DERMASON
0.0,1.0,1.0,0.0,1.0,1.0,0.0,0.0,2.0,3.0,4.0,4.0,6.0,5.0,4.0,4.0,DERMASON
0.0,1.0,1.0,0.0,1.0,1.0,0.0,0.0,4.0,4.0,5.0,4.0,6.0,5.0,4.0,4.0,DERMASON
0.0,1.0,1.0,0.0,1.0,1.0,0.0,0.0,3.0,4.0,4.0,4.0,6.0,5.0,4.0,4.0,DERMASON
0.0,1.0,1.0,0.0,1.0,1.0,0.0,0.0,5.0,4.0,5.0,4.0,6.0,5.0,4.0,4.0,DERMASON
0.0,1.0,1.0,0.0,1.0,1.0,0.0,0.0,3.0,4.0,5.0,4.0,6.0,5.0,4.0,4.0,DERMASON
0.0,1.0,1.0,0.0,1.0,1.0,0.0,0.0,4.0,4.0,5.0,4.0,6.0,5.0,4.0,4.0,DERMASON
0.0,1.0,1.0,1.0,1.0,1.0,0.0,0.0,2.0,4.0,5.0,4.0,5.0,5.0,4.0,4.0,DERMASON
0.0,1.0,1.0,0.0,2.0,2.0,0.0,0.0,4.0,2.0,3.0,3.0,6.0,5.0,3.0,4.0,DERMASON
0.0,2.0,1.0,0.0,2.0,2.0,0.0,0.0,4.0,1.0,1.0,3.0,6.0,4.0,3.0,3.0,DERMASON
0.0,1.0,1.0,0.0,1.0,1.0,0.0,0.0,2.0,5.0,5.0,4.0,6.0,5.0,4.0,4.0,DERMASON
0.0,1.0,1.0,0.0,1.0,1.0,0.0,0.0,2.0,5.0,5.0,4.0,6.0,5.0,4.0,5.0,DERMASON
0.0,1.0,1.0,0.0,1.0,1.0,0.0,0.0,4.0,4.0,5.0,4.0,6.0,5.0,4.0,4.0,DERMASON
0.0,1.0,1.0,0.0,1.0,1.0,0.0,0.0,4.0,5.0,5.0,4.0,6.0,5.0,4.0,6.0,DERMASON
0.0,1.0,1.0,0.0,1.0,1.0,0.0,0.0,2.0,5.0,5.0,4.0,6.0,5.0,4.0,4.0,DERMASON
0.0,1.0,1.0,0.0,1.0,1.0,0.0,0.0,2.0,4.0,5.0,4.0,6.0,5.0,4.0,4.0,DERMASON
0.0,1.0,1.0,0.0,2.0,2.0,0.0,0.0,5.0,2.0,4.0,3.0,6.0,4.0,3.0,1.0,DERMASON
0.0,1.0,1.0,0.0,2.0,2.0,0.0,0.0,2.0,4.0,5.0,3.0,6.0,4.0,3.0,4.0,DERMASON
0.0,1.0,1.0,0.0,1.0,1.0,0.0,0.0,2.0,4.0,5.0,4.0,6.0,5.0,4.0,4.0,DERMASON
0.0,1.0,1.0,0.0,1.0,1.0,0.0,0.0,4.0,4.0,4.0,4.0,6.0,5.0,4.0,4.0,DERMASON
0.0,1.0,1.0,0.0,2.0,2.0,0.0,0.0,4.0,4.0,5.0,3.0,6.0,4.0,3.0,4.0,DERMASON
0.0,1.0,1.0,0.0,2.0,2.0,0.0,0.0,2.0,2.0,3.0,3.0,6.0,5.0,3.0,2.0,DERMASON
0.0,1.0,1.0,0.0,1.0,1.0,0.0,0.0,4.0,4.0,5.0,4.0,6.0,5.0,4.0,4.0,DERMASON
0.0,1.0,1.0,0.0,1.0,1.0,0.0,0.0,2.0,4.0,5.0,4.0,6.0,5.0,4.0,4.0,DERMASON
0.0,1.0,1.0,0.0,1.0,1.0,0.0,0.0,2.0,6.0,5.0,4.0,6.0,5.0,4.0,4.0,DERMASON
0.0,1.0,1.0,0.0,1.0,1.0,0.0,0.0,2.0,4.0,5.0,4.0,6.0,5.0,4.0,4.0,DERMASON
0.0,1.0,1.0,0.0,2.0,2.0,0.0,0.0,2.0,4.0,5.0,3.0,6.0,4.0,3.0,4.0,DERMASON
0.0,1.0,1.0,0.0,1.0,1.0,0.0,0.0,2.0,4.0,5.0,4.0,6.0,5.0,4.0,4.0,DERMASON
0.0,1.0,1.0,1.0,1.0,1.0,0.0,0.0,2.0,4.0,5.0,4.0,5.0,5.0,4.0,6.0,DERMASON
0.0,1.0,3.0,0.0,5.0,5.0,0.0,0.0,5.0,2.0,1.0,0.0,6.0,3.0,0.0,3.0,DERMASON
0.0,1.0,1.0,0.0,2.0,2.0,0.0,0.0,4.0,3.0,4.0,3.0,6.0,4.0,3.0,4.0,DERMASON
0.0,1.0,1.0,0.0,1.0,1.0,0.0,0.0,2.0,4.0,5.0,4.0,6.0,5.0,4.0,3.0,DERMASON
0.0,1.0,1.0,0.0,1.0,1.0,0.0,0.0,4.0,6.0,5.0,4.0,6.0,5.0,4.0,4.0,DERMASON
0.0,1.0,1.0,0.0,1.0,1.0,0.0,0.0,6.0,4.0,5.0,4.0,6.0,5.0,4.0,4.0,DERMASON
0.0,1.0,1.0,0.0,1.0,1.0,0.0,0.0,5.0,6.0,6.0,4.0,6.0,5.0,4.0,6.0,DERMASON
0.0,1.0,1.0,0.0,1.0,1.0,0.0,0.0,2.0,6.0,5.0,4.0,6.0,5.0,4.0,5.0,DERMASON
0.0,1.0,1.0,1.0,0.0,0.0,0.0,0.0,4.0,4.0,5.0,6.0,5.0,6.0,6.0,2.0,DERMASON
0.0,1.0,1.0,0.0,1.0,1.0,0.0,0.0,2.0,4.0,4.0,4.0,6.0,5.0,4.0,4.0,DERMASON
0.0,1.0,2.0,0.0,3.0,3.0,0.0,0.0,2.0,3.0,4.0,2.0,6.0,3.0,2.0,3.0,DERMASON
0.0,1.0,1.0,0.0,1.0,1.0,0.0,0.0,6.0,6.0,5.0,4.0,6.0,5.0,4.0,4.0,DERMASON
0.0,1.0,1.0,0.0,2.0,2.0,0.0,0.0,1.0,4.0,4.0,3.0,6.0,3.0,3.0,4.0,DERMASON
0.0,1.0,1.0,0.0,1.0,1.0,0.0,0.0,5.0,6.0,6.0,4.0,6.0,5.0,4.0,5.0,DERMASON
0.0,1.0,1.0,0.0,1.0,1.0,0.0,0.0,2.0,4.0,5.0,4.0,6.0,5.0,4.0,5.0,DERMASON
0.0,1.0,1.0,0.0,1.0,1.0,0.0,0.0,4.0,4.0,5.0,4.0,6.0,5.0,4.0,4.0,DERMASON
0.0,1.0,1.0,0.0,1.0,1.0,0.0,0.0,4.0,5.0,5.0,4.0,6.0,5.0,4.0,4.0,DERMASON
0.0,1.0,1.0,0.0,2.0,2.0,0.0,0.0,4.0,6.0,5.0,3.0,6.0,5.0,3.0,5.0,DERMASON
0.0,1.0,1.0,0.0,2.0,2.0,0.0,0.0,1.0,4.0,4.0,3.0,6.0,4.0,3.0,3.0,DERMASON
0.0,1.0,1.0,1.0,1.0,1.0,0.0,0.0,2.0,4.0,5.0,4.0,5.0,5.0,4.0,3.0,DERMASON
0.0,1.0,1.0,0.0,1.0,1.0,0.0,0.0,5.0,4.0,5.0,4.0,6.0,5.0,4.0,4.0,DERMASON
0.0,1.0,1.0,0.0,1.0,1.0,0.0,0.0,2.0,4.0,5.0,4.0,6.0,5.0,4.0,5.0,DERMASON
0.0,1.0,1.0,0.0,1.0,1.0,0.0,0.0,1.0,4.0,5.0,4.0,6.0,5.0,4.0,4.0,DERMASON
0.0,1.0,1.0,1.0,1.0,1.0,0.0,0.0,5.0,4.0,5.0,4.0,5.0,5.0,4.0,4.0,DERMASON
0.0,1.0,1.0,1.0,1.0,1.0,0.0,0.0,4.0,4.0,5.0,4.0,5.0,5.0,4.0,4.0,DERMASON
0.0,1.0,1.0,0.0,2.0,2.0,0.0,0.0,5.0,4.0,4.0,3.0,6.0,5.0,3.0,4.0,DERMASON
0.0,1.0,1.0,0.0,2.0,2.0,0.0,0.0,2.0,4.0,4.0,3.0,6.0,4.0,3.0,5.0,DERMASON
0.0,1.0,1.0,0.0,2.0,2.0,0.0,0.0,2.0,2.0,4.0,3.0,6.0,5.0,3.0,4.0,DERMASON
0.0,1.0,1.0,0.0,1.0,1.0,0.0,0.0,5.0,4.0,5.0,4.0,6.0,5.0,4.0,4.0,DERMASON
0.0,1.0,1.0,0.0,1.0,1.0,0.0,0.0,5.0,3.0,4.0,4.0,6.0,5.0,4.0,4.0,DERMASON
0.0,1.0,1.0,0.0,1.0,1.0,0.0,0.0,2.0,4.0,5.0,4.0,6.0,5.0,4.0,4.0,DERMASON
0.0,1.0,1.0,0.0,1.0,1.0,0.0,0.0,5.0,4.0,5.0,4.0,6.0,5.0,4.0,4.0,DERMASON
0.0,1.0,1.0,0.0,2.0,2.0,0.0,0.0,4.0,4.0,5.0,3.0,6.0,5.0,3.0,4.0,DERMASON
0.0,1.0,1.0,0.0,1.0,1.0,0.0,0.0,5.0,4.0,5.0,4.0,6.0,5.0,4.0,4.0,DERMASON
0.0,1.0,1.0,1.0,1.0,1.0,0.0,0.0,5.0,4.0,5.0,4.0,5.0,5.0,4.0,2.0,DERMASON
0.0,1.0,1.0,1.0,1.0,1.0,0.0,0.0,5.0,4.0,6.0,4.0,5.0,5.0,4.0,4.0,DERMASON
0.0,1.0,1.0,0.0,1.0,1.0,0.0,0.0,4.0,4.0,5.0,4.0,6.0,5.0,4.0,6.0,DERMASON
0.0,1.0,2.0,0.0,3.0,3.0,0.0,0.0,1.0,4.0,4.0,2.0,6.0,3.0,2.0,3.0,DERMASON
0.0,1.0,1.0,0.0,1.0,1.0,0.0,0.0,4.0,4.0,5.0,4.0,6.0,5.0,4.0,4.0,DERMASON
0.0,1.0,1.0,0.0,1.0,1.0,0.0,0.0,2.0,4.0,5.0,4.0,6.0,5.0,4.0,6.0,DERMASON
0.0,1.0,1.0,0.0,2.0,2.0,0.0,0.0,4.0,2.0,4.0,3.0,6.0,4.0,3.0,4.0,DERMASON
0.0,1.0,1.0,0.0,1.0,1.0,0.0,0.0,4.0,4.0,5.0,4.0,6.0,5.0,4.0,3.0,DERMASON
0.0,1.0,1.0,0.0,1.0,1.0,0.0,0.0,4.0,3.0,5.0,4.0,6.0,5.0,4.0,3.0,DERMASON
0.0,1.0,1.0,0.0,1.0,1.0,0.0,0.0,5.0,4.0,5.0,4.0,6.0,5.0,4.0,5.0,DERMASON
0.0,1.0,1.0,0.0,1.0,1.0,0.0,0.0,3.0,4.0,5.0,4.0,6.0,5.0,4.0,1.0,DERMASON
0.0,1.0,1.0,0.0,1.0,1.0,0.0,0.0,5.0,4.0,5.0,4.0,6.0,5.0,4.0,5.0,DERMASON
0.0,1.0,1.0,0.0,2.0,2.0,0.0,0.0,2.0,4.0,4.0,3.0,6.0,4.0,3.0,4.0,DERMASON
0.0,1.0,1.0,0.0,1.0,1.0,0.0,0.0,2.0,4.0,5.0,4.0,6.0,5.0,4.0,4.0,DERMASON
0.0,1.0,1.0,0.0,2.0,2.0,0.0,0.0,1.0,4.0,4.0,3.0,6.0,5.0,3.0,1.0,DERMASON
0.0,1.0,1.0,0.0,1.0,1.0,0.0,0.0,3.0,4.0,5.0,4.0,6.0,5.0,4.0,4.0,DERMASON
0.0,1.0,1.0,0.0,1.0,1.0,0.0,0.0,2.0,4.0,4.0,4.0,6.0,5.0,4.0,4.0,DERMASON
0.0,1.0,1.0,0.0,1.0,1.0,0.0,0.0,2.0,4.0,5.0,4.0,6.0,5.0,4.0,4.0,DERMASON
0.0,1.0,1.0,1.0,1.0,1.0,0.0,0.0,4.0,4.0,5.0,4.0,5.0,5.0,4.0,5.0,DERMASON
0.0,1.0,1.0,0.0,2.0,2.0,0.0,0.0,4.0,4.0,5.0,3.0,6.0,5.0,3.0,4.0,DERMASON
0.0,1.0,1.0,0.0,1.0,1.0,0.0,0.0,2.0,4.0,5.0,4.0,6.0,5.0,4.0,3.0,DERMASON
0.0,1.0,1.0,1.0,1.0,1.0,0.0,0.0,3.0,4.0,5.0,4.0,5.0,5.0,4.0,6.0,DERMASON
0.0,1.0,1.0,0.0,2.0,2.0,0.0,0.0,2.0,4.0,4.0,3.0,6.0,4.0,3.0,3.0,DERMASON
0.0,1.0,1.0,0.0,1.0,1.0,0.0,0.0,2.0,4.0,5.0,4.0,6.0,5.0,4.0,4.0,DERMASON
0.0,1.0,2.0,0.0,4.0,4.0,0.0,0.0,5.0,6.0,5.0,1.0,6.0,3.0,1.0,4.0,DERMASON
0.0,1.0,1.0,0.0,1.0,1.0,0.0,0.0,2.0,4.0,5.0,4.0,6.0,5.0,4.0,4.0,DERMASON
0.0,1.0,1.0,1.0,1.0,1.0,0.0,0.0,4.0,4.0,5.0,4.0,5.0,5.0,4.0,3.0,DERMASON
0.0,1.0,1.0,0.0,1.0,1.0,0.0,0.0,4.0,4.0,5.0,4.0,6.0,5.0,4.0,4.0,DERMASON
0.0,1.0,1.0,0.0,2.0,2.0,0.0,0.0,2.0,4.0,4.0,3.0,6.0,4.0,3.0,4.0,DERMASON
0.0,1.0,1.0,0.0,2.0,2.0,0.0,0.0,2.0,4.0,5.0,3.0,6.0,4.0,3.0,4.0,DERMASON
0.0,1.0,3.0,0.0,4.0,4.0,0.0,0.0,4.0,4.0,3.0,1.0,6.0,3.0,1.0,2.0,DERMASON
0.0,1.0,1.0,0.0,1.0,1.0,0.0,0.0,4.0,4.0,5.0,4.0,6.0,5.0,4.0,4.0,DERMASON
0.0,1.0,1.0,0.0,2.0,2.0,0.0,0.0,4.0,4.0,4.0,3.0,6.0,5.0,3.0,4.0,DERMASON
0.0,1.0,1.0,0.0,1.0,1.0,0.0,0.0,4.0,4.0,5.0,4.0,6.0,5.0,4.0,4.0,DERMASON
0.0,1.0,1.0,0.0,1.0,1.0,0.0,0.0,5.0,4.0,5.0,4.0,6.0,5.0,4.0,4.0,DERMASON
0.0,1.0,1.0,0.0,2.0,2.0,0.0,0.0,2.0,5.0,5.0,3.0,6.0,4.0,3.0,4.0,DERMASON
0.0,1.0,1.0,0.0,1.0,1.0,0.0,0.0,2.0,5.0,5.0,4.0,6.0,5.0,4.0,6.0,DERMASON
0.0,1.0,1.0,0.0,1.0,1.0,0.0,0.0,5.0,4.0,5.0,4.0,6.0,5.0,4.0,4.0,DERMASON
0.0,1.0,1.0,0.0,1.0,1.0,0.0,0.0,2.0,4.0,4.0,4.0,6.0,5.0,4.0,3.0,DERMASON
0.0,1.0,1.0,0.0,1.0,1.0,0.0,0.0,2.0,4.0,5.0,4.0,6.0,5.0,4.0,4.0,DERMASON
0.0,1.0,1.0,0.0,1.0,1.0,0.0,0.0,5.0,4.0,5.0,4.0,6.0,5.0,4.0,4.0,DERMASON
0.0,1.0,1.0,0.0,1.0,1.0,0.0,0.0,5.0,4.0,5.0,4.0,6.0,5.0,4.0,5.0,DERMASON
0.0,1.0,1.0,0.0,1.0,1.0,0.0,0.0,4.0,4.0,5.0,4.0,6.0,5.0,4.0,3.0,DERMASON
0.0,1.0,1.0,0.0,1.0,1.0,0.0,0.0,5.0,4.0,5.0,4.0,6.0,5.0,4.0,5.0,DERMASON
0.0,1.0,1.0,1.0,1.0,1.0,0.0,0.0,4.0,4.0,5.0,4.0,5.0,5.0,4.0,4.0,DERMASON
0.0,1.0,1.0,1.0,1.0,1.0,0.0,0.0,2.0,4.0,5.0,4.0,5.0,5.0,4.0,4.0,DERMASON
0.0,1.0,1.0,0.0,1.0,1.0,0.0,0.0,5.0,4.0,5.0,4.0,6.0,5.0,4.0,4.0,DERMASON
0.0,1.0,1.0,0.0,1.0,1.0,0.0,0.0,3.0,4.0,5.0,4.0,6.0,5.0,4.0,4.0,DERMASON
0.0,1.0,1.0,0.0,2.0,2.0,0.0,0.0,2.0,4.0,5.0,3.0,6.0,5.0,3.0,4.0,DERMASON
0.0,1.0,1.0,0.0,1.0,1.0,0.0,0.0,5.0,5.0,5.0,4.0,6.0,5.0,4.0,5.0,DERMASON
0.0,1.0,1.0,0.0,1.0,1.0,0.0,0.0,5.0,5.0,5.0,4.0,6.0,5.0,4.0,3.0,DERMASON
0.0,1.0,1.0,0.0,1.0,1.0,0.0,0.0,4.0,4.0,5.0,4.0,6.0,5.0,4.0,4.0,DERMASON
0.0,1.0,1.0,0.0,1.0,1.0,0.0,0.0,4.0,4.0,5.0,4.0,6.0,5.0,4.0,3.0,DERMASON
0.0,1.0,1.0,1.0,1.0,1.0,0.0,0.0,4.0,4.0,5.0,4.0,5.0,5.0,4.0,4.0,DERMASON
0.0,1.0,1.0,0.0,2.0,2.0,0.0,0.0,5.0,4.0,5.0,3.0,6.0,5.0,3.0,4.0,DERMASON
0.0,1.0,1.0,0.0,1.0,1.0,0.0,0.0,2.0,4.0,5.0,4.0,6.0,5.0,4.0,4.0,DERMASON
0.0,1.0,1.0,0.0,1.0,1.0,0.0,0.0,4.0,4.0,5.0,4.0,6.0,5.0,4.0,4.0,DERMASON
0.0,1.0,1.0,0.0,1.0,1.0,0.0,0.0,5.0,4.0,5.0,4.0,6.0,5.0,4.0,3.0,DERMASON
0.0,1.0,1.0,0.0,1.0,1.0,0.0,0.0,2.0,4.0,5.0,4.0,6.0,5.0,4.0,4.0,DERMASON
0.0,1.0,1.0,0.0,1.0,1.0,0.0,0.0,4.0,6.0,6.0,4.0,6.0,5.0,4.0,4.0,DERMASON
0.0,1.0,1.0,1.0,1.0,1.0,0.0,0.0,4.0,4.0,5.0,4.0,5.0,5.0,4.0,4.0,DERMASON
0.0,1.0,1.0,0.0,2.0,2.0,0.0,0.0,2.0,3.0,5.0,3.0,6.0,4.0,3.0,2.0,DERMASON
0.0,1.0,1.0,0.0,1.0,1.0,0.0,0.0,4.0,4.0,4.0,4.0,6.0,5.0,4.0,4.0,DERMASON
0.0,1.0,1.0,1.0,1.0,1.0,0.0,0.0,4.0,5.0,5.0,4.0,5.0,5.0,4.0,4.0,DERMASON
0.0,1.0,1.0,0.0,2.0,2.0,0.0,0.0,2.0,4.0,5.0,3.0,6.0,5.0,3.0,4.0,DERMASON
0.0,1.0,1.0,0.0,1.0,1.0,0.0,0.0,4.0,4.0,5.0,4.0,6.0,5.0,4.0,4.0,DERMASON
0.0,1.0,1.0,0.0,1.0,1.0,0.0,0.0,4.0,4.0,5.0,4.0,6.0,5.0,4.0,4.0,DERMASON
0.0,1.0,1.0,0.0,2.0,2.0,0.0,0.0,2.0,2.0,4.0,3.0,6.0,5.0,3.0,1.0,DERMASON
0.0,1.0,1.0,0.0,1.0,1.0,0.0,0.0,2.0,4.0,5.0,4.0,6.0,5.0,4.0,5.0,DERMASON
0.0,1.0,1.0,1.0,0.0,0.0,0.0,0.0,4.0,4.0,6.0,5.0,5.0,5.0,5.0,6.0,DERMASON
0.0,1.0,1.0,0.0,2.0,2.0,0.0,0.0,4.0,4.0,5.0,3.0,6.0,4.0,3.0,4.0,DERMASON
0.0,1.0,1.0,0.0,2.0,2.0,0.0,0.0,5.0,4.0,4.0,3.0,6.0,4.0,3.0,4.0,DERMASON
0.0,1.0,1.0,0.0,1.0,1.0,0.0,0.0,4.0,4.0,5.0,4.0,6.0,5.0,4.0,4.0,DERMASON
0.0,1.0,1.0,0.0,1.0,1.0,0.0,0.0,1.0,4.0,5.0,4.0,6.0,5.0,4.0,3.0,DERMASON
0.0,1.0,1.0,1.0,1.0,1.0,0.0,0.0,4.0,5.0,5.0,4.0,5.0,5.0,4.0,3.0,DERMASON
0.0,1.0,1.0,0.0,2.0,2.0,0.0,0.0,2.0,5.0,5.0,3.0,6.0,4.0,3.0,6.0,DERMASON
0.0,1.0,1.0,0.0,1.0,1.0,0.0,0.0,2.0,4.0,5.0,4.0,6.0,5.0,4.0,3.0,DERMASON
0.0,1.0,1.0,0.0,1.0,1.0,0.0,0.0,4.0,4.0,5.0,4.0,6.0,5.0,4.0,4.0,DERMASON
0.0,1.0,1.0,0.0,1.0,1.0,0.0,0.0,4.0,4.0,5.0,4.0,6.0,5.0,4.0,4.0,DERMASON
0.0,1.0,1.0,0.0,1.0,1.0,0.0,0.0,4.0,4.0,5.0,4.0,6.0,5.0,4.0,4.0,DERMASON
0.0,1.0,1.0,0.0,1.0,1.0,0.0,0.0,2.0,4.0,5.0,4.0,6.0,5.0,4.0,4.0,DERMASON
0.0,1.0,1.0,0.0,2.0,2.0,0.0,0.0,6.0,4.0,5.0,3.0,6.0,3.0,3.0,3.0,DERMASON
0.0,1.0,1.0,0.0,2.0,2.0,0.0,0.0,4.0,4.0,5.0,3.0,6.0,4.0,3.0,4.0,DERMASON
0.0,1.0,1.0,0.0,2.0,2.0,0.0,0.0,3.0,4.0,4.0,3.0,6.0,4.0,3.0,4.0,DERMASON
0.0,1.0,1.0,0.0,2.0,2.0,0.0,0.0,1.0,4.0,4.0,3.0,6.0,4.0,3.0,4.0,DERMASON
0.0,1.0,1.0,1.0,1.0,1.0,0.0,0.0,2.0,4.0,4.0,4.0,5.0,5.0,4.0,4.0,DERMASON
0.0,1.0,1.0,0.0,1.0,1.0,0.0,0.0,4.0,4.0,5.0,4.0,6.0,5.0,4.0,4.0,DERMASON
0.0,1.0,1.0,1.0,1.0,1.0,0.0,0.0,4.0,4.0,6.0,4.0,5.0,5.0,4.0,4.0,DERMASON
0.0,1.0,1.0,0.0,1.0,1.0,0.0,0.0,2.0,6.0,5.0,4.0,6.0,5.0,4.0,5.0,DERMASON
0.0,1.0,1.0,0.0,1.0,1.0,0.0,0.0,4.0,4.0,5.0,4.0,6.0,5.0,4.0,4.0,DERMASON
0.0,1.0,2.0,0.0,3.0,3.0,0.0,0.0,4.0,4.0,4.0,2.0,6.0,3.0,2.0,3.0,DERMASON
0.0,1.0,1.0,0.0,2.0,2.0,0.0,0.0,4.0,4.0,4.0,3.0,6.0,4.0,3.0,4.0,DERMASON
0.0,1.0,1.0,0.0,1.0,1.0,0.0,0.0,5.0,6.0,5.0,4.0,6.0,5.0,4.0,4.0,DERMASON
0.0,1.0,2.0,0.0,3.0,3.0,0.0,0.0,1.0,4.0,5.0,3.0,6.0,3.0,3.0,4.0,DERMASON
0.0,1.0,1.0,0.0,1.0,1.0,0.0,0.0,2.0,4.0,5.0,4.0,6.0,5.0,4.0,4.0,DERMASON
0.0,1.0,1.0,0.0,2.0,2.0,0.0,0.0,2.0,4.0,5.0,3.0,6.0,5.0,3.0,4.0,DERMASON
0.0,1.0,1.0,0.0,2.0,2.0,0.0,0.0,5.0,5.0,5.0,3.0,6.0,4.0,3.0,4.0,DERMASON
0.0,1.0,1.0,1.0,1.0,1.0,0.0,0.0,2.0,4.0,6.0,4.0,5.0,5.0,4.0,5.0,DERMASON
0.0,1.0,2.0,0.0,3.0,3.0,0.0,0.0,4.0,4.0,3.0,2.0,6.0,3.0,2.0,1.0,DERMASON
0.0,1.0,1.0,0.0,1.0,1.0,0.0,0.0,2.0,4.0,5.0,4.0,6.0,5.0,4.0,4.0,DERMASON
0.0,1.0,1.0,1.0,1.0,1.0,0.0,0.0,4.0,4.0,5.0,4.0,5.0,5.0,4.0,4.0,DERMASON
0.0,1.0,1.0,0.0,1.0,1.0,0.0,0.0,6.0,4.0,5.0,4.0,6.0,5.0,4.0,3.0,DERMASON
0.0,1.0,1.0,0.0,1.0,1.0,0.0,0.0,1.0,4.0,5.0,4.0,6.0,5.0,4.0,3.0,DERMASON
0.0,1.0,1.0,0.0,1.0,1.0,0.0,0.0,5.0,4.0,5.0,4.0,6.0,5.0,4.0,4.0,DERMASON
0.0,1.0,1.0,1.0,1.0,1.0,0.0,0.0,5.0,3.0,5.0,4.0,5.0,5.0,4.0,1.0,DERMASON
0.0,1.0,1.0,0.0,1.0,1.0,0.0,0.0,4.0,4.0,5.0,4.0,6.0,5.0,4.0,4.0,DERMASON
0.0,1.0,1.0,0.0,2.0,2.0,0.0,0.0,5.0,4.0,5.0,3.0,6.0,5.0,3.0,4.0,DERMASON
0.0,1.0,1.0,0.0,2.0,2.0,0.0,0.0,4.0,3.0,4.0,3.0,6.0,5.0,3.0,3.0,DERMASON
0.0,1.0,1.0,0.0,1.0,1.0,0.0,0.0,3.0,4.0,5.0,4.0,6.0,5.0,4.0,4.0,DERMASON
0.0,1.0,1.0,0.0,1.0,1.0,0.0,0.0,5.0,4.0,5.0,4.0,6.0,5.0,4.0,4.0,DERMASON
0.0,1.0,1.0,1.0,1.0,1.0,0.0,0.0,4.0,4.0,5.0,4.0,5.0,5.0,4.0,6.0,DERMASON
0.0,1.0,1.0,0.0,1.0,1.0,0.0,0.0,4.0,4.0,5.0,4.0,6.0,5.0,4.0,5.0,DERMASON
0.0,1.0,1.0,1.0,1.0,1.0,0.0,0.0,2.0,5.0,5.0,4.0,5.0,5.0,4.0,5.0,DERMASON
0.0,1.0,1.0,0.0,2.0,2.0,0.0,0.0,4.0,5.0,5.0,3.0,6.0,5.0,3.0,6.0,DERMASON
0.0,1.0,2.0,0.0,2.0,2.0,0.0,0.0,4.0,4.0,4.0,3.0,6.0,3.0,3.0,3.0,DERMASON
0.0,1.0,1.0,0.0,2.0,2.0,0.0,0.0,2.0,4.0,5.0,3.0,6.0,4.0,3.0,3.0,DERMASON
0.0,1.0,1.0,0.0,1.0,1.0,0.0,0.0,2.0,4.0,5.0,4.0,6.0,5.0,4.0,4.0,DERMASON
0.0,1.0,1.0,0.0,1.0,1.0,0.0,0.0,2.0,4.0,4.0,4.0,6.0,5.0,4.0,4.0,DERMASON
0.0,1.0,1.0,0.0,1.0,1.0,0.0,0.0,2.0,4.0,5.0,4.0,6.0,5.0,4.0,4.0,DERMASON
0.0,1.0,1.0,0.0,1.0,1.0,0.0,0.0,2.0,4.0,5.0,4.0,6.0,5.0,4.0,4.0,DERMASON
0.0,1.0,1.0,0.0,2.0,2.0,0.0,0.0,4.0,4.0,5.0,3.0,6.0,5.0,3.0,5.0,DERMASON
0.0,1.0,1.0,1.0,0.0,0.0,0.0,0.0,4.0,4.0,5.0,5.0,5.0,5.0,5.0,4.0,DERMASON
0.0,1.0,2.0,0.0,4.0,4.0,0.0,0.0,4.0,4.0,4.0,2.0,6.0,3.0,2.0,3.0,DERMASON
0.0,1.0,1.0,1.0,1.0,1.0,0.0,0.0,3.0,6.0,6.0,4.0,5.0,5.0,4.0,4.0,DERMASON
0.0,1.0,1.0,1.0,1.0,1.0,0.0,0.0,5.0,4.0,5.0,4.0,5.0,5.0,4.0,4.0,DERMASON
0.0,1.0,1.0,0.0,1.0,1.0,0.0,0.0,2.0,4.0,5.0,4.0,6.0,5.0,4.0,4.0,DERMASON
0.0,1.0,1.0,0.0,2.0,2.0,0.0,0.0,2.0,4.0,4.0,3.0,6.0,4.0,3.0,4.0,DERMASON
0.0,1.0,1.0,0.0,1.0,1.0,0.0,0.0,4.0,4.0,5.0,4.0,6.0,5.0,4.0,6.0,DERMASON
0.0,1.0,1.0,0.0,1.0,1.0,0.0,0.0,5.0,5.0,5.0,4.0,5.0,5.0,4.0,4.0,DERMASON
0.0,1.0,1.0,1.0,0.0,0.0,0.0,0.0,2.0,4.0,5.0,5.0,5.0,5.0,5.0,4.0,DERMASON
0.0,1.0,1.0,0.0,1.0,1.0,0.0,0.0,5.0,4.0,5.0,4.0,6.0,5.0,4.0,4.0,DERMASON
0.0,1.0,2.0,0.0,3.0,3.0,0.0,0.0,4.0,4.0,4.0,2.0,6.0,3.0,2.0,2.0,DERMASON
0.0,1.0,1.0,0.0,1.0,1.0,0.0,0.0,4.0,4.0,5.0,4.0,6.0,5.0,4.0,5.0,DERMASON
0.0,1.0,1.0,0.0,2.0,2.0,0.0,0.0,1.0,5.0,5.0,3.0,6.0,4.0,3.0,4.0,DERMASON
0.0,1.0,1.0,0.0,1.0,1.0,0.0,0.0,4.0,4.0,5.0,4.0,6.0,5.0,4.0,4.0,DERMASON
0.0,1.0,1.0,0.0,2.0,2.0,0.0,0.0,4.0,4.0,4.0,3.0,6.0,5.0,3.0,4.0,DERMASON
0.0,1.0,1.0,0.0,1.0,1.0,0.0,0.0,5.0,4.0,4.0,4.0,6.0,5.0,4.0,2.0,DERMASON
0.0,1.0,1.0,0.0,1.0,1.0,0.0,0.0,5.0,4.0,5.0,4.0,6.0,5.0,4.0,4.0,DERMASON
0.0,1.0,1.0,0.0,1.0,1.0,0.0,0.0,2.0,3.0,4.0,4.0,6.0,5.0,4.0,4.0,DERMASON
0.0,1.0,1.0,1.0,1.0,1.0,0.0,0.0,4.0,4.0,6.0,4.0,5.0,5.0,4.0,4.0,DERMASON
0.0,1.0,1.0,1.0,1.0,1.0,0.0,0.0,4.0,4.0,5.0,4.0,5.0,5.0,4.0,4.0,DERMASON
0.0,1.0,1.0,0.0,1.0,1.0,0.0,0.0,4.0,2.0,4.0,4.0,6.0,5.0,4.0,1.0,DERMASON
0.0,2.0,3.0,0.0,4.0,4.0,0.0,0.0,4.0,2.0,1.0,1.0,6.0,3.0,1.0,4.0,DERMASON
0.0,1.0,1.0,0.0,1.0,1.0,0.0,0.0,5.0,4.0,5.0,4.0,6.0,5.0,4.0,4.0,DERMASON
0.0,1.0,1.0,1.0,0.0,0.0,0.0,0.0,4.0,6.0,6.0,5.0,5.0,5.0,5.0,4.0,DERMASON
0.0,1.0,1.0,0.0,1.0,1.0,0.0,0.0,2.0,4.0,5.0,4.0,6.0,5.0,4.0,4.0,DERMASON
0.0,1.0,1.0,0.0,2.0,2.0,0.0,0.0,1.0,3.0,4.0,3.0,6.0,5.0,3.0,4.0,DERMASON
0.0,1.0,1.0,0.0,2.0,2.0,0.0,0.0,2.0,4.0,4.0,3.0,6.0,4.0,3.0,4.0,DERMASON
0.0,1.0,1.0,0.0,2.0,2.0,0.0,0.0,2.0,4.0,5.0,3.0,6.0,5.0,3.0,4.0,DERMASON
0.0,1.0,1.0,1.0,1.0,1.0,0.0,0.0,2.0,4.0,5.0,4.0,5.0,5.0,4.0,5.0,DERMASON
0.0,1.0,3.0,0.0,4.0,4.0,0.0,0.0,2.0,4.0,4.0,1.0,6.0,3.0,1.0,2.0,DERMASON
0.0,1.0,1.0,0.0,2.0,2.0,0.0,0.0,4.0,5.0,5.0,3.0,6.0,4.0,3.0,4.0,DERMASON
0.0,1.0,1.0,0.0,1.0,1.0,0.0,0.0,2.0,4.0,5.0,4.0,6.0,5.0,4.0,4.0,DERMASON
0.0,1.0,1.0,0.0,2.0,2.0,0.0,0.0,4.0,4.0,4.0,3.0,6.0,5.0,3.0,5.0,DERMASON
0.0,1.0,1.0,1.0,1.0,1.0,0.0,0.0,4.0,4.0,5.0,4.0,5.0,5.0,4.0,4.0,DERMASON
0.0,1.0,1.0,0.0,2.0,2.0,0.0,0.0,2.0,4.0,4.0,3.0,6.0,4.0,3.0,4.0,DERMASON
0.0,1.0,1.0,0.0,1.0,1.0,0.0,0.0,2.0,4.0,5.0,4.0,6.0,5.0,4.0,4.0,DERMASON
0.0,1.0,1.0,1.0,1.0,1.0,0.0,0.0,4.0,4.0,5.0,4.0,5.0,5.0,4.0,4.0,DERMASON
0.0,1.0,1.0,0.0,1.0,1.0,0.0,0.0,4.0,4.0,4.0,4.0,6.0,5.0,4.0,4.0,DERMASON
0.0,1.0,2.0,0.0,3.0,3.0,0.0,0.0,4.0,4.0,3.0,2.0,6.0,3.0,2.0,5.0,DERMASON
0.0,1.0,2.0,0.0,2.0,2.0,0.0,0.0,3.0,4.0,3.0,3.0,6.0,3.0,3.0,4.0,DERMASON
0.0,1.0,1.0,1.0,1.0,1.0,0.0,0.0,4.0,4.0,5.0,4.0,5.0,5.0,4.0,4.0,DERMASON
0.0,1.0,1.0,1.0,1.0,1.0,0.0,0.0,4.0,4.0,5.0,4.0,5.0,5.0,4.0,4.0,DERMASON
0.0,1.0,1.0,0.0,1.0,1.0,0.0,0.0,2.0,4.0,5.0,4.0,6.0,5.0,4.0,4.0,DERMASON
0.0,1.0,1.0,0.0,2.0,2.0,0.0,0.0,4.0,4.0,4.0,3.0,6.0,4.0,3.0,6.0,DERMASON
0.0,1.0,1.0,1.0,1.0,1.0,0.0,0.0,3.0,4.0,5.0,4.0,5.0,5.0,4.0,5.0,DERMASON
0.0,1.0,1.0,0.0,1.0,1.0,0.0,0.0,5.0,4.0,5.0,4.0,6.0,5.0,4.0,4.0,DERMASON
0.0,1.0,1.0,1.0,1.0,1.0,0.0,0.0,3.0,4.0,5.0,4.0,5.0,5.0,4.0,6.0,DERMASON
0.0,1.0,1.0,0.0,2.0,2.0,0.0,0.0,4.0,4.0,5.0,3.0,6.0,4.0,3.0,3.0,DERMASON
0.0,1.0,1.0,0.0,1.0,1.0,0.0,0.0,4.0,4.0,5.0,4.0,6.0,5.0,4.0,5.0,DERMASON
0.0,1.0,1.0,0.0,2.0,2.0,0.0,0.0,2.0,3.0,5.0,3.0,6.0,4.0,3.0,4.0,DERMASON
0.0,1.0,1.0,1.0,1.0,1.0,0.0,0.0,4.0,4.0,5.0,4.0,5.0,5.0,4.0,4.0,DERMASON
0.0,1.0,1.0,1.0,1.0,1.0,0.0,0.0,5.0,4.0,5.0,4.0,5.0,5.0,4.0,4.0,DERMASON
0.0,1.0,1.0,0.0,1.0,1.0,0.0,0.0,4.0,5.0,5.0,4.0,6.0,5.0,4.0,5.0,DERMASON
0.0,1.0,1.0,0.0,2.0,2.0,0.0,0.0,1.0,4.0,4.0,3.0,6.0,4.0,3.0,2.0,DERMASON
0.0,1.0,1.0,0.0,1.0,1.0,0.0,0.0,5.0,4.0,5.0,4.0,6.0,5.0,4.0,4.0,DERMASON
0.0,1.0,1.0,1.0,1.0,1.0,0.0,0.0,5.0,4.0,5.0,4.0,5.0,5.0,4.0,4.0,DERMASON
0.0,1.0,1.0,1.0,1.0,1.0,0.0,0.0,2.0,4.0,5.0,4.0,5.0,5.0,4.0,4.0,DERMASON
0.0,1.0,1.0,1.0,1.0,1.0,0.0,0.0,2.0,4.0,5.0,4.0,5.0,5.0,4.0,4.0,DERMASON
0.0,1.0,1.0,0.0,2.0,2.0,0.0,0.0,1.0,4.0,4.0,3.0,6.0,4.0,3.0,3.0,DERMASON
0.0,1.0,1.0,0.0,1.0,1.0,0.0,0.0,3.0,4.0,5.0,4.0,6.0,5.0,4.0,4.0,DERMASON
0.0,1.0,2.0,0.0,2.0,2.0,0.0,0.0,4.0,4.0,4.0,3.0,6.0,4.0,3.0,4.0,DERMASON
0.0,1.0,1.0,0.0,2.0,2.0,0.0,0.0,4.0,2.0,4.0,3.0,6.0,4.0,3.0,4.0,DERMASON
0.0,1.0,1.0,0.0,1.0,1.0,0.0,0.0,2.0,4.0,5.0,4.0,5.0,5.0,4.0,5.0,DERMASON
0.0,1.0,1.0,1.0,1.0,1.0,0.0,0.0,3.0,2.0,4.0,4.0,5.0,5.0,4.0,4.0,DERMASON
0.0,1.0,1.0,0.0,1.0,1.0,0.0,0.0,4.0,4.0,5.0,4.0,6.0,5.0,4.0,5.0,DERMASON
0.0,1.0,1.0,0.0,1.0,1.0,0.0,0.0,4.0,4.0,5.0,4.0,6.0,5.0,4.0,4.0,DERMASON
0.0,1.0,1.0,0.0,1.0,1.0,0.0,0.0,1.0,4.0,5.0,4.0,6.0,5.0,4.0,3.0,DERMASON
0.0,1.0,1.0,0.0,1.0,1.0,0.0,0.0,2.0,5.0,5.0,4.0,6.0,5.0,4.0,6.0,DERMASON
0.0,1.0,1.0,0.0,2.0,2.0,0.0,0.0,2.0,4.0,5.0,3.0,6.0,4.0,3.0,4.0,DERMASON
0.0,1.0,1.0,0.0,1.0,1.0,0.0,0.0,2.0,4.0,5.0,4.0,6.0,5.0,4.0,4.0,DERMASON
0.0,1.0,1.0,0.0,1.0,1.0,0.0,0.0,5.0,4.0,5.0,4.0,6.0,5.0,4.0,4.0,DERMASON
0.0,1.0,1.0,0.0,1.0,1.0,0.0,0.0,4.0,4.0,5.0,4.0,6.0,5.0,4.0,4.0,DERMASON
0.0,1.0,1.0,1.0,1.0,1.0,0.0,0.0,4.0,4.0,5.0,4.0,5.0,5.0,4.0,4.0,DERMASON
0.0,1.0,1.0,0.0,1.0,1.0,0.0,0.0,2.0,6.0,5.0,4.0,6.0,5.0,4.0,5.0,DERMASON
0.0,1.0,1.0,1.0,1.0,1.0,0.0,0.0,2.0,4.0,5.0,4.0,5.0,5.0,4.0,3.0,DERMASON
0.0,1.0,1.0,0.0,1.0,1.0,0.0,0.0,4.0,4.0,5.0,4.0,6.0,5.0,4.0,6.0,DERMASON
0.0,1.0,1.0,0.0,1.0,1.0,0.0,0.0,4.0,4.0,5.0,4.0,6.0,5.0,4.0,5.0,DERMASON
0.0,1.0,1.0,0.0,2.0,2.0,0.0,0.0,1.0,4.0,4.0,3.0,6.0,5.0,3.0,3.0,DERMASON
0.0,2.0,2.0,0.0,2.0,2.0,0.0,0.0,1.0,1.0,1.0,3.0,6.0,3.0,3.0,1.0,DERMASON
0.0,1.0,2.0,0.0,2.0,2.0,0.0,0.0,1.0,4.0,4.0,3.0,6.0,3.0,3.0,2.0,DERMASON
0.0,1.0,1.0,0.0,2.0,2.0,0.0,0.0,3.0,4.0,5.0,3.0,6.0,5.0,3.0,4.0,DERMASON
0.0,1.0,1.0,0.0,2.0,2.0,0.0,0.0,4.0,4.0,4.0,3.0,6.0,4.0,3.0,6.0,DERMASON
0.0,1.0,1.0,0.0,1.0,1.0,0.0,0.0,5.0,4.0,5.0,4.0,6.0,5.0,4.0,3.0,DERMASON
0.0,1.0,1.0,1.0,1.0,1.0,0.0,0.0,2.0,3.0,5.0,4.0,5.0,5.0,4.0,3.0,DERMASON
0.0,1.0,1.0,1.0,1.0,1.0,0.0,0.0,4.0,4.0,5.0,4.0,5.0,5.0,4.0,4.0,DERMASON
0.0,1.0,1.0,0.0,1.0,1.0,0.0,0.0,2.0,4.0,5.0,4.0,6.0,5.0,4.0,4.0,DERMASON
0.0,1.0,1.0,0.0,1.0,1.0,0.0,0.0,2.0,4.0,5.0,4.0,6.0,5.0,4.0,6.0,DERMASON
0.0,1.0,1.0,0.0,1.0,1.0,0.0,0.0,4.0,4.0,5.0,4.0,6.0,5.0,4.0,6.0,DERMASON
0.0,1.0,1.0,1.0,1.0,1.0,0.0,0.0,4.0,4.0,5.0,4.0,5.0,5.0,4.0,4.0,DERMASON
0.0,1.0,1.0,1.0,1.0,1.0,0.0,0.0,5.0,4.0,5.0,4.0,5.0,5.0,4.0,4.0,DERMASON
0.0,1.0,1.0,1.0,1.0,1.0,0.0,0.0,2.0,4.0,5.0,4.0,5.0,5.0,4.0,4.0,DERMASON
0.0,1.0,3.0,0.0,4.0,4.0,0.0,0.0,2.0,2.0,4.0,1.0,6.0,3.0,1.0,1.0,DERMASON
0.0,1.0,1.0,0.0,2.0,2.0,0.0,0.0,5.0,4.0,5.0,3.0,6.0,4.0,3.0,4.0,DERMASON
0.0,1.0,1.0,1.0,1.0,1.0,0.0,0.0,4.0,3.0,5.0,4.0,5.0,5.0,4.0,2.0,DERMASON
0.0,1.0,2.0,0.0,2.0,2.0,0.0,0.0,2.0,4.0,5.0,3.0,6.0,4.0,3.0,5.0,DERMASON
0.0,1.0,3.0,0.0,4.0,4.0,0.0,0.0,6.0,4.0,4.0,1.0,6.0,3.0,1.0,2.0,DERMASON
0.0,1.0,1.0,1.0,1.0,1.0,0.0,0.0,2.0,4.0,5.0,4.0,5.0,5.0,4.0,3.0,DERMASON
0.0,1.0,1.0,0.0,1.0,1.0,0.0,0.0,2.0,4.0,4.0,4.0,6.0,5.0,4.0,3.0,DERMASON
0.0,1.0,1.0,0.0,1.0,1.0,0.0,0.0,5.0,4.0,5.0,4.0,6.0,5.0,4.0,4.0,DERMASON
0.0,1.0,1.0,0.0,1.0,1.0,0.0,0.0,3.0,4.0,4.0,4.0,6.0,5.0,4.0,3.0,DERMASON
0.0,1.0,3.0,0.0,4.0,4.0,0.0,0.0,2.0,4.0,4.0,1.0,6.0,3.0,1.0,3.0,DERMASON
0.0,1.0,1.0,1.0,0.0,0.0,0.0,0.0,3.0,4.0,5.0,6.0,5.0,6.0,6.0,2.0,DERMASON
0.0,1.0,1.0,0.0,1.0,1.0,0.0,0.0,5.0,4.0,5.0,4.0,6.0,5.0,4.0,4.0,DERMASON
0.0,1.0,2.0,0.0,3.0,3.0,0.0,0.0,4.0,3.0,3.0,2.0,6.0,3.0,2.0,4.0,DERMASON
0.0,1.0,1.0,0.0,1.0,1.0,0.0,0.0,4.0,3.0,5.0,4.0,6.0,5.0,4.0,4.0,DERMASON
0.0,1.0,1.0,0.0,2.0,2.0,0.0,0.0,2.0,4.0,5.0,3.0,6.0,4.0,3.0,4.0,DERMASON
0.0,1.0,1.0,1.0,1.0,1.0,0.0,0.0,1.0,4.0,5.0,4.0,5.0,5.0,4.0,3.0,DERMASON
0.0,1.0,1.0,0.0,1.0,1.0,0.0,0.0,2.0,2.0,4.0,4.0,6.0,5.0,4.0,2.0,DERMASON
0.0,1.0,1.0,0.0,2.0,2.0,0.0,0.0,2.0,4.0,4.0,3.0,6.0,4.0,3.0,3.0,DERMASON
0.0,1.0,1.0,0.0,1.0,1.0,0.0,0.0,4.0,4.0,5.0,4.0,6.0,5.0,4.0,6.0,DERMASON
0.0,1.0,1.0,1.0,1.0,1.0,0.0,0.0,6.0,4.0,5.0,4.0,5.0,5.0,4.0,4.0,DERMASON
0.0,1.0,1.0,0.0,1.0,1.0,0.0,0.0,2.0,4.0,5.0,4.0,6.0,5.0,4.0,4.0,DERMASON
0.0,1.0,1.0,1.0,1.0,1.0,0.0,0.0,4.0,5.0,6.0,4.0,5.0,5.0,4.0,5.0,DERMASON
0.0,1.0,1.0,0.0,1.0,1.0,0.0,0.0,5.0,4.0,5.0,4.0,6.0,5.0,4.0,4.0,DERMASON
0.0,2.0,1.0,0.0,2.0,2.0,0.0,0.0,2.0,2.0,3.0,3.0,6.0,5.0,3.0,4.0,DERMASON
0.0,1.0,1.0,1.0,1.0,1.0,0.0,0.0,4.0,4.0,5.0,4.0,6.0,5.0,4.0,3.0,DERMASON
0.0,1.0,1.0,1.0,1.0,1.0,0.0,0.0,3.0,4.0,5.0,4.0,5.0,5.0,4.0,4.0,DERMASON
0.0,1.0,1.0,0.0,1.0,1.0,0.0,0.0,2.0,4.0,5.0,4.0,6.0,5.0,4.0,4.0,DERMASON
0.0,1.0,1.0,0.0,1.0,1.0,0.0,0.0,2.0,4.0,5.0,4.0,6.0,5.0,4.0,2.0,DERMASON
0.0,1.0,1.0,0.0,2.0,2.0,0.0,0.0,2.0,4.0,5.0,3.0,6.0,4.0,3.0,4.0,DERMASON
0.0,1.0,1.0,0.0,1.0,1.0,0.0,0.0,2.0,5.0,5.0,4.0,6.0,5.0,4.0,4.0,DERMASON
0.0,1.0,2.0,0.0,4.0,4.0,0.0,0.0,2.0,3.0,4.0,2.0,6.0,3.0,2.0,2.0,DERMASON
0.0,1.0,1.0,1.0,1.0,1.0,0.0,0.0,2.0,4.0,5.0,4.0,5.0,5.0,4.0,4.0,DERMASON
0.0,1.0,1.0,1.0,1.0,1.0,0.0,0.0,2.0,4.0,5.0,4.0,5.0,5.0,4.0,4.0,DERMASON
0.0,1.0,2.0,0.0,2.0,2.0,0.0,0.0,4.0,4.0,4.0,3.0,6.0,3.0,3.0,4.0,DERMASON
0.0,1.0,1.0,0.0,2.0,2.0,0.0,0.0,2.0,6.0,5.0,3.0,6.0,4.0,3.0,4.0,DERMASON
0.0,1.0,1.0,1.0,1.0,1.0,0.0,0.0,2.0,4.0,5.0,4.0,5.0,5.0,4.0,4.0,DERMASON
0.0,1.0,1.0,1.0,1.0,1.0,0.0,0.0,2.0,4.0,4.0,4.0,5.0,5.0,4.0,3.0,DERMASON
0.0,1.0,1.0,0.0,1.0,1.0,0.0,0.0,3.0,4.0,5.0,4.0,6.0,5.0,4.0,4.0,DERMASON
0.0,1.0,1.0,1.0,1.0,1.0,0.0,0.0,3.0,4.0,5.0,4.0,5.0,5.0,4.0,4.0,DERMASON
0.0,1.0,2.0,0.0,2.0,2.0,0.0,0.0,4.0,4.0,4.0,3.0,6.0,4.0,3.0,1.0,DERMASON
0.0,1.0,1.0,1.0,1.0,1.0,0.0,0.0,3.0,4.0,5.0,4.0,5.0,5.0,4.0,5.0,DERMASON
0.0,1.0,1.0,0.0,1.0,1.0,0.0,0.0,4.0,4.0,5.0,4.0,6.0,5.0,4.0,4.0,DERMASON
0.0,1.0,1.0,0.0,1.0,1.0,0.0,0.0,4.0,4.0,5.0,4.0,6.0,5.0,4.0,4.0,DERMASON
0.0,1.0,2.0,0.0,2.0,2.0,0.0,0.0,1.0,4.0,4.0,3.0,6.0,4.0,3.0,4.0,DERMASON
0.0,1.0,1.0,0.0,2.0,2.0,0.0,0.0,4.0,4.0,4.0,3.0,6.0,4.0,3.0,4.0,DERMASON
0.0,1.0,2.0,0.0,2.0,2.0,0.0,0.0,1.0,3.0,5.0,3.0,6.0,4.0,3.0,3.0,DERMASON
0.0,1.0,1.0,0.0,1.0,1.0,0.0,0.0,5.0,6.0,5.0,4.0,5.0,5.0,4.0,5.0,DERMASON
0.0,1.0,1.0,1.0,1.0,1.0,0.0,0.0,4.0,4.0,5.0,4.0,5.0,5.0,4.0,4.0,DERMASON
0.0,1.0,1.0,0.0,1.0,1.0,0.0,0.0,2.0,4.0,5.0,4.0,6.0,5.0,4.0,5.0,DERMASON
0.0,1.0,1.0,1.0,1.0,1.0,0.0,0.0,4.0,4.0,5.0,4.0,5.0,5.0,4.0,4.0,DERMASON
0.0,1.0,1.0,0.0,1.0,1.0,0.0,0.0,2.0,4.0,5.0,4.0,6.0,5.0,4.0,4.0,DERMASON
0.0,1.0,2.0,0.0,2.0,2.0,0.0,0.0,2.0,4.0,4.0,3.0,6.0,4.0,3.0,3.0,DERMASON
0.0,1.0,1.0,0.0,2.0,2.0,0.0,0.0,4.0,6.0,5.0,3.0,6.0,4.0,3.0,5.0,DERMASON
0.0,1.0,1.0,0.0,1.0,1.0,0.0,0.0,2.0,4.0,5.0,4.0,6.0,5.0,4.0,4.0,DERMASON
0.0,1.0,1.0,0.0,1.0,1.0,0.0,0.0,4.0,4.0,5.0,4.0,6.0,5.0,4.0,4.0,DERMASON
0.0,1.0,1.0,0.0,1.0,1.0,0.0,0.0,4.0,4.0,4.0,4.0,6.0,5.0,4.0,4.0,DERMASON
0.0,1.0,1.0,1.0,0.0,0.0,0.0,0.0,4.0,4.0,6.0,5.0,5.0,5.0,5.0,4.0,DERMASON
0.0,1.0,1.0,1.0,1.0,1.0,0.0,0.0,4.0,3.0,4.0,4.0,5.0,5.0,4.0,4.0,DERMASON
0.0,1.0,1.0,0.0,1.0,1.0,0.0,0.0,5.0,4.0,5.0,4.0,6.0,5.0,4.0,4.0,DERMASON
0.0,2.0,3.0,0.0,4.0,4.0,0.0,0.0,2.0,4.0,3.0,1.0,6.0,3.0,1.0,4.0,DERMASON
0.0,1.0,1.0,0.0,2.0,2.0,0.0,0.0,2.0,4.0,4.0,3.0,6.0,4.0,3.0,4.0,DERMASON
0.0,1.0,1.0,0.0,1.0,1.0,0.0,0.0,4.0,4.0,5.0,4.0,6.0,5.0,4.0,3.0,DERMASON
0.0,1.0,2.0,0.0,2.0,2.0,0.0,0.0,4.0,4.0,5.0,3.0,6.0,3.0,3.0,4.0,DERMASON
0.0,1.0,1.0,0.0,1.0,1.0,0.0,0.0,1.0,4.0,5.0,4.0,6.0,5.0,4.0,4.0,DERMASON
0.0,1.0,1.0,0.0,2.0,2.0,0.0,0.0,4.0,4.0,5.0,3.0,6.0,5.0,3.0,6.0,DERMASON
0.0,2.0,3.0,0.0,4.0,4.0,0.0,0.0,0.0,3.0,3.0,1.0,6.0,3.0,1.0,1.0,DERMASON
0.0,1.0,1.0,0.0,2.0,2.0,0.0,0.0,1.0,5.0,5.0,3.0,6.0,4.0,3.0,4.0,DERMASON
0.0,2.0,1.0,0.0,2.0,2.0,0.0,0.0,2.0,2.0,3.0,3.0,6.0,4.0,3.0,4.0,DERMASON
0.0,1.0,1.0,1.0,1.0,1.0,0.0,0.0,5.0,4.0,5.0,4.0,5.0,5.0,4.0,4.0,DERMASON
0.0,1.0,2.0,0.0,2.0,2.0,0.0,0.0,2.0,6.0,5.0,3.0,6.0,4.0,3.0,4.0,DERMASON
0.0,1.0,2.0,0.0,2.0,2.0,0.0,0.0,1.0,4.0,4.0,3.0,6.0,3.0,3.0,4.0,DERMASON
0.0,1.0,1.0,0.0,1.0,1.0,0.0,0.0,2.0,4.0,5.0,4.0,6.0,5.0,4.0,6.0,DERMASON
0.0,1.0,1.0,0.0,1.0,1.0,0.0,0.0,2.0,4.0,5.0,4.0,6.0,5.0,4.0,6.0,DERMASON
0.0,1.0,1.0,1.0,1.0,1.0,0.0,0.0,4.0,4.0,5.0,4.0,5.0,5.0,4.0,4.0,DERMASON
0.0,1.0,1.0,0.0,1.0,1.0,0.0,0.0,4.0,4.0,5.0,4.0,6.0,5.0,4.0,4.0,DERMASON
0.0,1.0,1.0,1.0,1.0,1.0,0.0,0.0,4.0,5.0,5.0,4.0,5.0,5.0,4.0,4.0,DERMASON
0.0,1.0,1.0,1.0,1.0,1.0,0.0,0.0,2.0,4.0,5.0,4.0,5.0,5.0,4.0,3.0,DERMASON
0.0,1.0,1.0,0.0,1.0,1.0,0.0,0.0,2.0,4.0,5.0,4.0,6.0,5.0,4.0,4.0,DERMASON
0.0,1.0,1.0,1.0,1.0,1.0,0.0,0.0,2.0,4.0,5.0,4.0,5.0,5.0,4.0,2.0,DERMASON
0.0,1.0,1.0,0.0,2.0,2.0,0.0,0.0,2.0,4.0,5.0,3.0,6.0,5.0,3.0,4.0,DERMASON
0.0,1.0,1.0,1.0,1.0,1.0,0.0,0.0,4.0,4.0,5.0,4.0,5.0,5.0,4.0,4.0,DERMASON
0.0,1.0,1.0,1.0,1.0,1.0,0.0,0.0,5.0,4.0,5.0,4.0,5.0,5.0,4.0,4.0,DERMASON
0.0,1.0,2.0,0.0,2.0,2.0,0.0,0.0,4.0,5.0,5.0,3.0,6.0,4.0,3.0,4.0,DERMASON
0.0,1.0,1.0,1.0,1.0,1.0,0.0,0.0,2.0,4.0,5.0,4.0,5.0,5.0,4.0,2.0,DERMASON
0.0,1.0,1.0,0.0,1.0,1.0,0.0,0.0,2.0,4.0,5.0,4.0,6.0,5.0,4.0,3.0,DERMASON
0.0,1.0,1.0,0.0,2.0,2.0,0.0,0.0,3.0,4.0,4.0,3.0,6.0,4.0,3.0,4.0,DERMASON
0.0,2.0,3.0,0.0,4.0,4.0,0.0,0.0,1.0,2.0,3.0,1.0,6.0,3.0,1.0,3.0,DERMASON
0.0,1.0,3.0,0.0,4.0,4.0,0.0,0.0,4.0,4.0,4.0,1.0,6.0,3.0,1.0,4.0,DERMASON
0.0,1.0,1.0,1.0,1.0,1.0,0.0,0.0,2.0,5.0,5.0,4.0,5.0,5.0,4.0,4.0,DERMASON
0.0,1.0,1.0,1.0,1.0,1.0,0.0,0.0,2.0,4.0,5.0,4.0,5.0,5.0,4.0,3.0,DERMASON
0.0,1.0,1.0,0.0,2.0,2.0,0.0,0.0,2.0,6.0,5.0,3.0,6.0,4.0,3.0,5.0,DERMASON
0.0,1.0,1.0,0.0,1.0,1.0,0.0,0.0,2.0,4.0,4.0,4.0,6.0,5.0,4.0,5.0,DERMASON
0.0,1.0,1.0,0.0,1.0,1.0,0.0,0.0,2.0,4.0,5.0,4.0,6.0,5.0,4.0,4.0,DERMASON
0.0,1.0,1.0,1.0,1.0,1.0,0.0,0.0,2.0,4.0,5.0,4.0,6.0,5.0,4.0,3.0,DERMASON
0.0,1.0,1.0,0.0,1.0,1.0,0.0,0.0,2.0,5.0,5.0,4.0,6.0,5.0,4.0,4.0,DERMASON
0.0,1.0,2.0,0.0,2.0,2.0,0.0,0.0,4.0,4.0,5.0,3.0,6.0,4.0,3.0,5.0,DERMASON
0.0,1.0,1.0,1.0,1.0,1.0,0.0,0.0,2.0,4.0,5.0,4.0,5.0,5.0,4.0,4.0,DERMASON
0.0,1.0,2.0,0.0,2.0,2.0,0.0,0.0,5.0,4.0,5.0,3.0,6.0,3.0,3.0,3.0,DERMASON
0.0,1.0,1.0,1.0,1.0,1.0,0.0,0.0,2.0,2.0,5.0,4.0,5.0,5.0,4.0,2.0,DERMASON
0.0,1.0,1.0,0.0,2.0,2.0,0.0,0.0,4.0,4.0,4.0,3.0,6.0,5.0,3.0,4.0,DERMASON
0.0,1.0,2.0,0.0,2.0,2.0,1.0,0.0,4.0,1.0,4.0,3.0,6.0,3.0,3.0,1.0,DERMASON
0.0,1.0,1.0,1.0,1.0,1.0,0.0,0.0,2.0,4.0,5.0,4.0,5.0,5.0,4.0,5.0,DERMASON
0.0,1.0,1.0,0.0,1.0,1.0,0.0,0.0,4.0,4.0,4.0,4.0,6.0,5.0,4.0,4.0,DERMASON
0.0,1.0,1.0,0.0,2.0,2.0,0.0,0.0,2.0,4.0,4.0,3.0,6.0,4.0,3.0,4.0,DERMASON
0.0,1.0,1.0,1.0,1.0,1.0,0.0,0.0,2.0,3.0,5.0,4.0,5.0,5.0,4.0,2.0,DERMASON
0.0,1.0,2.0,0.0,2.0,2.0,0.0,0.0,4.0,4.0,4.0,3.0,6.0,3.0,3.0,6.0,DERMASON
0.0,1.0,2.0,0.0,2.0,2.0,0.0,0.0,4.0,4.0,5.0,3.0,6.0,4.0,3.0,3.0,DERMASON
0.0,1.0,1.0,1.0,1.0,1.0,0.0,0.0,2.0,4.0,5.0,4.0,5.0,5.0,4.0,5.0,DERMASON
0.0,1.0,1.0,0.0,2.0,2.0,0.0,0.0,4.0,4.0,4.0,3.0,6.0,4.0,3.0,4.0,DERMASON
0.0,1.0,1.0,1.0,1.0,1.0,0.0,0.0,5.0,4.0,5.0,4.0,5.0,5.0,4.0,4.0,DERMASON
0.0,1.0,1.0,1.0,1.0,1.0,0.0,0.0,4.0,4.0,5.0,4.0,5.0,5.0,4.0,4.0,DERMASON
0.0,1.0,2.0,0.0,2.0,2.0,0.0,0.0,2.0,4.0,5.0,3.0,6.0,4.0,3.0,4.0,DERMASON
0.0,1.0,1.0,0.0,2.0,2.0,0.0,0.0,4.0,4.0,4.0,3.0,6.0,4.0,3.0,4.0,DERMASON
0.0,1.0,1.0,0.0,1.0,1.0,0.0,0.0,2.0,4.0,5.0,4.0,6.0,5.0,4.0,4.0,DERMASON
0.0,1.0,2.0,0.0,2.0,2.0,0.0,0.0,3.0,4.0,4.0,3.0,6.0,4.0,3.0,4.0,DERMASON
0.0,1.0,1.0,0.0,1.0,1.0,0.0,0.0,2.0,4.0,4.0,4.0,6.0,5.0,4.0,3.0,DERMASON
0.0,1.0,1.0,1.0,1.0,1.0,0.0,0.0,3.0,4.0,5.0,4.0,5.0,5.0,4.0,4.0,DERMASON
0.0,1.0,1.0,0.0,1.0,1.0,0.0,0.0,2.0,4.0,5.0,4.0,6.0,5.0,4.0,5.0,DERMASON
0.0,1.0,1.0,1.0,1.0,1.0,1.0,0.0,4.0,2.0,4.0,4.0,5.0,5.0,4.0,4.0,DERMASON
0.0,1.0,1.0,1.0,1.0,1.0,0.0,0.0,2.0,4.0,5.0,4.0,5.0,5.0,4.0,4.0,DERMASON
0.0,1.0,1.0,1.0,1.0,1.0,0.0,0.0,2.0,4.0,5.0,4.0,5.0,5.0,4.0,4.0,DERMASON
0.0,1.0,1.0,1.0,1.0,1.0,0.0,0.0,5.0,5.0,5.0,4.0,5.0,5.0,4.0,4.0,DERMASON
0.0,1.0,1.0,1.0,1.0,1.0,0.0,0.0,4.0,4.0,4.0,4.0,5.0,5.0,4.0,4.0,DERMASON
0.0,1.0,1.0,1.0,1.0,1.0,0.0,0.0,2.0,4.0,5.0,4.0,5.0,5.0,4.0,3.0,DERMASON
0.0,1.0,1.0,0.0,2.0,2.0,0.0,0.0,2.0,4.0,5.0,3.0,6.0,4.0,3.0,4.0,DERMASON
0.0,1.0,1.0,0.0,1.0,1.0,0.0,0.0,3.0,4.0,5.0,4.0,6.0,5.0,4.0,3.0,DERMASON
0.0,1.0,1.0,0.0,1.0,1.0,0.0,0.0,2.0,3.0,4.0,4.0,6.0,5.0,4.0,4.0,DERMASON
0.0,1.0,2.0,0.0,2.0,2.0,0.0,0.0,5.0,4.0,5.0,3.0,6.0,4.0,3.0,3.0,DERMASON
0.0,1.0,1.0,0.0,2.0,2.0,0.0,0.0,4.0,4.0,5.0,4.0,6.0,5.0,4.0,4.0,DERMASON
0.0,1.0,1.0,1.0,1.0,1.0,1.0,0.0,4.0,2.0,4.0,4.0,5.0,5.0,4.0,5.0,DERMASON
0.0,1.0,1.0,1.0,1.0,1.0,0.0,0.0,4.0,4.0,5.0,4.0,5.0,5.0,4.0,5.0,DERMASON
0.0,1.0,1.0,0.0,2.0,2.0,0.0,0.0,2.0,4.0,5.0,3.0,6.0,4.0,3.0,5.0,DERMASON
0.0,1.0,1.0,1.0,1.0,1.0,0.0,0.0,5.0,4.0,6.0,4.0,5.0,5.0,4.0,4.0,DERMASON
0.0,1.0,1.0,1.0,1.0,1.0,1.0,0.0,2.0,2.0,4.0,4.0,5.0,5.0,4.0,3.0,DERMASON
0.0,1.0,1.0,1.0,1.0,1.0,0.0,0.0,4.0,4.0,5.0,4.0,5.0,5.0,4.0,4.0,DERMASON
0.0,1.0,1.0,0.0,1.0,1.0,0.0,0.0,4.0,4.0,5.0,4.0,6.0,5.0,4.0,4.0,DERMASON
0.0,1.0,1.0,1.0,1.0,1.0,0.0,0.0,4.0,4.0,5.0,4.0,5.0,5.0,4.0,4.0,DERMASON
0.0,1.0,1.0,0.0,1.0,1.0,0.0,0.0,2.0,4.0,5.0,4.0,6.0,5.0,4.0,4.0,DERMASON
0.0,1.0,1.0,1.0,1.0,1.0,0.0,0.0,5.0,4.0,5.0,4.0,5.0,5.0,4.0,4.0,DERMASON
0.0,1.0,1.0,0.0,1.0,1.0,0.0,0.0,2.0,4.0,5.0,4.0,6.0,5.0,4.0,4.0,DERMASON
0.0,1.0,1.0,0.0,2.0,2.0,1.0,0.0,4.0,3.0,4.0,3.0,6.0,4.0,3.0,3.0,DERMASON
0.0,1.0,1.0,1.0,1.0,1.0,0.0,0.0,4.0,4.0,5.0,4.0,5.0,5.0,4.0,4.0,DERMASON
0.0,1.0,1.0,1.0,0.0,0.0,0.0,0.0,4.0,6.0,6.0,5.0,5.0,5.0,5.0,5.0,DERMASON
0.0,1.0,2.0,0.0,2.0,2.0,0.0,0.0,2.0,4.0,5.0,3.0,6.0,3.0,3.0,4.0,DERMASON
0.0,2.0,1.0,1.0,1.0,1.0,1.0,0.0,2.0,2.0,1.0,4.0,5.0,5.0,4.0,3.0,DERMASON
0.0,1.0,1.0,1.0,1.0,1.0,0.0,0.0,2.0,4.0,5.0,4.0,5.0,5.0,4.0,4.0,DERMASON
0.0,1.0,1.0,0.0,1.0,1.0,0.0,0.0,3.0,4.0,5.0,4.0,6.0,5.0,4.0,4.0,DERMASON
0.0,1.0,1.0,0.0,1.0,1.0,0.0,0.0,4.0,4.0,5.0,4.0,6.0,5.0,4.0,4.0,DERMASON
1.0,1.0,1.0,0.0,1.0,1.0,0.0,1.0,2.0,4.0,5.0,4.0,6.0,5.0,4.0,4.0,DERMASON
1.0,1.0,1.0,0.0,1.0,1.0,0.0,1.0,2.0,5.0,5.0,4.0,5.0,5.0,4.0,4.0,DERMASON
1.0,1.0,1.0,1.0,1.0,1.0,0.0,1.0,4.0,4.0,5.0,4.0,5.0,5.0,4.0,4.0,DERMASON
1.0,1.0,1.0,1.0,1.0,1.0,0.0,1.0,5.0,4.0,5.0,4.0,5.0,5.0,4.0,4.0,DERMASON
1.0,1.0,2.0,0.0,2.0,2.0,0.0,1.0,1.0,6.0,5.0,3.0,6.0,3.0,3.0,4.0,DERMASON
1.0,1.0,1.0,0.0,1.0,1.0,1.0,1.0,2.0,4.0,5.0,4.0,6.0,5.0,4.0,4.0,DERMASON
1.0,1.0,2.0,0.0,2.0,2.0,1.0,1.0,4.0,4.0,4.0,3.0,6.0,3.0,3.0,4.0,DERMASON
1.0,1.0,1.0,1.0,1.0,1.0,1.0,1.0,2.0,4.0,5.0,4.0,6.0,5.0,4.0,3.0,DERMASON
1.0,2.0,1.0,0.0,1.0,1.0,1.0,1.0,2.0,2.0,3.0,4.0,6.0,5.0,4.0,3.0,DERMASON
1.0,1.0,1.0,1.0,1.0,1.0,0.0,1.0,2.0,6.0,5.0,4.0,5.0,5.0,4.0,3.0,DERMASON
1.0,1.0,2.0,0.0,2.0,2.0,1.0,1.0,2.0,4.0,4.0,3.0,6.0,3.0,3.0,4.0,DERMASON
1.0,1.0,1.0,0.0,2.0,2.0,0.0,1.0,4.0,4.0,5.0,3.0,6.0,4.0,3.0,6.0,DERMASON
1.0,1.0,1.0,1.0,1.0,1.0,1.0,1.0,2.0,4.0,5.0,4.0,5.0,5.0,4.0,5.0,DERMASON
1.0,1.0,1.0,1.0,1.0,1.0,1.0,1.0,2.0,4.0,5.0,4.0,5.0,5.0,4.0,4.0,DERMASON
1.0,1.0,2.0,0.0,2.0,2.0,1.0,1.0,5.0,4.0,4.0,3.0,6.0,4.0,3.0,5.0,DERMASON
1.0,2.0,3.0,0.0,4.0,4.0,1.0,1.0,5.0,4.0,3.0,1.0,6.0,3.0,1.0,3.0,DERMASON
1.0,1.0,1.0,0.0,2.0,2.0,1.0,1.0,2.0,4.0,4.0,3.0,6.0,4.0,3.0,4.0,DERMASON
1.0,1.0,2.0,0.0,2.0,2.0,1.0,1.0,2.0,4.0,5.0,3.0,6.0,4.0,3.0,4.0,DERMASON
1.0,1.0,1.0,1.0,1.0,1.0,1.0,1.0,5.0,4.0,5.0,4.0,5.0,5.0,4.0,4.0,DERMASON
1.0,1.0,1.0,0.0,1.0,1.0,1.0,1.0,2.0,4.0,5.0,4.0,6.0,5.0,4.0,4.0,DERMASON
1.0,1.0,1.0,1.0,1.0,1.0,1.0,1.0,4.0,4.0,5.0,4.0,5.0,5.0,4.0,3.0,DERMASON
1.0,1.0,1.0,1.0,1.0,1.0,0.0,1.0,6.0,6.0,5.0,4.0,5.0,5.0,4.0,4.0,DERMASON
1.0,2.0,1.0,0.0,1.0,1.0,1.0,1.0,2.0,4.0,4.0,4.0,6.0,5.0,4.0,3.0,DERMASON
1.0,1.0,1.0,1.0,0.0,0.0,1.0,1.0,5.0,4.0,5.0,5.0,5.0,5.0,5.0,4.0,DERMASON
1.0,1.0,1.0,1.0,1.0,1.0,1.0,1.0,2.0,4.0,5.0,4.0,5.0,5.0,4.0,3.0,DERMASON
1.0,1.0,2.0,0.0,2.0,2.0,1.0,1.0,3.0,4.0,5.0,3.0,6.0,4.0,3.0,3.0,DERMASON
1.0,1.0,1.0,0.0,1.0,1.0,1.0,1.0,4.0,5.0,5.0,4.0,6.0,5.0,4.0,4.0,DERMASON
1.0,1.0,1.0,0.0,1.0,1.0,1.0,1.0,2.0,4.0,5.0,4.0,6.0,5.0,4.0,4.0,DERMASON
1.0,2.0,1.0,0.0,1.0,1.0,1.0,1.0,3.0,2.0,3.0,4.0,5.0,5.0,4.0,5.0,DERMASON
1.0,1.0,2.0,0.0,2.0,2.0,1.0,1.0,1.0,4.0,5.0,3.0,6.0,3.0,3.0,3.0,DERMASON
1.0,1.0,1.0,1.0,1.0,1.0,1.0,1.0,2.0,4.0,5.0,4.0,5.0,5.0,4.0,4.0,DERMASON
1.0,1.0,1.0,1.0,1.0,1.0,1.0,1.0,2.0,4.0,5.0,4.0,5.0,5.0,4.0,4.0,DERMASON
1.0,1.0,1.0,1.0,1.0,1.0,1.0,1.0,2.0,4.0,5.0,4.0,5.0,5.0,4.0,4.0,DERMASON
1.0,1.0,1.0,0.0,2.0,2.0,1.0,1.0,4.0,4.0,5.0,3.0,6.0,4.0,3.0,4.0,DERMASON
1.0,1.0,1.0,0.0,2.0,2.0,1.0,1.0,3.0,4.0,5.0,3.0,6.0,4.0,3.0,4.0,DERMASON
1.0,2.0,3.0,0.0,4.0,4.0,1.0,1.0,5.0,4.0,4.0,1.0,6.0,3.0,1.0,2.0,DERMASON
1.0,2.0,3.0,0.0,3.0,3.0,1.0,1.0,2.0,3.0,4.0,2.0,6.0,3.0,2.0,3.0,DERMASON
1.0,1.0,1.0,0.0,1.0,1.0,1.0,1.0,2.0,4.0,4.0,4.0,6.0,5.0,4.0,4.0,DERMASON
1.0,1.0,2.0,0.0,2.0,2.0,1.0,1.0,1.0,4.0,5.0,3.0,6.0,3.0,3.0,4.0,DERMASON
1.0,1.0,1.0,1.0,1.0,1.0,1.0,1.0,4.0,4.0,4.0,4.0,5.0,5.0,4.0,4.0,DERMASON
1.0,1.0,2.0,0.0,2.0,2.0,1.0,1.0,4.0,4.0,5.0,3.0,6.0,3.0,3.0,5.0,DERMASON
1.0,1.0,1.0,0.0,1.0,1.0,1.0,1.0,4.0,6.0,5.0,4.0,5.0,5.0,4.0,5.0,DERMASON
1.0,1.0,1.0,1.0,1.0,1.0,1.0,1.0,2.0,4.0,5.0,4.0,5.0,5.0,4.0,4.0,DERMASON
1.0,1.0,1.0,1.0,1.0,1.0,1.0,1.0,2.0,4.0,5.0,4.0,5.0,5.0,4.0,3.0,DERMASON
1.0,1.0,1.0,0.0,1.0,1.0,1.0,1.0,4.0,4.0,5.0,4.0,6.0,5.0,4.0,5.0,DERMASON
1.0,1.0,1.0,1.0,1.0,1.0,1.0,1.0,5.0,5.0,5.0,4.0,5.0,5.0,4.0,4.0,DERMASON
1.0,1.0,1.0,0.0,1.0,1.0,1.0,1.0,4.0,4.0,5.0,4.0,6.0,5.0,4.0,4.0,DERMASON
1.0,1.0,1.0,1.0,1.0,1.0,1.0,1.0,2.0,4.0,5.0,4.0,5.0,5.0,4.0,4.0,DERMASON
1.0,1.0,1.0,1.0,1.0,1.0,1.0,1.0,5.0,4.0,5.0,4.0,5.0,5.0,4.0,4.0,DERMASON
1.0,1.0,2.0,0.0,2.0,2.0,1.0,1.0,5.0,5.0,5.0,3.0,6.0,4.0,3.0,4.0,DERMASON
1.0,1.0,1.0,1.0,1.0,1.0,1.0,1.0,4.0,4.0,5.0,4.0,5.0,5.0,4.0,4.0,DERMASON
1.0,1.0,1.0,1.0,1.0,1.0,1.0,1.0,2.0,3.0,4.0,4.0,5.0,5.0,4.0,4.0,DERMASON
1.0,1.0,1.0,1.0,1.0,1.0,1.0,1.0,4.0,5.0,5.0,4.0,5.0,5.0,4.0,5.0,DERMASON
1.0,2.0,1.0,0.0,1.0,1.0,1.0,1.0,2.0,4.0,4.0,4.0,6.0,5.0,4.0,3.0,DERMASON
1.0,1.0,2.0,0.0,2.0,2.0,1.0,1.0,1.0,4.0,4.0,3.0,6.0,3.0,3.0,4.0,DERMASON
1.0,1.0,1.0,1.0,1.0,1.0,1.0,1.0,4.0,4.0,5.0,4.0,5.0,5.0,4.0,4.0,DERMASON
1.0,1.0,2.0,0.0,2.0,2.0,1.0,1.0,1.0,2.0,4.0,3.0,6.0,4.0,3.0,2.0,DERMASON
1.0,1.0,1.0,1.0,1.0,1.0,1.0,1.0,6.0,4.0,5.0,4.0,5.0,5.0,4.0,4.0,DERMASON
1.0,1.0,1.0,1.0,1.0,1.0,1.0,1.0,2.0,4.0,5.0,4.0,5.0,5.0,4.0,4.0,DERMASON
1.0,2.0,3.0,0.0,4.0,4.0,1.0,1.0,4.0,5.0,4.0,1.0,6.0,3.0,1.0,4.0,DERMASON
1.0,1.0,1.0,1.0,1.0,1.0,1.0,1.0,4.0,4.0,5.0,4.0,5.0,5.0,4.0,3.0,DERMASON
1.0,1.0,1.0,0.0,1.0,1.0,1.0,1.0,4.0,4.0,5.0,4.0,6.0,5.0,4.0,4.0,DERMASON
1.0,1.0,3.0,0.0,4.0,4.0,1.0,1.0,1.0,4.0,4.0,1.0,6.0,3.0,1.0,4.0,DERMASON
1.0,1.0,1.0,0.0,2.0,2.0,1.0,1.0,2.0,4.0,5.0,3.0,6.0,4.0,3.0,4.0,DERMASON
1.0,1.0,1.0,1.0,1.0,1.0,1.0,1.0,5.0,4.0,5.0,4.0,5.0,5.0,4.0,4.0,DERMASON
1.0,1.0,2.0,0.0,2.0,2.0,1.0,1.0,1.0,4.0,5.0,3.0,6.0,4.0,3.0,2.0,DERMASON
1.0,1.0,2.0,0.0,2.0,2.0,1.0,1.0,2.0,4.0,5.0,3.0,6.0,3.0,3.0,4.0,DERMASON
1.0,1.0,1.0,1.0,1.0,1.0,1.0,1.0,4.0,4.0,5.0,4.0,5.0,5.0,4.0,4.0,DERMASON
1.0,1.0,1.0,1.0,1.0,1.0,1.0,1.0,2.0,4.0,5.0,4.0,5.0,5.0,4.0,4.0,DERMASON
1.0,1.0,1.0,1.0,1.0,1.0,1.0,1.0,4.0,4.0,5.0,4.0,5.0,5.0,4.0,3.0,DERMASON
1.0,2.0,1.0,1.0,1.0,1.0,1.0,1.0,2.0,1.0,1.0,4.0,5.0,5.0,4.0,4.0,DERMASON
1.0,1.0,1.0,1.0,1.0,1.0,1.0,1.0,3.0,4.0,5.0,4.0,5.0,5.0,4.0,6.0,DERMASON
1.0,1.0,1.0,1.0,1.0,1.0,1.0,1.0,4.0,4.0,5.0,4.0,5.0,5.0,4.0,3.0,DERMASON
1.0,2.0,2.0,0.0,2.0,2.0,1.0,1.0,1.0,4.0,4.0,3.0,6.0,4.0,3.0,5.0,DERMASON
1.0,1.0,1.0,0.0,1.0,1.0,1.0,1.0,2.0,4.0,5.0,4.0,6.0,5.0,4.0,4.0,DERMASON
1.0,1.0,2.0,0.0,2.0,2.0,1.0,1.0,2.0,5.0,5.0,3.0,6.0,4.0,3.0,5.0,DERMASON
1.0,1.0,2.0,0.0,2.0,2.0,1.0,1.0,1.0,4.0,5.0,3.0,6.0,3.0,3.0,4.0,DERMASON
1.0,1.0,2.0,0.0,2.0,2.0,1.0,1.0,2.0,4.0,5.0,3.0,6.0,4.0,3.0,4.0,DERMASON
1.0,1.0,1.0,1.0,1.0,1.0,1.0,1.0,4.0,6.0,5.0,4.0,5.0,5.0,4.0,3.0,DERMASON
1.0,1.0,2.0,0.0,2.0,2.0,1.0,1.0,2.0,5.0,4.0,3.0,6.0,4.0,3.0,3.0,DERMASON
1.0,1.0,1.0,1.0,1.0,1.0,1.0,1.0,3.0,4.0,5.0,4.0,5.0,5.0,4.0,5.0,DERMASON
1.0,1.0,1.0,1.0,1.0,1.0,1.0,1.0,4.0,4.0,4.0,4.0,5.0,5.0,4.0,4.0,DERMASON
1.0,1.0,1.0,1.0,0.0,0.0,1.0,1.0,4.0,4.0,5.0,6.0,5.0,6.0,6.0,3.0,DERMASON
1.0,1.0,1.0,1.0,1.0,1.0,1.0,1.0,2.0,4.0,5.0,4.0,5.0,5.0,4.0,4.0,DERMASON
1.0,1.0,1.0,1.0,0.0,0.0,1.0,1.0,3.0,4.0,5.0,5.0,5.0,5.0,5.0,4.0,DERMASON
1.0,1.0,1.0,1.0,1.0,1.0,1.0,1.0,2.0,4.0,5.0,4.0,5.0,5.0,4.0,4.0,DERMASON
1.0,1.0,2.0,0.0,2.0,2.0,1.0,1.0,2.0,5.0,5.0,3.0,6.0,4.0,3.0,4.0,DERMASON
1.0,1.0,1.0,0.0,1.0,1.0,1.0,1.0,2.0,4.0,5.0,4.0,5.0,5.0,4.0,4.0,DERMASON
1.0,2.0,2.0,0.0,2.0,2.0,1.0,1.0,1.0,4.0,4.0,3.0,6.0,3.0,3.0,3.0,DERMASON
1.0,2.0,2.0,0.0,2.0,2.0,1.0,1.0,4.0,4.0,4.0,3.0,6.0,3.0,3.0,3.0,DERMASON
1.0,1.0,1.0,1.0,1.0,1.0,1.0,1.0,4.0,4.0,5.0,4.0,5.0,5.0,4.0,2.0,DERMASON
1.0,1.0,1.0,1.0,1.0,1.0,1.0,1.0,4.0,4.0,5.0,4.0,5.0,5.0,4.0,4.0,DERMASON
1.0,1.0,1.0,1.0,1.0,1.0,1.0,1.0,4.0,6.0,5.0,4.0,5.0,5.0,4.0,4.0,DERMASON
1.0,2.0,3.0,0.0,4.0,4.0,1.0,1.0,1.0,5.0,4.0,1.0,6.0,3.0,1.0,4.0,DERMASON
1.0,1.0,1.0,1.0,1.0,1.0,1.0,1.0,5.0,4.0,6.0,4.0,5.0,5.0,4.0,3.0,DERMASON
1.0,1.0,1.0,1.0,1.0,1.0,1.0,1.0,5.0,4.0,5.0,4.0,5.0,5.0,4.0,4.0,DERMASON
1.0,2.0,3.0,0.0,2.0,2.0,1.0,1.0,2.0,4.0,4.0,3.0,6.0,3.0,3.0,4.0,DERMASON
1.0,1.0,1.0,1.0,0.0,0.0,1.0,1.0,6.0,4.0,5.0,5.0,5.0,5.0,5.0,3.0,DERMASON
1.0,2.0,3.0,0.0,2.0,2.0,1.0,1.0,2.0,3.0,4.0,3.0,6.0,3.0,3.0,3.0,DERMASON
1.0,1.0,1.0,1.0,1.0,1.0,1.0,1.0,3.0,4.0,5.0,4.0,5.0,5.0,4.0,4.0,DERMASON
1.0,1.0,1.0,1.0,1.0,1.0,1.0,1.0,5.0,4.0,5.0,4.0,5.0,5.0,4.0,4.0,DERMASON
1.0,2.0,2.0,0.0,2.0,2.0,1.0,1.0,2.0,3.0,3.0,3.0,6.0,4.0,3.0,1.0,DERMASON
1.0,1.0,1.0,1.0,1.0,1.0,1.0,1.0,2.0,4.0,5.0,4.0,5.0,5.0,4.0,4.0,DERMASON
1.0,1.0,2.0,0.0,2.0,2.0,1.0,1.0,2.0,5.0,5.0,3.0,6.0,4.0,3.0,4.0,DERMASON
1.0,1.0,2.0,0.0,2.0,2.0,1.0,1.0,4.0,4.0,4.0,3.0,6.0,4.0,3.0,4.0,DERMASON
1.0,1.0,1.0,1.0,1.0,1.0,1.0,1.0,4.0,4.0,5.0,4.0,5.0,5.0,4.0,4.0,DERMASON
1.0,2.0,2.0,0.0,2.0,2.0,1.0,1.0,2.0,2.0,3.0,3.0,6.0,4.0,3.0,4.0,DERMASON
1.0,1.0,1.0,0.0,1.0,1.0,1.0,1.0,5.0,4.0,5.0,4.0,6.0,5.0,4.0,4.0,DERMASON
1.0,1.0,1.0,1.0,1.0,1.0,1.0,1.0,4.0,4.0,5.0,4.0,5.0,5.0,4.0,6.0,DERMASON
1.0,1.0,1.0,1.0,1.0,1.0,1.0,1.0,4.0,4.0,5.0,4.0,5.0,5.0,4.0,4.0,DERMASON
1.0,1.0,1.0,1.0,1.0,1.0,1.0,1.0,2.0,4.0,5.0,4.0,5.0,5.0,4.0,4.0,DERMASON
1.0,1.0,1.0,1.0,1.0,1.0,1.0,1.0,6.0,5.0,5.0,4.0,5.0,5.0,4.0,3.0,DERMASON
1.0,1.0,2.0,0.0,2.0,2.0,1.0,1.0,4.0,4.0,5.0,3.0,6.0,4.0,3.0,4.0,DERMASON
1.0,1.0,1.0,1.0,1.0,1.0,1.0,1.0,4.0,4.0,5.0,4.0,5.0,5.0,4.0,4.0,DERMASON
1.0,2.0,1.0,1.0,1.0,1.0,1.0,1.0,2.0,4.0,4.0,4.0,5.0,5.0,4.0,4.0,DERMASON
1.0,1.0,1.0,1.0,1.0,1.0,1.0,1.0,4.0,4.0,5.0,4.0,5.0,5.0,4.0,4.0,DERMASON
1.0,2.0,1.0,0.0,1.0,1.0,1.0,1.0,2.0,2.0,3.0,4.0,6.0,4.0,4.0,4.0,DERMASON
1.0,1.0,1.0,1.0,1.0,1.0,1.0,1.0,4.0,4.0,6.0,4.0,5.0,5.0,4.0,4.0,DERMASON
1.0,2.0,1.0,1.0,1.0,1.0,1.0,1.0,2.0,4.0,4.0,4.0,5.0,5.0,4.0,4.0,DERMASON
1.0,1.0,1.0,1.0,1.0,1.0,1.0,1.0,4.0,4.0,5.0,4.0,5.0,5.0,4.0,5.0,DERMASON
1.0,1.0,1.0,1.0,1.0,1.0,1.0,1.0,2.0,4.0,5.0,4.0,5.0,5.0,4.0,4.0,DERMASON
1.0,2.0,2.0,0.0,2.0,2.0,1.0,1.0,2.0,4.0,4.0,3.0,6.0,4.0,3.0,4.0,DERMASON
1.0,1.0,1.0,1.0,1.0,1.0,1.0,1.0,4.0,4.0,5.0,4.0,5.0,5.0,4.0,4.0,DERMASON
1.0,1.0,1.0,1.0,1.0,1.0,1.0,1.0,2.0,5.0,5.0,4.0,5.0,5.0,4.0,5.0,DERMASON
1.0,1.0,1.0,1.0,1.0,1.0,1.0,1.0,5.0,4.0,5.0,4.0,5.0,5.0,4.0,3.0,DERMASON
1.0,1.0,1.0,1.0,1.0,1.0,1.0,1.0,2.0,4.0,5.0,4.0,5.0,5.0,4.0,3.0,DERMASON
1.0,2.0,1.0,0.0,1.0,1.0,1.0,1.0,4.0,4.0,4.0,4.0,6.0,4.0,4.0,4.0,DERMASON
1.0,1.0,1.0,1.0,1.0,1.0,1.0,1.0,4.0,4.0,5.0,4.0,5.0,5.0,4.0,4.0,DERMASON
1.0,1.0,2.0,0.0,2.0,2.0,1.0,1.0,1.0,4.0,5.0,3.0,6.0,4.0,3.0,3.0,DERMASON
1.0,1.0,1.0,1.0,1.0,1.0,1.0,1.0,4.0,5.0,5.0,4.0,5.0,5.0,4.0,4.0,DERMASON
1.0,1.0,1.0,1.0,1.0,1.0,1.0,1.0,5.0,4.0,5.0,4.0,5.0,5.0,4.0,2.0,DERMASON
1.0,1.0,2.0,0.0,2.0,2.0,1.0,1.0,2.0,4.0,5.0,3.0,6.0,4.0,3.0,4.0,DERMASON
1.0,1.0,1.0,1.0,1.0,1.0,1.0,1.0,2.0,4.0,5.0,4.0,5.0,5.0,4.0,3.0,DERMASON
1.0,1.0,1.0,1.0,1.0,1.0,1.0,1.0,2.0,3.0,5.0,4.0,5.0,5.0,4.0,4.0,DERMASON
1.0,1.0,1.0,1.0,1.0,1.0,1.0,1.0,2.0,4.0,6.0,4.0,5.0,5.0,4.0,4.0,DERMASON
1.0,1.0,2.0,0.0,2.0,2.0,1.0,1.0,2.0,4.0,5.0,3.0,6.0,4.0,3.0,4.0,DERMASON
1.0,1.0,1.0,1.0,1.0,1.0,1.0,1.0,2.0,4.0,5.0,4.0,5.0,5.0,4.0,2.0,DERMASON
1.0,1.0,1.0,1.0,0.0,0.0,1.0,1.0,3.0,4.0,6.0,5.0,5.0,5.0,5.0,4.0,DERMASON
1.0,1.0,1.0,1.0,1.0,1.0,1.0,1.0,4.0,4.0,5.0,4.0,5.0,5.0,4.0,4.0,DERMASON
1.0,2.0,3.0,0.0,2.0,2.0,1.0,1.0,2.0,1.0,1.0,3.0,6.0,3.0,3.0,2.0,DERMASON
1.0,1.0,2.0,0.0,2.0,2.0,1.0,1.0,2.0,5.0,5.0,3.0,6.0,4.0,3.0,4.0,DERMASON
1.0,2.0,2.0,0.0,2.0,2.0,1.0,1.0,4.0,2.0,4.0,3.0,6.0,4.0,3.0,4.0,DERMASON
1.0,2.0,2.0,0.0,2.0,2.0,1.0,1.0,4.0,4.0,4.0,3.0,6.0,4.0,3.0,4.0,DERMASON
1.0,1.0,1.0,1.0,1.0,1.0,1.0,1.0,4.0,4.0,5.0,4.0,5.0,5.0,4.0,4.0,DERMASON
1.0,2.0,3.0,0.0,2.0,2.0,1.0,1.0,1.0,4.0,4.0,3.0,6.0,3.0,3.0,3.0,DERMASON
1.0,2.0,1.0,1.0,1.0,1.0,1.0,1.0,4.0,3.0,4.0,4.0,5.0,5.0,4.0,4.0,DERMASON
1.0,1.0,1.0,1.0,1.0,1.0,1.0,1.0,4.0,4.0,5.0,4.0,5.0,5.0,4.0,6.0,DERMASON
1.0,1.0,2.0,0.0,2.0,2.0,1.0,1.0,1.0,4.0,5.0,3.0,6.0,4.0,3.0,4.0,DERMASON
1.0,2.0,1.0,1.0,1.0,1.0,1.0,1.0,3.0,2.0,4.0,4.0,5.0,5.0,4.0,1.0,DERMASON
1.0,1.0,2.0,0.0,2.0,2.0,1.0,1.0,2.0,4.0,5.0,3.0,6.0,4.0,3.0,3.0,DERMASON
1.0,1.0,2.0,0.0,2.0,2.0,1.0,1.0,2.0,4.0,5.0,3.0,6.0,3.0,3.0,4.0,DERMASON
1.0,2.0,3.0,0.0,4.0,4.0,1.0,1.0,4.0,4.0,4.0,2.0,6.0,3.0,2.0,4.0,DERMASON
1.0,1.0,1.0,1.0,1.0,1.0,1.0,1.0,4.0,4.0,5.0,4.0,5.0,5.0,4.0,4.0,DERMASON
1.0,2.0,2.0,0.0,2.0,2.0,1.0,1.0,4.0,4.0,4.0,3.0,6.0,4.0,3.0,4.0,DERMASON
1.0,1.0,1.0,1.0,1.0,1.0,1.0,1.0,4.0,4.0,5.0,4.0,5.0,5.0,4.0,6.0,DERMASON
1.0,1.0,1.0,1.0,1.0,1.0,1.0,1.0,2.0,4.0,5.0,4.0,5.0,5.0,4.0,3.0,DERMASON
1.0,1.0,2.0,0.0,2.0,2.0,1.0,1.0,4.0,4.0,5.0,3.0,6.0,4.0,3.0,3.0,DERMASON
1.0,1.0,1.0,1.0,1.0,1.0,1.0,1.0,2.0,4.0,5.0,4.0,5.0,5.0,4.0,4.0,DERMASON
1.0,1.0,1.0,1.0,1.0,1.0,1.0,1.0,4.0,4.0,5.0,4.0,5.0,5.0,4.0,4.0,DERMASON
1.0,2.0,3.0,0.0,4.0,4.0,1.0,1.0,2.0,4.0,4.0,1.0,6.0,3.0,1.0,4.0,DERMASON
1.0,2.0,2.0,0.0,2.0,2.0,1.0,1.0,2.0,4.0,5.0,3.0,6.0,3.0,3.0,4.0,DERMASON
1.0,1.0,1.0,1.0,1.0,1.0,1.0,1.0,4.0,5.0,6.0,4.0,5.0,5.0,4.0,4.0,DERMASON
1.0,2.0,1.0,1.0,1.0,1.0,1.0,1.0,4.0,2.0,2.0,4.0,5.0,5.0,4.0,1.0,DERMASON
1.0,2.0,1.0,1.0,1.0,1.0,1.0,1.0,5.0,4.0,5.0,4.0,5.0,5.0,4.0,4.0,DERMASON
1.0,1.0,1.0,1.0,1.0,1.0,1.0,1.0,5.0,4.0,5.0,4.0,5.0,5.0,4.0,4.0,DERMASON
1.0,1.0,2.0,0.0,2.0,2.0,1.0,1.0,4.0,6.0,5.0,3.0,6.0,4.0,3.0,5.0,DERMASON
1.0,2.0,3.0,0.0,4.0,4.0,1.0,1.0,0.0,4.0,3.0,1.0,6.0,3.0,1.0,5.0,DERMASON
1.0,1.0,1.0,1.0,1.0,1.0,1.0,1.0,4.0,6.0,5.0,4.0,5.0,5.0,4.0,4.0,DERMASON
1.0,1.0,1.0,1.0,1.0,1.0,1.0,1.0,2.0,4.0,5.0,4.0,5.0,5.0,4.0,3.0,DERMASON
1.0,1.0,1.0,1.0,1.0,1.0,1.0,1.0,3.0,4.0,5.0,4.0,5.0,5.0,4.0,4.0,DERMASON
1.0,2.0,3.0,0.0,4.0,4.0,1.0,1.0,5.0,4.0,4.0,2.0,6.0,3.0,2.0,4.0,DERMASON
1.0,1.0,2.0,0.0,2.0,2.0,1.0,1.0,2.0,4.0,5.0,3.0,5.0,4.0,3.0,5.0,DERMASON
1.0,1.0,2.0,0.0,2.0,2.0,1.0,1.0,2.0,4.0,5.0,3.0,6.0,4.0,3.0,4.0,DERMASON
1.0,1.0,1.0,1.0,1.0,1.0,1.0,1.0,2.0,4.0,5.0,4.0,5.0,5.0,4.0,3.0,DERMASON
1.0,1.0,1.0,1.0,1.0,1.0,1.0,1.0,2.0,4.0,5.0,4.0,5.0,5.0,4.0,3.0,DERMASON
1.0,2.0,2.0,0.0,2.0,2.0,1.0,1.0,2.0,4.0,4.0,3.0,6.0,3.0,3.0,4.0,DERMASON
1.0,2.0,2.0,0.0,2.0,2.0,1.0,1.0,4.0,4.0,4.0,3.0,5.0,4.0,3.0,4.0,DERMASON
1.0,1.0,1.0,1.0,1.0,1.0,1.0,1.0,2.0,4.0,5.0,4.0,5.0,5.0,4.0,4.0,DERMASON
1.0,2.0,2.0,0.0,2.0,2.0,1.0,1.0,2.0,4.0,4.0,3.0,6.0,4.0,3.0,4.0,DERMASON
1.0,1.0,2.0,1.0,1.0,1.0,1.0,1.0,2.0,4.0,5.0,4.0,5.0,4.0,4.0,4.0,DERMASON
1.0,2.0,3.0,0.0,2.0,2.0,1.0,1.0,3.0,4.0,4.0,3.0,6.0,3.0,3.0,2.0,DERMASON
1.0,1.0,1.0,1.0,1.0,1.0,1.0,1.0,4.0,3.0,5.0,4.0,5.0,5.0,4.0,4.0,DERMASON
1.0,2.0,1.0,1.0,1.0,1.0,1.0,1.0,3.0,1.0,4.0,4.0,5.0,5.0,4.0,1.0,DERMASON
1.0,2.0,3.0,0.0,3.0,3.0,1.0,1.0,1.0,4.0,4.0,2.0,6.0,3.0,2.0,4.0,DERMASON
1.0,1.0,1.0,1.0,1.0,1.0,1.0,1.0,2.0,6.0,5.0,4.0,5.0,5.0,4.0,4.0,DERMASON
1.0,1.0,2.0,0.0,2.0,2.0,1.0,1.0,2.0,4.0,5.0,3.0,5.0,4.0,3.0,4.0,DERMASON
1.0,1.0,1.0,1.0,1.0,1.0,1.0,1.0,4.0,5.0,5.0,4.0,5.0,5.0,4.0,6.0,DERMASON
1.0,2.0,2.0,0.0,2.0,2.0,1.0,1.0,4.0,4.0,4.0,3.0,6.0,4.0,3.0,4.0,DERMASON
1.0,1.0,1.0,1.0,1.0,1.0,1.0,1.0,4.0,4.0,5.0,4.0,5.0,5.0,4.0,4.0,DERMASON
1.0,1.0,2.0,1.0,1.0,1.0,1.0,1.0,4.0,4.0,5.0,3.0,5.0,4.0,3.0,3.0,DERMASON
1.0,1.0,2.0,0.0,2.0,2.0,1.0,1.0,5.0,4.0,5.0,3.0,6.0,4.0,3.0,4.0,DERMASON
1.0,1.0,1.0,1.0,1.0,1.0,1.0,1.0,5.0,4.0,5.0,4.0,5.0,5.0,4.0,4.0,DERMASON
1.0,1.0,1.0,1.0,1.0,1.0,1.0,1.0,5.0,4.0,5.0,4.0,5.0,5.0,4.0,4.0,DERMASON
1.0,2.0,2.0,1.0,1.0,1.0,1.0,1.0,2.0,3.0,4.0,4.0,5.0,4.0,4.0,4.0,DERMASON
1.0,2.0,2.0,0.0,2.0,2.0,1.0,1.0,2.0,4.0,5.0,3.0,6.0,4.0,3.0,6.0,DERMASON
1.0,2.0,3.0,0.0,2.0,2.0,1.0,1.0,2.0,4.0,4.0,3.0,6.0,3.0,3.0,3.0,DERMASON
1.0,2.0,2.0,0.0,2.0,2.0,1.0,1.0,2.0,4.0,4.0,3.0,6.0,3.0,3.0,4.0,DERMASON
1.0,1.0,1.0,1.0,1.0,1.0,1.0,1.0,4.0,4.0,5.0,4.0,5.0,5.0,4.0,4.0,DERMASON
1.0,2.0,2.0,0.0,2.0,2.0,1.0,1.0,1.0,4.0,4.0,3.0,6.0,4.0,3.0,4.0,DERMASON
1.0,2.0,1.0,1.0,1.0,1.0,1.0,1.0,4.0,4.0,5.0,4.0,5.0,5.0,4.0,6.0,DERMASON
1.0,2.0,2.0,0.0,2.0,2.0,1.0,1.0,2.0,4.0,5.0,3.0,6.0,4.0,3.0,4.0,DERMASON
1.0,2.0,1.0,1.0,1.0,1.0,1.0,1.0,2.0,4.0,4.0,4.0,5.0,5.0,4.0,4.0,DERMASON
1.0,1.0,1.0,1.0,1.0,1.0,1.0,1.0,2.0,4.0,5.0,4.0,5.0,5.0,4.0,6.0,DERMASON
1.0,2.0,3.0,0.0,4.0,4.0,1.0,1.0,4.0,4.0,4.0,1.0,6.0,3.0,1.0,4.0,DERMASON
1.0,1.0,1.0,1.0,1.0,1.0,1.0,1.0,4.0,4.0,5.0,4.0,5.0,5.0,4.0,5.0,DERMASON
1.0,1.0,1.0,1.0,1.0,1.0,1.0,1.0,5.0,4.0,5.0,4.0,5.0,5.0,4.0,4.0,DERMASON
1.0,2.0,3.0,0.0,2.0,2.0,1.0,1.0,2.0,4.0,4.0,3.0,6.0,3.0,3.0,4.0,DERMASON
1.0,1.0,1.0,1.0,1.0,1.0,1.0,1.0,2.0,4.0,5.0,4.0,5.0,5.0,4.0,6.0,DERMASON
1.0,1.0,2.0,1.0,1.0,1.0,1.0,1.0,2.0,5.0,5.0,4.0,5.0,5.0,4.0,6.0,DERMASON
1.0,1.0,2.0,1.0,1.0,1.0,1.0,1.0,2.0,4.0,5.0,4.0,5.0,5.0,4.0,3.0,DERMASON
1.0,1.0,2.0,1.0,2.0,2.0,1.0,1.0,4.0,4.0,5.0,3.0,5.0,4.0,3.0,4.0,DERMASON
1.0,2.0,2.0,1.0,1.0,1.0,1.0,1.0,2.0,4.0,5.0,4.0,5.0,4.0,4.0,4.0,DERMASON
1.0,1.0,1.0,1.0,1.0,1.0,1.0,1.0,2.0,5.0,5.0,4.0,5.0,5.0,4.0,4.0,DERMASON
1.0,1.0,1.0,1.0,1.0,1.0,1.0,1.0,4.0,4.0,5.0,4.0,5.0,5.0,4.0,5.0,DERMASON
1.0,2.0,2.0,0.0,2.0,2.0,1.0,1.0,1.0,4.0,3.0,3.0,6.0,3.0,3.0,4.0,DERMASON
1.0,1.0,1.0,1.0,1.0,1.0,1.0,1.0,5.0,5.0,6.0,4.0,5.0,5.0,4.0,4.0,DERMASON
1.0,1.0,1.0,1.0,1.0,1.0,1.0,1.0,5.0,6.0,6.0,4.0,5.0,5.0,4.0,4.0,DERMASON
1.0,1.0,2.0,1.0,1.0,1.0,1.0,1.0,4.0,4.0,5.0,4.0,5.0,5.0,4.0,5.0,DERMASON
1.0,1.0,1.0,1.0,1.0,1.0,1.0,1.0,4.0,4.0,5.0,4.0,5.0,5.0,4.0,5.0,DERMASON
1.0,1.0,1.0,1.0,1.0,1.0,1.0,1.0,2.0,4.0,5.0,4.0,5.0,5.0,4.0,4.0,DERMASON
1.0,2.0,1.0,1.0,1.0,1.0,1.0,1.0,5.0,4.0,4.0,4.0,5.0,5.0,4.0,4.0,DERMASON
1.0,2.0,2.0,1.0,2.0,2.0,1.0,1.0,2.0,4.0,4.0,3.0,5.0,4.0,3.0,4.0,DERMASON
1.0,1.0,1.0,1.0,1.0,1.0,1.0,1.0,4.0,4.0,5.0,4.0,5.0,5.0,4.0,4.0,DERMASON
1.0,1.0,1.0,1.0,1.0,1.0,1.0,1.0,4.0,4.0,5.0,4.0,5.0,5.0,4.0,4.0,DERMASON
1.0,2.0,3.0,0.0,2.0,2.0,1.0,1.0,4.0,4.0,5.0,3.0,6.0,3.0,3.0,4.0,DERMASON
1.0,2.0,2.0,1.0,2.0,2.0,1.0,1.0,4.0,3.0,4.0,3.0,5.0,4.0,3.0,3.0,DERMASON
1.0,1.0,2.0,1.0,1.0,1.0,1.0,1.0,4.0,4.0,5.0,4.0,5.0,5.0,4.0,2.0,DERMASON
1.0,1.0,1.0,1.0,1.0,1.0,1.0,1.0,4.0,6.0,5.0,4.0,5.0,5.0,4.0,5.0,DERMASON
1.0,2.0,1.0,1.0,1.0,1.0,1.0,1.0,2.0,4.0,5.0,4.0,5.0,5.0,4.0,4.0,DERMASON
1.0,1.0,1.0,1.0,1.0,1.0,1.0,1.0,4.0,5.0,5.0,4.0,5.0,5.0,4.0,6.0,DERMASON
1.0,2.0,2.0,1.0,2.0,2.0,1.0,1.0,2.0,4.0,5.0,3.0,5.0,4.0,3.0,4.0,DERMASON
1.0,2.0,3.0,0.0,2.0,2.0,1.0,1.0,2.0,4.0,4.0,3.0,6.0,3.0,3.0,5.0,DERMASON
1.0,2.0,3.0,0.0,2.0,2.0,1.0,1.0,1.0,3.0,4.0,3.0,6.0,3.0,3.0,1.0,DERMASON
1.0,1.0,2.0,1.0,1.0,1.0,1.0,1.0,4.0,5.0,5.0,4.0,5.0,5.0,4.0,4.0,DERMASON
1.0,2.0,2.0,0.0,2.0,2.0,1.0,1.0,4.0,5.0,5.0,3.0,6.0,4.0,3.0,4.0,DERMASON
1.0,2.0,2.0,0.0,2.0,2.0,1.0,1.0,4.0,4.0,4.0,3.0,6.0,4.0,3.0,4.0,DERMASON
1.0,1.0,1.0,1.0,1.0,1.0,1.0,1.0,4.0,4.0,5.0,4.0,5.0,5.0,4.0,4.0,DERMASON
1.0,1.0,2.0,1.0,2.0,2.0,1.0,1.0,2.0,4.0,5.0,3.0,5.0,4.0,3.0,4.0,DERMASON
1.0,1.0,2.0,1.0,1.0,1.0,1.0,1.0,2.0,4.0,5.0,4.0,5.0,5.0,4.0,4.0,DERMASON
1.0,2.0,3.0,0.0,2.0,2.0,1.0,1.0,2.0,5.0,5.0,3.0,6.0,3.0,3.0,5.0,DERMASON
1.0,1.0,1.0,1.0,1.0,1.0,1.0,1.0,5.0,4.0,5.0,4.0,5.0,5.0,4.0,4.0,DERMASON
1.0,1.0,2.0,1.0,1.0,1.0,1.0,1.0,2.0,4.0,5.0,4.0,5.0,5.0,4.0,5.0,DERMASON
1.0,1.0,2.0,1.0,1.0,1.0,1.0,1.0,2.0,4.0,5.0,4.0,5.0,5.0,4.0,4.0,DERMASON
1.0,1.0,2.0,1.0,2.0,2.0,1.0,1.0,5.0,5.0,5.0,3.0,5.0,4.0,3.0,3.0,DERMASON
1.0,1.0,2.0,1.0,2.0,2.0,1.0,1.0,4.0,4.0,5.0,3.0,5.0,4.0,3.0,4.0,DERMASON
1.0,2.0,2.0,1.0,2.0,2.0,1.0,1.0,5.0,4.0,5.0,3.0,5.0,4.0,3.0,3.0,DERMASON
1.0,1.0,1.0,1.0,1.0,1.0,1.0,1.0,4.0,4.0,5.0,4.0,5.0,5.0,4.0,5.0,DERMASON
1.0,2.0,3.0,0.0,2.0,2.0,1.0,1.0,1.0,4.0,4.0,3.0,6.0,3.0,3.0,4.0,DERMASON
1.0,1.0,2.0,1.0,1.0,1.0,1.0,1.0,2.0,6.0,5.0,4.0,5.0,4.0,4.0,5.0,DERMASON
1.0,1.0,1.0,1.0,1.0,1.0,1.0,1.0,2.0,4.0,5.0,4.0,5.0,5.0,4.0,3.0,DERMASON
1.0,2.0,2.0,1.0,1.0,1.0,1.0,1.0,2.0,4.0,5.0,4.0,5.0,4.0,4.0,4.0,DERMASON
1.0,1.0,1.0,1.0,1.0,1.0,1.0,1.0,4.0,5.0,6.0,4.0,5.0,5.0,4.0,4.0,DERMASON
1.0,2.0,3.0,0.0,2.0,2.0,1.0,1.0,2.0,4.0,4.0,3.0,6.0,3.0,3.0,4.0,DERMASON
1.0,2.0,1.0,1.0,1.0,1.0,1.0,1.0,4.0,4.0,5.0,4.0,5.0,5.0,4.0,4.0,DERMASON
1.0,2.0,2.0,0.0,2.0,2.0,1.0,1.0,1.0,4.0,4.0,3.0,6.0,4.0,3.0,4.0,DERMASON
1.0,2.0,2.0,1.0,1.0,1.0,1.0,1.0,2.0,4.0,5.0,4.0,5.0,4.0,4.0,4.0,DERMASON
1.0,1.0,1.0,1.0,1.0,1.0,1.0,1.0,4.0,4.0,5.0,4.0,5.0,5.0,4.0,3.0,DERMASON
1.0,1.0,1.0,1.0,1.0,1.0,1.0,1.0,5.0,4.0,5.0,4.0,5.0,5.0,4.0,3.0,DERMASON
1.0,2.0,1.0,1.0,1.0,1.0,1.0,1.0,2.0,2.0,4.0,4.0,5.0,5.0,4.0,2.0,DERMASON
1.0,2.0,3.0,0.0,2.0,2.0,1.0,1.0,4.0,4.0,5.0,3.0,6.0,3.0,3.0,4.0,DERMASON
1.0,2.0,1.0,1.0,1.0,1.0,1.0,1.0,2.0,3.0,5.0,4.0,5.0,5.0,4.0,4.0,DERMASON
1.0,2.0,1.0,1.0,1.0,1.0,1.0,1.0,4.0,2.0,4.0,4.0,5.0,5.0,4.0,2.0,DERMASON
1.0,2.0,1.0,1.0,1.0,1.0,1.0,1.0,5.0,3.0,5.0,4.0,5.0,5.0,4.0,3.0,DERMASON
1.0,2.0,3.0,0.0,3.0,3.0,1.0,1.0,1.0,4.0,4.0,2.0,6.0,3.0,2.0,4.0,DERMASON
1.0,2.0,2.0,1.0,1.0,1.0,1.0,1.0,2.0,4.0,5.0,4.0,5.0,4.0,4.0,4.0,DERMASON
1.0,1.0,1.0,1.0,1.0,1.0,1.0,1.0,4.0,4.0,5.0,4.0,5.0,5.0,4.0,4.0,DERMASON
1.0,2.0,1.0,1.0,1.0,1.0,1.0,1.0,2.0,4.0,5.0,4.0,5.0,5.0,4.0,4.0,DERMASON
1.0,2.0,2.0,1.0,2.0,2.0,1.0,1.0,2.0,5.0,5.0,3.0,5.0,4.0,3.0,4.0,DERMASON
1.0,1.0,1.0,1.0,1.0,1.0,1.0,1.0,2.0,4.0,5.0,4.0,5.0,5.0,4.0,4.0,DERMASON
1.0,1.0,1.0,1.0,1.0,1.0,1.0,1.0,5.0,4.0,5.0,4.0,5.0,5.0,4.0,3.0,DERMASON
1.0,1.0,1.0,1.0,1.0,1.0,1.0,1.0,5.0,4.0,5.0,4.0,5.0,5.0,4.0,5.0,DERMASON
1.0,2.0,1.0,1.0,1.0,1.0,1.0,1.0,4.0,4.0,5.0,4.0,5.0,5.0,4.0,5.0,DERMASON
1.0,2.0,2.0,1.0,1.0,1.0,1.0,1.0,2.0,4.0,4.0,4.0,5.0,4.0,4.0,4.0,DERMASON
1.0,2.0,1.0,1.0,1.0,1.0,1.0,1.0,3.0,4.0,5.0,4.0,5.0,5.0,4.0,4.0,DERMASON
1.0,2.0,2.0,0.0,2.0,2.0,1.0,1.0,5.0,6.0,5.0,3.0,5.0,4.0,3.0,4.0,DERMASON
1.0,2.0,2.0,1.0,1.0,1.0,1.0,1.0,2.0,3.0,4.0,4.0,5.0,4.0,4.0,4.0,DERMASON
1.0,2.0,3.0,0.0,4.0,4.0,2.0,1.0,1.0,2.0,4.0,1.0,6.0,3.0,1.0,2.0,DERMASON
1.0,2.0,3.0,0.0,2.0,2.0,1.0,1.0,2.0,4.0,4.0,3.0,6.0,3.0,3.0,3.0,DERMASON
1.0,1.0,1.0,1.0,1.0,1.0,1.0,1.0,4.0,4.0,5.0,4.0,5.0,5.0,4.0,4.0,DERMASON
1.0,1.0,2.0,1.0,1.0,1.0,1.0,1.0,4.0,4.0,5.0,4.0,5.0,5.0,4.0,4.0,DERMASON
1.0,1.0,1.0,1.0,1.0,1.0,1.0,1.0,2.0,4.0,5.0,4.0,5.0,5.0,4.0,6.0,DERMASON
1.0,2.0,2.0,1.0,1.0,1.0,1.0,1.0,5.0,4.0,5.0,4.0,5.0,5.0,4.0,3.0,DERMASON
1.0,2.0,2.0,1.0,2.0,2.0,1.0,1.0,3.0,6.0,5.0,3.0,5.0,4.0,3.0,4.0,DERMASON
1.0,1.0,1.0,1.0,1.0,1.0,1.0,1.0,4.0,5.0,5.0,4.0,5.0,5.0,4.0,4.0,DERMASON
1.0,2.0,1.0,1.0,1.0,1.0,1.0,1.0,4.0,4.0,5.0,4.0,5.0,5.0,4.0,4.0,DERMASON
1.0,2.0,2.0,1.0,1.0,1.0,1.0,1.0,4.0,4.0,5.0,4.0,5.0,5.0,4.0,4.0,DERMASON
1.0,2.0,1.0,1.0,1.0,1.0,1.0,1.0,5.0,4.0,5.0,4.0,5.0,5.0,4.0,2.0,DERMASON
1.0,2.0,2.0,1.0,1.0,1.0,1.0,1.0,5.0,4.0,5.0,4.0,5.0,4.0,4.0,4.0,DERMASON
1.0,1.0,2.0,1.0,1.0,1.0,1.0,1.0,2.0,6.0,5.0,4.0,5.0,5.0,4.0,5.0,DERMASON
1.0,2.0,2.0,1.0,1.0,1.0,2.0,1.0,4.0,4.0,4.0,4.0,5.0,5.0,4.0,2.0,DERMASON
1.0,2.0,3.0,0.0,3.0,3.0,1.0,1.0,3.0,6.0,5.0,2.0,6.0,3.0,2.0,6.0,DERMASON
1.0,1.0,1.0,1.0,1.0,1.0,1.0,1.0,4.0,5.0,5.0,4.0,5.0,5.0,4.0,4.0,DERMASON
1.0,2.0,1.0,1.0,1.0,1.0,2.0,1.0,5.0,4.0,5.0,4.0,5.0,5.0,4.0,4.0,DERMASON
1.0,2.0,3.0,0.0,2.0,2.0,1.0,1.0,1.0,6.0,5.0,3.0,6.0,3.0,3.0,4.0,DERMASON
1.0,2.0,2.0,1.0,2.0,2.0,2.0,1.0,5.0,5.0,5.0,3.0,5.0,4.0,3.0,4.0,DERMASON
1.0,2.0,2.0,1.0,2.0,2.0,2.0,1.0,5.0,4.0,5.0,3.0,5.0,4.0,3.0,5.0,DERMASON
1.0,2.0,1.0,1.0,1.0,1.0,2.0,1.0,4.0,4.0,5.0,4.0,5.0,5.0,4.0,4.0,DERMASON
1.0,2.0,1.0,1.0,1.0,1.0,2.0,1.0,4.0,4.0,5.0,4.0,5.0,5.0,4.0,5.0,DERMASON
1.0,1.0,1.0,1.0,1.0,1.0,2.0,1.0,4.0,4.0,5.0,4.0,5.0,5.0,4.0,5.0,DERMASON
1.0,2.0,1.0,1.0,1.0,1.0,2.0,1.0,5.0,4.0,5.0,4.0,5.0,5.0,4.0,4.0,DERMASON
1.0,2.0,2.0,1.0,1.0,1.0,2.0,1.0,2.0,2.0,4.0,4.0,5.0,5.0,4.0,4.0,DERMASON
1.0,1.0,1.0,1.0,0.0,0.0,2.0,1.0,2.0,6.0,6.0,5.0,5.0,5.0,5.0,4.0,DERMASON
1.0,2.0,1.0,1.0,1.0,1.0,2.0,1.0,2.0,4.0,5.0,4.0,5.0,5.0,4.0,4.0,DERMASON
1.0,2.0,3.0,0.0,3.0,3.0,2.0,1.0,1.0,4.0,4.0,2.0,6.0,3.0,2.0,3.0,DERMASON
1.0,1.0,1.0,1.0,1.0,1.0,2.0,1.0,4.0,5.0,5.0,4.0,5.0,5.0,4.0,4.0,DERMASON
1.0,2.0,2.0,1.0,1.0,1.0,2.0,1.0,2.0,4.0,4.0,4.0,5.0,5.0,4.0,4.0,DERMASON
1.0,2.0,2.0,1.0,2.0,2.0,2.0,1.0,2.0,4.0,5.0,3.0,5.0,4.0,3.0,4.0,DERMASON
1.0,2.0,1.0,1.0,1.0,1.0,2.0,1.0,4.0,4.0,5.0,4.0,5.0,5.0,4.0,4.0,DERMASON
1.0,2.0,1.0,1.0,0.0,0.0,2.0,1.0,3.0,3.0,5.0,5.0,5.0,5.0,5.0,4.0,DERMASON
1.0,2.0,2.0,1.0,1.0,1.0,2.0,1.0,4.0,5.0,5.0,4.0,5.0,5.0,4.0,4.0,DERMASON
1.0,2.0,1.0,1.0,1.0,1.0,2.0,1.0,4.0,4.0,5.0,4.0,5.0,5.0,4.0,4.0,DERMASON
1.0,2.0,1.0,1.0,1.0,1.0,2.0,1.0,4.0,4.0,5.0,4.0,5.0,5.0,4.0,4.0,DERMASON
1.0,2.0,2.0,1.0,1.0,1.0,2.0,1.0,4.0,5.0,5.0,4.0,5.0,4.0,4.0,3.0,DERMASON
1.0,2.0,3.0,1.0,2.0,2.0,2.0,1.0,5.0,4.0,5.0,3.0,5.0,4.0,3.0,4.0,DERMASON
1.0,2.0,2.0,1.0,1.0,1.0,2.0,1.0,5.0,4.0,5.0,4.0,5.0,5.0,4.0,4.0,DERMASON
1.0,2.0,3.0,1.0,2.0,2.0,2.0,1.0,4.0,4.0,4.0,3.0,5.0,4.0,3.0,4.0,DERMASON
1.0,1.0,1.0,1.0,1.0,1.0,2.0,1.0,2.0,4.0,5.0,4.0,5.0,5.0,4.0,5.0,DERMASON
1.0,2.0,3.0,0.0,2.0,2.0,2.0,1.0,2.0,3.0,4.0,3.0,6.0,3.0,3.0,2.0,DERMASON
1.0,2.0,2.0,1.0,1.0,1.0,2.0,1.0,2.0,4.0,5.0,4.0,5.0,4.0,4.0,3.0,DERMASON
1.0,2.0,2.0,1.0,1.0,1.0,2.0,1.0,6.0,5.0,5.0,4.0,5.0,5.0,4.0,4.0,DERMASON
1.0,2.0,3.0,1.0,2.0,2.0,2.0,1.0,4.0,4.0,5.0,3.0,5.0,4.0,3.0,4.0,DERMASON
1.0,2.0,2.0,1.0,1.0,1.0,2.0,1.0,2.0,4.0,5.0,4.0,5.0,5.0,4.0,4.0,DERMASON
1.0,2.0,2.0,1.0,1.0,1.0,2.0,1.0,4.0,4.0,5.0,4.0,5.0,4.0,4.0,5.0,DERMASON
1.0,2.0,3.0,0.0,3.0,3.0,2.0,1.0,2.0,5.0,5.0,3.0,6.0,3.0,3.0,4.0,DERMASON
1.0,2.0,1.0,1.0,1.0,1.0,2.0,1.0,4.0,4.0,5.0,4.0,5.0,5.0,4.0,4.0,DERMASON
1.0,2.0,3.0,1.0,2.0,2.0,2.0,1.0,1.0,4.0,4.0,3.0,5.0,4.0,3.0,4.0,DERMASON
1.0,2.0,2.0,1.0,1.0,1.0,2.0,1.0,4.0,4.0,5.0,4.0,5.0,5.0,4.0,4.0,DERMASON
1.0,1.0,1.0,1.0,1.0,1.0,2.0,1.0,2.0,6.0,5.0,4.0,5.0,5.0,4.0,4.0,DERMASON
1.0,2.0,2.0,1.0,1.0,1.0,2.0,1.0,4.0,4.0,5.0,4.0,5.0,4.0,4.0,4.0,DERMASON
1.0,2.0,3.0,0.0,2.0,2.0,2.0,1.0,1.0,1.0,4.0,3.0,6.0,3.0,3.0,1.0,DERMASON
1.0,2.0,1.0,1.0,1.0,1.0,2.0,1.0,2.0,4.0,5.0,4.0,5.0,5.0,4.0,4.0,DERMASON
1.0,2.0,1.0,1.0,1.0,1.0,2.0,1.0,4.0,4.0,5.0,4.0,5.0,5.0,4.0,5.0,DERMASON
1.0,2.0,1.0,1.0,1.0,1.0,2.0,1.0,2.0,4.0,5.0,4.0,5.0,5.0,4.0,4.0,DERMASON
1.0,2.0,3.0,0.0,4.0,4.0,2.0,1.0,4.0,4.0,4.0,1.0,6.0,3.0,1.0,4.0,DERMASON
1.0,2.0,3.0,0.0,4.0,4.0,2.0,1.0,5.0,4.0,4.0,1.0,6.0,3.0,1.0,3.0,DERMASON
1.0,2.0,2.0,1.0,2.0,2.0,2.0,1.0,4.0,4.0,5.0,3.0,5.0,4.0,3.0,4.0,DERMASON
1.0,2.0,3.0,0.0,3.0,3.0,2.0,1.0,4.0,4.0,4.0,2.0,6.0,3.0,2.0,4.0,DERMASON
1.0,2.0,2.0,1.0,1.0,1.0,2.0,1.0,4.0,4.0,4.0,4.0,5.0,5.0,4.0,5.0,DERMASON
1.0,2.0,3.0,0.0,4.0,4.0,2.0,1.0,4.0,4.0,4.0,1.0,6.0,3.0,1.0,4.0,DERMASON
1.0,1.0,1.0,1.0,1.0,1.0,2.0,1.0,2.0,5.0,6.0,5.0,5.0,5.0,5.0,6.0,DERMASON
1.0,2.0,2.0,1.0,1.0,1.0,2.0,1.0,4.0,4.0,5.0,4.0,5.0,4.0,4.0,5.0,DERMASON
1.0,1.0,1.0,1.0,1.0,1.0,2.0,1.0,4.0,5.0,5.0,4.0,5.0,5.0,4.0,4.0,DERMASON
1.0,2.0,3.0,1.0,2.0,2.0,2.0,1.0,4.0,4.0,5.0,3.0,5.0,4.0,3.0,4.0,DERMASON
1.0,2.0,3.0,0.0,3.0,3.0,2.0,1.0,2.0,4.0,3.0,2.0,6.0,3.0,2.0,2.0,DERMASON
1.0,2.0,3.0,1.0,2.0,2.0,2.0,1.0,4.0,4.0,5.0,3.0,5.0,4.0,3.0,4.0,DERMASON
1.0,1.0,1.0,1.0,1.0,1.0,2.0,1.0,4.0,4.0,5.0,4.0,5.0,5.0,4.0,5.0,DERMASON
1.0,2.0,2.0,1.0,1.0,1.0,2.0,1.0,4.0,4.0,5.0,4.0,5.0,4.0,4.0,4.0,DERMASON
1.0,2.0,2.0,1.0,1.0,1.0,2.0,1.0,2.0,5.0,5.0,4.0,5.0,5.0,4.0,3.0,DERMASON
1.0,2.0,2.0,1.0,1.0,1.0,2.0,1.0,5.0,5.0,5.0,4.0,5.0,5.0,4.0,4.0,DERMASON
1.0,2.0,2.0,1.0,1.0,1.0,2.0,1.0,3.0,4.0,5.0,4.0,5.0,5.0,4.0,4.0,DERMASON
1.0,2.0,2.0,1.0,1.0,1.0,2.0,1.0,5.0,4.0,5.0,4.0,5.0,4.0,4.0,4.0,DERMASON
1.0,2.0,3.0,1.0,2.0,2.0,2.0,1.0,2.0,4.0,4.0,3.0,5.0,4.0,3.0,3.0,DERMASON
1.0,2.0,2.0,1.0,1.0,1.0,2.0,1.0,4.0,4.0,5.0,4.0,5.0,5.0,4.0,3.0,DERMASON
1.0,2.0,1.0,1.0,1.0,1.0,2.0,1.0,2.0,4.0,5.0,4.0,5.0,5.0,4.0,4.0,DERMASON
1.0,2.0,1.0,1.0,1.0,1.0,2.0,1.0,4.0,4.0,5.0,4.0,5.0,5.0,4.0,4.0,DERMASON
1.0,2.0,3.0,0.0,2.0,2.0,2.0,1.0,2.0,4.0,4.0,3.0,6.0,3.0,3.0,4.0,DERMASON
1.0,2.0,3.0,1.0,2.0,2.0,2.0,1.0,2.0,4.0,4.0,3.0,5.0,4.0,3.0,3.0,DERMASON
2.0,2.0,3.0,0.0,2.0,2.0,2.0,2.0,2.0,4.0,4.0,3.0,6.0,3.0,3.0,3.0,DERMASON
2.0,2.0,2.0,1.0,2.0,2.0,2.0,2.0,4.0,4.0,4.0,3.0,5.0,4.0,3.0,4.0,DERMASON
2.0,2.0,3.0,0.0,2.0,2.0,2.0,2.0,1.0,4.0,4.0,3.0,6.0,3.0,3.0,2.0,DERMASON
2.0,1.0,1.0,1.0,1.0,1.0,2.0,2.0,4.0,4.0,6.0,4.0,5.0,5.0,4.0,5.0,DERMASON
2.0,2.0,2.0,1.0,1.0,1.0,2.0,2.0,4.0,4.0,5.0,4.0,5.0,5.0,4.0,2.0,DERMASON
2.0,2.0,1.0,1.0,1.0,1.0,2.0,2.0,2.0,4.0,5.0,4.0,5.0,5.0,4.0,4.0,DERMASON
2.0,2.0,3.0,0.0,4.0,4.0,2.0,2.0,1.0,4.0,3.0,1.0,6.0,3.0,1.0,2.0,DERMASON
2.0,2.0,1.0,1.0,1.0,1.0,2.0,2.0,5.0,4.0,5.0,4.0,5.0,5.0,4.0,4.0,DERMASON
2.0,2.0,3.0,0.0,3.0,3.0,2.0,2.0,5.0,4.0,4.0,2.0,6.0,3.0,2.0,3.0,DERMASON
2.0,2.0,3.0,1.0,2.0,2.0,2.0,2.0,3.0,4.0,4.0,3.0,5.0,3.0,3.0,5.0,DERMASON
2.0,2.0,2.0,1.0,1.0,1.0,2.0,2.0,2.0,5.0,5.0,4.0,5.0,5.0,4.0,5.0,DERMASON
2.0,2.0,1.0,1.0,1.0,1.0,2.0,2.0,4.0,4.0,5.0,4.0,5.0,5.0,4.0,5.0,DERMASON
2.0,2.0,3.0,0.0,2.0,2.0,2.0,2.0,2.0,4.0,4.0,3.0,6.0,3.0,3.0,4.0,DERMASON
2.0,2.0,1.0,1.0,1.0,1.0,2.0,2.0,2.0,6.0,5.0,4.0,5.0,5.0,4.0,4.0,DERMASON
2.0,2.0,1.0,1.0,1.0,1.0,2.0,2.0,2.0,4.0,5.0,4.0,5.0,5.0,4.0,4.0,DERMASON
2.0,2.0,1.0,1.0,1.0,1.0,2.0,2.0,2.0,4.0,5.0,4.0,5.0,5.0,4.0,3.0,DERMASON
2.0,2.0,1.0,1.0,1.0,1.0,2.0,2.0,2.0,4.0,5.0,4.0,5.0,5.0,4.0,2.0,DERMASON
2.0,2.0,1.0,1.0,1.0,1.0,2.0,2.0,2.0,4.0,5.0,4.0,5.0,5.0,4.0,4.0,DERMASON
2.0,2.0,3.0,0.0,2.0,2.0,2.0,2.0,1.0,6.0,5.0,3.0,6.0,3.0,3.0,5.0,DERMASON
2.0,2.0,2.0,1.0,1.0,1.0,2.0,2.0,5.0,4.0,5.0,4.0,5.0,5.0,4.0,4.0,DERMASON
2.0,2.0,3.0,1.0,2.0,2.0,2.0,2.0,2.0,4.0,5.0,3.0,5.0,4.0,3.0,4.0,DERMASON
2.0,2.0,3.0,1.0,2.0,2.0,2.0,2.0,1.0,5.0,5.0,3.0,5.0,4.0,3.0,4.0,DERMASON
2.0,2.0,2.0,1.0,1.0,1.0,2.0,2.0,2.0,5.0,5.0,4.0,5.0,5.0,4.0,4.0,DERMASON
2.0,2.0,3.0,1.0,2.0,2.0,2.0,2.0,4.0,4.0,5.0,3.0,5.0,3.0,3.0,4.0,DERMASON
2.0,2.0,1.0,1.0,1.0,1.0,2.0,2.0,5.0,4.0,5.0,4.0,5.0,5.0,4.0,4.0,DERMASON
2.0,2.0,3.0,1.0,2.0,2.0,2.0,2.0,2.0,4.0,4.0,3.0,5.0,3.0,3.0,4.0,DERMASON
2.0,2.0,3.0,1.0,1.0,1.0,2.0,2.0,2.0,4.0,5.0,4.0,5.0,4.0,4.0,3.0,DERMASON
2.0,2.0,3.0,1.0,2.0,2.0,2.0,2.0,3.0,5.0,5.0,3.0,5.0,3.0,3.0,5.0,DERMASON
2.0,2.0,2.0,1.0,1.0,1.0,2.0,2.0,2.0,4.0,5.0,4.0,5.0,4.0,4.0,4.0,DERMASON
2.0,2.0,3.0,0.0,2.0,2.0,2.0,2.0,5.0,4.0,5.0,3.0,6.0,3.0,3.0,4.0,DERMASON
2.0,2.0,2.0,1.0,1.0,1.0,2.0,2.0,2.0,4.0,5.0,4.0,5.0,5.0,4.0,3.0,DERMASON
2.0,2.0,3.0,1.0,1.0,1.0,2.0,2.0,5.0,4.0,5.0,4.0,5.0,4.0,4.0,4.0,DERMASON
2.0,2.0,3.0,1.0,2.0,2.0,2.0,2.0,2.0,4.0,4.0,3.0,5.0,3.0,3.0,4.0,DERMASON
2.0,2.0,1.0,1.0,1.0,1.0,2.0,2.0,5.0,5.0,5.0,4.0,5.0,5.0,4.0,3.0,DERMASON
2.0,2.0,3.0,1.0,2.0,2.0,2.0,2.0,5.0,4.0,5.0,3.0,5.0,3.0,3.0,5.0,DERMASON
2.0,2.0,3.0,1.0,1.0,1.0,2.0,2.0,2.0,4.0,5.0,4.0,5.0,4.0,4.0,4.0,DERMASON
2.0,2.0,3.0,1.0,2.0,2.0,2.0,2.0,2.0,4.0,5.0,3.0,5.0,4.0,3.0,6.0,DERMASON
2.0,2.0,2.0,1.0,1.0,1.0,2.0,2.0,6.0,4.0,5.0,4.0,5.0,5.0,4.0,4.0,DERMASON
2.0,2.0,1.0,1.0,1.0,1.0,2.0,2.0,2.0,2.0,4.0,4.0,5.0,5.0,4.0,3.0,DERMASON
2.0,2.0,1.0,1.0,1.0,1.0,2.0,2.0,2.0,4.0,5.0,4.0,5.0,5.0,4.0,4.0,DERMASON
2.0,2.0,3.0,1.0,1.0,1.0,2.0,2.0,2.0,5.0,5.0,4.0,5.0,4.0,4.0,4.0,DERMASON
2.0,2.0,3.0,0.0,2.0,2.0,2.0,2.0,4.0,4.0,4.0,3.0,6.0,3.0,3.0,4.0,DERMASON
2.0,2.0,2.0,1.0,1.0,1.0,2.0,2.0,4.0,4.0,5.0,4.0,5.0,4.0,4.0,4.0,DERMASON
2.0,2.0,3.0,0.0,2.0,2.0,2.0,2.0,5.0,4.0,4.0,3.0,6.0,3.0,3.0,4.0,DERMASON
2.0,2.0,3.0,0.0,4.0,4.0,2.0,2.0,1.0,4.0,4.0,2.0,6.0,3.0,2.0,4.0,DERMASON
2.0,2.0,3.0,1.0,2.0,2.0,2.0,2.0,2.0,4.0,5.0,3.0,5.0,4.0,3.0,5.0,DERMASON
2.0,2.0,2.0,1.0,1.0,1.0,2.0,2.0,4.0,4.0,5.0,4.0,5.0,4.0,4.0,4.0,DERMASON
2.0,2.0,2.0,1.0,1.0,1.0,2.0,2.0,4.0,4.0,5.0,4.0,5.0,5.0,4.0,2.0,DERMASON
2.0,2.0,3.0,0.0,4.0,4.0,2.0,2.0,2.0,4.0,4.0,1.0,6.0,3.0,1.0,4.0,DERMASON
2.0,2.0,1.0,2.0,0.0,0.0,2.0,2.0,3.0,4.0,6.0,6.0,4.0,5.0,6.0,4.0,DERMASON
2.0,2.0,3.0,1.0,2.0,2.0,2.0,2.0,4.0,4.0,4.0,3.0,5.0,4.0,3.0,2.0,DERMASON
2.0,2.0,1.0,1.0,1.0,1.0,2.0,2.0,2.0,4.0,5.0,4.0,5.0,5.0,4.0,4.0,DERMASON
2.0,2.0,2.0,1.0,1.0,1.0,2.0,2.0,4.0,4.0,5.0,4.0,5.0,4.0,4.0,4.0,DERMASON
2.0,2.0,3.0,0.0,2.0,2.0,2.0,2.0,4.0,4.0,4.0,3.0,6.0,3.0,3.0,3.0,DERMASON
2.0,2.0,3.0,1.0,1.0,1.0,2.0,2.0,2.0,3.0,4.0,3.0,5.0,4.0,3.0,3.0,DERMASON
2.0,2.0,1.0,1.0,1.0,1.0,2.0,2.0,4.0,2.0,3.0,4.0,5.0,5.0,4.0,4.0,DERMASON
2.0,2.0,3.0,1.0,2.0,2.0,2.0,2.0,4.0,5.0,5.0,3.0,5.0,3.0,3.0,4.0,DERMASON
2.0,2.0,3.0,0.0,4.0,4.0,2.0,2.0,2.0,4.0,4.0,1.0,6.0,3.0,1.0,3.0,DERMASON
2.0,2.0,3.0,1.0,2.0,2.0,2.0,2.0,1.0,4.0,4.0,3.0,5.0,3.0,3.0,4.0,DERMASON
2.0,2.0,2.0,1.0,1.0,1.0,2.0,2.0,4.0,5.0,5.0,4.0,5.0,4.0,4.0,4.0,DERMASON
2.0,2.0,3.0,1.0,2.0,2.0,2.0,2.0,2.0,6.0,5.0,3.0,5.0,4.0,3.0,5.0,DERMASON
2.0,2.0,3.0,1.0,2.0,2.0,2.0,2.0,5.0,4.0,4.0,3.0,5.0,3.0,3.0,4.0,DERMASON
2.0,2.0,3.0,1.0,2.0,2.0,2.0,2.0,1.0,6.0,5.0,3.0,5.0,3.0,3.0,4.0,DERMASON
2.0,2.0,3.0,1.0,1.0,1.0,2.0,2.0,5.0,4.0,5.0,4.0,5.0,4.0,4.0,4.0,DERMASON
2.0,2.0,2.0,1.0,1.0,1.0,2.0,2.0,2.0,3.0,5.0,4.0,5.0,5.0,4.0,3.0,DERMASON
2.0,2.0,3.0,1.0,2.0,2.0,2.0,2.0,5.0,6.0,5.0,3.0,5.0,4.0,3.0,4.0,DERMASON
2.0,2.0,3.0,0.0,3.0,3.0,2.0,2.0,1.0,2.0,3.0,2.0,6.0,3.0,2.0,1.0,DERMASON
2.0,2.0,3.0,1.0,2.0,2.0,2.0,2.0,4.0,2.0,3.0,3.0,5.0,3.0,3.0,4.0,DERMASON
2.0,2.0,3.0,1.0,2.0,2.0,2.0,2.0,2.0,4.0,4.0,3.0,5.0,3.0,3.0,3.0,DERMASON
2.0,2.0,3.0,1.0,2.0,2.0,2.0,2.0,4.0,4.0,5.0,3.0,5.0,4.0,3.0,4.0,DERMASON
2.0,2.0,3.0,1.0,2.0,2.0,2.0,2.0,5.0,5.0,5.0,3.0,5.0,4.0,3.0,6.0,DERMASON
2.0,2.0,1.0,1.0,1.0,1.0,2.0,2.0,4.0,6.0,6.0,4.0,5.0,5.0,4.0,6.0,DERMASON
2.0,2.0,1.0,1.0,1.0,1.0,2.0,2.0,2.0,4.0,5.0,4.0,5.0,5.0,4.0,4.0,DERMASON
2.0,2.0,3.0,1.0,2.0,2.0,2.0,2.0,5.0,4.0,5.0,3.0,5.0,3.0,3.0,4.0,DERMASON
2.0,2.0,3.0,1.0,1.0,1.0,2.0,2.0,2.0,4.0,5.0,4.0,5.0,4.0,4.0,4.0,DERMASON
2.0,2.0,2.0,1.0,1.0,1.0,2.0,2.0,2.0,4.0,5.0,4.0,5.0,5.0,4.0,4.0,DERMASON
2.0,2.0,3.0,1.0,2.0,2.0,2.0,2.0,1.0,4.0,4.0,3.0,5.0,3.0,3.0,5.0,DERMASON
2.0,2.0,3.0,0.0,3.0,3.0,2.0,2.0,2.0,4.0,4.0,2.0,6.0,3.0,2.0,6.0,DERMASON
2.0,2.0,1.0,1.0,1.0,1.0,2.0,2.0,5.0,6.0,6.0,4.0,5.0,5.0,4.0,4.0,DERMASON
2.0,2.0,2.0,1.0,1.0,1.0,2.0,2.0,4.0,6.0,5.0,4.0,5.0,5.0,4.0,4.0,DERMASON
2.0,2.0,3.0,1.0,2.0,2.0,2.0,2.0,5.0,4.0,4.0,3.0,5.0,4.0,3.0,4.0,DERMASON
2.0,2.0,3.0,1.0,2.0,2.0,2.0,2.0,4.0,4.0,4.0,3.0,5.0,3.0,3.0,4.0,DERMASON
2.0,2.0,3.0,1.0,2.0,2.0,2.0,2.0,4.0,4.0,4.0,3.0,5.0,3.0,3.0,4.0,DERMASON
2.0,2.0,3.0,1.0,2.0,2.0,2.0,2.0,4.0,4.0,5.0,3.0,5.0,4.0,3.0,3.0,DERMASON
2.0,2.0,2.0,1.0,1.0,1.0,2.0,2.0,2.0,4.0,5.0,4.0,5.0,5.0,4.0,4.0,DERMASON
2.0,2.0,3.0,1.0,2.0,2.0,2.0,2.0,2.0,4.0,5.0,3.0,5.0,4.0,3.0,4.0,DERMASON
2.0,2.0,2.0,1.0,1.0,1.0,2.0,2.0,5.0,4.0,5.0,4.0,5.0,5.0,4.0,4.0,DERMASON
2.0,2.0,2.0,1.0,1.0,1.0,2.0,2.0,2.0,4.0,5.0,4.0,5.0,5.0,4.0,4.0,DERMASON
2.0,2.0,2.0,1.0,1.0,1.0,2.0,2.0,2.0,4.0,5.0,4.0,5.0,4.0,4.0,3.0,DERMASON
2.0,2.0,3.0,1.0,2.0,2.0,2.0,2.0,4.0,4.0,4.0,3.0,5.0,3.0,3.0,4.0,DERMASON
